7.6s 1 0.00s - Debugger warning: It seems that frozen modules are being used, which may
7.6s 2 0.00s - make the debugger miss breakpoints. Please pass -Xfrozen_modules=off
7.6s 3 0.00s - to python to disable frozen modules.
7.6s 4 0.00s - Note: Debugging will proceed. Set PYDEVD_DISABLE_FILE_VALIDATION=1 to disable this validation.
8.2s 5 0.00s - Debugger warning: It seems that frozen modules are being used, which may
8.2s 6 0.00s - make the debugger miss breakpoints. Please pass -Xfrozen_modules=off
8.2s 7 0.00s - to python to disable frozen modules.
8.2s 8 0.00s - Note: Debugging will proceed. Set PYDEVD_DISABLE_FILE_VALIDATION=1 to disable this validation.
11.3s 9 6e747d1 docs: record Task B Run 8 score
11.5s 10 6e747d1 docs: record Task B Run 8 score
13.9s 11 ━━━━━━━━━━━━━━━━━━━━━━━━━━━━━━━━━━━━━━━━ 44.8/44.8 kB 1.8 MB/s eta 0:00:00
14.1s 12 ━━━━━━━━━━━━━━━━━━━━━━━━━━━━━━━━━━━━━━━━ 44.8/44.8 kB 1.8 MB/s eta 0:00:00
21.2s 13 gpu: Tesla T4
23.3s 14 dedupe task A: 6446 -> 6401 rows (39 duplicate, 6 in label-conflict groups)
23.4s 15 deduplicated rows: 6401
23.4s 16 classifier training rows: 5440; holdout rows: 961
23.4s 17 $ /usr/bin/python3 -u -m hastika.task_b.tapt --model google/muril-base-cased --corpus /kaggle/working/task_a_tapt_train.csv data/external/offenseval_kn.csv --epochs 8 --val-frac 0.05 --min-words 1 --out artifacts/runs/tapt-task-a-train85
45.7s 18 device=cuda model=google/muril-base-cased
46.3s 19 /kaggle/working/task_a_tapt_train.csv: 5440 rows
46.6s 20 data/external/offenseval_kn.csv: 3247 rows
46.6s 21 corpus: 8687 unique comments (from 8687)
46.6s 22 Warning: You are sending unauthenticated requests to the HF Hub. Please set a HF_TOKEN to enable higher rate limits and faster downloads.
59.7s 23 
59.7s 24 Loading weights:   0%|          | 0/204 [00:00<?, ?it/s]
59.7s 25 Loading weights:   0%|          | 1/204 [00:00<00:00, 13530.01it/s, Materializing param=bert.embeddings.LayerNorm.bias]
59.7s 26 Loading weights:   0%|          | 1/204 [00:00<00:00, 495.37it/s, Materializing param=bert.embeddings.LayerNorm.bias]
59.7s 27 Loading weights:   1%|          | 2/204 [00:00<00:00, 747.31it/s, Materializing param=bert.embeddings.LayerNorm.weight]
59.7s 28 Loading weights:   1%|          | 2/204 [00:00<00:00, 713.38it/s, Materializing param=bert.embeddings.LayerNorm.weight]
59.7s 29 Loading weights:   1%|▏         | 3/204 [00:00<00:00, 1013.85it/s, Materializing param=bert.embeddings.position_embeddings.weight]
59.7s 30 Loading weights:   1%|▏         | 3/204 [00:00<00:00, 988.06it/s, Materializing param=bert.embeddings.position_embeddings.weight]
59.7s 31 Loading weights:   2%|▏         | 4/204 [00:00<00:00, 1274.77it/s, Materializing param=bert.embeddings.token_type_embeddings.weight]
59.7s 32 Loading weights:   2%|▏         | 4/204 [00:00<00:00, 1252.31it/s, Materializing param=bert.embeddings.token_type_embeddings.weight]
59.7s 33 Loading weights:   2%|▏         | 5/204 [00:00<00:00, 1521.00it/s, Materializing param=bert.embeddings.word_embeddings.weight]
59.7s 34 Loading weights:   2%|▏         | 5/204 [00:00<00:00, 1496.79it/s, Materializing param=bert.embeddings.word_embeddings.weight]
59.7s 35 Loading weights:   3%|▎         | 6/204 [00:00<00:00, 1712.54it/s, Materializing param=bert.encoder.layer.0.attention.output.LayerNorm.bias]
59.7s 36 Loading weights:   3%|▎         | 6/204 [00:00<00:00, 1679.29it/s, Materializing param=bert.encoder.layer.0.attention.output.LayerNorm.bias]
59.7s 37 Loading weights:   3%|▎         | 7/204 [00:00<00:00, 1899.96it/s, Materializing param=bert.encoder.layer.0.attention.output.LayerNorm.weight]
59.7s 38 Loading weights:   3%|▎         | 7/204 [00:00<00:00, 1872.34it/s, Materializing param=bert.encoder.layer.0.attention.output.LayerNorm.weight]
59.7s 39 Loading weights:   4%|▍         | 8/204 [00:00<00:00, 2085.68it/s, Materializing param=bert.encoder.layer.0.attention.output.dense.bias]
59.7s 40 Loading weights:   4%|▍         | 8/204 [00:00<00:00, 2057.92it/s, Materializing param=bert.encoder.layer.0.attention.output.dense.bias]
59.7s 41 Loading weights:   4%|▍         | 9/204 [00:00<00:00, 2255.00it/s, Materializing param=bert.encoder.layer.0.attention.output.dense.weight]
59.7s 42 Loading weights:   4%|▍         | 9/204 [00:00<00:00, 2226.14it/s, Materializing param=bert.encoder.layer.0.attention.output.dense.weight]
59.7s 43 Loading weights:   5%|▍         | 10/204 [00:00<00:00, 2418.30it/s, Materializing param=bert.encoder.layer.0.attention.self.key.bias]
59.7s 44 Loading weights:   5%|▍         | 10/204 [00:00<00:00, 2388.69it/s, Materializing param=bert.encoder.layer.0.attention.self.key.bias]
59.7s 45 Loading weights:   5%|▌         | 11/204 [00:00<00:00, 2570.18it/s, Materializing param=bert.encoder.layer.0.attention.self.key.weight]
59.7s 46 Loading weights:   5%|▌         | 11/204 [00:00<00:00, 2539.76it/s, Materializing param=bert.encoder.layer.0.attention.self.key.weight]
59.7s 47 Loading weights:   6%|▌         | 12/204 [00:00<00:00, 2668.27it/s, Materializing param=bert.encoder.layer.0.attention.self.query.bias]
59.7s 48 Loading weights:   6%|▌         | 12/204 [00:00<00:00, 2632.00it/s, Materializing param=bert.encoder.layer.0.attention.self.query.bias]
59.7s 49 Loading weights:   6%|▋         | 13/204 [00:00<00:00, 2788.05it/s, Materializing param=bert.encoder.layer.0.attention.self.query.weight]
59.7s 50 Loading weights:   6%|▋         | 13/204 [00:00<00:00, 2756.20it/s, Materializing param=bert.encoder.layer.0.attention.self.query.weight]
59.7s 51 Loading weights:   7%|▋         | 14/204 [00:00<00:00, 2908.67it/s, Materializing param=bert.encoder.layer.0.attention.self.value.bias]
59.7s 52 Loading weights:   7%|▋         | 14/204 [00:00<00:00, 2877.46it/s, Materializing param=bert.encoder.layer.0.attention.self.value.bias]
59.7s 53 Loading weights:   7%|▋         | 15/204 [00:00<00:00, 3021.25it/s, Materializing param=bert.encoder.layer.0.attention.self.value.weight]
59.7s 54 Loading weights:   7%|▋         | 15/204 [00:00<00:00, 2989.53it/s, Materializing param=bert.encoder.layer.0.attention.self.value.weight]
59.7s 55 Loading weights:   8%|▊         | 16/204 [00:00<00:00, 3131.10it/s, Materializing param=bert.encoder.layer.0.intermediate.dense.bias]
59.7s 56 Loading weights:   8%|▊         | 16/204 [00:00<00:00, 3100.86it/s, Materializing param=bert.encoder.layer.0.intermediate.dense.bias]
59.7s 57 Loading weights:   8%|▊         | 17/204 [00:00<00:00, 3237.96it/s, Materializing param=bert.encoder.layer.0.intermediate.dense.weight]
59.7s 58 Loading weights:   8%|▊         | 17/204 [00:00<00:00, 3207.38it/s, Materializing param=bert.encoder.layer.0.intermediate.dense.weight]
59.7s 59 Loading weights:   9%|▉         | 18/204 [00:00<00:00, 3340.45it/s, Materializing param=bert.encoder.layer.0.output.LayerNorm.bias]
59.7s 60 Loading weights:   9%|▉         | 18/204 [00:00<00:00, 3298.85it/s, Materializing param=bert.encoder.layer.0.output.LayerNorm.bias]
59.7s 61 Loading weights:   9%|▉         | 19/204 [00:00<00:00, 3416.44it/s, Materializing param=bert.encoder.layer.0.output.LayerNorm.weight]
59.7s 62 Loading weights:   9%|▉         | 19/204 [00:00<00:00, 3386.10it/s, Materializing param=bert.encoder.layer.0.output.LayerNorm.weight]
59.7s 63 Loading weights:  10%|▉         | 20/204 [00:00<00:00, 3507.24it/s, Materializing param=bert.encoder.layer.0.output.dense.bias]
59.7s 64 Loading weights:  10%|▉         | 20/204 [00:00<00:00, 3476.28it/s, Materializing param=bert.encoder.layer.0.output.dense.bias]
59.7s 65 Loading weights:  10%|█         | 21/204 [00:00<00:00, 3593.94it/s, Materializing param=bert.encoder.layer.0.output.dense.weight]
59.7s 66 Loading weights:  10%|█         | 21/204 [00:00<00:00, 3563.12it/s, Materializing param=bert.encoder.layer.0.output.dense.weight]
59.7s 67 Loading weights:  11%|█         | 22/204 [00:00<00:00, 3671.46it/s, Materializing param=bert.encoder.layer.1.attention.output.LayerNorm.bias]
59.7s 68 Loading weights:  11%|█         | 22/204 [00:00<00:00, 3640.03it/s, Materializing param=bert.encoder.layer.1.attention.output.LayerNorm.bias]
59.7s 69 Loading weights:  11%|█▏        | 23/204 [00:00<00:00, 3747.68it/s, Materializing param=bert.encoder.layer.1.attention.output.LayerNorm.weight]
59.7s 70 Loading weights:  11%|█▏        | 23/204 [00:00<00:00, 3716.78it/s, Materializing param=bert.encoder.layer.1.attention.output.LayerNorm.weight]
59.7s 71 Loading weights:  12%|█▏        | 24/204 [00:00<00:00, 3822.27it/s, Materializing param=bert.encoder.layer.1.attention.output.dense.bias]
59.7s 72 Loading weights:  12%|█▏        | 24/204 [00:00<00:00, 3791.89it/s, Materializing param=bert.encoder.layer.1.attention.output.dense.bias]
59.7s 73 Loading weights:  12%|█▏        | 25/204 [00:00<00:00, 3884.48it/s, Materializing param=bert.encoder.layer.1.attention.output.dense.weight]
59.7s 74 Loading weights:  12%|█▏        | 25/204 [00:00<00:00, 3851.80it/s, Materializing param=bert.encoder.layer.1.attention.output.dense.weight]
59.7s 75 Loading weights:  13%|█▎        | 26/204 [00:00<00:00, 3947.44it/s, Materializing param=bert.encoder.layer.1.attention.self.key.bias]
59.7s 76 Loading weights:  13%|█▎        | 26/204 [00:00<00:00, 3917.52it/s, Materializing param=bert.encoder.layer.1.attention.self.key.bias]
59.7s 77 Loading weights:  13%|█▎        | 27/204 [00:00<00:00, 4013.12it/s, Materializing param=bert.encoder.layer.1.attention.self.key.weight]
59.7s 78 Loading weights:  13%|█▎        | 27/204 [00:00<00:00, 3983.33it/s, Materializing param=bert.encoder.layer.1.attention.self.key.weight]
59.7s 79 Loading weights:  14%|█▎        | 28/204 [00:00<00:00, 4075.53it/s, Materializing param=bert.encoder.layer.1.attention.self.query.bias]
59.7s 80 Loading weights:  14%|█▎        | 28/204 [00:00<00:00, 4042.29it/s, Materializing param=bert.encoder.layer.1.attention.self.query.bias]
59.7s 81 Loading weights:  14%|█▍        | 29/204 [00:00<00:00, 4129.23it/s, Materializing param=bert.encoder.layer.1.attention.self.query.weight]
59.7s 82 Loading weights:  14%|█▍        | 29/204 [00:00<00:00, 4097.93it/s, Materializing param=bert.encoder.layer.1.attention.self.query.weight]
59.7s 83 Loading weights:  15%|█▍        | 30/204 [00:00<00:00, 4183.15it/s, Materializing param=bert.encoder.layer.1.attention.self.value.bias]
59.7s 84 Loading weights:  15%|█▍        | 30/204 [00:00<00:00, 4153.60it/s, Materializing param=bert.encoder.layer.1.attention.self.value.bias]
59.7s 85 Loading weights:  15%|█▌        | 31/204 [00:00<00:00, 4238.33it/s, Materializing param=bert.encoder.layer.1.attention.self.value.weight]
59.7s 86 Loading weights:  15%|█▌        | 31/204 [00:00<00:00, 4209.51it/s, Materializing param=bert.encoder.layer.1.attention.self.value.weight]
59.7s 87 Loading weights:  16%|█▌        | 32/204 [00:00<00:00, 4283.86it/s, Materializing param=bert.encoder.layer.1.intermediate.dense.bias]
59.7s 88 Loading weights:  16%|█▌        | 32/204 [00:00<00:00, 4254.53it/s, Materializing param=bert.encoder.layer.1.intermediate.dense.bias]
59.7s 89 Loading weights:  16%|█▌        | 33/204 [00:00<00:00, 4335.94it/s, Materializing param=bert.encoder.layer.1.intermediate.dense.weight]
59.7s 90 Loading weights:  16%|█▌        | 33/204 [00:00<00:00, 4307.74it/s, Materializing param=bert.encoder.layer.1.intermediate.dense.weight]
59.7s 91 Loading weights:  17%|█▋        | 34/204 [00:00<00:00, 4388.16it/s, Materializing param=bert.encoder.layer.1.output.LayerNorm.bias]
59.7s 92 Loading weights:  17%|█▋        | 34/204 [00:00<00:00, 4360.52it/s, Materializing param=bert.encoder.layer.1.output.LayerNorm.bias]
59.7s 93 Loading weights:  17%|█▋        | 35/204 [00:00<00:00, 4437.88it/s, Materializing param=bert.encoder.layer.1.output.LayerNorm.weight]
59.7s 94 Loading weights:  17%|█▋        | 35/204 [00:00<00:00, 4406.44it/s, Materializing param=bert.encoder.layer.1.output.LayerNorm.weight]
59.7s 95 Loading weights:  18%|█▊        | 36/204 [00:00<00:00, 4481.36it/s, Materializing param=bert.encoder.layer.1.output.dense.bias]
59.7s 96 Loading weights:  18%|█▊        | 36/204 [00:00<00:00, 4454.00it/s, Materializing param=bert.encoder.layer.1.output.dense.bias]
59.7s 97 Loading weights:  18%|█▊        | 37/204 [00:00<00:00, 4529.09it/s, Materializing param=bert.encoder.layer.1.output.dense.weight]
59.7s 98 Loading weights:  18%|█▊        | 37/204 [00:00<00:00, 4502.81it/s, Materializing param=bert.encoder.layer.1.output.dense.weight]
59.7s 99 Loading weights:  19%|█▊        | 38/204 [00:00<00:00, 4576.96it/s, Materializing param=bert.encoder.layer.2.attention.output.LayerNorm.bias]
59.7s 100 Loading weights:  19%|█▊        | 38/204 [00:00<00:00, 4549.14it/s, Materializing param=bert.encoder.layer.2.attention.output.LayerNorm.bias]
59.7s 101 Loading weights:  19%|█▉        | 39/204 [00:00<00:00, 4608.22it/s, Materializing param=bert.encoder.layer.2.attention.output.LayerNorm.weight]
59.7s 102 Loading weights:  19%|█▉        | 39/204 [00:00<00:00, 4579.83it/s, Materializing param=bert.encoder.layer.2.attention.output.LayerNorm.weight]
59.7s 103 Loading weights:  20%|█▉        | 40/204 [00:00<00:00, 4645.11it/s, Materializing param=bert.encoder.layer.2.attention.output.dense.bias]
59.7s 104 Loading weights:  20%|█▉        | 40/204 [00:00<00:00, 4617.50it/s, Materializing param=bert.encoder.layer.2.attention.output.dense.bias]
59.7s 105 Loading weights:  20%|██        | 41/204 [00:00<00:00, 4682.04it/s, Materializing param=bert.encoder.layer.2.attention.output.dense.weight]
59.7s 106 Loading weights:  20%|██        | 41/204 [00:00<00:00, 4654.66it/s, Materializing param=bert.encoder.layer.2.attention.output.dense.weight]
59.7s 107 Loading weights:  21%|██        | 42/204 [00:00<00:00, 4718.13it/s, Materializing param=bert.encoder.layer.2.attention.self.key.bias]
59.7s 108 Loading weights:  21%|██        | 42/204 [00:00<00:00, 4687.25it/s, Materializing param=bert.encoder.layer.2.attention.self.key.bias]
59.7s 109 Loading weights:  21%|██        | 43/204 [00:00<00:00, 4749.44it/s, Materializing param=bert.encoder.layer.2.attention.self.key.weight]
59.7s 110 Loading weights:  21%|██        | 43/204 [00:00<00:00, 4723.19it/s, Materializing param=bert.encoder.layer.2.attention.self.key.weight]
59.7s 111 Loading weights:  22%|██▏       | 44/204 [00:00<00:00, 4776.00it/s, Materializing param=bert.encoder.layer.2.attention.self.query.bias]
59.7s 112 Loading weights:  22%|██▏       | 44/204 [00:00<00:00, 4748.47it/s, Materializing param=bert.encoder.layer.2.attention.self.query.bias]
59.7s 113 Loading weights:  22%|██▏       | 45/204 [00:00<00:00, 4723.55it/s, Materializing param=bert.encoder.layer.2.attention.self.query.weight]
59.7s 114 Loading weights:  22%|██▏       | 45/204 [00:00<00:00, 4688.12it/s, Materializing param=bert.encoder.layer.2.attention.self.query.weight]
59.7s 115 Loading weights:  23%|██▎       | 46/204 [00:00<00:00, 4734.67it/s, Materializing param=bert.encoder.layer.2.attention.self.value.bias]
59.7s 116 Loading weights:  23%|██▎       | 46/204 [00:00<00:00, 4706.26it/s, Materializing param=bert.encoder.layer.2.attention.self.value.bias]
59.7s 117 Loading weights:  23%|██▎       | 47/204 [00:00<00:00, 4757.63it/s, Materializing param=bert.encoder.layer.2.attention.self.value.weight]
59.7s 118 Loading weights:  23%|██▎       | 47/204 [00:00<00:00, 4727.62it/s, Materializing param=bert.encoder.layer.2.attention.self.value.weight]
59.7s 119 Loading weights:  24%|██▎       | 48/204 [00:00<00:00, 4778.25it/s, Materializing param=bert.encoder.layer.2.intermediate.dense.bias]
59.7s 120 Loading weights:  24%|██▎       | 48/204 [00:00<00:00, 4742.23it/s, Materializing param=bert.encoder.layer.2.intermediate.dense.bias]
59.7s 121 Loading weights:  24%|██▍       | 49/204 [00:00<00:00, 4791.59it/s, Materializing param=bert.encoder.layer.2.intermediate.dense.weight]
59.7s 122 Loading weights:  24%|██▍       | 49/204 [00:00<00:00, 4764.82it/s, Materializing param=bert.encoder.layer.2.intermediate.dense.weight]
59.7s 123 Loading weights:  25%|██▍       | 50/204 [00:00<00:00, 4803.26it/s, Materializing param=bert.encoder.layer.2.output.LayerNorm.bias]
59.7s 124 Loading weights:  25%|██▍       | 50/204 [00:00<00:00, 4777.22it/s, Materializing param=bert.encoder.layer.2.output.LayerNorm.bias]
59.7s 125 Loading weights:  25%|██▌       | 51/204 [00:00<00:00, 4825.72it/s, Materializing param=bert.encoder.layer.2.output.LayerNorm.weight]
59.7s 126 Loading weights:  25%|██▌       | 51/204 [00:00<00:00, 4801.02it/s, Materializing param=bert.encoder.layer.2.output.LayerNorm.weight]
59.7s 127 Loading weights:  25%|██▌       | 52/204 [00:00<00:00, 4847.18it/s, Materializing param=bert.encoder.layer.2.output.dense.bias]
59.7s 128 Loading weights:  25%|██▌       | 52/204 [00:00<00:00, 4822.42it/s, Materializing param=bert.encoder.layer.2.output.dense.bias]
59.7s 129 Loading weights:  26%|██▌       | 53/204 [00:00<00:00, 4866.74it/s, Materializing param=bert.encoder.layer.2.output.dense.weight]
59.7s 130 Loading weights:  26%|██▌       | 53/204 [00:00<00:00, 4841.62it/s, Materializing param=bert.encoder.layer.2.output.dense.weight]
59.7s 131 Loading weights:  26%|██▋       | 54/204 [00:00<00:00, 4890.68it/s, Materializing param=bert.encoder.layer.3.attention.output.LayerNorm.bias]
59.7s 132 Loading weights:  26%|██▋       | 54/204 [00:00<00:00, 4867.56it/s, Materializing param=bert.encoder.layer.3.attention.output.LayerNorm.bias]
59.7s 133 Loading weights:  27%|██▋       | 55/204 [00:00<00:00, 4906.66it/s, Materializing param=bert.encoder.layer.3.attention.output.LayerNorm.weight]
59.7s 134 Loading weights:  27%|██▋       | 55/204 [00:00<00:00, 4878.03it/s, Materializing param=bert.encoder.layer.3.attention.output.LayerNorm.weight]
59.7s 135 Loading weights:  27%|██▋       | 56/204 [00:00<00:00, 4925.78it/s, Materializing param=bert.encoder.layer.3.attention.output.dense.bias]
59.7s 136 Loading weights:  27%|██▋       | 56/204 [00:00<00:00, 4896.31it/s, Materializing param=bert.encoder.layer.3.attention.output.dense.bias]
59.7s 137 Loading weights:  28%|██▊       | 57/204 [00:00<00:00, 4941.10it/s, Materializing param=bert.encoder.layer.3.attention.output.dense.weight]
59.7s 138 Loading weights:  28%|██▊       | 57/204 [00:00<00:00, 4919.35it/s, Materializing param=bert.encoder.layer.3.attention.output.dense.weight]
59.7s 139 Loading weights:  28%|██▊       | 58/204 [00:00<00:00, 4965.60it/s, Materializing param=bert.encoder.layer.3.attention.self.key.bias]
59.7s 140 Loading weights:  28%|██▊       | 58/204 [00:00<00:00, 4944.40it/s, Materializing param=bert.encoder.layer.3.attention.self.key.bias]
59.7s 141 Loading weights:  29%|██▉       | 59/204 [00:00<00:00, 4979.15it/s, Materializing param=bert.encoder.layer.3.attention.self.key.weight]
59.7s 142 Loading weights:  29%|██▉       | 59/204 [00:00<00:00, 4956.61it/s, Materializing param=bert.encoder.layer.3.attention.self.key.weight]
59.7s 143 Loading weights:  29%|██▉       | 60/204 [00:00<00:00, 4995.60it/s, Materializing param=bert.encoder.layer.3.attention.self.query.bias]
59.7s 144 Loading weights:  29%|██▉       | 60/204 [00:00<00:00, 4973.09it/s, Materializing param=bert.encoder.layer.3.attention.self.query.bias]
59.7s 145 Loading weights:  30%|██▉       | 61/204 [00:00<00:00, 5012.98it/s, Materializing param=bert.encoder.layer.3.attention.self.query.weight]
59.7s 146 Loading weights:  30%|██▉       | 61/204 [00:00<00:00, 4982.04it/s, Materializing param=bert.encoder.layer.3.attention.self.query.weight]
59.7s 147 Loading weights:  30%|███       | 62/204 [00:00<00:00, 5010.54it/s, Materializing param=bert.encoder.layer.3.attention.self.value.bias]
59.7s 148 Loading weights:  30%|███       | 62/204 [00:00<00:00, 4981.93it/s, Materializing param=bert.encoder.layer.3.attention.self.value.bias]
59.7s 149 Loading weights:  31%|███       | 63/204 [00:00<00:00, 5018.92it/s, Materializing param=bert.encoder.layer.3.attention.self.value.weight]
59.7s 150 Loading weights:  31%|███       | 63/204 [00:00<00:00, 4997.56it/s, Materializing param=bert.encoder.layer.3.attention.self.value.weight]
59.7s 151 Loading weights:  31%|███▏      | 64/204 [00:00<00:00, 5037.07it/s, Materializing param=bert.encoder.layer.3.intermediate.dense.bias]
59.7s 152 Loading weights:  31%|███▏      | 64/204 [00:00<00:00, 5015.52it/s, Materializing param=bert.encoder.layer.3.intermediate.dense.bias]
59.7s 153 Loading weights:  32%|███▏      | 65/204 [00:00<00:00, 5055.44it/s, Materializing param=bert.encoder.layer.3.intermediate.dense.weight]
59.7s 154 Loading weights:  32%|███▏      | 65/204 [00:00<00:00, 5031.83it/s, Materializing param=bert.encoder.layer.3.intermediate.dense.weight]
59.7s 155 Loading weights:  32%|███▏      | 66/204 [00:00<00:00, 5064.66it/s, Materializing param=bert.encoder.layer.3.output.LayerNorm.bias]
59.7s 156 Loading weights:  32%|███▏      | 66/204 [00:00<00:00, 5044.54it/s, Materializing param=bert.encoder.layer.3.output.LayerNorm.bias]
59.7s 157 Loading weights:  33%|███▎      | 67/204 [00:00<00:00, 5084.83it/s, Materializing param=bert.encoder.layer.3.output.LayerNorm.weight]
59.7s 158 Loading weights:  33%|███▎      | 67/204 [00:00<00:00, 5065.77it/s, Materializing param=bert.encoder.layer.3.output.LayerNorm.weight]
59.7s 159 Loading weights:  33%|███▎      | 68/204 [00:00<00:00, 5107.13it/s, Materializing param=bert.encoder.layer.3.output.dense.bias]
59.7s 160 Loading weights:  33%|███▎      | 68/204 [00:00<00:00, 5088.00it/s, Materializing param=bert.encoder.layer.3.output.dense.bias]
59.7s 161 Loading weights:  34%|███▍      | 69/204 [00:00<00:00, 5121.98it/s, Materializing param=bert.encoder.layer.3.output.dense.weight]
59.7s 162 Loading weights:  34%|███▍      | 69/204 [00:00<00:00, 5102.56it/s, Materializing param=bert.encoder.layer.3.output.dense.weight]
59.7s 163 Loading weights:  34%|███▍      | 70/204 [00:00<00:00, 5141.61it/s, Materializing param=bert.encoder.layer.4.attention.output.LayerNorm.bias]
59.7s 164 Loading weights:  34%|███▍      | 70/204 [00:00<00:00, 5122.14it/s, Materializing param=bert.encoder.layer.4.attention.output.LayerNorm.bias]
59.7s 165 Loading weights:  35%|███▍      | 71/204 [00:00<00:00, 5159.76it/s, Materializing param=bert.encoder.layer.4.attention.output.LayerNorm.weight]
59.7s 166 Loading weights:  35%|███▍      | 71/204 [00:00<00:00, 5140.34it/s, Materializing param=bert.encoder.layer.4.attention.output.LayerNorm.weight]
59.7s 167 Loading weights:  35%|███▌      | 72/204 [00:00<00:00, 5177.80it/s, Materializing param=bert.encoder.layer.4.attention.output.dense.bias]
59.7s 168 Loading weights:  35%|███▌      | 72/204 [00:00<00:00, 5156.31it/s, Materializing param=bert.encoder.layer.4.attention.output.dense.bias]
59.7s 169 Loading weights:  36%|███▌      | 73/204 [00:00<00:00, 5192.64it/s, Materializing param=bert.encoder.layer.4.attention.output.dense.weight]
59.7s 170 Loading weights:  36%|███▌      | 73/204 [00:00<00:00, 5173.95it/s, Materializing param=bert.encoder.layer.4.attention.output.dense.weight]
59.7s 171 Loading weights:  36%|███▋      | 74/204 [00:00<00:00, 5210.84it/s, Materializing param=bert.encoder.layer.4.attention.self.key.bias]
59.7s 172 Loading weights:  36%|███▋      | 74/204 [00:00<00:00, 5192.53it/s, Materializing param=bert.encoder.layer.4.attention.self.key.bias]
59.7s 173 Loading weights:  37%|███▋      | 75/204 [00:00<00:00, 5229.28it/s, Materializing param=bert.encoder.layer.4.attention.self.key.weight]
59.7s 174 Loading weights:  37%|███▋      | 75/204 [00:00<00:00, 5207.12it/s, Materializing param=bert.encoder.layer.4.attention.self.key.weight]
59.7s 175 Loading weights:  37%|███▋      | 76/204 [00:00<00:00, 5241.50it/s, Materializing param=bert.encoder.layer.4.attention.self.query.bias]
59.7s 176 Loading weights:  37%|███▋      | 76/204 [00:00<00:00, 5223.46it/s, Materializing param=bert.encoder.layer.4.attention.self.query.bias]
59.7s 177 Loading weights:  38%|███▊      | 77/204 [00:00<00:00, 5259.10it/s, Materializing param=bert.encoder.layer.4.attention.self.query.weight]
59.7s 178 Loading weights:  38%|███▊      | 77/204 [00:00<00:00, 5240.75it/s, Materializing param=bert.encoder.layer.4.attention.self.query.weight]
59.7s 179 Loading weights:  38%|███▊      | 78/204 [00:00<00:00, 5275.09it/s, Materializing param=bert.encoder.layer.4.attention.self.value.bias]
59.7s 180 Loading weights:  38%|███▊      | 78/204 [00:00<00:00, 5258.13it/s, Materializing param=bert.encoder.layer.4.attention.self.value.bias]
59.7s 181 Loading weights:  39%|███▊      | 79/204 [00:00<00:00, 5289.92it/s, Materializing param=bert.encoder.layer.4.attention.self.value.weight]
59.7s 182 Loading weights:  39%|███▊      | 79/204 [00:00<00:00, 5271.41it/s, Materializing param=bert.encoder.layer.4.attention.self.value.weight]
59.7s 183 Loading weights:  39%|███▉      | 80/204 [00:00<00:00, 5305.30it/s, Materializing param=bert.encoder.layer.4.intermediate.dense.bias]
59.7s 184 Loading weights:  39%|███▉      | 80/204 [00:00<00:00, 5287.83it/s, Materializing param=bert.encoder.layer.4.intermediate.dense.bias]
59.7s 185 Loading weights:  40%|███▉      | 81/204 [00:00<00:00, 5319.72it/s, Materializing param=bert.encoder.layer.4.intermediate.dense.weight]
59.7s 186 Loading weights:  40%|███▉      | 81/204 [00:00<00:00, 5301.46it/s, Materializing param=bert.encoder.layer.4.intermediate.dense.weight]
59.7s 187 Loading weights:  40%|████      | 82/204 [00:00<00:00, 5335.44it/s, Materializing param=bert.encoder.layer.4.output.LayerNorm.bias]
59.7s 188 Loading weights:  40%|████      | 82/204 [00:00<00:00, 5313.67it/s, Materializing param=bert.encoder.layer.4.output.LayerNorm.bias]
59.7s 189 Loading weights:  41%|████      | 83/204 [00:00<00:00, 5345.85it/s, Materializing param=bert.encoder.layer.4.output.LayerNorm.weight]
59.7s 190 Loading weights:  41%|████      | 83/204 [00:00<00:00, 5328.67it/s, Materializing param=bert.encoder.layer.4.output.LayerNorm.weight]
59.7s 191 Loading weights:  41%|████      | 84/204 [00:00<00:00, 5362.09it/s, Materializing param=bert.encoder.layer.4.output.dense.bias]
59.7s 192 Loading weights:  41%|████      | 84/204 [00:00<00:00, 5345.17it/s, Materializing param=bert.encoder.layer.4.output.dense.bias]
59.7s 193 Loading weights:  42%|████▏     | 85/204 [00:00<00:00, 5378.29it/s, Materializing param=bert.encoder.layer.4.output.dense.weight]
59.7s 194 Loading weights:  42%|████▏     | 85/204 [00:00<00:00, 5361.54it/s, Materializing param=bert.encoder.layer.4.output.dense.weight]
59.7s 195 Loading weights:  42%|████▏     | 86/204 [00:00<00:00, 5392.02it/s, Materializing param=bert.encoder.layer.5.attention.output.LayerNorm.bias]
59.7s 196 Loading weights:  42%|████▏     | 86/204 [00:00<00:00, 5374.51it/s, Materializing param=bert.encoder.layer.5.attention.output.LayerNorm.bias]
59.7s 197 Loading weights:  43%|████▎     | 87/204 [00:00<00:00, 5406.07it/s, Materializing param=bert.encoder.layer.5.attention.output.LayerNorm.weight]
59.7s 198 Loading weights:  43%|████▎     | 87/204 [00:00<00:00, 5389.23it/s, Materializing param=bert.encoder.layer.5.attention.output.LayerNorm.weight]
59.7s 199 Loading weights:  43%|████▎     | 88/204 [00:00<00:00, 5420.83it/s, Materializing param=bert.encoder.layer.5.attention.output.dense.bias]
59.7s 200 Loading weights:  43%|████▎     | 88/204 [00:00<00:00, 5403.45it/s, Materializing param=bert.encoder.layer.5.attention.output.dense.bias]
59.7s 201 Loading weights:  44%|████▎     | 89/204 [00:00<00:00, 5433.91it/s, Materializing param=bert.encoder.layer.5.attention.output.dense.weight]
59.7s 202 Loading weights:  44%|████▎     | 89/204 [00:00<00:00, 5410.59it/s, Materializing param=bert.encoder.layer.5.attention.output.dense.weight]
59.7s 203 Loading weights:  44%|████▍     | 90/204 [00:00<00:00, 5439.22it/s, Materializing param=bert.encoder.layer.5.attention.self.key.bias]
59.7s 204 Loading weights:  44%|████▍     | 90/204 [00:00<00:00, 5422.34it/s, Materializing param=bert.encoder.layer.5.attention.self.key.bias]
59.7s 205 Loading weights:  45%|████▍     | 91/204 [00:00<00:00, 5452.13it/s, Materializing param=bert.encoder.layer.5.attention.self.key.weight]
59.7s 206 Loading weights:  45%|████▍     | 91/204 [00:00<00:00, 5435.43it/s, Materializing param=bert.encoder.layer.5.attention.self.key.weight]
59.7s 207 Loading weights:  45%|████▌     | 92/204 [00:00<00:00, 5465.28it/s, Materializing param=bert.encoder.layer.5.attention.self.query.bias]
59.7s 208 Loading weights:  45%|████▌     | 92/204 [00:00<00:00, 5448.76it/s, Materializing param=bert.encoder.layer.5.attention.self.query.bias]
59.7s 209 Loading weights:  46%|████▌     | 93/204 [00:00<00:00, 5475.75it/s, Materializing param=bert.encoder.layer.5.attention.self.query.weight]
59.7s 210 Loading weights:  46%|████▌     | 93/204 [00:00<00:00, 5459.35it/s, Materializing param=bert.encoder.layer.5.attention.self.query.weight]
59.7s 211 Loading weights:  46%|████▌     | 94/204 [00:00<00:00, 5488.63it/s, Materializing param=bert.encoder.layer.5.attention.self.value.bias]
59.7s 212 Loading weights:  46%|████▌     | 94/204 [00:00<00:00, 5472.70it/s, Materializing param=bert.encoder.layer.5.attention.self.value.bias]
59.7s 213 Loading weights:  47%|████▋     | 95/204 [00:00<00:00, 5501.90it/s, Materializing param=bert.encoder.layer.5.attention.self.value.weight]
59.7s 214 Loading weights:  47%|████▋     | 95/204 [00:00<00:00, 5485.54it/s, Materializing param=bert.encoder.layer.5.attention.self.value.weight]
59.7s 215 Loading weights:  47%|████▋     | 96/204 [00:00<00:00, 5507.80it/s, Materializing param=bert.encoder.layer.5.intermediate.dense.bias]
59.7s 216 Loading weights:  47%|████▋     | 96/204 [00:00<00:00, 5490.60it/s, Materializing param=bert.encoder.layer.5.intermediate.dense.bias]
59.7s 217 Loading weights:  48%|████▊     | 97/204 [00:00<00:00, 5517.85it/s, Materializing param=bert.encoder.layer.5.intermediate.dense.weight]
59.7s 218 Loading weights:  48%|████▊     | 97/204 [00:00<00:00, 5502.03it/s, Materializing param=bert.encoder.layer.5.intermediate.dense.weight]
59.7s 219 Loading weights:  48%|████▊     | 98/204 [00:00<00:00, 5530.63it/s, Materializing param=bert.encoder.layer.5.output.LayerNorm.bias]
59.7s 220 Loading weights:  48%|████▊     | 98/204 [00:00<00:00, 5514.67it/s, Materializing param=bert.encoder.layer.5.output.LayerNorm.bias]
59.7s 221 Loading weights:  49%|████▊     | 99/204 [00:00<00:00, 5542.39it/s, Materializing param=bert.encoder.layer.5.output.LayerNorm.weight]
59.7s 222 Loading weights:  49%|████▊     | 99/204 [00:00<00:00, 5524.55it/s, Materializing param=bert.encoder.layer.5.output.LayerNorm.weight]
59.7s 223 Loading weights:  49%|████▉     | 100/204 [00:00<00:00, 5551.55it/s, Materializing param=bert.encoder.layer.5.output.dense.bias]
59.7s 224 Loading weights:  49%|████▉     | 100/204 [00:00<00:00, 5536.23it/s, Materializing param=bert.encoder.layer.5.output.dense.bias]
59.7s 225 Loading weights:  50%|████▉     | 101/204 [00:00<00:00, 5564.05it/s, Materializing param=bert.encoder.layer.5.output.dense.weight]
59.7s 226 Loading weights:  50%|████▉     | 101/204 [00:00<00:00, 5548.53it/s, Materializing param=bert.encoder.layer.5.output.dense.weight]
59.7s 227 Loading weights:  50%|█████     | 102/204 [00:00<00:00, 5576.22it/s, Materializing param=bert.encoder.layer.6.attention.output.LayerNorm.bias]
59.7s 228 Loading weights:  50%|█████     | 102/204 [00:00<00:00, 5560.57it/s, Materializing param=bert.encoder.layer.6.attention.output.LayerNorm.bias]
59.7s 229 Loading weights:  50%|█████     | 103/204 [00:00<00:00, 5582.14it/s, Materializing param=bert.encoder.layer.6.attention.output.LayerNorm.weight]
59.7s 230 Loading weights:  50%|█████     | 103/204 [00:00<00:00, 5565.96it/s, Materializing param=bert.encoder.layer.6.attention.output.LayerNorm.weight]
59.7s 231 Loading weights:  51%|█████     | 104/204 [00:00<00:00, 5590.97it/s, Materializing param=bert.encoder.layer.6.attention.output.dense.bias]
59.7s 232 Loading weights:  51%|█████     | 104/204 [00:00<00:00, 5575.75it/s, Materializing param=bert.encoder.layer.6.attention.output.dense.bias]
59.7s 233 Loading weights:  51%|█████▏    | 105/204 [00:00<00:00, 5601.58it/s, Materializing param=bert.encoder.layer.6.attention.output.dense.weight]
59.7s 234 Loading weights:  51%|█████▏    | 105/204 [00:00<00:00, 5586.38it/s, Materializing param=bert.encoder.layer.6.attention.output.dense.weight]
59.7s 235 Loading weights:  52%|█████▏    | 106/204 [00:00<00:00, 5612.10it/s, Materializing param=bert.encoder.layer.6.attention.self.key.bias]
59.7s 236 Loading weights:  52%|█████▏    | 106/204 [00:00<00:00, 5594.52it/s, Materializing param=bert.encoder.layer.6.attention.self.key.bias]
59.7s 237 Loading weights:  52%|█████▏    | 107/204 [00:00<00:00, 5618.73it/s, Materializing param=bert.encoder.layer.6.attention.self.key.weight]
59.7s 238 Loading weights:  52%|█████▏    | 107/204 [00:00<00:00, 5603.65it/s, Materializing param=bert.encoder.layer.6.attention.self.key.weight]
59.7s 239 Loading weights:  53%|█████▎    | 108/204 [00:00<00:00, 5629.38it/s, Materializing param=bert.encoder.layer.6.attention.self.query.bias]
59.7s 240 Loading weights:  53%|█████▎    | 108/204 [00:00<00:00, 5614.45it/s, Materializing param=bert.encoder.layer.6.attention.self.query.bias]
59.7s 241 Loading weights:  53%|█████▎    | 109/204 [00:00<00:00, 5640.15it/s, Materializing param=bert.encoder.layer.6.attention.self.query.weight]
59.7s 242 Loading weights:  53%|█████▎    | 109/204 [00:00<00:00, 5625.30it/s, Materializing param=bert.encoder.layer.6.attention.self.query.weight]
59.7s 243 Loading weights:  54%|█████▍    | 110/204 [00:00<00:00, 5646.27it/s, Materializing param=bert.encoder.layer.6.attention.self.value.bias]
59.7s 244 Loading weights:  54%|█████▍    | 110/204 [00:00<00:00, 5631.59it/s, Materializing param=bert.encoder.layer.6.attention.self.value.bias]
59.7s 245 Loading weights:  54%|█████▍    | 111/204 [00:00<00:00, 5656.41it/s, Materializing param=bert.encoder.layer.6.attention.self.value.weight]
59.7s 246 Loading weights:  54%|█████▍    | 111/204 [00:00<00:00, 5641.81it/s, Materializing param=bert.encoder.layer.6.attention.self.value.weight]
59.7s 247 Loading weights:  55%|█████▍    | 112/204 [00:00<00:00, 5664.63it/s, Materializing param=bert.encoder.layer.6.intermediate.dense.bias]
59.7s 248 Loading weights:  55%|█████▍    | 112/204 [00:00<00:00, 5649.85it/s, Materializing param=bert.encoder.layer.6.intermediate.dense.bias]
59.7s 249 Loading weights:  55%|█████▌    | 113/204 [00:00<00:00, 5672.66it/s, Materializing param=bert.encoder.layer.6.intermediate.dense.weight]
59.7s 250 Loading weights:  55%|█████▌    | 113/204 [00:00<00:00, 5658.17it/s, Materializing param=bert.encoder.layer.6.intermediate.dense.weight]
59.7s 251 Loading weights:  56%|█████▌    | 114/204 [00:00<00:00, 5682.46it/s, Materializing param=bert.encoder.layer.6.output.LayerNorm.bias]
59.7s 252 Loading weights:  56%|█████▌    | 114/204 [00:00<00:00, 5668.52it/s, Materializing param=bert.encoder.layer.6.output.LayerNorm.bias]
59.7s 253 Loading weights:  56%|█████▋    | 115/204 [00:00<00:00, 5693.13it/s, Materializing param=bert.encoder.layer.6.output.LayerNorm.weight]
59.7s 254 Loading weights:  56%|█████▋    | 115/204 [00:00<00:00, 5678.99it/s, Materializing param=bert.encoder.layer.6.output.LayerNorm.weight]
59.7s 255 Loading weights:  57%|█████▋    | 116/204 [00:00<00:00, 5703.39it/s, Materializing param=bert.encoder.layer.6.output.dense.bias]
59.7s 256 Loading weights:  57%|█████▋    | 116/204 [00:00<00:00, 5689.45it/s, Materializing param=bert.encoder.layer.6.output.dense.bias]
59.7s 257 Loading weights:  57%|█████▋    | 117/204 [00:00<00:00, 5708.93it/s, Materializing param=bert.encoder.layer.6.output.dense.weight]
59.7s 258 Loading weights:  57%|█████▋    | 117/204 [00:00<00:00, 5694.88it/s, Materializing param=bert.encoder.layer.6.output.dense.weight]
59.7s 259 Loading weights:  58%|█████▊    | 118/204 [00:00<00:00, 5719.33it/s, Materializing param=bert.encoder.layer.7.attention.output.LayerNorm.bias]
59.7s 260 Loading weights:  58%|█████▊    | 118/204 [00:00<00:00, 5704.96it/s, Materializing param=bert.encoder.layer.7.attention.output.LayerNorm.bias]
59.7s 261 Loading weights:  58%|█████▊    | 119/204 [00:00<00:00, 5728.21it/s, Materializing param=bert.encoder.layer.7.attention.output.LayerNorm.weight]
59.7s 262 Loading weights:  58%|█████▊    | 119/204 [00:00<00:00, 5714.05it/s, Materializing param=bert.encoder.layer.7.attention.output.LayerNorm.weight]
59.7s 263 Loading weights:  59%|█████▉    | 120/204 [00:00<00:00, 5735.15it/s, Materializing param=bert.encoder.layer.7.attention.output.dense.bias]
59.7s 264 Loading weights:  59%|█████▉    | 120/204 [00:00<00:00, 5720.61it/s, Materializing param=bert.encoder.layer.7.attention.output.dense.bias]
59.7s 265 Loading weights:  59%|█████▉    | 121/204 [00:00<00:00, 5742.50it/s, Materializing param=bert.encoder.layer.7.attention.output.dense.weight]
59.7s 266 Loading weights:  59%|█████▉    | 121/204 [00:00<00:00, 5728.63it/s, Materializing param=bert.encoder.layer.7.attention.output.dense.weight]
59.7s 267 Loading weights:  60%|█████▉    | 122/204 [00:00<00:00, 5750.72it/s, Materializing param=bert.encoder.layer.7.attention.self.key.bias]
59.7s 268 Loading weights:  60%|█████▉    | 122/204 [00:00<00:00, 5736.73it/s, Materializing param=bert.encoder.layer.7.attention.self.key.bias]
59.7s 269 Loading weights:  60%|██████    | 123/204 [00:00<00:00, 5758.77it/s, Materializing param=bert.encoder.layer.7.attention.self.key.weight]
59.7s 270 Loading weights:  60%|██████    | 123/204 [00:00<00:00, 5741.85it/s, Materializing param=bert.encoder.layer.7.attention.self.key.weight]
59.7s 271 Loading weights:  61%|██████    | 124/204 [00:00<00:00, 5763.39it/s, Materializing param=bert.encoder.layer.7.attention.self.query.bias]
59.7s 272 Loading weights:  61%|██████    | 124/204 [00:00<00:00, 5749.12it/s, Materializing param=bert.encoder.layer.7.attention.self.query.bias]
59.7s 273 Loading weights:  61%|██████▏   | 125/204 [00:00<00:00, 5770.22it/s, Materializing param=bert.encoder.layer.7.attention.self.query.weight]
59.7s 274 Loading weights:  61%|██████▏   | 125/204 [00:00<00:00, 5756.47it/s, Materializing param=bert.encoder.layer.7.attention.self.query.weight]
59.7s 275 Loading weights:  62%|██████▏   | 126/204 [00:00<00:00, 5770.59it/s, Materializing param=bert.encoder.layer.7.attention.self.value.bias]
59.7s 276 Loading weights:  62%|██████▏   | 126/204 [00:00<00:00, 5755.57it/s, Materializing param=bert.encoder.layer.7.attention.self.value.bias]
59.7s 277 Loading weights:  62%|██████▏   | 127/204 [00:00<00:00, 5772.58it/s, Materializing param=bert.encoder.layer.7.attention.self.value.weight]
59.7s 278 Loading weights:  62%|██████▏   | 127/204 [00:00<00:00, 5758.29it/s, Materializing param=bert.encoder.layer.7.attention.self.value.weight]
59.7s 279 Loading weights:  63%|██████▎   | 128/204 [00:00<00:00, 5778.15it/s, Materializing param=bert.encoder.layer.7.intermediate.dense.bias]
59.7s 280 Loading weights:  63%|██████▎   | 128/204 [00:00<00:00, 5764.00it/s, Materializing param=bert.encoder.layer.7.intermediate.dense.bias]
59.7s 281 Loading weights:  63%|██████▎   | 129/204 [00:00<00:00, 5784.50it/s, Materializing param=bert.encoder.layer.7.intermediate.dense.weight]
59.7s 282 Loading weights:  63%|██████▎   | 129/204 [00:00<00:00, 5770.38it/s, Materializing param=bert.encoder.layer.7.intermediate.dense.weight]
59.7s 283 Loading weights:  64%|██████▎   | 130/204 [00:00<00:00, 5769.27it/s, Materializing param=bert.encoder.layer.7.output.LayerNorm.bias]
59.7s 284 Loading weights:  64%|██████▎   | 130/204 [00:00<00:00, 5752.96it/s, Materializing param=bert.encoder.layer.7.output.LayerNorm.bias]
59.7s 285 Loading weights:  64%|██████▍   | 131/204 [00:00<00:00, 5771.09it/s, Materializing param=bert.encoder.layer.7.output.LayerNorm.weight]
59.7s 286 Loading weights:  64%|██████▍   | 131/204 [00:00<00:00, 5757.36it/s, Materializing param=bert.encoder.layer.7.output.LayerNorm.weight]
59.7s 287 Loading weights:  65%|██████▍   | 132/204 [00:00<00:00, 5776.55it/s, Materializing param=bert.encoder.layer.7.output.dense.bias]
59.7s 288 Loading weights:  65%|██████▍   | 132/204 [00:00<00:00, 5762.97it/s, Materializing param=bert.encoder.layer.7.output.dense.bias]
59.7s 289 Loading weights:  65%|██████▌   | 133/204 [00:00<00:00, 5766.05it/s, Materializing param=bert.encoder.layer.7.output.dense.weight]
59.7s 290 Loading weights:  65%|██████▌   | 133/204 [00:00<00:00, 5732.16it/s, Materializing param=bert.encoder.layer.7.output.dense.weight]
59.7s 291 Loading weights:  66%|██████▌   | 134/204 [00:00<00:00, 5730.39it/s, Materializing param=bert.encoder.layer.8.attention.output.LayerNorm.bias]
59.7s 292 Loading weights:  66%|██████▌   | 134/204 [00:00<00:00, 5694.28it/s, Materializing param=bert.encoder.layer.8.attention.output.LayerNorm.bias]
59.7s 293 Loading weights:  66%|██████▌   | 135/204 [00:00<00:00, 5707.51it/s, Materializing param=bert.encoder.layer.8.attention.output.LayerNorm.weight]
59.7s 294 Loading weights:  66%|██████▌   | 135/204 [00:00<00:00, 5694.03it/s, Materializing param=bert.encoder.layer.8.attention.output.LayerNorm.weight]
59.7s 295 Loading weights:  67%|██████▋   | 136/204 [00:00<00:00, 5712.36it/s, Materializing param=bert.encoder.layer.8.attention.output.dense.bias]
59.7s 296 Loading weights:  67%|██████▋   | 136/204 [00:00<00:00, 5699.64it/s, Materializing param=bert.encoder.layer.8.attention.output.dense.bias]
59.7s 297 Loading weights:  67%|██████▋   | 137/204 [00:00<00:00, 5716.58it/s, Materializing param=bert.encoder.layer.8.attention.output.dense.weight]
59.7s 298 Loading weights:  67%|██████▋   | 137/204 [00:00<00:00, 5703.70it/s, Materializing param=bert.encoder.layer.8.attention.output.dense.weight]
59.7s 299 Loading weights:  68%|██████▊   | 138/204 [00:00<00:00, 5722.84it/s, Materializing param=bert.encoder.layer.8.attention.self.key.bias]
59.7s 300 Loading weights:  68%|██████▊   | 138/204 [00:00<00:00, 5710.65it/s, Materializing param=bert.encoder.layer.8.attention.self.key.bias]
59.7s 301 Loading weights:  68%|██████▊   | 139/204 [00:00<00:00, 5729.64it/s, Materializing param=bert.encoder.layer.8.attention.self.key.weight]
59.7s 302 Loading weights:  68%|██████▊   | 139/204 [00:00<00:00, 5717.56it/s, Materializing param=bert.encoder.layer.8.attention.self.key.weight]
59.7s 303 Loading weights:  69%|██████▊   | 140/204 [00:00<00:00, 5733.45it/s, Materializing param=bert.encoder.layer.8.attention.self.query.bias]
59.7s 304 Loading weights:  69%|██████▊   | 140/204 [00:00<00:00, 5720.99it/s, Materializing param=bert.encoder.layer.8.attention.self.query.bias]
59.7s 305 Loading weights:  69%|██████▉   | 141/204 [00:00<00:00, 5737.71it/s, Materializing param=bert.encoder.layer.8.attention.self.query.weight]
59.7s 306 Loading weights:  69%|██████▉   | 141/204 [00:00<00:00, 5725.37it/s, Materializing param=bert.encoder.layer.8.attention.self.query.weight]
59.7s 307 Loading weights:  70%|██████▉   | 142/204 [00:00<00:00, 5744.24it/s, Materializing param=bert.encoder.layer.8.attention.self.value.bias]
59.7s 308 Loading weights:  70%|██████▉   | 142/204 [00:00<00:00, 5732.35it/s, Materializing param=bert.encoder.layer.8.attention.self.value.bias]
59.7s 309 Loading weights:  70%|███████   | 143/204 [00:00<00:00, 5751.30it/s, Materializing param=bert.encoder.layer.8.attention.self.value.weight]
59.7s 310 Loading weights:  70%|███████   | 143/204 [00:00<00:00, 5737.98it/s, Materializing param=bert.encoder.layer.8.attention.self.value.weight]
59.7s 311 Loading weights:  71%|███████   | 144/204 [00:00<00:00, 5756.08it/s, Materializing param=bert.encoder.layer.8.intermediate.dense.bias]
59.7s 312 Loading weights:  71%|███████   | 144/204 [00:00<00:00, 5744.09it/s, Materializing param=bert.encoder.layer.8.intermediate.dense.bias]
59.7s 313 Loading weights:  71%|███████   | 145/204 [00:00<00:00, 5762.77it/s, Materializing param=bert.encoder.layer.8.intermediate.dense.weight]
59.7s 314 Loading weights:  71%|███████   | 145/204 [00:00<00:00, 5751.06it/s, Materializing param=bert.encoder.layer.8.intermediate.dense.weight]
59.7s 315 Loading weights:  72%|███████▏  | 146/204 [00:00<00:00, 5769.93it/s, Materializing param=bert.encoder.layer.8.output.LayerNorm.bias]
59.7s 316 Loading weights:  72%|███████▏  | 146/204 [00:00<00:00, 5740.40it/s, Materializing param=bert.encoder.layer.8.output.LayerNorm.bias]
59.7s 317 Loading weights:  72%|███████▏  | 147/204 [00:00<00:00, 5736.21it/s, Materializing param=bert.encoder.layer.8.output.LayerNorm.weight]
59.7s 318 Loading weights:  72%|███████▏  | 147/204 [00:00<00:00, 5712.30it/s, Materializing param=bert.encoder.layer.8.output.LayerNorm.weight]
59.7s 319 Loading weights:  73%|███████▎  | 148/204 [00:00<00:00, 5706.96it/s, Materializing param=bert.encoder.layer.8.output.dense.bias]
59.7s 320 Loading weights:  73%|███████▎  | 148/204 [00:00<00:00, 5688.70it/s, Materializing param=bert.encoder.layer.8.output.dense.bias]
59.7s 321 Loading weights:  73%|███████▎  | 149/204 [00:00<00:00, 5689.44it/s, Materializing param=bert.encoder.layer.8.output.dense.weight]
59.7s 322 Loading weights:  73%|███████▎  | 149/204 [00:00<00:00, 5671.94it/s, Materializing param=bert.encoder.layer.8.output.dense.weight]
59.7s 323 Loading weights:  74%|███████▎  | 150/204 [00:00<00:00, 5668.95it/s, Materializing param=bert.encoder.layer.9.attention.output.LayerNorm.bias]
59.7s 324 Loading weights:  74%|███████▎  | 150/204 [00:00<00:00, 5646.87it/s, Materializing param=bert.encoder.layer.9.attention.output.LayerNorm.bias]
59.7s 325 Loading weights:  74%|███████▍  | 151/204 [00:00<00:00, 5645.39it/s, Materializing param=bert.encoder.layer.9.attention.output.LayerNorm.weight]
59.7s 326 Loading weights:  74%|███████▍  | 151/204 [00:00<00:00, 5627.49it/s, Materializing param=bert.encoder.layer.9.attention.output.LayerNorm.weight]
59.7s 327 Loading weights:  75%|███████▍  | 152/204 [00:00<00:00, 5623.83it/s, Materializing param=bert.encoder.layer.9.attention.output.dense.bias]
59.7s 328 Loading weights:  75%|███████▍  | 152/204 [00:00<00:00, 5605.98it/s, Materializing param=bert.encoder.layer.9.attention.output.dense.bias]
59.7s 329 Loading weights:  75%|███████▌  | 153/204 [00:00<00:00, 5605.64it/s, Materializing param=bert.encoder.layer.9.attention.output.dense.weight]
59.7s 330 Loading weights:  75%|███████▌  | 153/204 [00:00<00:00, 5588.27it/s, Materializing param=bert.encoder.layer.9.attention.output.dense.weight]
59.7s 331 Loading weights:  75%|███████▌  | 154/204 [00:00<00:00, 5583.61it/s, Materializing param=bert.encoder.layer.9.attention.self.key.bias]
59.7s 332 Loading weights:  75%|███████▌  | 154/204 [00:00<00:00, 5566.00it/s, Materializing param=bert.encoder.layer.9.attention.self.key.bias]
59.7s 333 Loading weights:  76%|███████▌  | 155/204 [00:00<00:00, 5566.36it/s, Materializing param=bert.encoder.layer.9.attention.self.key.weight]
59.7s 334 Loading weights:  76%|███████▌  | 155/204 [00:00<00:00, 5548.26it/s, Materializing param=bert.encoder.layer.9.attention.self.key.weight]
59.7s 335 Loading weights:  76%|███████▋  | 156/204 [00:00<00:00, 5545.25it/s, Materializing param=bert.encoder.layer.9.attention.self.query.bias]
59.7s 336 Loading weights:  76%|███████▋  | 156/204 [00:00<00:00, 5528.24it/s, Materializing param=bert.encoder.layer.9.attention.self.query.bias]
59.7s 337 Loading weights:  77%|███████▋  | 157/204 [00:00<00:00, 5521.04it/s, Materializing param=bert.encoder.layer.9.attention.self.query.weight]
59.7s 338 Loading weights:  77%|███████▋  | 157/204 [00:00<00:00, 5501.21it/s, Materializing param=bert.encoder.layer.9.attention.self.query.weight]
59.7s 339 Loading weights:  77%|███████▋  | 158/204 [00:00<00:00, 5500.82it/s, Materializing param=bert.encoder.layer.9.attention.self.value.bias]
59.7s 340 Loading weights:  77%|███████▋  | 158/204 [00:00<00:00, 5483.20it/s, Materializing param=bert.encoder.layer.9.attention.self.value.bias]
59.7s 341 Loading weights:  78%|███████▊  | 159/204 [00:00<00:00, 5482.71it/s, Materializing param=bert.encoder.layer.9.attention.self.value.weight]
59.7s 342 Loading weights:  78%|███████▊  | 159/204 [00:00<00:00, 5466.44it/s, Materializing param=bert.encoder.layer.9.attention.self.value.weight]
59.7s 343 Loading weights:  78%|███████▊  | 160/204 [00:00<00:00, 5467.25it/s, Materializing param=bert.encoder.layer.9.intermediate.dense.bias]
59.7s 344 Loading weights:  78%|███████▊  | 160/204 [00:00<00:00, 5451.48it/s, Materializing param=bert.encoder.layer.9.intermediate.dense.bias]
59.7s 345 Loading weights:  79%|███████▉  | 161/204 [00:00<00:00, 5448.07it/s, Materializing param=bert.encoder.layer.9.intermediate.dense.weight]
59.7s 346 Loading weights:  79%|███████▉  | 161/204 [00:00<00:00, 5431.38it/s, Materializing param=bert.encoder.layer.9.intermediate.dense.weight]
59.7s 347 Loading weights:  79%|███████▉  | 162/204 [00:00<00:00, 5433.04it/s, Materializing param=bert.encoder.layer.9.output.LayerNorm.bias]
59.7s 348 Loading weights:  79%|███████▉  | 162/204 [00:00<00:00, 5417.92it/s, Materializing param=bert.encoder.layer.9.output.LayerNorm.bias]
59.7s 349 Loading weights:  80%|███████▉  | 163/204 [00:00<00:00, 5416.46it/s, Materializing param=bert.encoder.layer.9.output.LayerNorm.weight]
59.7s 350 Loading weights:  80%|███████▉  | 163/204 [00:00<00:00, 5401.40it/s, Materializing param=bert.encoder.layer.9.output.LayerNorm.weight]
59.7s 351 Loading weights:  80%|████████  | 164/204 [00:00<00:00, 5402.91it/s, Materializing param=bert.encoder.layer.9.output.dense.bias]
59.7s 352 Loading weights:  80%|████████  | 164/204 [00:00<00:00, 5381.06it/s, Materializing param=bert.encoder.layer.9.output.dense.bias]
59.7s 353 Loading weights:  81%|████████  | 165/204 [00:00<00:00, 5382.04it/s, Materializing param=bert.encoder.layer.9.output.dense.weight]
59.7s 354 Loading weights:  81%|████████  | 165/204 [00:00<00:00, 5367.51it/s, Materializing param=bert.encoder.layer.9.output.dense.weight]
59.7s 355 Loading weights:  81%|████████▏ | 166/204 [00:00<00:00, 5367.94it/s, Materializing param=bert.encoder.layer.10.attention.output.LayerNorm.bias]
59.7s 356 Loading weights:  81%|████████▏ | 166/204 [00:00<00:00, 5353.00it/s, Materializing param=bert.encoder.layer.10.attention.output.LayerNorm.bias]
59.7s 357 Loading weights:  82%|████████▏ | 167/204 [00:00<00:00, 5354.01it/s, Materializing param=bert.encoder.layer.10.attention.output.LayerNorm.weight]
59.7s 358 Loading weights:  82%|████████▏ | 167/204 [00:00<00:00, 5338.70it/s, Materializing param=bert.encoder.layer.10.attention.output.LayerNorm.weight]
59.7s 359 Loading weights:  82%|████████▏ | 168/204 [00:00<00:00, 5333.44it/s, Materializing param=bert.encoder.layer.10.attention.output.dense.bias]
59.7s 360 Loading weights:  82%|████████▏ | 168/204 [00:00<00:00, 5317.62it/s, Materializing param=bert.encoder.layer.10.attention.output.dense.bias]
59.7s 361 Loading weights:  83%|████████▎ | 169/204 [00:00<00:00, 5311.75it/s, Materializing param=bert.encoder.layer.10.attention.output.dense.weight]
59.7s 362 Loading weights:  83%|████████▎ | 169/204 [00:00<00:00, 5296.67it/s, Materializing param=bert.encoder.layer.10.attention.output.dense.weight]
59.7s 363 Loading weights:  83%|████████▎ | 170/204 [00:00<00:00, 5286.61it/s, Materializing param=bert.encoder.layer.10.attention.self.key.bias]
59.7s 364 Loading weights:  83%|████████▎ | 170/204 [00:00<00:00, 5268.02it/s, Materializing param=bert.encoder.layer.10.attention.self.key.bias]
59.7s 365 Loading weights:  84%|████████▍ | 171/204 [00:00<00:00, 5252.52it/s, Materializing param=bert.encoder.layer.10.attention.self.key.weight]
59.7s 366 Loading weights:  84%|████████▍ | 171/204 [00:00<00:00, 5236.14it/s, Materializing param=bert.encoder.layer.10.attention.self.key.weight]
59.7s 367 Loading weights:  84%|████████▍ | 172/204 [00:00<00:00, 5232.23it/s, Materializing param=bert.encoder.layer.10.attention.self.query.bias]
59.7s 368 Loading weights:  84%|████████▍ | 172/204 [00:00<00:00, 5215.78it/s, Materializing param=bert.encoder.layer.10.attention.self.query.bias]
59.7s 369 Loading weights:  85%|████████▍ | 173/204 [00:00<00:00, 5211.55it/s, Materializing param=bert.encoder.layer.10.attention.self.query.weight]
59.7s 370 Loading weights:  85%|████████▍ | 173/204 [00:00<00:00, 5195.95it/s, Materializing param=bert.encoder.layer.10.attention.self.query.weight]
59.7s 371 Loading weights:  85%|████████▌ | 174/204 [00:00<00:00, 5186.95it/s, Materializing param=bert.encoder.layer.10.attention.self.value.bias]
59.7s 372 Loading weights:  85%|████████▌ | 174/204 [00:00<00:00, 5171.77it/s, Materializing param=bert.encoder.layer.10.attention.self.value.bias]
59.7s 373 Loading weights:  86%|████████▌ | 175/204 [00:00<00:00, 5168.05it/s, Materializing param=bert.encoder.layer.10.attention.self.value.weight]
59.7s 374 Loading weights:  86%|████████▌ | 175/204 [00:00<00:00, 5153.72it/s, Materializing param=bert.encoder.layer.10.attention.self.value.weight]
59.7s 375 Loading weights:  86%|████████▋ | 176/204 [00:00<00:00, 5154.43it/s, Materializing param=bert.encoder.layer.10.intermediate.dense.bias]
59.7s 376 Loading weights:  86%|████████▋ | 176/204 [00:00<00:00, 5140.97it/s, Materializing param=bert.encoder.layer.10.intermediate.dense.bias]
59.7s 377 Loading weights:  87%|████████▋ | 177/204 [00:00<00:00, 5139.37it/s, Materializing param=bert.encoder.layer.10.intermediate.dense.weight]
59.7s 378 Loading weights:  87%|████████▋ | 177/204 [00:00<00:00, 5123.48it/s, Materializing param=bert.encoder.layer.10.intermediate.dense.weight]
59.7s 379 Loading weights:  87%|████████▋ | 178/204 [00:00<00:00, 5123.68it/s, Materializing param=bert.encoder.layer.10.output.LayerNorm.bias]
59.7s 380 Loading weights:  87%|████████▋ | 178/204 [00:00<00:00, 5110.56it/s, Materializing param=bert.encoder.layer.10.output.LayerNorm.bias]
59.7s 381 Loading weights:  88%|████████▊ | 179/204 [00:00<00:00, 5111.10it/s, Materializing param=bert.encoder.layer.10.output.LayerNorm.weight]
59.7s 382 Loading weights:  88%|████████▊ | 179/204 [00:00<00:00, 5098.09it/s, Materializing param=bert.encoder.layer.10.output.LayerNorm.weight]
59.7s 383 Loading weights:  88%|████████▊ | 180/204 [00:00<00:00, 5099.49it/s, Materializing param=bert.encoder.layer.10.output.dense.bias]
59.7s 384 Loading weights:  88%|████████▊ | 180/204 [00:00<00:00, 5086.95it/s, Materializing param=bert.encoder.layer.10.output.dense.bias]
59.7s 385 Loading weights:  89%|████████▊ | 181/204 [00:00<00:00, 5085.67it/s, Materializing param=bert.encoder.layer.10.output.dense.weight]
59.7s 386 Loading weights:  89%|████████▊ | 181/204 [00:00<00:00, 5073.00it/s, Materializing param=bert.encoder.layer.10.output.dense.weight]
59.7s 387 Loading weights:  89%|████████▉ | 182/204 [00:00<00:00, 5074.85it/s, Materializing param=bert.encoder.layer.11.attention.output.LayerNorm.bias]
59.7s 388 Loading weights:  89%|████████▉ | 182/204 [00:00<00:00, 5061.25it/s, Materializing param=bert.encoder.layer.11.attention.output.LayerNorm.bias]
59.7s 389 Loading weights:  90%|████████▉ | 183/204 [00:00<00:00, 5057.57it/s, Materializing param=bert.encoder.layer.11.attention.output.LayerNorm.weight]
59.7s 390 Loading weights:  90%|████████▉ | 183/204 [00:00<00:00, 5044.71it/s, Materializing param=bert.encoder.layer.11.attention.output.LayerNorm.weight]
59.7s 391 Loading weights:  90%|█████████ | 184/204 [00:00<00:00, 5042.68it/s, Materializing param=bert.encoder.layer.11.attention.output.dense.bias]
59.7s 392 Loading weights:  90%|█████████ | 184/204 [00:00<00:00, 5029.99it/s, Materializing param=bert.encoder.layer.11.attention.output.dense.bias]
59.7s 393 Loading weights:  91%|█████████ | 185/204 [00:00<00:00, 5030.80it/s, Materializing param=bert.encoder.layer.11.attention.output.dense.weight]
59.7s 394 Loading weights:  91%|█████████ | 185/204 [00:00<00:00, 5015.07it/s, Materializing param=bert.encoder.layer.11.attention.output.dense.weight]
59.7s 395 Loading weights:  91%|█████████ | 186/204 [00:00<00:00, 5010.50it/s, Materializing param=bert.encoder.layer.11.attention.self.key.bias]
59.7s 396 Loading weights:  91%|█████████ | 186/204 [00:00<00:00, 4997.57it/s, Materializing param=bert.encoder.layer.11.attention.self.key.bias]
59.7s 397 Loading weights:  92%|█████████▏| 187/204 [00:00<00:00, 4994.08it/s, Materializing param=bert.encoder.layer.11.attention.self.key.weight]
59.7s 398 Loading weights:  92%|█████████▏| 187/204 [00:00<00:00, 4979.52it/s, Materializing param=bert.encoder.layer.11.attention.self.key.weight]
59.7s 399 Loading weights:  92%|█████████▏| 188/204 [00:00<00:00, 4980.63it/s, Materializing param=bert.encoder.layer.11.attention.self.query.bias]
59.7s 400 Loading weights:  92%|█████████▏| 188/204 [00:00<00:00, 4968.93it/s, Materializing param=bert.encoder.layer.11.attention.self.query.bias]
59.7s 401 Loading weights:  93%|█████████▎| 189/204 [00:00<00:00, 4968.71it/s, Materializing param=bert.encoder.layer.11.attention.self.query.weight]
59.7s 402 Loading weights:  93%|█████████▎| 189/204 [00:00<00:00, 4957.03it/s, Materializing param=bert.encoder.layer.11.attention.self.query.weight]
59.7s 403 Loading weights:  93%|█████████▎| 190/204 [00:00<00:00, 4956.05it/s, Materializing param=bert.encoder.layer.11.attention.self.value.bias]
59.7s 404 Loading weights:  93%|█████████▎| 190/204 [00:00<00:00, 4938.02it/s, Materializing param=bert.encoder.layer.11.attention.self.value.bias]
59.7s 405 Loading weights:  94%|█████████▎| 191/204 [00:00<00:00, 4939.16it/s, Materializing param=bert.encoder.layer.11.attention.self.value.weight]
59.7s 406 Loading weights:  94%|█████████▎| 191/204 [00:00<00:00, 4926.77it/s, Materializing param=bert.encoder.layer.11.attention.self.value.weight]
59.7s 407 Loading weights:  94%|█████████▍| 192/204 [00:00<00:00, 4927.95it/s, Materializing param=bert.encoder.layer.11.intermediate.dense.bias]
59.7s 408 Loading weights:  94%|█████████▍| 192/204 [00:00<00:00, 4916.46it/s, Materializing param=bert.encoder.layer.11.intermediate.dense.bias]
59.7s 409 Loading weights:  95%|█████████▍| 193/204 [00:00<00:00, 4918.29it/s, Materializing param=bert.encoder.layer.11.intermediate.dense.weight]
59.7s 410 Loading weights:  95%|█████████▍| 193/204 [00:00<00:00, 4906.96it/s, Materializing param=bert.encoder.layer.11.intermediate.dense.weight]
59.7s 411 Loading weights:  95%|█████████▌| 194/204 [00:00<00:00, 4902.57it/s, Materializing param=bert.encoder.layer.11.output.LayerNorm.bias]
59.7s 412 Loading weights:  95%|█████████▌| 194/204 [00:00<00:00, 4890.52it/s, Materializing param=bert.encoder.layer.11.output.LayerNorm.bias]
59.7s 413 Loading weights:  96%|█████████▌| 195/204 [00:00<00:00, 4890.13it/s, Materializing param=bert.encoder.layer.11.output.LayerNorm.weight]
59.7s 414 Loading weights:  96%|█████████▌| 195/204 [00:00<00:00, 4877.65it/s, Materializing param=bert.encoder.layer.11.output.LayerNorm.weight]
59.7s 415 Loading weights:  96%|█████████▌| 196/204 [00:00<00:00, 4877.36it/s, Materializing param=bert.encoder.layer.11.output.dense.bias]
59.7s 416 Loading weights:  96%|█████████▌| 196/204 [00:00<00:00, 4865.67it/s, Materializing param=bert.encoder.layer.11.output.dense.bias]
59.7s 417 Loading weights:  97%|█████████▋| 197/204 [00:00<00:00, 4862.32it/s, Materializing param=bert.encoder.layer.11.output.dense.weight]
59.7s 418 Loading weights:  97%|█████████▋| 197/204 [00:00<00:00, 4851.10it/s, Materializing param=bert.encoder.layer.11.output.dense.weight]
59.7s 419 Loading weights:  97%|█████████▋| 198/204 [00:00<00:00, 4852.45it/s, Materializing param=cls.predictions.bias]
59.7s 420 Loading weights:  97%|█████████▋| 198/204 [00:00<00:00, 4842.12it/s, Materializing param=cls.predictions.bias]
59.7s 421 Loading weights:  98%|█████████▊| 199/204 [00:00<00:00, 4845.02it/s, Materializing param=cls.predictions.decoder.bias]
59.7s 422 Loading weights:  98%|█████████▊| 199/204 [00:00<00:00, 4833.66it/s, Materializing param=cls.predictions.decoder.bias]
59.7s 423 Loading weights:  98%|█████████▊| 200/204 [00:00<00:00, 4837.64it/s, Materializing param=cls.predictions.decoder.weight]
59.7s 424 Loading weights:  98%|█████████▊| 200/204 [00:00<00:00, 4825.31it/s, Materializing param=cls.predictions.decoder.weight]
59.7s 425 Loading weights:  99%|█████████▊| 201/204 [00:00<00:00, 4828.58it/s, Materializing param=cls.predictions.transform.LayerNorm.bias]
59.7s 426 Loading weights:  99%|█████████▊| 201/204 [00:00<00:00, 4817.98it/s, Materializing param=cls.predictions.transform.LayerNorm.bias]
59.7s 427 Loading weights:  99%|█████████▉| 202/204 [00:00<00:00, 4815.97it/s, Materializing param=cls.predictions.transform.LayerNorm.weight]
59.7s 428 Loading weights:  99%|█████████▉| 202/204 [00:00<00:00, 4805.21it/s, Materializing param=cls.predictions.transform.LayerNorm.weight]
59.7s 429 Loading weights: 100%|█████████▉| 203/204 [00:00<00:00, 4804.47it/s, Materializing param=cls.predictions.transform.dense.bias]
59.7s 430 Loading weights: 100%|█████████▉| 203/204 [00:00<00:00, 4794.35it/s, Materializing param=cls.predictions.transform.dense.bias]
59.7s 431 Loading weights: 100%|██████████| 204/204 [00:00<00:00, 4795.10it/s, Materializing param=cls.predictions.transform.dense.weight]
59.7s 432 Loading weights: 100%|██████████| 204/204 [00:00<00:00, 4785.23it/s, Materializing param=cls.predictions.transform.dense.weight]
59.7s 433 Loading weights: 100%|██████████| 204/204 [00:00<00:00, 4763.02it/s, Materializing param=cls.predictions.transform.dense.weight]
59.7s 434 The tied weights mapping and config for this model specifies to tie bert.embeddings.word_embeddings.weight to cls.predictions.decoder.weight, but both are present in the checkpoints, so we will NOT tie them. You should update the config with `tie_word_embeddings=False` to silence this warning
59.7s 435 The tied weights mapping and config for this model specifies to tie cls.predictions.bias to cls.predictions.decoder.bias, but both are present in the checkpoints, so we will NOT tie them. You should update the config with `tie_word_embeddings=False` to silence this warning
59.7s 436 BertForMaskedLM LOAD REPORT from: google/muril-base-cased
59.7s 437 Key                          | Status     |  |
59.7s 438 -----------------------------+------------+--+-
59.7s 439 bert.pooler.dense.bias       | UNEXPECTED |  |
59.7s 440 bert.embeddings.position_ids | UNEXPECTED |  |
59.7s 441 bert.pooler.dense.weight     | UNEXPECTED |  |
59.7s 442 cls.seq_relationship.weight  | UNEXPECTED |  |
59.7s 443 cls.seq_relationship.bias    | UNEXPECTED |  |
59.7s 444 
59.7s 445 Notes:
59.7s 446 - UNEXPECTED	:can be ignored when loading from different task/architecture; not ok if you expect identical arch.
61.0s 447 MLM trains on 8253 of 8687 comments, 434 held out for perplexity
61.0s 448 effective batch 4 x 4 = 16, 516 optimizer steps/epoch
72.1s 449 held-out perplexity before 1503.18
538.3s 450 epoch 1/8 train loss nan held-out perplexity 93.50
1005.1s 451 epoch 2/8 train loss nan held-out perplexity 59.40
1472.3s 452 epoch 3/8 train loss nan held-out perplexity 57.21
1939.7s 453 epoch 4/8 train loss 3.8909 held-out perplexity 44.17
2406.5s 454 epoch 5/8 train loss 3.6456 held-out perplexity 44.91
2872.5s 455 epoch 6/8 train loss nan held-out perplexity 34.91
3338.1s 456 epoch 7/8 train loss nan held-out perplexity 39.76
3803.7s 457 epoch 8/8 train loss nan held-out perplexity 41.40
3803.7s 458 
3807.0s 459 Writing model shards:   0%|          | 0/1 [00:00<?, ?it/s]
3807.0s 460 Writing model shards: 100%|██████████| 1/1 [00:03<00:00,  3.30s/it]
3807.0s 461 Writing model shards: 100%|██████████| 1/1 [00:03<00:00,  3.30s/it]
3807.0s 462 The OrderedVocab you are attempting to save contains holes for indices [202, 437, 1046, 1057, 1118, 1135, 1150, 1162, 1318, 1445, 1473, 1610, 1626, 1775, 3517, 3643, 4513, 5830, 7834, 12787, 13244, 19712, 25184, 27726, 28024, 31739, 65274], your vocabulary could be corrupted!
3807.0s 463 
3807.0s 464 wrote /kaggle/working/hastika/artifacts/runs/tapt-task-a-train85
3807.0s 465 use it with:  python -m hastika.task_b.train --model artifacts/runs/tapt-task-a-train85 --tag muril_b_tapt
3809.9s 466 TAPT trains on 8253 of 8687; 434 held out for MLM perplexity
3809.9s 467 TAPT checkpoint ready: artifacts/runs/tapt-task-a-train85
3810.0s 468 $ /usr/bin/python3 -u -m hastika.models.muril --tag task_a_muril_control --model google/muril-base-cased --folds 0 --seeds 42 --epochs 6 --bs 8 --grad-accum 2 --eval-bs 32 --select last --reinit-layers 2
3818.0s 469 device=cuda (Tesla T4) model=google/muril-base-cased pooling=meanmax fgm=True ema=True rdrop=0.0 reinit=2 seeds=[42] external=-
3818.3s 470 dedupe task A: 6446 -> 6401 rows (39 duplicate, 6 in label-conflict groups)
3819.2s 471 Warning: You are sending unauthenticated requests to the HF Hub. Please set a HF_TOKEN to enable higher rate limits and faster downloads.
3821.2s 472 
3821.2s 473 Loading weights:   0%|          | 0/199 [00:00<?, ?it/s]
3821.2s 474 Loading weights:   1%|          | 1/199 [00:00<00:00, 13443.28it/s, Materializing param=embeddings.LayerNorm.bias]
3821.2s 475 Loading weights:   1%|          | 1/199 [00:00<00:00, 5447.15it/s, Materializing param=embeddings.LayerNorm.bias]
3821.2s 476 Loading weights:   1%|          | 2/199 [00:00<00:00, 4934.48it/s, Materializing param=embeddings.LayerNorm.weight]
3821.2s 477 Loading weights:   1%|          | 2/199 [00:00<00:00, 3753.29it/s, Materializing param=embeddings.LayerNorm.weight]
3821.2s 478 Loading weights:   2%|▏         | 3/199 [00:00<00:00, 2361.21it/s, Materializing param=embeddings.position_embeddings.weight]
3821.2s 479 Loading weights:   2%|▏         | 3/199 [00:00<00:00, 1152.49it/s, Materializing param=embeddings.position_embeddings.weight]
3821.2s 480 Loading weights:   2%|▏         | 4/199 [00:00<00:00, 1298.75it/s, Materializing param=embeddings.token_type_embeddings.weight]
3821.2s 481 Loading weights:   2%|▏         | 4/199 [00:00<00:00, 1255.69it/s, Materializing param=embeddings.token_type_embeddings.weight]
3821.2s 482 Loading weights:   3%|▎         | 5/199 [00:00<00:00, 966.34it/s, Materializing param=embeddings.word_embeddings.weight]
3821.2s 483 Loading weights:   3%|▎         | 5/199 [00:00<00:00, 939.25it/s, Materializing param=embeddings.word_embeddings.weight]
3821.2s 484 Loading weights:   3%|▎         | 6/199 [00:00<00:00, 1096.22it/s, Materializing param=encoder.layer.0.attention.output.LayerNorm.bias]
3821.2s 485 Loading weights:   3%|▎         | 6/199 [00:00<00:00, 1082.96it/s, Materializing param=encoder.layer.0.attention.output.LayerNorm.bias]
3821.2s 486 Loading weights:   4%|▎         | 7/199 [00:00<00:00, 1226.87it/s, Materializing param=encoder.layer.0.attention.output.LayerNorm.weight]
3821.2s 487 Loading weights:   4%|▎         | 7/199 [00:00<00:00, 1210.68it/s, Materializing param=encoder.layer.0.attention.output.LayerNorm.weight]
3821.2s 488 Loading weights:   4%|▍         | 8/199 [00:00<00:00, 1357.71it/s, Materializing param=encoder.layer.0.attention.output.dense.bias]
3821.2s 489 Loading weights:   4%|▍         | 8/199 [00:00<00:00, 1341.21it/s, Materializing param=encoder.layer.0.attention.output.dense.bias]
3821.2s 490 Loading weights:   5%|▍         | 9/199 [00:00<00:00, 1482.67it/s, Materializing param=encoder.layer.0.attention.output.dense.weight]
3821.2s 491 Loading weights:   5%|▍         | 9/199 [00:00<00:00, 1469.51it/s, Materializing param=encoder.layer.0.attention.output.dense.weight]
3821.2s 492 Loading weights:   5%|▌         | 10/199 [00:00<00:00, 1605.35it/s, Materializing param=encoder.layer.0.attention.self.key.bias]
3821.2s 493 Loading weights:   5%|▌         | 10/199 [00:00<00:00, 1591.22it/s, Materializing param=encoder.layer.0.attention.self.key.bias]
3821.2s 494 Loading weights:   6%|▌         | 11/199 [00:00<00:00, 1723.41it/s, Materializing param=encoder.layer.0.attention.self.key.weight]
3821.2s 495 Loading weights:   6%|▌         | 11/199 [00:00<00:00, 1709.23it/s, Materializing param=encoder.layer.0.attention.self.key.weight]
3821.2s 496 Loading weights:   6%|▌         | 12/199 [00:00<00:00, 1834.31it/s, Materializing param=encoder.layer.0.attention.self.query.bias]
3821.2s 497 Loading weights:   6%|▌         | 12/199 [00:00<00:00, 1819.26it/s, Materializing param=encoder.layer.0.attention.self.query.bias]
3821.2s 498 Loading weights:   7%|▋         | 13/199 [00:00<00:00, 1936.84it/s, Materializing param=encoder.layer.0.attention.self.query.weight]
3821.2s 499 Loading weights:   7%|▋         | 13/199 [00:00<00:00, 1920.74it/s, Materializing param=encoder.layer.0.attention.self.query.weight]
3821.2s 500 Loading weights:   7%|▋         | 14/199 [00:00<00:00, 2038.54it/s, Materializing param=encoder.layer.0.attention.self.value.bias]
3821.2s 501 Loading weights:   7%|▋         | 14/199 [00:00<00:00, 2022.74it/s, Materializing param=encoder.layer.0.attention.self.value.bias]
3821.2s 502 Loading weights:   8%|▊         | 15/199 [00:00<00:00, 2137.04it/s, Materializing param=encoder.layer.0.attention.self.value.weight]
3821.2s 503 Loading weights:   8%|▊         | 15/199 [00:00<00:00, 2120.76it/s, Materializing param=encoder.layer.0.attention.self.value.weight]
3821.2s 504 Loading weights:   8%|▊         | 16/199 [00:00<00:00, 2227.38it/s, Materializing param=encoder.layer.0.intermediate.dense.bias]
3821.2s 505 Loading weights:   8%|▊         | 16/199 [00:00<00:00, 2212.19it/s, Materializing param=encoder.layer.0.intermediate.dense.bias]
3821.2s 506 Loading weights:   9%|▊         | 17/199 [00:00<00:00, 2323.18it/s, Materializing param=encoder.layer.0.intermediate.dense.weight]
3821.2s 507 Loading weights:   9%|▊         | 17/199 [00:00<00:00, 2307.99it/s, Materializing param=encoder.layer.0.intermediate.dense.weight]
3821.2s 508 Loading weights:   9%|▉         | 18/199 [00:00<00:00, 2416.31it/s, Materializing param=encoder.layer.0.output.LayerNorm.bias]
3821.2s 509 Loading weights:   9%|▉         | 18/199 [00:00<00:00, 2398.42it/s, Materializing param=encoder.layer.0.output.LayerNorm.bias]
3821.2s 510 Loading weights:  10%|▉         | 19/199 [00:00<00:00, 2502.88it/s, Materializing param=encoder.layer.0.output.LayerNorm.weight]
3821.2s 511 Loading weights:  10%|▉         | 19/199 [00:00<00:00, 2482.84it/s, Materializing param=encoder.layer.0.output.LayerNorm.weight]
3821.2s 512 Loading weights:  10%|█         | 20/199 [00:00<00:00, 2583.73it/s, Materializing param=encoder.layer.0.output.dense.bias]
3821.2s 513 Loading weights:  10%|█         | 20/199 [00:00<00:00, 2567.29it/s, Materializing param=encoder.layer.0.output.dense.bias]
3821.2s 514 Loading weights:  11%|█         | 21/199 [00:00<00:00, 2666.60it/s, Materializing param=encoder.layer.0.output.dense.weight]
3821.2s 515 Loading weights:  11%|█         | 21/199 [00:00<00:00, 2643.79it/s, Materializing param=encoder.layer.0.output.dense.weight]
3821.2s 516 Loading weights:  11%|█         | 22/199 [00:00<00:00, 2736.98it/s, Materializing param=encoder.layer.1.attention.output.LayerNorm.bias]
3821.2s 517 Loading weights:  11%|█         | 22/199 [00:00<00:00, 2718.76it/s, Materializing param=encoder.layer.1.attention.output.LayerNorm.bias]
3821.2s 518 Loading weights:  12%|█▏        | 23/199 [00:00<00:00, 2809.48it/s, Materializing param=encoder.layer.1.attention.output.LayerNorm.weight]
3821.2s 519 Loading weights:  12%|█▏        | 23/199 [00:00<00:00, 2791.27it/s, Materializing param=encoder.layer.1.attention.output.LayerNorm.weight]
3821.2s 520 Loading weights:  12%|█▏        | 24/199 [00:00<00:00, 2874.94it/s, Materializing param=encoder.layer.1.attention.output.dense.bias]
3821.2s 521 Loading weights:  12%|█▏        | 24/199 [00:00<00:00, 2857.48it/s, Materializing param=encoder.layer.1.attention.output.dense.bias]
3821.2s 522 Loading weights:  13%|█▎        | 25/199 [00:00<00:00, 2943.04it/s, Materializing param=encoder.layer.1.attention.output.dense.weight]
3821.2s 523 Loading weights:  13%|█▎        | 25/199 [00:00<00:00, 2925.71it/s, Materializing param=encoder.layer.1.attention.output.dense.weight]
3821.2s 524 Loading weights:  13%|█▎        | 26/199 [00:00<00:00, 3007.25it/s, Materializing param=encoder.layer.1.attention.self.key.bias]
3821.2s 525 Loading weights:  13%|█▎        | 26/199 [00:00<00:00, 2989.77it/s, Materializing param=encoder.layer.1.attention.self.key.bias]
3821.2s 526 Loading weights:  14%|█▎        | 27/199 [00:00<00:00, 3072.17it/s, Materializing param=encoder.layer.1.attention.self.key.weight]
3821.2s 527 Loading weights:  14%|█▎        | 27/199 [00:00<00:00, 3054.52it/s, Materializing param=encoder.layer.1.attention.self.key.weight]
3821.2s 528 Loading weights:  14%|█▍        | 28/199 [00:00<00:00, 3135.68it/s, Materializing param=encoder.layer.1.attention.self.query.bias]
3821.2s 529 Loading weights:  14%|█▍        | 28/199 [00:00<00:00, 3117.94it/s, Materializing param=encoder.layer.1.attention.self.query.bias]
3821.2s 530 Loading weights:  15%|█▍        | 29/199 [00:00<00:00, 3196.96it/s, Materializing param=encoder.layer.1.attention.self.query.weight]
3821.2s 531 Loading weights:  15%|█▍        | 29/199 [00:00<00:00, 3178.83it/s, Materializing param=encoder.layer.1.attention.self.query.weight]
3821.2s 532 Loading weights:  15%|█▌        | 30/199 [00:00<00:00, 3256.78it/s, Materializing param=encoder.layer.1.attention.self.value.bias]
3821.2s 533 Loading weights:  15%|█▌        | 30/199 [00:00<00:00, 3239.26it/s, Materializing param=encoder.layer.1.attention.self.value.bias]
3821.2s 534 Loading weights:  16%|█▌        | 31/199 [00:00<00:00, 3315.99it/s, Materializing param=encoder.layer.1.attention.self.value.weight]
3821.2s 535 Loading weights:  16%|█▌        | 31/199 [00:00<00:00, 3298.75it/s, Materializing param=encoder.layer.1.attention.self.value.weight]
3821.2s 536 Loading weights:  16%|█▌        | 32/199 [00:00<00:00, 3371.29it/s, Materializing param=encoder.layer.1.intermediate.dense.bias]
3821.2s 537 Loading weights:  16%|█▌        | 32/199 [00:00<00:00, 3352.43it/s, Materializing param=encoder.layer.1.intermediate.dense.bias]
3821.2s 538 Loading weights:  17%|█▋        | 33/199 [00:00<00:00, 3420.62it/s, Materializing param=encoder.layer.1.intermediate.dense.weight]
3821.2s 539 Loading weights:  17%|█▋        | 33/199 [00:00<00:00, 3402.54it/s, Materializing param=encoder.layer.1.intermediate.dense.weight]
3821.2s 540 Loading weights:  17%|█▋        | 34/199 [00:00<00:00, 3473.04it/s, Materializing param=encoder.layer.1.output.LayerNorm.bias]
3821.2s 541 Loading weights:  17%|█▋        | 34/199 [00:00<00:00, 3455.20it/s, Materializing param=encoder.layer.1.output.LayerNorm.bias]
3821.2s 542 Loading weights:  18%|█▊        | 35/199 [00:00<00:00, 3525.47it/s, Materializing param=encoder.layer.1.output.LayerNorm.weight]
3821.2s 543 Loading weights:  18%|█▊        | 35/199 [00:00<00:00, 3507.86it/s, Materializing param=encoder.layer.1.output.LayerNorm.weight]
3821.2s 544 Loading weights:  18%|█▊        | 36/199 [00:00<00:00, 3576.98it/s, Materializing param=encoder.layer.1.output.dense.bias]
3821.2s 545 Loading weights:  18%|█▊        | 36/199 [00:00<00:00, 3553.16it/s, Materializing param=encoder.layer.1.output.dense.bias]
3821.2s 546 Loading weights:  19%|█▊        | 37/199 [00:00<00:00, 3620.17it/s, Materializing param=encoder.layer.1.output.dense.weight]
3821.2s 547 Loading weights:  19%|█▊        | 37/199 [00:00<00:00, 3602.43it/s, Materializing param=encoder.layer.1.output.dense.weight]
3821.2s 548 Loading weights:  19%|█▉        | 38/199 [00:00<00:00, 3667.78it/s, Materializing param=encoder.layer.2.attention.output.LayerNorm.bias]
3821.2s 549 Loading weights:  19%|█▉        | 38/199 [00:00<00:00, 3649.39it/s, Materializing param=encoder.layer.2.attention.output.LayerNorm.bias]
3821.2s 550 Loading weights:  20%|█▉        | 39/199 [00:00<00:00, 3706.73it/s, Materializing param=encoder.layer.2.attention.output.LayerNorm.weight]
3821.2s 551 Loading weights:  20%|█▉        | 39/199 [00:00<00:00, 3687.34it/s, Materializing param=encoder.layer.2.attention.output.LayerNorm.weight]
3821.2s 552 Loading weights:  20%|██        | 40/199 [00:00<00:00, 3739.16it/s, Materializing param=encoder.layer.2.attention.output.dense.bias]
3821.2s 553 Loading weights:  20%|██        | 40/199 [00:00<00:00, 3721.32it/s, Materializing param=encoder.layer.2.attention.output.dense.bias]
3821.2s 554 Loading weights:  21%|██        | 41/199 [00:00<00:00, 3783.47it/s, Materializing param=encoder.layer.2.attention.output.dense.weight]
3821.2s 555 Loading weights:  21%|██        | 41/199 [00:00<00:00, 3766.49it/s, Materializing param=encoder.layer.2.attention.output.dense.weight]
3821.2s 556 Loading weights:  21%|██        | 42/199 [00:00<00:00, 3827.83it/s, Materializing param=encoder.layer.2.attention.self.key.bias]
3821.2s 557 Loading weights:  21%|██        | 42/199 [00:00<00:00, 3810.69it/s, Materializing param=encoder.layer.2.attention.self.key.bias]
3821.2s 558 Loading weights:  22%|██▏       | 43/199 [00:00<00:00, 3870.86it/s, Materializing param=encoder.layer.2.attention.self.key.weight]
3821.2s 559 Loading weights:  22%|██▏       | 43/199 [00:00<00:00, 3853.91it/s, Materializing param=encoder.layer.2.attention.self.key.weight]
3821.2s 560 Loading weights:  22%|██▏       | 44/199 [00:00<00:00, 3913.51it/s, Materializing param=encoder.layer.2.attention.self.query.bias]
3821.2s 561 Loading weights:  22%|██▏       | 44/199 [00:00<00:00, 3896.74it/s, Materializing param=encoder.layer.2.attention.self.query.bias]
3821.2s 562 Loading weights:  23%|██▎       | 45/199 [00:00<00:00, 3955.56it/s, Materializing param=encoder.layer.2.attention.self.query.weight]
3821.2s 563 Loading weights:  23%|██▎       | 45/199 [00:00<00:00, 3938.97it/s, Materializing param=encoder.layer.2.attention.self.query.weight]
3821.2s 564 Loading weights:  23%|██▎       | 46/199 [00:00<00:00, 3993.75it/s, Materializing param=encoder.layer.2.attention.self.value.bias]
3821.2s 565 Loading weights:  23%|██▎       | 46/199 [00:00<00:00, 3976.05it/s, Materializing param=encoder.layer.2.attention.self.value.bias]
3821.2s 566 Loading weights:  24%|██▎       | 47/199 [00:00<00:00, 4027.71it/s, Materializing param=encoder.layer.2.attention.self.value.weight]
3821.2s 567 Loading weights:  24%|██▎       | 47/199 [00:00<00:00, 4010.34it/s, Materializing param=encoder.layer.2.attention.self.value.weight]
3821.2s 568 Loading weights:  24%|██▍       | 48/199 [00:00<00:00, 4065.23it/s, Materializing param=encoder.layer.2.intermediate.dense.bias]
3821.2s 569 Loading weights:  24%|██▍       | 48/199 [00:00<00:00, 4048.39it/s, Materializing param=encoder.layer.2.intermediate.dense.bias]
3821.2s 570 Loading weights:  25%|██▍       | 49/199 [00:00<00:00, 4103.11it/s, Materializing param=encoder.layer.2.intermediate.dense.weight]
3821.2s 571 Loading weights:  25%|██▍       | 49/199 [00:00<00:00, 4086.47it/s, Materializing param=encoder.layer.2.intermediate.dense.weight]
3821.2s 572 Loading weights:  25%|██▌       | 50/199 [00:00<00:00, 4140.40it/s, Materializing param=encoder.layer.2.output.LayerNorm.bias]
3821.2s 573 Loading weights:  25%|██▌       | 50/199 [00:00<00:00, 4123.87it/s, Materializing param=encoder.layer.2.output.LayerNorm.bias]
3821.2s 574 Loading weights:  26%|██▌       | 51/199 [00:00<00:00, 4177.59it/s, Materializing param=encoder.layer.2.output.LayerNorm.weight]
3821.2s 575 Loading weights:  26%|██▌       | 51/199 [00:00<00:00, 4161.18it/s, Materializing param=encoder.layer.2.output.LayerNorm.weight]
3821.2s 576 Loading weights:  26%|██▌       | 52/199 [00:00<00:00, 4214.00it/s, Materializing param=encoder.layer.2.output.dense.bias]
3821.2s 577 Loading weights:  26%|██▌       | 52/199 [00:00<00:00, 4197.29it/s, Materializing param=encoder.layer.2.output.dense.bias]
3821.2s 578 Loading weights:  27%|██▋       | 53/199 [00:00<00:00, 4245.41it/s, Materializing param=encoder.layer.2.output.dense.weight]
3821.2s 579 Loading weights:  27%|██▋       | 53/199 [00:00<00:00, 4227.57it/s, Materializing param=encoder.layer.2.output.dense.weight]
3821.2s 580 Loading weights:  27%|██▋       | 54/199 [00:00<00:00, 4269.01it/s, Materializing param=encoder.layer.3.attention.output.LayerNorm.bias]
3821.2s 581 Loading weights:  27%|██▋       | 54/199 [00:00<00:00, 4250.43it/s, Materializing param=encoder.layer.3.attention.output.LayerNorm.bias]
3821.2s 582 Loading weights:  28%|██▊       | 55/199 [00:00<00:00, 4296.72it/s, Materializing param=encoder.layer.3.attention.output.LayerNorm.weight]
3821.2s 583 Loading weights:  28%|██▊       | 55/199 [00:00<00:00, 4279.19it/s, Materializing param=encoder.layer.3.attention.output.LayerNorm.weight]
3821.2s 584 Loading weights:  28%|██▊       | 56/199 [00:00<00:00, 4326.33it/s, Materializing param=encoder.layer.3.attention.output.dense.bias]
3821.2s 585 Loading weights:  28%|██▊       | 56/199 [00:00<00:00, 4309.35it/s, Materializing param=encoder.layer.3.attention.output.dense.bias]
3821.2s 586 Loading weights:  29%|██▊       | 57/199 [00:00<00:00, 4356.25it/s, Materializing param=encoder.layer.3.attention.output.dense.weight]
3821.2s 587 Loading weights:  29%|██▊       | 57/199 [00:00<00:00, 4339.64it/s, Materializing param=encoder.layer.3.attention.output.dense.weight]
3821.2s 588 Loading weights:  29%|██▉       | 58/199 [00:00<00:00, 4385.45it/s, Materializing param=encoder.layer.3.attention.self.key.bias]
3821.2s 589 Loading weights:  29%|██▉       | 58/199 [00:00<00:00, 4369.15it/s, Materializing param=encoder.layer.3.attention.self.key.bias]
3821.2s 590 Loading weights:  30%|██▉       | 59/199 [00:00<00:00, 4414.43it/s, Materializing param=encoder.layer.3.attention.self.key.weight]
3821.2s 591 Loading weights:  30%|██▉       | 59/199 [00:00<00:00, 4398.11it/s, Materializing param=encoder.layer.3.attention.self.key.weight]
3821.2s 592 Loading weights:  30%|███       | 60/199 [00:00<00:00, 4440.69it/s, Materializing param=encoder.layer.3.attention.self.query.bias]
3821.2s 593 Loading weights:  30%|███       | 60/199 [00:00<00:00, 4424.29it/s, Materializing param=encoder.layer.3.attention.self.query.bias]
3821.2s 594 Loading weights:  31%|███       | 61/199 [00:00<00:00, 4463.04it/s, Materializing param=encoder.layer.3.attention.self.query.weight]
3821.2s 595 Loading weights:  31%|███       | 61/199 [00:00<00:00, 4446.13it/s, Materializing param=encoder.layer.3.attention.self.query.weight]
3821.2s 596 Loading weights:  31%|███       | 62/199 [00:00<00:00, 4489.06it/s, Materializing param=encoder.layer.3.attention.self.value.bias]
3821.2s 597 Loading weights:  31%|███       | 62/199 [00:00<00:00, 4473.23it/s, Materializing param=encoder.layer.3.attention.self.value.bias]
3821.2s 598 Loading weights:  32%|███▏      | 63/199 [00:00<00:00, 4516.56it/s, Materializing param=encoder.layer.3.attention.self.value.weight]
3821.2s 599 Loading weights:  32%|███▏      | 63/199 [00:00<00:00, 4500.63it/s, Materializing param=encoder.layer.3.attention.self.value.weight]
3821.2s 600 Loading weights:  32%|███▏      | 64/199 [00:00<00:00, 4542.67it/s, Materializing param=encoder.layer.3.intermediate.dense.bias]
3821.2s 601 Loading weights:  32%|███▏      | 64/199 [00:00<00:00, 4527.04it/s, Materializing param=encoder.layer.3.intermediate.dense.bias]
3821.2s 602 Loading weights:  33%|███▎      | 65/199 [00:00<00:00, 4569.95it/s, Materializing param=encoder.layer.3.intermediate.dense.weight]
3821.2s 603 Loading weights:  33%|███▎      | 65/199 [00:00<00:00, 4554.23it/s, Materializing param=encoder.layer.3.intermediate.dense.weight]
3821.2s 604 Loading weights:  33%|███▎      | 66/199 [00:00<00:00, 4596.80it/s, Materializing param=encoder.layer.3.output.LayerNorm.bias]
3821.2s 605 Loading weights:  33%|███▎      | 66/199 [00:00<00:00, 4581.36it/s, Materializing param=encoder.layer.3.output.LayerNorm.bias]
3821.2s 606 Loading weights:  34%|███▎      | 67/199 [00:00<00:00, 4620.95it/s, Materializing param=encoder.layer.3.output.LayerNorm.weight]
3821.2s 607 Loading weights:  34%|███▎      | 67/199 [00:00<00:00, 4605.27it/s, Materializing param=encoder.layer.3.output.LayerNorm.weight]
3821.2s 608 Loading weights:  34%|███▍      | 68/199 [00:00<00:00, 4641.23it/s, Materializing param=encoder.layer.3.output.dense.bias]
3821.2s 609 Loading weights:  34%|███▍      | 68/199 [00:00<00:00, 4625.42it/s, Materializing param=encoder.layer.3.output.dense.bias]
3821.2s 610 Loading weights:  35%|███▍      | 69/199 [00:00<00:00, 4665.60it/s, Materializing param=encoder.layer.3.output.dense.weight]
3821.2s 611 Loading weights:  35%|███▍      | 69/199 [00:00<00:00, 4650.60it/s, Materializing param=encoder.layer.3.output.dense.weight]
3821.2s 612 Loading weights:  35%|███▌      | 70/199 [00:00<00:00, 4688.92it/s, Materializing param=encoder.layer.4.attention.output.LayerNorm.bias]
3821.2s 613 Loading weights:  35%|███▌      | 70/199 [00:00<00:00, 4672.95it/s, Materializing param=encoder.layer.4.attention.output.LayerNorm.bias]
3821.2s 614 Loading weights:  36%|███▌      | 71/199 [00:00<00:00, 4710.69it/s, Materializing param=encoder.layer.4.attention.output.LayerNorm.weight]
3821.2s 615 Loading weights:  36%|███▌      | 71/199 [00:00<00:00, 4695.31it/s, Materializing param=encoder.layer.4.attention.output.LayerNorm.weight]
3821.2s 616 Loading weights:  36%|███▌      | 72/199 [00:00<00:00, 4733.75it/s, Materializing param=encoder.layer.4.attention.output.dense.bias]
3821.2s 617 Loading weights:  36%|███▌      | 72/199 [00:00<00:00, 4718.67it/s, Materializing param=encoder.layer.4.attention.output.dense.bias]
3821.2s 618 Loading weights:  37%|███▋      | 73/199 [00:00<00:00, 4757.22it/s, Materializing param=encoder.layer.4.attention.output.dense.weight]
3821.2s 619 Loading weights:  37%|███▋      | 73/199 [00:00<00:00, 4742.19it/s, Materializing param=encoder.layer.4.attention.output.dense.weight]
3821.2s 620 Loading weights:  37%|███▋      | 74/199 [00:00<00:00, 4773.66it/s, Materializing param=encoder.layer.4.attention.self.key.bias]
3821.2s 621 Loading weights:  37%|███▋      | 74/199 [00:00<00:00, 4757.56it/s, Materializing param=encoder.layer.4.attention.self.key.bias]
3821.2s 622 Loading weights:  38%|███▊      | 75/199 [00:00<00:00, 4788.82it/s, Materializing param=encoder.layer.4.attention.self.key.weight]
3821.2s 623 Loading weights:  38%|███▊      | 75/199 [00:00<00:00, 4773.12it/s, Materializing param=encoder.layer.4.attention.self.key.weight]
3821.2s 624 Loading weights:  38%|███▊      | 76/199 [00:00<00:00, 4808.89it/s, Materializing param=encoder.layer.4.attention.self.query.bias]
3821.2s 625 Loading weights:  38%|███▊      | 76/199 [00:00<00:00, 4793.99it/s, Materializing param=encoder.layer.4.attention.self.query.bias]
3821.2s 626 Loading weights:  39%|███▊      | 77/199 [00:00<00:00, 4823.05it/s, Materializing param=encoder.layer.4.attention.self.query.weight]
3821.2s 627 Loading weights:  39%|███▊      | 77/199 [00:00<00:00, 4807.12it/s, Materializing param=encoder.layer.4.attention.self.query.weight]
3821.2s 628 Loading weights:  39%|███▉      | 78/199 [00:00<00:00, 4841.66it/s, Materializing param=encoder.layer.4.attention.self.value.bias]
3821.2s 629 Loading weights:  39%|███▉      | 78/199 [00:00<00:00, 4826.02it/s, Materializing param=encoder.layer.4.attention.self.value.bias]
3821.2s 630 Loading weights:  40%|███▉      | 79/199 [00:00<00:00, 4860.36it/s, Materializing param=encoder.layer.4.attention.self.value.weight]
3821.2s 631 Loading weights:  40%|███▉      | 79/199 [00:00<00:00, 4844.94it/s, Materializing param=encoder.layer.4.attention.self.value.weight]
3821.2s 632 Loading weights:  40%|████      | 80/199 [00:00<00:00, 4873.06it/s, Materializing param=encoder.layer.4.intermediate.dense.bias]
3821.2s 633 Loading weights:  40%|████      | 80/199 [00:00<00:00, 4854.66it/s, Materializing param=encoder.layer.4.intermediate.dense.bias]
3821.2s 634 Loading weights:  41%|████      | 81/199 [00:00<00:00, 4884.95it/s, Materializing param=encoder.layer.4.intermediate.dense.weight]
3821.2s 635 Loading weights:  41%|████      | 81/199 [00:00<00:00, 4865.09it/s, Materializing param=encoder.layer.4.intermediate.dense.weight]
3821.2s 636 Loading weights:  41%|████      | 82/199 [00:00<00:00, 4894.59it/s, Materializing param=encoder.layer.4.output.LayerNorm.bias]
3821.2s 637 Loading weights:  41%|████      | 82/199 [00:00<00:00, 4878.00it/s, Materializing param=encoder.layer.4.output.LayerNorm.bias]
3821.2s 638 Loading weights:  42%|████▏     | 83/199 [00:00<00:00, 4908.94it/s, Materializing param=encoder.layer.4.output.LayerNorm.weight]
3821.2s 639 Loading weights:  42%|████▏     | 83/199 [00:00<00:00, 4889.56it/s, Materializing param=encoder.layer.4.output.LayerNorm.weight]
3821.2s 640 Loading weights:  42%|████▏     | 84/199 [00:00<00:00, 4920.62it/s, Materializing param=encoder.layer.4.output.dense.bias]
3821.2s 641 Loading weights:  42%|████▏     | 84/199 [00:00<00:00, 4903.23it/s, Materializing param=encoder.layer.4.output.dense.bias]
3821.2s 642 Loading weights:  43%|████▎     | 85/199 [00:00<00:00, 4937.48it/s, Materializing param=encoder.layer.4.output.dense.weight]
3821.2s 643 Loading weights:  43%|████▎     | 85/199 [00:00<00:00, 4923.84it/s, Materializing param=encoder.layer.4.output.dense.weight]
3821.2s 644 Loading weights:  43%|████▎     | 86/199 [00:00<00:00, 4958.01it/s, Materializing param=encoder.layer.5.attention.output.LayerNorm.bias]
3821.2s 645 Loading weights:  43%|████▎     | 86/199 [00:00<00:00, 4944.01it/s, Materializing param=encoder.layer.5.attention.output.LayerNorm.bias]
3821.2s 646 Loading weights:  44%|████▎     | 87/199 [00:00<00:00, 4974.50it/s, Materializing param=encoder.layer.5.attention.output.LayerNorm.weight]
3821.2s 647 Loading weights:  44%|████▎     | 87/199 [00:00<00:00, 4960.10it/s, Materializing param=encoder.layer.5.attention.output.LayerNorm.weight]
3821.2s 648 Loading weights:  44%|████▍     | 88/199 [00:00<00:00, 4988.56it/s, Materializing param=encoder.layer.5.attention.output.dense.bias]
3821.2s 649 Loading weights:  44%|████▍     | 88/199 [00:00<00:00, 4974.04it/s, Materializing param=encoder.layer.5.attention.output.dense.bias]
3821.2s 650 Loading weights:  45%|████▍     | 89/199 [00:00<00:00, 5005.47it/s, Materializing param=encoder.layer.5.attention.output.dense.weight]
3821.2s 651 Loading weights:  45%|████▍     | 89/199 [00:00<00:00, 4991.55it/s, Materializing param=encoder.layer.5.attention.output.dense.weight]
3821.2s 652 Loading weights:  45%|████▌     | 90/199 [00:00<00:00, 5023.32it/s, Materializing param=encoder.layer.5.attention.self.key.bias]
3821.2s 653 Loading weights:  45%|████▌     | 90/199 [00:00<00:00, 5009.79it/s, Materializing param=encoder.layer.5.attention.self.key.bias]
3821.2s 654 Loading weights:  46%|████▌     | 91/199 [00:00<00:00, 5041.50it/s, Materializing param=encoder.layer.5.attention.self.key.weight]
3821.2s 655 Loading weights:  46%|████▌     | 91/199 [00:00<00:00, 5028.02it/s, Materializing param=encoder.layer.5.attention.self.key.weight]
3821.2s 656 Loading weights:  46%|████▌     | 92/199 [00:00<00:00, 5059.54it/s, Materializing param=encoder.layer.5.attention.self.query.bias]
3821.2s 657 Loading weights:  46%|████▌     | 92/199 [00:00<00:00, 5046.37it/s, Materializing param=encoder.layer.5.attention.self.query.bias]
3821.2s 658 Loading weights:  47%|████▋     | 93/199 [00:00<00:00, 5077.85it/s, Materializing param=encoder.layer.5.attention.self.query.weight]
3821.2s 659 Loading weights:  47%|████▋     | 93/199 [00:00<00:00, 5064.47it/s, Materializing param=encoder.layer.5.attention.self.query.weight]
3821.2s 660 Loading weights:  47%|████▋     | 94/199 [00:00<00:00, 5095.50it/s, Materializing param=encoder.layer.5.attention.self.value.bias]
3821.2s 661 Loading weights:  47%|████▋     | 94/199 [00:00<00:00, 5080.40it/s, Materializing param=encoder.layer.5.attention.self.value.bias]
3821.2s 662 Loading weights:  48%|████▊     | 95/199 [00:00<00:00, 5110.41it/s, Materializing param=encoder.layer.5.attention.self.value.weight]
3821.2s 663 Loading weights:  48%|████▊     | 95/199 [00:00<00:00, 5093.75it/s, Materializing param=encoder.layer.5.attention.self.value.weight]
3821.2s 664 Loading weights:  48%|████▊     | 96/199 [00:00<00:00, 5122.81it/s, Materializing param=encoder.layer.5.intermediate.dense.bias]
3821.2s 665 Loading weights:  48%|████▊     | 96/199 [00:00<00:00, 5109.75it/s, Materializing param=encoder.layer.5.intermediate.dense.bias]
3821.2s 666 Loading weights:  49%|████▊     | 97/199 [00:00<00:00, 5139.75it/s, Materializing param=encoder.layer.5.intermediate.dense.weight]
3821.2s 667 Loading weights:  49%|████▊     | 97/199 [00:00<00:00, 5126.86it/s, Materializing param=encoder.layer.5.intermediate.dense.weight]
3821.2s 668 Loading weights:  49%|████▉     | 98/199 [00:00<00:00, 5156.46it/s, Materializing param=encoder.layer.5.output.LayerNorm.bias]
3821.2s 669 Loading weights:  49%|████▉     | 98/199 [00:00<00:00, 5143.49it/s, Materializing param=encoder.layer.5.output.LayerNorm.bias]
3821.2s 670 Loading weights:  50%|████▉     | 99/199 [00:00<00:00, 5171.64it/s, Materializing param=encoder.layer.5.output.LayerNorm.weight]
3821.2s 671 Loading weights:  50%|████▉     | 99/199 [00:00<00:00, 5158.34it/s, Materializing param=encoder.layer.5.output.LayerNorm.weight]
3821.2s 672 Loading weights:  50%|█████     | 100/199 [00:00<00:00, 5187.76it/s, Materializing param=encoder.layer.5.output.dense.bias]
3821.2s 673 Loading weights:  50%|█████     | 100/199 [00:00<00:00, 5174.96it/s, Materializing param=encoder.layer.5.output.dense.bias]
3821.2s 674 Loading weights:  51%|█████     | 101/199 [00:00<00:00, 5204.04it/s, Materializing param=encoder.layer.5.output.dense.weight]
3821.2s 675 Loading weights:  51%|█████     | 101/199 [00:00<00:00, 5191.29it/s, Materializing param=encoder.layer.5.output.dense.weight]
3821.2s 676 Loading weights:  51%|█████▏    | 102/199 [00:00<00:00, 5218.20it/s, Materializing param=encoder.layer.6.attention.output.LayerNorm.bias]
3821.2s 677 Loading weights:  51%|█████▏    | 102/199 [00:00<00:00, 5204.93it/s, Materializing param=encoder.layer.6.attention.output.LayerNorm.bias]
3821.2s 678 Loading weights:  52%|█████▏    | 103/199 [00:00<00:00, 5228.16it/s, Materializing param=encoder.layer.6.attention.output.LayerNorm.weight]
3821.2s 679 Loading weights:  52%|█████▏    | 103/199 [00:00<00:00, 5214.40it/s, Materializing param=encoder.layer.6.attention.output.LayerNorm.weight]
3821.2s 680 Loading weights:  52%|█████▏    | 104/199 [00:00<00:00, 5240.99it/s, Materializing param=encoder.layer.6.attention.output.dense.bias]
3821.2s 681 Loading weights:  52%|█████▏    | 104/199 [00:00<00:00, 5226.05it/s, Materializing param=encoder.layer.6.attention.output.dense.bias]
3821.2s 682 Loading weights:  53%|█████▎    | 105/199 [00:00<00:00, 5252.76it/s, Materializing param=encoder.layer.6.attention.output.dense.weight]
3821.2s 683 Loading weights:  53%|█████▎    | 105/199 [00:00<00:00, 5240.01it/s, Materializing param=encoder.layer.6.attention.output.dense.weight]
3821.2s 684 Loading weights:  53%|█████▎    | 106/199 [00:00<00:00, 5266.92it/s, Materializing param=encoder.layer.6.attention.self.key.bias]
3821.2s 685 Loading weights:  53%|█████▎    | 106/199 [00:00<00:00, 5254.16it/s, Materializing param=encoder.layer.6.attention.self.key.bias]
3821.2s 686 Loading weights:  54%|█████▍    | 107/199 [00:00<00:00, 5280.82it/s, Materializing param=encoder.layer.6.attention.self.key.weight]
3821.2s 687 Loading weights:  54%|█████▍    | 107/199 [00:00<00:00, 5268.24it/s, Materializing param=encoder.layer.6.attention.self.key.weight]
3821.2s 688 Loading weights:  54%|█████▍    | 108/199 [00:00<00:00, 5295.10it/s, Materializing param=encoder.layer.6.attention.self.query.bias]
3821.2s 689 Loading weights:  54%|█████▍    | 108/199 [00:00<00:00, 5282.44it/s, Materializing param=encoder.layer.6.attention.self.query.bias]
3821.2s 690 Loading weights:  55%|█████▍    | 109/199 [00:00<00:00, 5305.92it/s, Materializing param=encoder.layer.6.attention.self.query.weight]
3821.2s 691 Loading weights:  55%|█████▍    | 109/199 [00:00<00:00, 5293.08it/s, Materializing param=encoder.layer.6.attention.self.query.weight]
3821.2s 692 Loading weights:  55%|█████▌    | 110/199 [00:00<00:00, 5314.81it/s, Materializing param=encoder.layer.6.attention.self.value.bias]
3821.2s 693 Loading weights:  55%|█████▌    | 110/199 [00:00<00:00, 5301.86it/s, Materializing param=encoder.layer.6.attention.self.value.bias]
3821.2s 694 Loading weights:  56%|█████▌    | 111/199 [00:00<00:00, 5327.84it/s, Materializing param=encoder.layer.6.attention.self.value.weight]
3821.2s 695 Loading weights:  56%|█████▌    | 111/199 [00:00<00:00, 5315.43it/s, Materializing param=encoder.layer.6.attention.self.value.weight]
3821.2s 696 Loading weights:  56%|█████▋    | 112/199 [00:00<00:00, 5341.42it/s, Materializing param=encoder.layer.6.intermediate.dense.bias]
3821.2s 697 Loading weights:  56%|█████▋    | 112/199 [00:00<00:00, 5329.06it/s, Materializing param=encoder.layer.6.intermediate.dense.bias]
3821.2s 698 Loading weights:  57%|█████▋    | 113/199 [00:00<00:00, 5355.14it/s, Materializing param=encoder.layer.6.intermediate.dense.weight]
3821.2s 699 Loading weights:  57%|█████▋    | 113/199 [00:00<00:00, 5343.00it/s, Materializing param=encoder.layer.6.intermediate.dense.weight]
3821.2s 700 Loading weights:  57%|█████▋    | 114/199 [00:00<00:00, 5367.11it/s, Materializing param=encoder.layer.6.output.LayerNorm.bias]
3821.2s 701 Loading weights:  57%|█████▋    | 114/199 [00:00<00:00, 5354.55it/s, Materializing param=encoder.layer.6.output.LayerNorm.bias]
3821.2s 702 Loading weights:  58%|█████▊    | 115/199 [00:00<00:00, 5379.71it/s, Materializing param=encoder.layer.6.output.LayerNorm.weight]
3821.2s 703 Loading weights:  58%|█████▊    | 115/199 [00:00<00:00, 5367.62it/s, Materializing param=encoder.layer.6.output.LayerNorm.weight]
3821.2s 704 Loading weights:  58%|█████▊    | 116/199 [00:00<00:00, 5390.96it/s, Materializing param=encoder.layer.6.output.dense.bias]
3821.2s 705 Loading weights:  58%|█████▊    | 116/199 [00:00<00:00, 5378.56it/s, Materializing param=encoder.layer.6.output.dense.bias]
3821.2s 706 Loading weights:  59%|█████▉    | 117/199 [00:00<00:00, 5400.39it/s, Materializing param=encoder.layer.6.output.dense.weight]
3821.2s 707 Loading weights:  59%|█████▉    | 117/199 [00:00<00:00, 5388.06it/s, Materializing param=encoder.layer.6.output.dense.weight]
3821.2s 708 Loading weights:  59%|█████▉    | 118/199 [00:00<00:00, 5412.83it/s, Materializing param=encoder.layer.7.attention.output.LayerNorm.bias]
3821.2s 709 Loading weights:  59%|█████▉    | 118/199 [00:00<00:00, 5400.37it/s, Materializing param=encoder.layer.7.attention.output.LayerNorm.bias]
3821.2s 710 Loading weights:  60%|█████▉    | 119/199 [00:00<00:00, 5424.12it/s, Materializing param=encoder.layer.7.attention.output.LayerNorm.weight]
3821.2s 711 Loading weights:  60%|█████▉    | 119/199 [00:00<00:00, 5411.83it/s, Materializing param=encoder.layer.7.attention.output.LayerNorm.weight]
3821.2s 712 Loading weights:  60%|██████    | 120/199 [00:00<00:00, 5435.09it/s, Materializing param=encoder.layer.7.attention.output.dense.bias]
3821.2s 713 Loading weights:  60%|██████    | 120/199 [00:00<00:00, 5422.97it/s, Materializing param=encoder.layer.7.attention.output.dense.bias]
3821.2s 714 Loading weights:  61%|██████    | 121/199 [00:00<00:00, 5446.21it/s, Materializing param=encoder.layer.7.attention.output.dense.weight]
3821.2s 715 Loading weights:  61%|██████    | 121/199 [00:00<00:00, 5434.32it/s, Materializing param=encoder.layer.7.attention.output.dense.weight]
3821.2s 716 Loading weights:  61%|██████▏   | 122/199 [00:00<00:00, 5457.49it/s, Materializing param=encoder.layer.7.attention.self.key.bias]
3821.2s 717 Loading weights:  61%|██████▏   | 122/199 [00:00<00:00, 5445.41it/s, Materializing param=encoder.layer.7.attention.self.key.bias]
3821.2s 718 Loading weights:  62%|██████▏   | 123/199 [00:00<00:00, 5466.66it/s, Materializing param=encoder.layer.7.attention.self.key.weight]
3821.2s 719 Loading weights:  62%|██████▏   | 123/199 [00:00<00:00, 5454.46it/s, Materializing param=encoder.layer.7.attention.self.key.weight]
3821.2s 720 Loading weights:  62%|██████▏   | 124/199 [00:00<00:00, 5474.15it/s, Materializing param=encoder.layer.7.attention.self.query.bias]
3821.2s 721 Loading weights:  62%|██████▏   | 124/199 [00:00<00:00, 5461.33it/s, Materializing param=encoder.layer.7.attention.self.query.bias]
3821.2s 722 Loading weights:  63%|██████▎   | 125/199 [00:00<00:00, 5482.98it/s, Materializing param=encoder.layer.7.attention.self.query.weight]
3821.2s 723 Loading weights:  63%|██████▎   | 125/199 [00:00<00:00, 5471.02it/s, Materializing param=encoder.layer.7.attention.self.query.weight]
3821.2s 724 Loading weights:  63%|██████▎   | 126/199 [00:00<00:00, 5493.01it/s, Materializing param=encoder.layer.7.attention.self.value.bias]
3821.2s 725 Loading weights:  63%|██████▎   | 126/199 [00:00<00:00, 5481.21it/s, Materializing param=encoder.layer.7.attention.self.value.bias]
3821.2s 726 Loading weights:  64%|██████▍   | 127/199 [00:00<00:00, 5503.48it/s, Materializing param=encoder.layer.7.attention.self.value.weight]
3821.2s 727 Loading weights:  64%|██████▍   | 127/199 [00:00<00:00, 5491.91it/s, Materializing param=encoder.layer.7.attention.self.value.weight]
3821.2s 728 Loading weights:  64%|██████▍   | 128/199 [00:00<00:00, 5514.46it/s, Materializing param=encoder.layer.7.intermediate.dense.bias]
3821.2s 729 Loading weights:  64%|██████▍   | 128/199 [00:00<00:00, 5502.87it/s, Materializing param=encoder.layer.7.intermediate.dense.bias]
3821.2s 730 Loading weights:  65%|██████▍   | 129/199 [00:00<00:00, 5525.19it/s, Materializing param=encoder.layer.7.intermediate.dense.weight]
3821.2s 731 Loading weights:  65%|██████▍   | 129/199 [00:00<00:00, 5513.76it/s, Materializing param=encoder.layer.7.intermediate.dense.weight]
3821.2s 732 Loading weights:  65%|██████▌   | 130/199 [00:00<00:00, 5534.84it/s, Materializing param=encoder.layer.7.output.LayerNorm.bias]
3821.2s 733 Loading weights:  65%|██████▌   | 130/199 [00:00<00:00, 5523.13it/s, Materializing param=encoder.layer.7.output.LayerNorm.bias]
3821.2s 734 Loading weights:  66%|██████▌   | 131/199 [00:00<00:00, 5544.89it/s, Materializing param=encoder.layer.7.output.LayerNorm.weight]
3821.2s 735 Loading weights:  66%|██████▌   | 131/199 [00:00<00:00, 5530.26it/s, Materializing param=encoder.layer.7.output.LayerNorm.weight]
3821.2s 736 Loading weights:  66%|██████▋   | 132/199 [00:00<00:00, 5551.75it/s, Materializing param=encoder.layer.7.output.dense.bias]
3821.2s 737 Loading weights:  66%|██████▋   | 132/199 [00:00<00:00, 5540.47it/s, Materializing param=encoder.layer.7.output.dense.bias]
3821.2s 738 Loading weights:  67%|██████▋   | 133/199 [00:00<00:00, 5562.40it/s, Materializing param=encoder.layer.7.output.dense.weight]
3821.2s 739 Loading weights:  67%|██████▋   | 133/199 [00:00<00:00, 5551.28it/s, Materializing param=encoder.layer.7.output.dense.weight]
3821.2s 740 Loading weights:  67%|██████▋   | 134/199 [00:00<00:00, 5573.38it/s, Materializing param=encoder.layer.8.attention.output.LayerNorm.bias]
3821.2s 741 Loading weights:  67%|██████▋   | 134/199 [00:00<00:00, 5562.02it/s, Materializing param=encoder.layer.8.attention.output.LayerNorm.bias]
3821.2s 742 Loading weights:  68%|██████▊   | 135/199 [00:00<00:00, 5583.42it/s, Materializing param=encoder.layer.8.attention.output.LayerNorm.weight]
3821.2s 743 Loading weights:  68%|██████▊   | 135/199 [00:00<00:00, 5571.99it/s, Materializing param=encoder.layer.8.attention.output.LayerNorm.weight]
3821.2s 744 Loading weights:  68%|██████▊   | 136/199 [00:00<00:00, 5592.90it/s, Materializing param=encoder.layer.8.attention.output.dense.bias]
3821.2s 745 Loading weights:  68%|██████▊   | 136/199 [00:00<00:00, 5581.30it/s, Materializing param=encoder.layer.8.attention.output.dense.bias]
3821.2s 746 Loading weights:  69%|██████▉   | 137/199 [00:00<00:00, 5602.00it/s, Materializing param=encoder.layer.8.attention.output.dense.weight]
3821.2s 747 Loading weights:  69%|██████▉   | 137/199 [00:00<00:00, 5589.25it/s, Materializing param=encoder.layer.8.attention.output.dense.weight]
3821.2s 748 Loading weights:  69%|██████▉   | 138/199 [00:00<00:00, 5609.64it/s, Materializing param=encoder.layer.8.attention.self.key.bias]
3821.2s 749 Loading weights:  69%|██████▉   | 138/199 [00:00<00:00, 5595.81it/s, Materializing param=encoder.layer.8.attention.self.key.bias]
3821.2s 750 Loading weights:  70%|██████▉   | 139/199 [00:00<00:00, 5615.73it/s, Materializing param=encoder.layer.8.attention.self.key.weight]
3821.2s 751 Loading weights:  70%|██████▉   | 139/199 [00:00<00:00, 5604.61it/s, Materializing param=encoder.layer.8.attention.self.key.weight]
3821.2s 752 Loading weights:  70%|███████   | 140/199 [00:00<00:00, 5625.03it/s, Materializing param=encoder.layer.8.attention.self.query.bias]
3821.2s 753 Loading weights:  70%|███████   | 140/199 [00:00<00:00, 5613.90it/s, Materializing param=encoder.layer.8.attention.self.query.bias]
3821.2s 754 Loading weights:  71%|███████   | 141/199 [00:00<00:00, 5634.50it/s, Materializing param=encoder.layer.8.attention.self.query.weight]
3821.2s 755 Loading weights:  71%|███████   | 141/199 [00:00<00:00, 5623.51it/s, Materializing param=encoder.layer.8.attention.self.query.weight]
3821.2s 756 Loading weights:  71%|███████▏  | 142/199 [00:00<00:00, 5643.76it/s, Materializing param=encoder.layer.8.attention.self.value.bias]
3821.2s 757 Loading weights:  71%|███████▏  | 142/199 [00:00<00:00, 5632.87it/s, Materializing param=encoder.layer.8.attention.self.value.bias]
3821.2s 758 Loading weights:  72%|███████▏  | 143/199 [00:00<00:00, 5653.34it/s, Materializing param=encoder.layer.8.attention.self.value.weight]
3821.2s 759 Loading weights:  72%|███████▏  | 143/199 [00:00<00:00, 5642.70it/s, Materializing param=encoder.layer.8.attention.self.value.weight]
3821.2s 760 Loading weights:  72%|███████▏  | 144/199 [00:00<00:00, 5662.98it/s, Materializing param=encoder.layer.8.intermediate.dense.bias]
3821.2s 761 Loading weights:  72%|███████▏  | 144/199 [00:00<00:00, 5650.90it/s, Materializing param=encoder.layer.8.intermediate.dense.bias]
3821.2s 762 Loading weights:  73%|███████▎  | 145/199 [00:00<00:00, 5670.83it/s, Materializing param=encoder.layer.8.intermediate.dense.weight]
3821.2s 763 Loading weights:  73%|███████▎  | 145/199 [00:00<00:00, 5660.12it/s, Materializing param=encoder.layer.8.intermediate.dense.weight]
3821.2s 764 Loading weights:  73%|███████▎  | 146/199 [00:00<00:00, 5676.86it/s, Materializing param=encoder.layer.8.output.LayerNorm.bias]
3821.2s 765 Loading weights:  73%|███████▎  | 146/199 [00:00<00:00, 5666.09it/s, Materializing param=encoder.layer.8.output.LayerNorm.bias]
3821.2s 766 Loading weights:  74%|███████▍  | 147/199 [00:00<00:00, 5686.12it/s, Materializing param=encoder.layer.8.output.LayerNorm.weight]
3821.2s 767 Loading weights:  74%|███████▍  | 147/199 [00:00<00:00, 5671.05it/s, Materializing param=encoder.layer.8.output.LayerNorm.weight]
3821.2s 768 Loading weights:  74%|███████▍  | 148/199 [00:00<00:00, 5689.85it/s, Materializing param=encoder.layer.8.output.dense.bias]
3821.2s 769 Loading weights:  74%|███████▍  | 148/199 [00:00<00:00, 5678.76it/s, Materializing param=encoder.layer.8.output.dense.bias]
3821.2s 770 Loading weights:  75%|███████▍  | 149/199 [00:00<00:00, 5697.33it/s, Materializing param=encoder.layer.8.output.dense.weight]
3821.2s 771 Loading weights:  75%|███████▍  | 149/199 [00:00<00:00, 5685.98it/s, Materializing param=encoder.layer.8.output.dense.weight]
3821.2s 772 Loading weights:  75%|███████▌  | 150/199 [00:00<00:00, 5704.88it/s, Materializing param=encoder.layer.9.attention.output.LayerNorm.bias]
3821.2s 773 Loading weights:  75%|███████▌  | 150/199 [00:00<00:00, 5693.47it/s, Materializing param=encoder.layer.9.attention.output.LayerNorm.bias]
3821.2s 774 Loading weights:  76%|███████▌  | 151/199 [00:00<00:00, 5711.12it/s, Materializing param=encoder.layer.9.attention.output.LayerNorm.weight]
3821.2s 775 Loading weights:  76%|███████▌  | 151/199 [00:00<00:00, 5698.58it/s, Materializing param=encoder.layer.9.attention.output.LayerNorm.weight]
3821.2s 776 Loading weights:  76%|███████▋  | 152/199 [00:00<00:00, 5716.05it/s, Materializing param=encoder.layer.9.attention.output.dense.bias]
3821.2s 777 Loading weights:  76%|███████▋  | 152/199 [00:00<00:00, 5702.30it/s, Materializing param=encoder.layer.9.attention.output.dense.bias]
3821.2s 778 Loading weights:  77%|███████▋  | 153/199 [00:00<00:00, 5719.40it/s, Materializing param=encoder.layer.9.attention.output.dense.weight]
3821.2s 779 Loading weights:  77%|███████▋  | 153/199 [00:00<00:00, 5708.41it/s, Materializing param=encoder.layer.9.attention.output.dense.weight]
3821.2s 780 Loading weights:  77%|███████▋  | 154/199 [00:00<00:00, 5726.37it/s, Materializing param=encoder.layer.9.attention.self.key.bias]
3821.2s 781 Loading weights:  77%|███████▋  | 154/199 [00:00<00:00, 5715.37it/s, Materializing param=encoder.layer.9.attention.self.key.bias]
3821.2s 782 Loading weights:  78%|███████▊  | 155/199 [00:00<00:00, 5730.93it/s, Materializing param=encoder.layer.9.attention.self.key.weight]
3821.2s 783 Loading weights:  78%|███████▊  | 155/199 [00:00<00:00, 5720.75it/s, Materializing param=encoder.layer.9.attention.self.key.weight]
3821.2s 784 Loading weights:  78%|███████▊  | 156/199 [00:00<00:00, 5739.67it/s, Materializing param=encoder.layer.9.attention.self.query.bias]
3821.2s 785 Loading weights:  78%|███████▊  | 156/199 [00:00<00:00, 5729.27it/s, Materializing param=encoder.layer.9.attention.self.query.bias]
3821.2s 786 Loading weights:  79%|███████▉  | 157/199 [00:00<00:00, 5748.13it/s, Materializing param=encoder.layer.9.attention.self.query.weight]
3821.2s 787 Loading weights:  79%|███████▉  | 157/199 [00:00<00:00, 5737.91it/s, Materializing param=encoder.layer.9.attention.self.query.weight]
3821.2s 788 Loading weights:  79%|███████▉  | 158/199 [00:00<00:00, 5756.20it/s, Materializing param=encoder.layer.9.attention.self.value.bias]
3821.2s 789 Loading weights:  79%|███████▉  | 158/199 [00:00<00:00, 5743.83it/s, Materializing param=encoder.layer.9.attention.self.value.bias]
3821.2s 790 Loading weights:  80%|███████▉  | 159/199 [00:00<00:00, 5761.46it/s, Materializing param=encoder.layer.9.attention.self.value.weight]
3821.2s 791 Loading weights:  80%|███████▉  | 159/199 [00:00<00:00, 5748.79it/s, Materializing param=encoder.layer.9.attention.self.value.weight]
3821.2s 792 Loading weights:  80%|████████  | 160/199 [00:00<00:00, 5766.16it/s, Materializing param=encoder.layer.9.intermediate.dense.bias]
3821.2s 793 Loading weights:  80%|████████  | 160/199 [00:00<00:00, 5755.87it/s, Materializing param=encoder.layer.9.intermediate.dense.bias]
3821.2s 794 Loading weights:  81%|████████  | 161/199 [00:00<00:00, 5774.17it/s, Materializing param=encoder.layer.9.intermediate.dense.weight]
3821.2s 795 Loading weights:  81%|████████  | 161/199 [00:00<00:00, 5764.21it/s, Materializing param=encoder.layer.9.intermediate.dense.weight]
3821.2s 796 Loading weights:  81%|████████▏ | 162/199 [00:00<00:00, 5782.19it/s, Materializing param=encoder.layer.9.output.LayerNorm.bias]
3821.2s 797 Loading weights:  81%|████████▏ | 162/199 [00:00<00:00, 5772.27it/s, Materializing param=encoder.layer.9.output.LayerNorm.bias]
3821.2s 798 Loading weights:  82%|████████▏ | 163/199 [00:00<00:00, 5790.59it/s, Materializing param=encoder.layer.9.output.LayerNorm.weight]
3821.2s 799 Loading weights:  82%|████████▏ | 163/199 [00:00<00:00, 5780.80it/s, Materializing param=encoder.layer.9.output.LayerNorm.weight]
3821.2s 800 Loading weights:  82%|████████▏ | 164/199 [00:00<00:00, 5798.90it/s, Materializing param=encoder.layer.9.output.dense.bias]
3821.2s 801 Loading weights:  82%|████████▏ | 164/199 [00:00<00:00, 5789.19it/s, Materializing param=encoder.layer.9.output.dense.bias]
3821.2s 802 Loading weights:  83%|████████▎ | 165/199 [00:00<00:00, 5807.29it/s, Materializing param=encoder.layer.9.output.dense.weight]
3821.2s 803 Loading weights:  83%|████████▎ | 165/199 [00:00<00:00, 5797.75it/s, Materializing param=encoder.layer.9.output.dense.weight]
3821.2s 804 Loading weights:  83%|████████▎ | 166/199 [00:00<00:00, 5814.14it/s, Materializing param=encoder.layer.10.attention.output.LayerNorm.bias]
3821.2s 805 Loading weights:  83%|████████▎ | 166/199 [00:00<00:00, 5804.10it/s, Materializing param=encoder.layer.10.attention.output.LayerNorm.bias]
3821.2s 806 Loading weights:  84%|████████▍ | 167/199 [00:00<00:00, 5818.16it/s, Materializing param=encoder.layer.10.attention.output.LayerNorm.weight]
3821.2s 807 Loading weights:  84%|████████▍ | 167/199 [00:00<00:00, 5807.89it/s, Materializing param=encoder.layer.10.attention.output.LayerNorm.weight]
3821.2s 808 Loading weights:  84%|████████▍ | 168/199 [00:00<00:00, 5824.84it/s, Materializing param=encoder.layer.10.attention.output.dense.bias]
3821.2s 809 Loading weights:  84%|████████▍ | 168/199 [00:00<00:00, 5814.94it/s, Materializing param=encoder.layer.10.attention.output.dense.bias]
3821.2s 810 Loading weights:  85%|████████▍ | 169/199 [00:00<00:00, 5832.32it/s, Materializing param=encoder.layer.10.attention.output.dense.weight]
3821.2s 811 Loading weights:  85%|████████▍ | 169/199 [00:00<00:00, 5822.36it/s, Materializing param=encoder.layer.10.attention.output.dense.weight]
3821.2s 812 Loading weights:  85%|████████▌ | 170/199 [00:00<00:00, 5839.07it/s, Materializing param=encoder.layer.10.attention.self.key.bias]
3821.2s 813 Loading weights:  85%|████████▌ | 170/199 [00:00<00:00, 5829.18it/s, Materializing param=encoder.layer.10.attention.self.key.bias]
3821.2s 814 Loading weights:  86%|████████▌ | 171/199 [00:00<00:00, 5845.89it/s, Materializing param=encoder.layer.10.attention.self.key.weight]
3821.2s 815 Loading weights:  86%|████████▌ | 171/199 [00:00<00:00, 5836.04it/s, Materializing param=encoder.layer.10.attention.self.key.weight]
3821.2s 816 Loading weights:  86%|████████▋ | 172/199 [00:00<00:00, 5853.07it/s, Materializing param=encoder.layer.10.attention.self.query.bias]
3821.2s 817 Loading weights:  86%|████████▋ | 172/199 [00:00<00:00, 5843.45it/s, Materializing param=encoder.layer.10.attention.self.query.bias]
3821.2s 818 Loading weights:  87%|████████▋ | 173/199 [00:00<00:00, 5858.30it/s, Materializing param=encoder.layer.10.attention.self.query.weight]
3821.2s 819 Loading weights:  87%|████████▋ | 173/199 [00:00<00:00, 5848.48it/s, Materializing param=encoder.layer.10.attention.self.query.weight]
3821.2s 820 Loading weights:  87%|████████▋ | 174/199 [00:00<00:00, 5861.92it/s, Materializing param=encoder.layer.10.attention.self.value.bias]
3821.2s 821 Loading weights:  87%|████████▋ | 174/199 [00:00<00:00, 5851.86it/s, Materializing param=encoder.layer.10.attention.self.value.bias]
3821.2s 822 Loading weights:  88%|████████▊ | 175/199 [00:00<00:00, 5868.13it/s, Materializing param=encoder.layer.10.attention.self.value.weight]
3821.2s 823 Loading weights:  88%|████████▊ | 175/199 [00:00<00:00, 5858.62it/s, Materializing param=encoder.layer.10.attention.self.value.weight]
3821.2s 824 Loading weights:  88%|████████▊ | 176/199 [00:00<00:00, 5874.94it/s, Materializing param=encoder.layer.10.intermediate.dense.bias]
3821.2s 825 Loading weights:  88%|████████▊ | 176/199 [00:00<00:00, 5865.46it/s, Materializing param=encoder.layer.10.intermediate.dense.bias]
3821.2s 826 Loading weights:  89%|████████▉ | 177/199 [00:00<00:00, 5882.01it/s, Materializing param=encoder.layer.10.intermediate.dense.weight]
3821.2s 827 Loading weights:  89%|████████▉ | 177/199 [00:00<00:00, 5872.52it/s, Materializing param=encoder.layer.10.intermediate.dense.weight]
3821.2s 828 Loading weights:  89%|████████▉ | 178/199 [00:00<00:00, 5889.20it/s, Materializing param=encoder.layer.10.output.LayerNorm.bias]
3821.2s 829 Loading weights:  89%|████████▉ | 178/199 [00:00<00:00, 5879.74it/s, Materializing param=encoder.layer.10.output.LayerNorm.bias]
3821.2s 830 Loading weights:  90%|████████▉ | 179/199 [00:00<00:00, 5895.87it/s, Materializing param=encoder.layer.10.output.LayerNorm.weight]
3821.2s 831 Loading weights:  90%|████████▉ | 179/199 [00:00<00:00, 5886.53it/s, Materializing param=encoder.layer.10.output.LayerNorm.weight]
3821.2s 832 Loading weights:  90%|█████████ | 180/199 [00:00<00:00, 5901.65it/s, Materializing param=encoder.layer.10.output.dense.bias]
3821.2s 833 Loading weights:  90%|█████████ | 180/199 [00:00<00:00, 5892.16it/s, Materializing param=encoder.layer.10.output.dense.bias]
3821.2s 834 Loading weights:  91%|█████████ | 181/199 [00:00<00:00, 5906.00it/s, Materializing param=encoder.layer.10.output.dense.weight]
3821.2s 835 Loading weights:  91%|█████████ | 181/199 [00:00<00:00, 5896.14it/s, Materializing param=encoder.layer.10.output.dense.weight]
3821.2s 836 Loading weights:  91%|█████████▏| 182/199 [00:00<00:00, 5911.68it/s, Materializing param=encoder.layer.11.attention.output.LayerNorm.bias]
3821.2s 837 Loading weights:  91%|█████████▏| 182/199 [00:00<00:00, 5902.13it/s, Materializing param=encoder.layer.11.attention.output.LayerNorm.bias]
3821.2s 838 Loading weights:  92%|█████████▏| 183/199 [00:00<00:00, 5917.72it/s, Materializing param=encoder.layer.11.attention.output.LayerNorm.weight]
3821.2s 839 Loading weights:  92%|█████████▏| 183/199 [00:00<00:00, 5908.29it/s, Materializing param=encoder.layer.11.attention.output.LayerNorm.weight]
3821.2s 840 Loading weights:  92%|█████████▏| 184/199 [00:00<00:00, 5923.93it/s, Materializing param=encoder.layer.11.attention.output.dense.bias]
3821.2s 841 Loading weights:  92%|█████████▏| 184/199 [00:00<00:00, 5914.53it/s, Materializing param=encoder.layer.11.attention.output.dense.bias]
3821.2s 842 Loading weights:  93%|█████████▎| 185/199 [00:00<00:00, 5930.09it/s, Materializing param=encoder.layer.11.attention.output.dense.weight]
3821.2s 843 Loading weights:  93%|█████████▎| 185/199 [00:00<00:00, 5920.72it/s, Materializing param=encoder.layer.11.attention.output.dense.weight]
3821.2s 844 Loading weights:  93%|█████████▎| 186/199 [00:00<00:00, 5936.24it/s, Materializing param=encoder.layer.11.attention.self.key.bias]
3821.2s 845 Loading weights:  93%|█████████▎| 186/199 [00:00<00:00, 5926.86it/s, Materializing param=encoder.layer.11.attention.self.key.bias]
3821.2s 846 Loading weights:  94%|█████████▍| 187/199 [00:00<00:00, 5941.21it/s, Materializing param=encoder.layer.11.attention.self.key.weight]
3821.2s 847 Loading weights:  94%|█████████▍| 187/199 [00:00<00:00, 5931.60it/s, Materializing param=encoder.layer.11.attention.self.key.weight]
3821.2s 848 Loading weights:  94%|█████████▍| 188/199 [00:00<00:00, 5946.18it/s, Materializing param=encoder.layer.11.attention.self.query.bias]
3821.2s 849 Loading weights:  94%|█████████▍| 188/199 [00:00<00:00, 5933.88it/s, Materializing param=encoder.layer.11.attention.self.query.bias]
3821.2s 850 Loading weights:  95%|█████████▍| 189/199 [00:00<00:00, 5948.52it/s, Materializing param=encoder.layer.11.attention.self.query.weight]
3821.2s 851 Loading weights:  95%|█████████▍| 189/199 [00:00<00:00, 5939.43it/s, Materializing param=encoder.layer.11.attention.self.query.weight]
3821.2s 852 Loading weights:  95%|█████████▌| 190/199 [00:00<00:00, 5954.70it/s, Materializing param=encoder.layer.11.attention.self.value.bias]
3821.2s 853 Loading weights:  95%|█████████▌| 190/199 [00:00<00:00, 5945.55it/s, Materializing param=encoder.layer.11.attention.self.value.bias]
3821.2s 854 Loading weights:  96%|█████████▌| 191/199 [00:00<00:00, 5960.57it/s, Materializing param=encoder.layer.11.attention.self.value.weight]
3821.2s 855 Loading weights:  96%|█████████▌| 191/199 [00:00<00:00, 5951.44it/s, Materializing param=encoder.layer.11.attention.self.value.weight]
3821.2s 856 Loading weights:  96%|█████████▋| 192/199 [00:00<00:00, 5964.30it/s, Materializing param=encoder.layer.11.intermediate.dense.bias]
3821.2s 857 Loading weights:  96%|█████████▋| 192/199 [00:00<00:00, 5955.22it/s, Materializing param=encoder.layer.11.intermediate.dense.bias]
3821.2s 858 Loading weights:  97%|█████████▋| 193/199 [00:00<00:00, 5970.47it/s, Materializing param=encoder.layer.11.intermediate.dense.weight]
3821.2s 859 Loading weights:  97%|█████████▋| 193/199 [00:00<00:00, 5961.55it/s, Materializing param=encoder.layer.11.intermediate.dense.weight]
3821.2s 860 Loading weights:  97%|█████████▋| 194/199 [00:00<00:00, 5976.50it/s, Materializing param=encoder.layer.11.output.LayerNorm.bias]
3821.2s 861 Loading weights:  97%|█████████▋| 194/199 [00:00<00:00, 5966.47it/s, Materializing param=encoder.layer.11.output.LayerNorm.bias]
3821.2s 862 Loading weights:  98%|█████████▊| 195/199 [00:00<00:00, 5981.17it/s, Materializing param=encoder.layer.11.output.LayerNorm.weight]
3821.2s 863 Loading weights:  98%|█████████▊| 195/199 [00:00<00:00, 5970.04it/s, Materializing param=encoder.layer.11.output.LayerNorm.weight]
3821.2s 864 Loading weights:  98%|█████████▊| 196/199 [00:00<00:00, 5984.10it/s, Materializing param=encoder.layer.11.output.dense.bias]
3821.2s 865 Loading weights:  98%|█████████▊| 196/199 [00:00<00:00, 5975.27it/s, Materializing param=encoder.layer.11.output.dense.bias]
3821.2s 866 Loading weights:  99%|█████████▉| 197/199 [00:00<00:00, 5989.91it/s, Materializing param=encoder.layer.11.output.dense.weight]
3821.2s 867 Loading weights:  99%|█████████▉| 197/199 [00:00<00:00, 5981.19it/s, Materializing param=encoder.layer.11.output.dense.weight]
3821.2s 868 Loading weights:  99%|█████████▉| 198/199 [00:00<00:00, 5996.10it/s, Materializing param=pooler.dense.bias]
3821.2s 869 Loading weights:  99%|█████████▉| 198/199 [00:00<00:00, 5987.54it/s, Materializing param=pooler.dense.bias]
3821.2s 870 Loading weights: 100%|██████████| 199/199 [00:00<00:00, 6003.33it/s, Materializing param=pooler.dense.weight]
3821.2s 871 Loading weights: 100%|██████████| 199/199 [00:00<00:00, 5995.05it/s, Materializing param=pooler.dense.weight]
3821.2s 872 Loading weights: 100%|██████████| 199/199 [00:00<00:00, 5976.25it/s, Materializing param=pooler.dense.weight]
3821.2s 873 BertModel LOAD REPORT from: google/muril-base-cased
3821.2s 874 Key                                        | Status     |  |
3821.2s 875 -------------------------------------------+------------+--+-
3821.2s 876 cls.predictions.decoder.bias               | UNEXPECTED |  |
3821.2s 877 cls.seq_relationship.weight                | UNEXPECTED |  |
3821.2s 878 cls.predictions.bias                       | UNEXPECTED |  |
3821.2s 879 cls.predictions.decoder.weight             | UNEXPECTED |  |
3821.2s 880 cls.predictions.transform.LayerNorm.weight | UNEXPECTED |  |
3821.2s 881 cls.predictions.transform.dense.weight     | UNEXPECTED |  |
3821.2s 882 bert.embeddings.position_ids               | UNEXPECTED |  |
3821.2s 883 cls.seq_relationship.bias                  | UNEXPECTED |  |
3821.2s 884 cls.predictions.transform.dense.bias       | UNEXPECTED |  |
3821.2s 885 cls.predictions.transform.LayerNorm.bias   | UNEXPECTED |  |
3821.2s 886 
3821.2s 887 Notes:
3821.2s 888 - UNEXPECTED	:can be ignored when loading from different task/architecture; not ok if you expect identical arch.
3959.5s 889 [s42holdout] ep1 340/680 loss 0.6268 val 0.6757 * (0.40s/step)
4094.3s 890 [s42holdout] ep1 680/680 loss 0.5476 val 0.7200 * (0.40s/step)
4094.3s 891 [s42holdout] ep1 done 4.5min  best 0.7200
4229.5s 892 [s42holdout] ep2 340/680 loss 0.6948 val 0.7438 * (0.40s/step)
4368.2s 893 [s42holdout] ep2 680/680 loss 0.5240 val 0.7586 * (0.40s/step)
4368.2s 894 [s42holdout] ep2 done 4.6min  best 0.7586
4504.7s 895 [s42holdout] ep3 340/680 loss 0.2646 val 0.7711 * (0.40s/step)
4638.3s 896 [s42holdout] ep3 680/680 loss 0.5139 val 0.7803 * (0.40s/step)
4638.3s 897 [s42holdout] ep3 done 4.5min  best 0.7803
4776.4s 898 [s42holdout] ep4 340/680 loss 0.3194 val 0.7814 * (0.41s/step)
4903.5s 899 [s42holdout] ep4 680/680 loss 0.2317 val 0.7814 (0.39s/step)
4903.5s 900 [s42holdout] ep4 done 4.4min  best 0.7814
5037.6s 901 [s42holdout] ep5 340/680 loss 0.5260 val 0.7886 * (0.39s/step)
5174.5s 902 [s42holdout] ep5 680/680 loss 0.3212 val 0.7927 * (0.40s/step)
5174.5s 903 [s42holdout] ep5 done 4.5min  best 0.7927
5307.4s 904 [s42holdout] ep6 340/680 loss 0.2506 val 0.7948 * (0.39s/step)
5445.0s 905 [s42holdout] ep6 680/680 loss 0.3623 val 0.7980 * (0.40s/step)
5445.0s 906 [s42holdout] ep6 done 4.5min  best 0.7980
5445.0s 907 [s42holdout] best 0.7980  last 0.7980  (selected: last)
5445.0s 908 wrote /kaggle/working/hastika/artifacts/runs/task_a_muril_control/predictions.csv (threshold 0.500)
5446.0s 909 $ /usr/bin/python3 -u -m hastika.models.muril --tag task_a_muril_tapt --model artifacts/runs/tapt-task-a-train85 --folds 0 --seeds 42 --epochs 6 --bs 8 --grad-accum 2 --eval-bs 32 --select last --reinit-layers 2
5454.0s 910 device=cuda (Tesla T4) model=artifacts/runs/tapt-task-a-train85 pooling=meanmax fgm=True ema=True rdrop=0.0 reinit=2 seeds=[42] external=-
5454.3s 911 dedupe task A: 6446 -> 6401 rows (39 duplicate, 6 in label-conflict groups)
5456.0s 912 
5456.0s 913 Loading weights:   0%|          | 0/197 [00:00<?, ?it/s]
5456.0s 914 Loading weights:   1%|          | 1/197 [00:00<00:00, 12372.58it/s, Materializing param=embeddings.LayerNorm.bias]
5456.0s 915 Loading weights:   1%|          | 1/197 [00:00<00:00, 3795.75it/s, Materializing param=embeddings.LayerNorm.bias]
5456.0s 916 Loading weights:   1%|          | 2/197 [00:00<00:00, 4080.06it/s, Materializing param=embeddings.LayerNorm.weight]
5456.0s 917 Loading weights:   1%|          | 2/197 [00:00<00:00, 3436.55it/s, Materializing param=embeddings.LayerNorm.weight]
5456.0s 918 Loading weights:   2%|▏         | 3/197 [00:00<00:00, 3752.73it/s, Materializing param=embeddings.position_embeddings.weight]
5456.0s 919 Loading weights:   2%|▏         | 3/197 [00:00<00:00, 2821.91it/s, Materializing param=embeddings.position_embeddings.weight]
5456.0s 920 Loading weights:   2%|▏         | 4/197 [00:00<00:00, 1804.97it/s, Materializing param=embeddings.token_type_embeddings.weight]
5456.0s 921 Loading weights:   2%|▏         | 4/197 [00:00<00:00, 1384.60it/s, Materializing param=embeddings.token_type_embeddings.weight]
5456.0s 922 Loading weights:   3%|▎         | 5/197 [00:00<00:00, 1079.78it/s, Materializing param=embeddings.word_embeddings.weight]
5456.0s 923 Loading weights:   3%|▎         | 5/197 [00:00<00:00, 1000.22it/s, Materializing param=embeddings.word_embeddings.weight]
5456.0s 924 Loading weights:   3%|▎         | 6/197 [00:00<00:00, 1005.71it/s, Materializing param=encoder.layer.0.attention.output.LayerNorm.bias]
5456.0s 925 Loading weights:   3%|▎         | 6/197 [00:00<00:00, 953.76it/s, Materializing param=encoder.layer.0.attention.output.LayerNorm.bias]
5456.0s 926 Loading weights:   4%|▎         | 7/197 [00:00<00:00, 1051.43it/s, Materializing param=encoder.layer.0.attention.output.LayerNorm.weight]
5456.0s 927 Loading weights:   4%|▎         | 7/197 [00:00<00:00, 1015.43it/s, Materializing param=encoder.layer.0.attention.output.LayerNorm.weight]
5456.0s 928 Loading weights:   4%|▍         | 8/197 [00:00<00:00, 1096.01it/s, Materializing param=encoder.layer.0.attention.output.dense.bias]
5456.0s 929 Loading weights:   4%|▍         | 8/197 [00:00<00:00, 1081.39it/s, Materializing param=encoder.layer.0.attention.output.dense.bias]
5456.0s 930 Loading weights:   5%|▍         | 9/197 [00:00<00:00, 1136.63it/s, Materializing param=encoder.layer.0.attention.output.dense.weight]
5456.0s 931 Loading weights:   5%|▍         | 9/197 [00:00<00:00, 1122.71it/s, Materializing param=encoder.layer.0.attention.output.dense.weight]
5456.0s 932 Loading weights:   5%|▌         | 10/197 [00:00<00:00, 1133.26it/s, Materializing param=encoder.layer.0.attention.self.key.bias]
5456.0s 933 Loading weights:   5%|▌         | 10/197 [00:00<00:00, 1119.05it/s, Materializing param=encoder.layer.0.attention.self.key.bias]
5456.0s 934 Loading weights:   6%|▌         | 11/197 [00:00<00:00, 1159.49it/s, Materializing param=encoder.layer.0.attention.self.key.weight]
5456.0s 935 Loading weights:   6%|▌         | 11/197 [00:00<00:00, 1148.04it/s, Materializing param=encoder.layer.0.attention.self.key.weight]
5456.0s 936 Loading weights:   6%|▌         | 12/197 [00:00<00:00, 1221.02it/s, Materializing param=encoder.layer.0.attention.self.query.bias]
5456.0s 937 Loading weights:   6%|▌         | 12/197 [00:00<00:00, 1210.65it/s, Materializing param=encoder.layer.0.attention.self.query.bias]
5456.0s 938 Loading weights:   7%|▋         | 13/197 [00:00<00:00, 1283.60it/s, Materializing param=encoder.layer.0.attention.self.query.weight]
5456.0s 939 Loading weights:   7%|▋         | 13/197 [00:00<00:00, 1268.55it/s, Materializing param=encoder.layer.0.attention.self.query.weight]
5456.0s 940 Loading weights:   7%|▋         | 14/197 [00:00<00:00, 1329.26it/s, Materializing param=encoder.layer.0.attention.self.value.bias]
5456.0s 941 Loading weights:   7%|▋         | 14/197 [00:00<00:00, 1279.28it/s, Materializing param=encoder.layer.0.attention.self.value.bias]
5456.0s 942 Loading weights:   8%|▊         | 15/197 [00:00<00:00, 1318.91it/s, Materializing param=encoder.layer.0.attention.self.value.weight]
5456.0s 943 Loading weights:   8%|▊         | 15/197 [00:00<00:00, 1305.53it/s, Materializing param=encoder.layer.0.attention.self.value.weight]
5456.0s 944 Loading weights:   8%|▊         | 16/197 [00:00<00:00, 1363.47it/s, Materializing param=encoder.layer.0.intermediate.dense.bias]
5456.0s 945 Loading weights:   8%|▊         | 16/197 [00:00<00:00, 1353.60it/s, Materializing param=encoder.layer.0.intermediate.dense.bias]
5456.0s 946 Loading weights:   9%|▊         | 17/197 [00:00<00:00, 1363.45it/s, Materializing param=encoder.layer.0.intermediate.dense.weight]
5456.0s 947 Loading weights:   9%|▊         | 17/197 [00:00<00:00, 1352.00it/s, Materializing param=encoder.layer.0.intermediate.dense.weight]
5456.0s 948 Loading weights:   9%|▉         | 18/197 [00:00<00:00, 1363.58it/s, Materializing param=encoder.layer.0.output.LayerNorm.bias]
5456.0s 949 Loading weights:   9%|▉         | 18/197 [00:00<00:00, 1331.24it/s, Materializing param=encoder.layer.0.output.LayerNorm.bias]
5456.0s 950 Loading weights:  10%|▉         | 19/197 [00:00<00:00, 1345.69it/s, Materializing param=encoder.layer.0.output.LayerNorm.weight]
5456.0s 951 Loading weights:  10%|▉         | 19/197 [00:00<00:00, 1323.01it/s, Materializing param=encoder.layer.0.output.LayerNorm.weight]
5456.0s 952 Loading weights:  10%|█         | 20/197 [00:00<00:00, 1352.17it/s, Materializing param=encoder.layer.0.output.dense.bias]
5456.0s 953 Loading weights:  10%|█         | 20/197 [00:00<00:00, 1342.61it/s, Materializing param=encoder.layer.0.output.dense.bias]
5456.0s 954 Loading weights:  11%|█         | 21/197 [00:00<00:00, 1389.68it/s, Materializing param=encoder.layer.0.output.dense.weight]
5456.0s 955 Loading weights:  11%|█         | 21/197 [00:00<00:00, 1378.60it/s, Materializing param=encoder.layer.0.output.dense.weight]
5456.0s 956 Loading weights:  11%|█         | 22/197 [00:00<00:00, 1420.64it/s, Materializing param=encoder.layer.1.attention.output.LayerNorm.bias]
5456.0s 957 Loading weights:  11%|█         | 22/197 [00:00<00:00, 1392.09it/s, Materializing param=encoder.layer.1.attention.output.LayerNorm.bias]
5456.0s 958 Loading weights:  12%|█▏        | 23/197 [00:00<00:00, 1428.41it/s, Materializing param=encoder.layer.1.attention.output.LayerNorm.weight]
5456.0s 959 Loading weights:  12%|█▏        | 23/197 [00:00<00:00, 1416.02it/s, Materializing param=encoder.layer.1.attention.output.LayerNorm.weight]
5456.0s 960 Loading weights:  12%|█▏        | 24/197 [00:00<00:00, 1414.19it/s, Materializing param=encoder.layer.1.attention.output.dense.bias]
5456.0s 961 Loading weights:  12%|█▏        | 24/197 [00:00<00:00, 1404.34it/s, Materializing param=encoder.layer.1.attention.output.dense.bias]
5456.0s 962 Loading weights:  13%|█▎        | 25/197 [00:00<00:00, 1438.97it/s, Materializing param=encoder.layer.1.attention.output.dense.weight]
5456.0s 963 Loading weights:  13%|█▎        | 25/197 [00:00<00:00, 1422.57it/s, Materializing param=encoder.layer.1.attention.output.dense.weight]
5456.0s 964 Loading weights:  13%|█▎        | 26/197 [00:00<00:00, 1435.06it/s, Materializing param=encoder.layer.1.attention.self.key.bias]
5456.0s 965 Loading weights:  13%|█▎        | 26/197 [00:00<00:00, 1422.97it/s, Materializing param=encoder.layer.1.attention.self.key.bias]
5456.0s 966 Loading weights:  14%|█▎        | 27/197 [00:00<00:00, 1441.91it/s, Materializing param=encoder.layer.1.attention.self.key.weight]
5456.0s 967 Loading weights:  14%|█▎        | 27/197 [00:00<00:00, 1433.71it/s, Materializing param=encoder.layer.1.attention.self.key.weight]
5456.0s 968 Loading weights:  14%|█▍        | 28/197 [00:00<00:00, 1438.69it/s, Materializing param=encoder.layer.1.attention.self.query.bias]
5456.0s 969 Loading weights:  14%|█▍        | 28/197 [00:00<00:00, 1429.62it/s, Materializing param=encoder.layer.1.attention.self.query.bias]
5456.0s 970 Loading weights:  15%|█▍        | 29/197 [00:00<00:00, 1417.80it/s, Materializing param=encoder.layer.1.attention.self.query.weight]
5456.0s 971 Loading weights:  15%|█▍        | 29/197 [00:00<00:00, 1385.13it/s, Materializing param=encoder.layer.1.attention.self.query.weight]
5456.0s 972 Loading weights:  15%|█▌        | 30/197 [00:00<00:00, 1407.74it/s, Materializing param=encoder.layer.1.attention.self.value.bias]
5456.0s 973 Loading weights:  15%|█▌        | 30/197 [00:00<00:00, 1401.29it/s, Materializing param=encoder.layer.1.attention.self.value.bias]
5456.0s 974 Loading weights:  16%|█▌        | 31/197 [00:00<00:00, 1398.93it/s, Materializing param=encoder.layer.1.attention.self.value.weight]
5456.0s 975 Loading weights:  16%|█▌        | 31/197 [00:00<00:00, 1386.52it/s, Materializing param=encoder.layer.1.attention.self.value.weight]
5456.0s 976 Loading weights:  16%|█▌        | 32/197 [00:00<00:00, 1392.62it/s, Materializing param=encoder.layer.1.intermediate.dense.bias]
5456.0s 977 Loading weights:  16%|█▌        | 32/197 [00:00<00:00, 1372.69it/s, Materializing param=encoder.layer.1.intermediate.dense.bias]
5456.0s 978 Loading weights:  17%|█▋        | 33/197 [00:00<00:00, 1369.67it/s, Materializing param=encoder.layer.1.intermediate.dense.weight]
5456.0s 979 Loading weights:  17%|█▋        | 33/197 [00:00<00:00, 1361.06it/s, Materializing param=encoder.layer.1.intermediate.dense.weight]
5456.0s 980 Loading weights:  17%|█▋        | 34/197 [00:00<00:00, 1383.80it/s, Materializing param=encoder.layer.1.output.LayerNorm.bias]
5456.0s 981 Loading weights:  17%|█▋        | 34/197 [00:00<00:00, 1377.83it/s, Materializing param=encoder.layer.1.output.LayerNorm.bias]
5456.0s 982 Loading weights:  18%|█▊        | 35/197 [00:00<00:00, 1390.95it/s, Materializing param=encoder.layer.1.output.LayerNorm.weight]
5456.0s 983 Loading weights:  18%|█▊        | 35/197 [00:00<00:00, 1384.32it/s, Materializing param=encoder.layer.1.output.LayerNorm.weight]
5456.0s 984 Loading weights:  18%|█▊        | 36/197 [00:00<00:00, 1388.66it/s, Materializing param=encoder.layer.1.output.dense.bias]
5456.0s 985 Loading weights:  18%|█▊        | 36/197 [00:00<00:00, 1382.55it/s, Materializing param=encoder.layer.1.output.dense.bias]
5456.0s 986 Loading weights:  19%|█▉        | 37/197 [00:00<00:00, 1379.58it/s, Materializing param=encoder.layer.1.output.dense.weight]
5456.0s 987 Loading weights:  19%|█▉        | 37/197 [00:00<00:00, 1374.48it/s, Materializing param=encoder.layer.1.output.dense.weight]
5456.0s 988 Loading weights:  19%|█▉        | 38/197 [00:00<00:00, 1385.65it/s, Materializing param=encoder.layer.2.attention.output.LayerNorm.bias]
5456.0s 989 Loading weights:  19%|█▉        | 38/197 [00:00<00:00, 1381.10it/s, Materializing param=encoder.layer.2.attention.output.LayerNorm.bias]
5456.0s 990 Loading weights:  20%|█▉        | 39/197 [00:00<00:00, 1395.31it/s, Materializing param=encoder.layer.2.attention.output.LayerNorm.weight]
5456.0s 991 Loading weights:  20%|█▉        | 39/197 [00:00<00:00, 1391.25it/s, Materializing param=encoder.layer.2.attention.output.LayerNorm.weight]
5456.0s 992 Loading weights:  20%|██        | 40/197 [00:00<00:00, 1415.14it/s, Materializing param=encoder.layer.2.attention.output.dense.bias]
5456.0s 993 Loading weights:  20%|██        | 40/197 [00:00<00:00, 1409.94it/s, Materializing param=encoder.layer.2.attention.output.dense.bias]
5456.0s 994 Loading weights:  21%|██        | 41/197 [00:00<00:00, 1432.72it/s, Materializing param=encoder.layer.2.attention.output.dense.weight]
5456.0s 995 Loading weights:  21%|██        | 41/197 [00:00<00:00, 1376.87it/s, Materializing param=encoder.layer.2.attention.output.dense.weight]
5456.0s 996 Loading weights:  21%|██▏       | 42/197 [00:00<00:00, 1395.17it/s, Materializing param=encoder.layer.2.attention.self.key.bias]
5456.0s 997 Loading weights:  21%|██▏       | 42/197 [00:00<00:00, 1359.56it/s, Materializing param=encoder.layer.2.attention.self.key.bias]
5456.0s 998 Loading weights:  22%|██▏       | 43/197 [00:00<00:00, 1365.36it/s, Materializing param=encoder.layer.2.attention.self.key.weight]
5456.0s 999 Loading weights:  22%|██▏       | 43/197 [00:00<00:00, 1360.67it/s, Materializing param=encoder.layer.2.attention.self.key.weight]
5456.0s 1000 Loading weights:  22%|██▏       | 44/197 [00:00<00:00, 1369.60it/s, Materializing param=encoder.layer.2.attention.self.query.bias]
5456.0s 1001 Loading weights:  22%|██▏       | 44/197 [00:00<00:00, 1364.57it/s, Materializing param=encoder.layer.2.attention.self.query.bias]
5456.0s 1002 Loading weights:  23%|██▎       | 45/197 [00:00<00:00, 1376.87it/s, Materializing param=encoder.layer.2.attention.self.query.weight]
5456.0s 1003 Loading weights:  23%|██▎       | 45/197 [00:00<00:00, 1372.40it/s, Materializing param=encoder.layer.2.attention.self.query.weight]
5456.0s 1004 Loading weights:  23%|██▎       | 46/197 [00:00<00:00, 1366.79it/s, Materializing param=encoder.layer.2.attention.self.value.bias]
5456.0s 1005 Loading weights:  23%|██▎       | 46/197 [00:00<00:00, 1362.30it/s, Materializing param=encoder.layer.2.attention.self.value.bias]
5456.0s 1006 Loading weights:  24%|██▍       | 47/197 [00:00<00:00, 1354.96it/s, Materializing param=encoder.layer.2.attention.self.value.weight]
5456.0s 1007 Loading weights:  24%|██▍       | 47/197 [00:00<00:00, 1332.59it/s, Materializing param=encoder.layer.2.attention.self.value.weight]
5456.0s 1008 Loading weights:  24%|██▍       | 48/197 [00:00<00:00, 1317.25it/s, Materializing param=encoder.layer.2.intermediate.dense.bias]
5456.0s 1009 Loading weights:  24%|██▍       | 48/197 [00:00<00:00, 1313.59it/s, Materializing param=encoder.layer.2.intermediate.dense.bias]
5456.0s 1010 Loading weights:  25%|██▍       | 49/197 [00:00<00:00, 1331.20it/s, Materializing param=encoder.layer.2.intermediate.dense.weight]
5456.0s 1011 Loading weights:  25%|██▍       | 49/197 [00:00<00:00, 1327.96it/s, Materializing param=encoder.layer.2.intermediate.dense.weight]
5456.0s 1012 Loading weights:  25%|██▌       | 50/197 [00:00<00:00, 1338.78it/s, Materializing param=encoder.layer.2.output.LayerNorm.bias]
5456.0s 1013 Loading weights:  25%|██▌       | 50/197 [00:00<00:00, 1312.23it/s, Materializing param=encoder.layer.2.output.LayerNorm.bias]
5456.0s 1014 Loading weights:  26%|██▌       | 51/197 [00:00<00:00, 1316.71it/s, Materializing param=encoder.layer.2.output.LayerNorm.weight]
5456.0s 1015 Loading weights:  26%|██▌       | 51/197 [00:00<00:00, 1313.94it/s, Materializing param=encoder.layer.2.output.LayerNorm.weight]
5456.0s 1016 Loading weights:  26%|██▋       | 52/197 [00:00<00:00, 1328.86it/s, Materializing param=encoder.layer.2.output.dense.bias]
5456.0s 1017 Loading weights:  26%|██▋       | 52/197 [00:00<00:00, 1324.68it/s, Materializing param=encoder.layer.2.output.dense.bias]
5456.0s 1018 Loading weights:  27%|██▋       | 53/197 [00:00<00:00, 1335.82it/s, Materializing param=encoder.layer.2.output.dense.weight]
5456.0s 1019 Loading weights:  27%|██▋       | 53/197 [00:00<00:00, 1332.42it/s, Materializing param=encoder.layer.2.output.dense.weight]
5456.0s 1020 Loading weights:  27%|██▋       | 54/197 [00:00<00:00, 1329.87it/s, Materializing param=encoder.layer.3.attention.output.LayerNorm.bias]
5456.0s 1021 Loading weights:  27%|██▋       | 54/197 [00:00<00:00, 1326.58it/s, Materializing param=encoder.layer.3.attention.output.LayerNorm.bias]
5456.0s 1022 Loading weights:  28%|██▊       | 55/197 [00:00<00:00, 1325.36it/s, Materializing param=encoder.layer.3.attention.output.LayerNorm.weight]
5456.0s 1023 Loading weights:  28%|██▊       | 55/197 [00:00<00:00, 1322.49it/s, Materializing param=encoder.layer.3.attention.output.LayerNorm.weight]
5456.0s 1024 Loading weights:  28%|██▊       | 56/197 [00:00<00:00, 1340.45it/s, Materializing param=encoder.layer.3.attention.output.dense.bias]
5456.0s 1025 Loading weights:  28%|██▊       | 56/197 [00:00<00:00, 1337.55it/s, Materializing param=encoder.layer.3.attention.output.dense.bias]
5456.0s 1026 Loading weights:  29%|██▉       | 57/197 [00:00<00:00, 1337.05it/s, Materializing param=encoder.layer.3.attention.output.dense.weight]
5456.0s 1027 Loading weights:  29%|██▉       | 57/197 [00:00<00:00, 1333.68it/s, Materializing param=encoder.layer.3.attention.output.dense.weight]
5456.0s 1028 Loading weights:  29%|██▉       | 58/197 [00:00<00:00, 1349.10it/s, Materializing param=encoder.layer.3.attention.self.key.bias]
5456.0s 1029 Loading weights:  29%|██▉       | 58/197 [00:00<00:00, 1332.68it/s, Materializing param=encoder.layer.3.attention.self.key.bias]
5456.0s 1030 Loading weights:  30%|██▉       | 59/197 [00:00<00:00, 1324.76it/s, Materializing param=encoder.layer.3.attention.self.key.weight]
5456.0s 1031 Loading weights:  30%|██▉       | 59/197 [00:00<00:00, 1320.93it/s, Materializing param=encoder.layer.3.attention.self.key.weight]
5456.0s 1032 Loading weights:  30%|███       | 60/197 [00:00<00:00, 1331.89it/s, Materializing param=encoder.layer.3.attention.self.query.bias]
5456.0s 1033 Loading weights:  30%|███       | 60/197 [00:00<00:00, 1328.52it/s, Materializing param=encoder.layer.3.attention.self.query.bias]
5456.0s 1034 Loading weights:  31%|███       | 61/197 [00:00<00:00, 1342.80it/s, Materializing param=encoder.layer.3.attention.self.query.weight]
5456.0s 1035 Loading weights:  31%|███       | 61/197 [00:00<00:00, 1319.10it/s, Materializing param=encoder.layer.3.attention.self.query.weight]
5456.0s 1036 Loading weights:  31%|███▏      | 62/197 [00:00<00:00, 1332.21it/s, Materializing param=encoder.layer.3.attention.self.value.bias]
5456.0s 1037 Loading weights:  31%|███▏      | 62/197 [00:00<00:00, 1329.62it/s, Materializing param=encoder.layer.3.attention.self.value.bias]
5456.0s 1038 Loading weights:  32%|███▏      | 63/197 [00:00<00:00, 1339.95it/s, Materializing param=encoder.layer.3.attention.self.value.weight]
5456.0s 1039 Loading weights:  32%|███▏      | 63/197 [00:00<00:00, 1337.15it/s, Materializing param=encoder.layer.3.attention.self.value.weight]
5456.0s 1040 Loading weights:  32%|███▏      | 64/197 [00:00<00:00, 1350.94it/s, Materializing param=encoder.layer.3.intermediate.dense.bias]
5456.0s 1041 Loading weights:  32%|███▏      | 64/197 [00:00<00:00, 1347.82it/s, Materializing param=encoder.layer.3.intermediate.dense.bias]
5456.0s 1042 Loading weights:  33%|███▎      | 65/197 [00:00<00:00, 1327.53it/s, Materializing param=encoder.layer.3.intermediate.dense.weight]
5456.0s 1043 Loading weights:  33%|███▎      | 65/197 [00:00<00:00, 1318.29it/s, Materializing param=encoder.layer.3.intermediate.dense.weight]
5456.0s 1044 Loading weights:  34%|███▎      | 66/197 [00:00<00:00, 1330.49it/s, Materializing param=encoder.layer.3.output.LayerNorm.bias]
5456.0s 1045 Loading weights:  34%|███▎      | 66/197 [00:00<00:00, 1327.90it/s, Materializing param=encoder.layer.3.output.LayerNorm.bias]
5456.0s 1046 Loading weights:  34%|███▍      | 67/197 [00:00<00:00, 1342.07it/s, Materializing param=encoder.layer.3.output.LayerNorm.weight]
5456.0s 1047 Loading weights:  34%|███▍      | 67/197 [00:00<00:00, 1336.60it/s, Materializing param=encoder.layer.3.output.LayerNorm.weight]
5456.0s 1048 Loading weights:  35%|███▍      | 68/197 [00:00<00:00, 1339.74it/s, Materializing param=encoder.layer.3.output.dense.bias]
5456.0s 1049 Loading weights:  35%|███▍      | 68/197 [00:00<00:00, 1337.23it/s, Materializing param=encoder.layer.3.output.dense.bias]
5456.0s 1050 Loading weights:  35%|███▌      | 69/197 [00:00<00:00, 1351.14it/s, Materializing param=encoder.layer.3.output.dense.weight]
5456.0s 1051 Loading weights:  35%|███▌      | 69/197 [00:00<00:00, 1347.73it/s, Materializing param=encoder.layer.3.output.dense.weight]
5456.0s 1052 Loading weights:  36%|███▌      | 70/197 [00:00<00:00, 1357.85it/s, Materializing param=encoder.layer.4.attention.output.LayerNorm.bias]
5456.0s 1053 Loading weights:  36%|███▌      | 70/197 [00:00<00:00, 1355.02it/s, Materializing param=encoder.layer.4.attention.output.LayerNorm.bias]
5456.0s 1054 Loading weights:  36%|███▌      | 71/197 [00:00<00:00, 1360.54it/s, Materializing param=encoder.layer.4.attention.output.LayerNorm.weight]
5456.0s 1055 Loading weights:  36%|███▌      | 71/197 [00:00<00:00, 1357.97it/s, Materializing param=encoder.layer.4.attention.output.LayerNorm.weight]
5456.0s 1056 Loading weights:  37%|███▋      | 72/197 [00:00<00:00, 1370.70it/s, Materializing param=encoder.layer.4.attention.output.dense.bias]
5456.0s 1057 Loading weights:  37%|███▋      | 72/197 [00:00<00:00, 1368.31it/s, Materializing param=encoder.layer.4.attention.output.dense.bias]
5456.0s 1058 Loading weights:  37%|███▋      | 73/197 [00:00<00:00, 1381.93it/s, Materializing param=encoder.layer.4.attention.output.dense.weight]
5456.0s 1059 Loading weights:  37%|███▋      | 73/197 [00:00<00:00, 1380.08it/s, Materializing param=encoder.layer.4.attention.output.dense.weight]
5456.0s 1060 Loading weights:  38%|███▊      | 74/197 [00:00<00:00, 1375.59it/s, Materializing param=encoder.layer.4.attention.self.key.bias]
5456.0s 1061 Loading weights:  38%|███▊      | 74/197 [00:00<00:00, 1372.87it/s, Materializing param=encoder.layer.4.attention.self.key.bias]
5456.0s 1062 Loading weights:  38%|███▊      | 75/197 [00:00<00:00, 1384.97it/s, Materializing param=encoder.layer.4.attention.self.key.weight]
5456.0s 1063 Loading weights:  38%|███▊      | 75/197 [00:00<00:00, 1382.40it/s, Materializing param=encoder.layer.4.attention.self.key.weight]
5456.0s 1064 Loading weights:  39%|███▊      | 76/197 [00:00<00:00, 1389.22it/s, Materializing param=encoder.layer.4.attention.self.query.bias]
5456.0s 1065 Loading weights:  39%|███▊      | 76/197 [00:00<00:00, 1386.45it/s, Materializing param=encoder.layer.4.attention.self.query.bias]
5456.0s 1066 Loading weights:  39%|███▉      | 77/197 [00:00<00:00, 1397.68it/s, Materializing param=encoder.layer.4.attention.self.query.weight]
5456.0s 1067 Loading weights:  39%|███▉      | 77/197 [00:00<00:00, 1394.48it/s, Materializing param=encoder.layer.4.attention.self.query.weight]
5456.0s 1068 Loading weights:  40%|███▉      | 78/197 [00:00<00:00, 1406.49it/s, Materializing param=encoder.layer.4.attention.self.value.bias]
5456.0s 1069 Loading weights:  40%|███▉      | 78/197 [00:00<00:00, 1404.35it/s, Materializing param=encoder.layer.4.attention.self.value.bias]
5456.0s 1070 Loading weights:  40%|████      | 79/197 [00:00<00:00, 1402.17it/s, Materializing param=encoder.layer.4.attention.self.value.weight]
5456.0s 1071 Loading weights:  40%|████      | 79/197 [00:00<00:00, 1399.55it/s, Materializing param=encoder.layer.4.attention.self.value.weight]
5456.0s 1072 Loading weights:  41%|████      | 80/197 [00:00<00:00, 1410.54it/s, Materializing param=encoder.layer.4.intermediate.dense.bias]
5456.0s 1073 Loading weights:  41%|████      | 80/197 [00:00<00:00, 1408.69it/s, Materializing param=encoder.layer.4.intermediate.dense.bias]
5456.0s 1074 Loading weights:  41%|████      | 81/197 [00:00<00:00, 1421.59it/s, Materializing param=encoder.layer.4.intermediate.dense.weight]
5456.0s 1075 Loading weights:  41%|████      | 81/197 [00:00<00:00, 1415.20it/s, Materializing param=encoder.layer.4.intermediate.dense.weight]
5456.0s 1076 Loading weights:  42%|████▏     | 82/197 [00:00<00:00, 1422.60it/s, Materializing param=encoder.layer.4.output.LayerNorm.bias]
5456.0s 1077 Loading weights:  42%|████▏     | 82/197 [00:00<00:00, 1420.35it/s, Materializing param=encoder.layer.4.output.LayerNorm.bias]
5456.0s 1078 Loading weights:  42%|████▏     | 83/197 [00:00<00:00, 1432.20it/s, Materializing param=encoder.layer.4.output.LayerNorm.weight]
5456.0s 1079 Loading weights:  42%|████▏     | 83/197 [00:00<00:00, 1430.01it/s, Materializing param=encoder.layer.4.output.LayerNorm.weight]
5456.0s 1080 Loading weights:  43%|████▎     | 84/197 [00:00<00:00, 1441.35it/s, Materializing param=encoder.layer.4.output.dense.bias]
5456.0s 1081 Loading weights:  43%|████▎     | 84/197 [00:00<00:00, 1439.15it/s, Materializing param=encoder.layer.4.output.dense.bias]
5456.0s 1082 Loading weights:  43%|████▎     | 85/197 [00:00<00:00, 1443.72it/s, Materializing param=encoder.layer.4.output.dense.weight]
5456.0s 1083 Loading weights:  43%|████▎     | 85/197 [00:00<00:00, 1441.31it/s, Materializing param=encoder.layer.4.output.dense.weight]
5456.0s 1084 Loading weights:  44%|████▎     | 86/197 [00:00<00:00, 1449.76it/s, Materializing param=encoder.layer.5.attention.output.LayerNorm.bias]
5456.0s 1085 Loading weights:  44%|████▎     | 86/197 [00:00<00:00, 1447.42it/s, Materializing param=encoder.layer.5.attention.output.LayerNorm.bias]
5456.0s 1086 Loading weights:  44%|████▍     | 87/197 [00:00<00:00, 1443.60it/s, Materializing param=encoder.layer.5.attention.output.LayerNorm.weight]
5456.0s 1087 Loading weights:  44%|████▍     | 87/197 [00:00<00:00, 1439.52it/s, Materializing param=encoder.layer.5.attention.output.LayerNorm.weight]
5456.0s 1088 Loading weights:  45%|████▍     | 88/197 [00:00<00:00, 1446.89it/s, Materializing param=encoder.layer.5.attention.output.dense.bias]
5456.0s 1089 Loading weights:  45%|████▍     | 88/197 [00:00<00:00, 1444.57it/s, Materializing param=encoder.layer.5.attention.output.dense.bias]
5456.0s 1090 Loading weights:  45%|████▌     | 89/197 [00:00<00:00, 1454.58it/s, Materializing param=encoder.layer.5.attention.output.dense.weight]
5456.0s 1091 Loading weights:  45%|████▌     | 89/197 [00:00<00:00, 1429.81it/s, Materializing param=encoder.layer.5.attention.output.dense.weight]
5456.0s 1092 Loading weights:  46%|████▌     | 90/197 [00:00<00:00, 1438.82it/s, Materializing param=encoder.layer.5.attention.self.key.bias]
5456.0s 1093 Loading weights:  46%|████▌     | 90/197 [00:00<00:00, 1426.40it/s, Materializing param=encoder.layer.5.attention.self.key.bias]
5456.0s 1094 Loading weights:  46%|████▌     | 91/197 [00:00<00:00, 1435.61it/s, Materializing param=encoder.layer.5.attention.self.key.weight]
5456.0s 1095 Loading weights:  46%|████▌     | 91/197 [00:00<00:00, 1433.48it/s, Materializing param=encoder.layer.5.attention.self.key.weight]
5456.0s 1096 Loading weights:  47%|████▋     | 92/197 [00:00<00:00, 1443.69it/s, Materializing param=encoder.layer.5.attention.self.query.bias]
5456.0s 1097 Loading weights:  47%|████▋     | 92/197 [00:00<00:00, 1441.55it/s, Materializing param=encoder.layer.5.attention.self.query.bias]
5456.0s 1098 Loading weights:  47%|████▋     | 93/197 [00:00<00:00, 1450.98it/s, Materializing param=encoder.layer.5.attention.self.query.weight]
5456.0s 1099 Loading weights:  47%|████▋     | 93/197 [00:00<00:00, 1447.55it/s, Materializing param=encoder.layer.5.attention.self.query.weight]
5456.0s 1100 Loading weights:  48%|████▊     | 94/197 [00:00<00:00, 1456.02it/s, Materializing param=encoder.layer.5.attention.self.value.bias]
5456.0s 1101 Loading weights:  48%|████▊     | 94/197 [00:00<00:00, 1453.65it/s, Materializing param=encoder.layer.5.attention.self.value.bias]
5456.0s 1102 Loading weights:  48%|████▊     | 95/197 [00:00<00:00, 1459.09it/s, Materializing param=encoder.layer.5.attention.self.value.weight]
5456.0s 1103 Loading weights:  48%|████▊     | 95/197 [00:00<00:00, 1455.98it/s, Materializing param=encoder.layer.5.attention.self.value.weight]
5456.0s 1104 Loading weights:  49%|████▊     | 96/197 [00:00<00:00, 1464.92it/s, Materializing param=encoder.layer.5.intermediate.dense.bias]
5456.0s 1105 Loading weights:  49%|████▊     | 96/197 [00:00<00:00, 1462.26it/s, Materializing param=encoder.layer.5.intermediate.dense.bias]
5456.0s 1106 Loading weights:  49%|████▉     | 97/197 [00:00<00:00, 1457.12it/s, Materializing param=encoder.layer.5.intermediate.dense.weight]
5456.0s 1107 Loading weights:  49%|████▉     | 97/197 [00:00<00:00, 1451.28it/s, Materializing param=encoder.layer.5.intermediate.dense.weight]
5456.0s 1108 Loading weights:  50%|████▉     | 98/197 [00:00<00:00, 1455.28it/s, Materializing param=encoder.layer.5.output.LayerNorm.bias]
5456.0s 1109 Loading weights:  50%|████▉     | 98/197 [00:00<00:00, 1453.30it/s, Materializing param=encoder.layer.5.output.LayerNorm.bias]
5456.0s 1110 Loading weights:  50%|█████     | 99/197 [00:00<00:00, 1460.75it/s, Materializing param=encoder.layer.5.output.LayerNorm.weight]
5456.0s 1111 Loading weights:  50%|█████     | 99/197 [00:00<00:00, 1447.86it/s, Materializing param=encoder.layer.5.output.LayerNorm.weight]
5456.0s 1112 Loading weights:  51%|█████     | 100/197 [00:00<00:00, 1457.42it/s, Materializing param=encoder.layer.5.output.dense.bias]
5456.0s 1113 Loading weights:  51%|█████     | 100/197 [00:00<00:00, 1455.53it/s, Materializing param=encoder.layer.5.output.dense.bias]
5456.0s 1114 Loading weights:  51%|█████▏    | 101/197 [00:00<00:00, 1465.54it/s, Materializing param=encoder.layer.5.output.dense.weight]
5456.0s 1115 Loading weights:  51%|█████▏    | 101/197 [00:00<00:00, 1463.66it/s, Materializing param=encoder.layer.5.output.dense.weight]
5456.0s 1116 Loading weights:  52%|█████▏    | 102/197 [00:00<00:00, 1464.07it/s, Materializing param=encoder.layer.6.attention.output.LayerNorm.bias]
5456.0s 1117 Loading weights:  52%|█████▏    | 102/197 [00:00<00:00, 1455.45it/s, Materializing param=encoder.layer.6.attention.output.LayerNorm.bias]
5456.0s 1118 Loading weights:  52%|█████▏    | 103/197 [00:00<00:00, 1462.93it/s, Materializing param=encoder.layer.6.attention.output.LayerNorm.weight]
5456.0s 1119 Loading weights:  52%|█████▏    | 103/197 [00:00<00:00, 1460.96it/s, Materializing param=encoder.layer.6.attention.output.LayerNorm.weight]
5456.0s 1120 Loading weights:  53%|█████▎    | 104/197 [00:00<00:00, 1470.38it/s, Materializing param=encoder.layer.6.attention.output.dense.bias]
5456.0s 1121 Loading weights:  53%|█████▎    | 104/197 [00:00<00:00, 1468.92it/s, Materializing param=encoder.layer.6.attention.output.dense.bias]
5456.0s 1122 Loading weights:  53%|█████▎    | 105/197 [00:00<00:00, 1471.39it/s, Materializing param=encoder.layer.6.attention.output.dense.weight]
5456.0s 1123 Loading weights:  53%|█████▎    | 105/197 [00:00<00:00, 1469.17it/s, Materializing param=encoder.layer.6.attention.output.dense.weight]
5456.0s 1124 Loading weights:  54%|█████▍    | 106/197 [00:00<00:00, 1474.36it/s, Materializing param=encoder.layer.6.attention.self.key.bias]
5456.0s 1125 Loading weights:  54%|█████▍    | 106/197 [00:00<00:00, 1472.46it/s, Materializing param=encoder.layer.6.attention.self.key.bias]
5456.0s 1126 Loading weights:  54%|█████▍    | 107/197 [00:00<00:00, 1465.71it/s, Materializing param=encoder.layer.6.attention.self.key.weight]
5456.0s 1127 Loading weights:  54%|█████▍    | 107/197 [00:00<00:00, 1454.99it/s, Materializing param=encoder.layer.6.attention.self.key.weight]
5456.0s 1128 Loading weights:  55%|█████▍    | 108/197 [00:00<00:00, 1459.06it/s, Materializing param=encoder.layer.6.attention.self.query.bias]
5456.0s 1129 Loading weights:  55%|█████▍    | 108/197 [00:00<00:00, 1456.31it/s, Materializing param=encoder.layer.6.attention.self.query.bias]
5456.0s 1130 Loading weights:  55%|█████▌    | 109/197 [00:00<00:00, 1464.16it/s, Materializing param=encoder.layer.6.attention.self.query.weight]
5456.0s 1131 Loading weights:  55%|█████▌    | 109/197 [00:00<00:00, 1462.22it/s, Materializing param=encoder.layer.6.attention.self.query.weight]
5456.0s 1132 Loading weights:  56%|█████▌    | 110/197 [00:00<00:00, 1455.48it/s, Materializing param=encoder.layer.6.attention.self.value.bias]
5456.0s 1133 Loading weights:  56%|█████▌    | 110/197 [00:00<00:00, 1453.35it/s, Materializing param=encoder.layer.6.attention.self.value.bias]
5456.0s 1134 Loading weights:  56%|█████▋    | 111/197 [00:00<00:00, 1454.80it/s, Materializing param=encoder.layer.6.attention.self.value.weight]
5456.0s 1135 Loading weights:  56%|█████▋    | 111/197 [00:00<00:00, 1448.14it/s, Materializing param=encoder.layer.6.attention.self.value.weight]
5456.0s 1136 Loading weights:  57%|█████▋    | 112/197 [00:00<00:00, 1454.52it/s, Materializing param=encoder.layer.6.intermediate.dense.bias]
5456.0s 1137 Loading weights:  57%|█████▋    | 112/197 [00:00<00:00, 1452.87it/s, Materializing param=encoder.layer.6.intermediate.dense.bias]
5456.0s 1138 Loading weights:  57%|█████▋    | 113/197 [00:00<00:00, 1456.90it/s, Materializing param=encoder.layer.6.intermediate.dense.weight]
5456.0s 1139 Loading weights:  57%|█████▋    | 113/197 [00:00<00:00, 1455.21it/s, Materializing param=encoder.layer.6.intermediate.dense.weight]
5456.0s 1140 Loading weights:  58%|█████▊    | 114/197 [00:00<00:00, 1460.86it/s, Materializing param=encoder.layer.6.output.LayerNorm.bias]
5456.0s 1141 Loading weights:  58%|█████▊    | 114/197 [00:00<00:00, 1459.13it/s, Materializing param=encoder.layer.6.output.LayerNorm.bias]
5456.0s 1142 Loading weights:  58%|█████▊    | 115/197 [00:00<00:00, 1465.88it/s, Materializing param=encoder.layer.6.output.LayerNorm.weight]
5456.0s 1143 Loading weights:  58%|█████▊    | 115/197 [00:00<00:00, 1464.17it/s, Materializing param=encoder.layer.6.output.LayerNorm.weight]
5456.0s 1144 Loading weights:  59%|█████▉    | 116/197 [00:00<00:00, 1459.60it/s, Materializing param=encoder.layer.6.output.dense.bias]
5456.0s 1145 Loading weights:  59%|█████▉    | 116/197 [00:00<00:00, 1457.56it/s, Materializing param=encoder.layer.6.output.dense.bias]
5456.0s 1146 Loading weights:  59%|█████▉    | 117/197 [00:00<00:00, 1465.98it/s, Materializing param=encoder.layer.6.output.dense.weight]
5456.0s 1147 Loading weights:  59%|█████▉    | 117/197 [00:00<00:00, 1464.36it/s, Materializing param=encoder.layer.6.output.dense.weight]
5456.0s 1148 Loading weights:  60%|█████▉    | 118/197 [00:00<00:00, 1472.54it/s, Materializing param=encoder.layer.7.attention.output.LayerNorm.bias]
5456.0s 1149 Loading weights:  60%|█████▉    | 118/197 [00:00<00:00, 1470.48it/s, Materializing param=encoder.layer.7.attention.output.LayerNorm.bias]
5456.0s 1150 Loading weights:  60%|██████    | 119/197 [00:00<00:00, 1475.05it/s, Materializing param=encoder.layer.7.attention.output.LayerNorm.weight]
5456.0s 1151 Loading weights:  60%|██████    | 119/197 [00:00<00:00, 1467.59it/s, Materializing param=encoder.layer.7.attention.output.LayerNorm.weight]
5456.0s 1152 Loading weights:  61%|██████    | 120/197 [00:00<00:00, 1475.01it/s, Materializing param=encoder.layer.7.attention.output.dense.bias]
5456.0s 1153 Loading weights:  61%|██████    | 120/197 [00:00<00:00, 1470.31it/s, Materializing param=encoder.layer.7.attention.output.dense.bias]
5456.0s 1154 Loading weights:  61%|██████▏   | 121/197 [00:00<00:00, 1460.69it/s, Materializing param=encoder.layer.7.attention.output.dense.weight]
5456.0s 1155 Loading weights:  61%|██████▏   | 121/197 [00:00<00:00, 1458.74it/s, Materializing param=encoder.layer.7.attention.output.dense.weight]
5456.0s 1156 Loading weights:  62%|██████▏   | 122/197 [00:00<00:00, 1453.67it/s, Materializing param=encoder.layer.7.attention.self.key.bias]
5456.0s 1157 Loading weights:  62%|██████▏   | 122/197 [00:00<00:00, 1440.62it/s, Materializing param=encoder.layer.7.attention.self.key.bias]
5456.0s 1158 Loading weights:  62%|██████▏   | 123/197 [00:00<00:00, 1442.41it/s, Materializing param=encoder.layer.7.attention.self.key.weight]
5456.0s 1159 Loading weights:  62%|██████▏   | 123/197 [00:00<00:00, 1440.44it/s, Materializing param=encoder.layer.7.attention.self.key.weight]
5456.0s 1160 Loading weights:  63%|██████▎   | 124/197 [00:00<00:00, 1447.68it/s, Materializing param=encoder.layer.7.attention.self.query.bias]
5456.0s 1161 Loading weights:  63%|██████▎   | 124/197 [00:00<00:00, 1441.94it/s, Materializing param=encoder.layer.7.attention.self.query.bias]
5456.0s 1162 Loading weights:  63%|██████▎   | 125/197 [00:00<00:00, 1446.87it/s, Materializing param=encoder.layer.7.attention.self.query.weight]
5456.0s 1163 Loading weights:  63%|██████▎   | 125/197 [00:00<00:00, 1445.14it/s, Materializing param=encoder.layer.7.attention.self.query.weight]
5456.0s 1164 Loading weights:  64%|██████▍   | 126/197 [00:00<00:00, 1450.42it/s, Materializing param=encoder.layer.7.attention.self.value.bias]
5456.0s 1165 Loading weights:  64%|██████▍   | 126/197 [00:00<00:00, 1446.49it/s, Materializing param=encoder.layer.7.attention.self.value.bias]
5456.0s 1166 Loading weights:  64%|██████▍   | 127/197 [00:00<00:00, 1454.75it/s, Materializing param=encoder.layer.7.attention.self.value.weight]
5456.0s 1167 Loading weights:  64%|██████▍   | 127/197 [00:00<00:00, 1453.67it/s, Materializing param=encoder.layer.7.attention.self.value.weight]
5456.0s 1168 Loading weights:  65%|██████▍   | 128/197 [00:00<00:00, 1463.44it/s, Materializing param=encoder.layer.7.intermediate.dense.bias]
5456.0s 1169 Loading weights:  65%|██████▍   | 128/197 [00:00<00:00, 1462.54it/s, Materializing param=encoder.layer.7.intermediate.dense.bias]
5456.0s 1170 Loading weights:  65%|██████▌   | 129/197 [00:00<00:00, 1472.35it/s, Materializing param=encoder.layer.7.intermediate.dense.weight]
5456.0s 1171 Loading weights:  65%|██████▌   | 129/197 [00:00<00:00, 1471.47it/s, Materializing param=encoder.layer.7.intermediate.dense.weight]
5456.0s 1172 Loading weights:  66%|██████▌   | 130/197 [00:00<00:00, 1481.39it/s, Materializing param=encoder.layer.7.output.LayerNorm.bias]
5456.0s 1173 Loading weights:  66%|██████▌   | 130/197 [00:00<00:00, 1480.54it/s, Materializing param=encoder.layer.7.output.LayerNorm.bias]
5456.0s 1174 Loading weights:  66%|██████▋   | 131/197 [00:00<00:00, 1490.39it/s, Materializing param=encoder.layer.7.output.LayerNorm.weight]
5456.0s 1175 Loading weights:  66%|██████▋   | 131/197 [00:00<00:00, 1489.54it/s, Materializing param=encoder.layer.7.output.LayerNorm.weight]
5456.0s 1176 Loading weights:  67%|██████▋   | 132/197 [00:00<00:00, 1499.40it/s, Materializing param=encoder.layer.7.output.dense.bias]
5456.0s 1177 Loading weights:  67%|██████▋   | 132/197 [00:00<00:00, 1498.44it/s, Materializing param=encoder.layer.7.output.dense.bias]
5456.0s 1178 Loading weights:  68%|██████▊   | 133/197 [00:00<00:00, 1507.98it/s, Materializing param=encoder.layer.7.output.dense.weight]
5456.0s 1179 Loading weights:  68%|██████▊   | 133/197 [00:00<00:00, 1507.10it/s, Materializing param=encoder.layer.7.output.dense.weight]
5456.0s 1180 Loading weights:  68%|██████▊   | 134/197 [00:00<00:00, 1516.93it/s, Materializing param=encoder.layer.8.attention.output.LayerNorm.bias]
5456.0s 1181 Loading weights:  68%|██████▊   | 134/197 [00:00<00:00, 1516.08it/s, Materializing param=encoder.layer.8.attention.output.LayerNorm.bias]
5456.0s 1182 Loading weights:  69%|██████▊   | 135/197 [00:00<00:00, 1525.85it/s, Materializing param=encoder.layer.8.attention.output.LayerNorm.weight]
5456.0s 1183 Loading weights:  69%|██████▊   | 135/197 [00:00<00:00, 1524.99it/s, Materializing param=encoder.layer.8.attention.output.LayerNorm.weight]
5456.0s 1184 Loading weights:  69%|██████▉   | 136/197 [00:00<00:00, 1534.68it/s, Materializing param=encoder.layer.8.attention.output.dense.bias]
5456.0s 1185 Loading weights:  69%|██████▉   | 136/197 [00:00<00:00, 1533.81it/s, Materializing param=encoder.layer.8.attention.output.dense.bias]
5456.0s 1186 Loading weights:  70%|██████▉   | 137/197 [00:00<00:00, 1543.54it/s, Materializing param=encoder.layer.8.attention.output.dense.weight]
5456.0s 1187 Loading weights:  70%|██████▉   | 137/197 [00:00<00:00, 1542.68it/s, Materializing param=encoder.layer.8.attention.output.dense.weight]
5456.0s 1188 Loading weights:  70%|███████   | 138/197 [00:00<00:00, 1552.30it/s, Materializing param=encoder.layer.8.attention.self.key.bias]
5456.0s 1189 Loading weights:  70%|███████   | 138/197 [00:00<00:00, 1551.42it/s, Materializing param=encoder.layer.8.attention.self.key.bias]
5456.0s 1190 Loading weights:  71%|███████   | 139/197 [00:00<00:00, 1561.13it/s, Materializing param=encoder.layer.8.attention.self.key.weight]
5456.0s 1191 Loading weights:  71%|███████   | 139/197 [00:00<00:00, 1560.17it/s, Materializing param=encoder.layer.8.attention.self.key.weight]
5456.0s 1192 Loading weights:  71%|███████   | 140/197 [00:00<00:00, 1569.60it/s, Materializing param=encoder.layer.8.attention.self.query.bias]
5456.0s 1193 Loading weights:  71%|███████   | 140/197 [00:00<00:00, 1568.72it/s, Materializing param=encoder.layer.8.attention.self.query.bias]
5456.0s 1194 Loading weights:  72%|███████▏  | 141/197 [00:00<00:00, 1578.39it/s, Materializing param=encoder.layer.8.attention.self.query.weight]
5456.0s 1195 Loading weights:  72%|███████▏  | 141/197 [00:00<00:00, 1577.53it/s, Materializing param=encoder.layer.8.attention.self.query.weight]
5456.0s 1196 Loading weights:  72%|███████▏  | 142/197 [00:00<00:00, 1587.17it/s, Materializing param=encoder.layer.8.attention.self.value.bias]
5456.0s 1197 Loading weights:  72%|███████▏  | 142/197 [00:00<00:00, 1586.29it/s, Materializing param=encoder.layer.8.attention.self.value.bias]
5456.0s 1198 Loading weights:  73%|███████▎  | 143/197 [00:00<00:00, 1595.87it/s, Materializing param=encoder.layer.8.attention.self.value.weight]
5456.0s 1199 Loading weights:  73%|███████▎  | 143/197 [00:00<00:00, 1594.99it/s, Materializing param=encoder.layer.8.attention.self.value.weight]
5456.0s 1200 Loading weights:  73%|███████▎  | 144/197 [00:00<00:00, 1604.60it/s, Materializing param=encoder.layer.8.intermediate.dense.bias]
5456.0s 1201 Loading weights:  73%|███████▎  | 144/197 [00:00<00:00, 1603.73it/s, Materializing param=encoder.layer.8.intermediate.dense.bias]
5456.0s 1202 Loading weights:  74%|███████▎  | 145/197 [00:00<00:00, 1613.35it/s, Materializing param=encoder.layer.8.intermediate.dense.weight]
5456.0s 1203 Loading weights:  74%|███████▎  | 145/197 [00:00<00:00, 1612.48it/s, Materializing param=encoder.layer.8.intermediate.dense.weight]
5456.0s 1204 Loading weights:  74%|███████▍  | 146/197 [00:00<00:00, 1622.09it/s, Materializing param=encoder.layer.8.output.LayerNorm.bias]
5456.0s 1205 Loading weights:  74%|███████▍  | 146/197 [00:00<00:00, 1621.12it/s, Materializing param=encoder.layer.8.output.LayerNorm.bias]
5456.0s 1206 Loading weights:  75%|███████▍  | 147/197 [00:00<00:00, 1630.38it/s, Materializing param=encoder.layer.8.output.LayerNorm.weight]
5456.0s 1207 Loading weights:  75%|███████▍  | 147/197 [00:00<00:00, 1629.48it/s, Materializing param=encoder.layer.8.output.LayerNorm.weight]
5456.0s 1208 Loading weights:  75%|███████▌  | 148/197 [00:00<00:00, 1639.02it/s, Materializing param=encoder.layer.8.output.dense.bias]
5456.0s 1209 Loading weights:  75%|███████▌  | 148/197 [00:00<00:00, 1638.11it/s, Materializing param=encoder.layer.8.output.dense.bias]
5456.0s 1210 Loading weights:  76%|███████▌  | 149/197 [00:00<00:00, 1647.60it/s, Materializing param=encoder.layer.8.output.dense.weight]
5456.0s 1211 Loading weights:  76%|███████▌  | 149/197 [00:00<00:00, 1646.70it/s, Materializing param=encoder.layer.8.output.dense.weight]
5456.0s 1212 Loading weights:  76%|███████▌  | 150/197 [00:00<00:00, 1656.13it/s, Materializing param=encoder.layer.9.attention.output.LayerNorm.bias]
5456.0s 1213 Loading weights:  76%|███████▌  | 150/197 [00:00<00:00, 1655.21it/s, Materializing param=encoder.layer.9.attention.output.LayerNorm.bias]
5456.0s 1214 Loading weights:  77%|███████▋  | 151/197 [00:00<00:00, 1664.60it/s, Materializing param=encoder.layer.9.attention.output.LayerNorm.weight]
5456.0s 1215 Loading weights:  77%|███████▋  | 151/197 [00:00<00:00, 1663.68it/s, Materializing param=encoder.layer.9.attention.output.LayerNorm.weight]
5456.0s 1216 Loading weights:  77%|███████▋  | 152/197 [00:00<00:00, 1673.07it/s, Materializing param=encoder.layer.9.attention.output.dense.bias]
5456.0s 1217 Loading weights:  77%|███████▋  | 152/197 [00:00<00:00, 1672.14it/s, Materializing param=encoder.layer.9.attention.output.dense.bias]
5456.0s 1218 Loading weights:  78%|███████▊  | 153/197 [00:00<00:00, 1681.51it/s, Materializing param=encoder.layer.9.attention.output.dense.weight]
5456.0s 1219 Loading weights:  78%|███████▊  | 153/197 [00:00<00:00, 1680.57it/s, Materializing param=encoder.layer.9.attention.output.dense.weight]
5456.0s 1220 Loading weights:  78%|███████▊  | 154/197 [00:00<00:00, 1689.46it/s, Materializing param=encoder.layer.9.attention.self.key.bias]
5456.0s 1221 Loading weights:  78%|███████▊  | 154/197 [00:00<00:00, 1688.48it/s, Materializing param=encoder.layer.9.attention.self.key.bias]
5456.0s 1222 Loading weights:  79%|███████▊  | 155/197 [00:00<00:00, 1697.75it/s, Materializing param=encoder.layer.9.attention.self.key.weight]
5456.0s 1223 Loading weights:  79%|███████▊  | 155/197 [00:00<00:00, 1696.83it/s, Materializing param=encoder.layer.9.attention.self.key.weight]
5456.0s 1224 Loading weights:  79%|███████▉  | 156/197 [00:00<00:00, 1706.13it/s, Materializing param=encoder.layer.9.attention.self.query.bias]
5456.0s 1225 Loading weights:  79%|███████▉  | 156/197 [00:00<00:00, 1705.21it/s, Materializing param=encoder.layer.9.attention.self.query.bias]
5456.0s 1226 Loading weights:  80%|███████▉  | 157/197 [00:00<00:00, 1714.46it/s, Materializing param=encoder.layer.9.attention.self.query.weight]
5456.0s 1227 Loading weights:  80%|███████▉  | 157/197 [00:00<00:00, 1713.50it/s, Materializing param=encoder.layer.9.attention.self.query.weight]
5456.0s 1228 Loading weights:  80%|████████  | 158/197 [00:00<00:00, 1722.74it/s, Materializing param=encoder.layer.9.attention.self.value.bias]
5456.0s 1229 Loading weights:  80%|████████  | 158/197 [00:00<00:00, 1721.82it/s, Materializing param=encoder.layer.9.attention.self.value.bias]
5456.0s 1230 Loading weights:  81%|████████  | 159/197 [00:00<00:00, 1731.05it/s, Materializing param=encoder.layer.9.attention.self.value.weight]
5456.0s 1231 Loading weights:  81%|████████  | 159/197 [00:00<00:00, 1730.11it/s, Materializing param=encoder.layer.9.attention.self.value.weight]
5456.0s 1232 Loading weights:  81%|████████  | 160/197 [00:00<00:00, 1739.34it/s, Materializing param=encoder.layer.9.intermediate.dense.bias]
5456.0s 1233 Loading weights:  81%|████████  | 160/197 [00:00<00:00, 1738.40it/s, Materializing param=encoder.layer.9.intermediate.dense.bias]
5456.0s 1234 Loading weights:  82%|████████▏ | 161/197 [00:00<00:00, 1747.26it/s, Materializing param=encoder.layer.9.intermediate.dense.weight]
5456.0s 1235 Loading weights:  82%|████████▏ | 161/197 [00:00<00:00, 1746.29it/s, Materializing param=encoder.layer.9.intermediate.dense.weight]
5456.0s 1236 Loading weights:  82%|████████▏ | 162/197 [00:00<00:00, 1755.46it/s, Materializing param=encoder.layer.9.output.LayerNorm.bias]
5456.0s 1237 Loading weights:  82%|████████▏ | 162/197 [00:00<00:00, 1754.52it/s, Materializing param=encoder.layer.9.output.LayerNorm.bias]
5456.0s 1238 Loading weights:  83%|████████▎ | 163/197 [00:00<00:00, 1763.71it/s, Materializing param=encoder.layer.9.output.LayerNorm.weight]
5456.0s 1239 Loading weights:  83%|████████▎ | 163/197 [00:00<00:00, 1762.79it/s, Materializing param=encoder.layer.9.output.LayerNorm.weight]
5456.0s 1240 Loading weights:  83%|████████▎ | 164/197 [00:00<00:00, 1772.00it/s, Materializing param=encoder.layer.9.output.dense.bias]
5456.0s 1241 Loading weights:  83%|████████▎ | 164/197 [00:00<00:00, 1771.02it/s, Materializing param=encoder.layer.9.output.dense.bias]
5456.0s 1242 Loading weights:  84%|████████▍ | 165/197 [00:00<00:00, 1780.16it/s, Materializing param=encoder.layer.9.output.dense.weight]
5456.0s 1243 Loading weights:  84%|████████▍ | 165/197 [00:00<00:00, 1779.24it/s, Materializing param=encoder.layer.9.output.dense.weight]
5456.0s 1244 Loading weights:  84%|████████▍ | 166/197 [00:00<00:00, 1788.39it/s, Materializing param=encoder.layer.10.attention.output.LayerNorm.bias]
5456.0s 1245 Loading weights:  84%|████████▍ | 166/197 [00:00<00:00, 1787.43it/s, Materializing param=encoder.layer.10.attention.output.LayerNorm.bias]
5456.0s 1246 Loading weights:  85%|████████▍ | 167/197 [00:00<00:00, 1796.50it/s, Materializing param=encoder.layer.10.attention.output.LayerNorm.weight]
5456.0s 1247 Loading weights:  85%|████████▍ | 167/197 [00:00<00:00, 1795.51it/s, Materializing param=encoder.layer.10.attention.output.LayerNorm.weight]
5456.0s 1248 Loading weights:  85%|████████▌ | 168/197 [00:00<00:00, 1804.40it/s, Materializing param=encoder.layer.10.attention.output.dense.bias]
5456.0s 1249 Loading weights:  85%|████████▌ | 168/197 [00:00<00:00, 1803.18it/s, Materializing param=encoder.layer.10.attention.output.dense.bias]
5456.0s 1250 Loading weights:  86%|████████▌ | 169/197 [00:00<00:00, 1812.13it/s, Materializing param=encoder.layer.10.attention.output.dense.weight]
5456.0s 1251 Loading weights:  86%|████████▌ | 169/197 [00:00<00:00, 1811.15it/s, Materializing param=encoder.layer.10.attention.output.dense.weight]
5456.0s 1252 Loading weights:  86%|████████▋ | 170/197 [00:00<00:00, 1820.15it/s, Materializing param=encoder.layer.10.attention.self.key.bias]
5456.0s 1253 Loading weights:  86%|████████▋ | 170/197 [00:00<00:00, 1819.19it/s, Materializing param=encoder.layer.10.attention.self.key.bias]
5456.0s 1254 Loading weights:  87%|████████▋ | 171/197 [00:00<00:00, 1828.19it/s, Materializing param=encoder.layer.10.attention.self.key.weight]
5456.0s 1255 Loading weights:  87%|████████▋ | 171/197 [00:00<00:00, 1827.16it/s, Materializing param=encoder.layer.10.attention.self.key.weight]
5456.0s 1256 Loading weights:  87%|████████▋ | 172/197 [00:00<00:00, 1835.73it/s, Materializing param=encoder.layer.10.attention.self.query.bias]
5456.0s 1257 Loading weights:  87%|████████▋ | 172/197 [00:00<00:00, 1834.72it/s, Materializing param=encoder.layer.10.attention.self.query.bias]
5456.0s 1258 Loading weights:  88%|████████▊ | 173/197 [00:00<00:00, 1843.59it/s, Materializing param=encoder.layer.10.attention.self.query.weight]
5456.0s 1259 Loading weights:  88%|████████▊ | 173/197 [00:00<00:00, 1842.56it/s, Materializing param=encoder.layer.10.attention.self.query.weight]
5456.0s 1260 Loading weights:  88%|████████▊ | 174/197 [00:00<00:00, 1851.37it/s, Materializing param=encoder.layer.10.attention.self.value.bias]
5456.0s 1261 Loading weights:  88%|████████▊ | 174/197 [00:00<00:00, 1850.34it/s, Materializing param=encoder.layer.10.attention.self.value.bias]
5456.0s 1262 Loading weights:  89%|████████▉ | 175/197 [00:00<00:00, 1858.74it/s, Materializing param=encoder.layer.10.attention.self.value.weight]
5456.0s 1263 Loading weights:  89%|████████▉ | 175/197 [00:00<00:00, 1857.66it/s, Materializing param=encoder.layer.10.attention.self.value.weight]
5456.0s 1264 Loading weights:  89%|████████▉ | 176/197 [00:00<00:00, 1866.45it/s, Materializing param=encoder.layer.10.intermediate.dense.bias]
5456.0s 1265 Loading weights:  89%|████████▉ | 176/197 [00:00<00:00, 1865.42it/s, Materializing param=encoder.layer.10.intermediate.dense.bias]
5456.0s 1266 Loading weights:  90%|████████▉ | 177/197 [00:00<00:00, 1874.22it/s, Materializing param=encoder.layer.10.intermediate.dense.weight]
5456.0s 1267 Loading weights:  90%|████████▉ | 177/197 [00:00<00:00, 1873.19it/s, Materializing param=encoder.layer.10.intermediate.dense.weight]
5456.0s 1268 Loading weights:  90%|█████████ | 178/197 [00:00<00:00, 1881.98it/s, Materializing param=encoder.layer.10.output.LayerNorm.bias]
5456.0s 1269 Loading weights:  90%|█████████ | 178/197 [00:00<00:00, 1880.96it/s, Materializing param=encoder.layer.10.output.LayerNorm.bias]
5456.0s 1270 Loading weights:  91%|█████████ | 179/197 [00:00<00:00, 1889.73it/s, Materializing param=encoder.layer.10.output.LayerNorm.weight]
5456.0s 1271 Loading weights:  91%|█████████ | 179/197 [00:00<00:00, 1888.37it/s, Materializing param=encoder.layer.10.output.LayerNorm.weight]
5456.0s 1272 Loading weights:  91%|█████████▏| 180/197 [00:00<00:00, 1897.22it/s, Materializing param=encoder.layer.10.output.dense.bias]
5456.0s 1273 Loading weights:  91%|█████████▏| 180/197 [00:00<00:00, 1896.25it/s, Materializing param=encoder.layer.10.output.dense.bias]
5456.0s 1274 Loading weights:  92%|█████████▏| 181/197 [00:00<00:00, 1905.08it/s, Materializing param=encoder.layer.10.output.dense.weight]
5456.0s 1275 Loading weights:  92%|█████████▏| 181/197 [00:00<00:00, 1904.01it/s, Materializing param=encoder.layer.10.output.dense.weight]
5456.0s 1276 Loading weights:  92%|█████████▏| 182/197 [00:00<00:00, 1912.53it/s, Materializing param=encoder.layer.11.attention.output.LayerNorm.bias]
5456.0s 1277 Loading weights:  92%|█████████▏| 182/197 [00:00<00:00, 1911.48it/s, Materializing param=encoder.layer.11.attention.output.LayerNorm.bias]
5456.0s 1278 Loading weights:  93%|█████████▎| 183/197 [00:00<00:00, 1920.17it/s, Materializing param=encoder.layer.11.attention.output.LayerNorm.weight]
5456.0s 1279 Loading weights:  93%|█████████▎| 183/197 [00:00<00:00, 1919.15it/s, Materializing param=encoder.layer.11.attention.output.LayerNorm.weight]
5456.0s 1280 Loading weights:  93%|█████████▎| 184/197 [00:00<00:00, 1927.84it/s, Materializing param=encoder.layer.11.attention.output.dense.bias]
5456.0s 1281 Loading weights:  93%|█████████▎| 184/197 [00:00<00:00, 1926.84it/s, Materializing param=encoder.layer.11.attention.output.dense.bias]
5456.0s 1282 Loading weights:  94%|█████████▍| 185/197 [00:00<00:00, 1935.53it/s, Materializing param=encoder.layer.11.attention.output.dense.weight]
5456.0s 1283 Loading weights:  94%|█████████▍| 185/197 [00:00<00:00, 1934.52it/s, Materializing param=encoder.layer.11.attention.output.dense.weight]
5456.0s 1284 Loading weights:  94%|█████████▍| 186/197 [00:00<00:00, 1943.22it/s, Materializing param=encoder.layer.11.attention.self.key.bias]
5456.0s 1285 Loading weights:  94%|█████████▍| 186/197 [00:00<00:00, 1942.22it/s, Materializing param=encoder.layer.11.attention.self.key.bias]
5456.0s 1286 Loading weights:  95%|█████████▍| 187/197 [00:00<00:00, 1950.89it/s, Materializing param=encoder.layer.11.attention.self.key.weight]
5456.0s 1287 Loading weights:  95%|█████████▍| 187/197 [00:00<00:00, 1949.89it/s, Materializing param=encoder.layer.11.attention.self.key.weight]
5456.0s 1288 Loading weights:  95%|█████████▌| 188/197 [00:00<00:00, 1958.54it/s, Materializing param=encoder.layer.11.attention.self.query.bias]
5456.0s 1289 Loading weights:  95%|█████████▌| 188/197 [00:00<00:00, 1957.56it/s, Materializing param=encoder.layer.11.attention.self.query.bias]
5456.0s 1290 Loading weights:  96%|█████████▌| 189/197 [00:00<00:00, 1965.72it/s, Materializing param=encoder.layer.11.attention.self.query.weight]
5456.0s 1291 Loading weights:  96%|█████████▌| 189/197 [00:00<00:00, 1964.66it/s, Materializing param=encoder.layer.11.attention.self.query.weight]
5456.0s 1292 Loading weights:  96%|█████████▋| 190/197 [00:00<00:00, 1973.18it/s, Materializing param=encoder.layer.11.attention.self.value.bias]
5456.0s 1293 Loading weights:  96%|█████████▋| 190/197 [00:00<00:00, 1972.17it/s, Materializing param=encoder.layer.11.attention.self.value.bias]
5456.0s 1294 Loading weights:  97%|█████████▋| 191/197 [00:00<00:00, 1980.76it/s, Materializing param=encoder.layer.11.attention.self.value.weight]
5456.0s 1295 Loading weights:  97%|█████████▋| 191/197 [00:00<00:00, 1979.76it/s, Materializing param=encoder.layer.11.attention.self.value.weight]
5456.0s 1296 Loading weights:  97%|█████████▋| 192/197 [00:00<00:00, 1988.36it/s, Materializing param=encoder.layer.11.intermediate.dense.bias]
5456.0s 1297 Loading weights:  97%|█████████▋| 192/197 [00:00<00:00, 1987.36it/s, Materializing param=encoder.layer.11.intermediate.dense.bias]
5456.0s 1298 Loading weights:  98%|█████████▊| 193/197 [00:00<00:00, 1995.96it/s, Materializing param=encoder.layer.11.intermediate.dense.weight]
5456.0s 1299 Loading weights:  98%|█████████▊| 193/197 [00:00<00:00, 1994.95it/s, Materializing param=encoder.layer.11.intermediate.dense.weight]
5456.0s 1300 Loading weights:  98%|█████████▊| 194/197 [00:00<00:00, 2003.51it/s, Materializing param=encoder.layer.11.output.LayerNorm.bias]
5456.0s 1301 Loading weights:  98%|█████████▊| 194/197 [00:00<00:00, 2002.49it/s, Materializing param=encoder.layer.11.output.LayerNorm.bias]
5456.0s 1302 Loading weights:  99%|█████████▉| 195/197 [00:00<00:00, 2011.03it/s, Materializing param=encoder.layer.11.output.LayerNorm.weight]
5456.0s 1303 Loading weights:  99%|█████████▉| 195/197 [00:00<00:00, 2010.03it/s, Materializing param=encoder.layer.11.output.LayerNorm.weight]
5456.0s 1304 Loading weights:  99%|█████████▉| 196/197 [00:00<00:00, 2018.39it/s, Materializing param=encoder.layer.11.output.dense.bias]
5456.0s 1305 Loading weights:  99%|█████████▉| 196/197 [00:00<00:00, 2017.11it/s, Materializing param=encoder.layer.11.output.dense.bias]
5456.0s 1306 Loading weights: 100%|██████████| 197/197 [00:00<00:00, 2025.55it/s, Materializing param=encoder.layer.11.output.dense.weight]
5456.0s 1307 Loading weights: 100%|██████████| 197/197 [00:00<00:00, 2024.56it/s, Materializing param=encoder.layer.11.output.dense.weight]
5456.0s 1308 Loading weights: 100%|██████████| 197/197 [00:00<00:00, 2022.22it/s, Materializing param=encoder.layer.11.output.dense.weight]
5456.0s 1309 BertModel LOAD REPORT from: artifacts/runs/tapt-task-a-train85
5456.0s 1310 Key                                        | Status     |
5456.0s 1311 -------------------------------------------+------------+-
5456.0s 1312 cls.predictions.decoder.weight             | UNEXPECTED |
5456.0s 1313 cls.predictions.transform.dense.weight     | UNEXPECTED |
5456.0s 1314 cls.predictions.bias                       | UNEXPECTED |
5456.0s 1315 cls.predictions.transform.LayerNorm.bias   | UNEXPECTED |
5456.0s 1316 cls.predictions.decoder.bias               | UNEXPECTED |
5456.0s 1317 cls.predictions.transform.dense.bias       | UNEXPECTED |
5456.0s 1318 cls.predictions.transform.LayerNorm.weight | UNEXPECTED |
5456.0s 1319 pooler.dense.bias                          | MISSING    |
5456.0s 1320 pooler.dense.weight                        | MISSING    |
5456.0s 1321 
5456.0s 1322 Notes:
5456.0s 1323 - UNEXPECTED	:can be ignored when loading from different task/architecture; not ok if you expect identical arch.
5456.0s 1324 - MISSING	:those params were newly initialized because missing from the checkpoint. Consider training on your downstream task.
5589.4s 1325 [s42holdout] ep1 340/680 loss 0.3701 val 0.7585 * (0.39s/step)
5726.6s 1326 [s42holdout] ep1 680/680 loss 0.6557 val 0.7731 * (0.40s/step)
5726.6s 1327 [s42holdout] ep1 done 4.5min  best 0.7731
5860.9s 1328 [s42holdout] ep2 340/680 loss 0.8049 val 0.7773 * (0.39s/step)
5994.2s 1329 [s42holdout] ep2 680/680 loss 0.3301 val 0.7793 * (0.39s/step)
5994.2s 1330 [s42holdout] ep2 done 4.5min  best 0.7793
6128.3s 1331 [s42holdout] ep3 340/680 loss 0.4415 val 0.7824 * (0.39s/step)
6264.5s 1332 [s42holdout] ep3 680/680 loss 0.3361 val 0.7866 * (0.40s/step)
6264.5s 1333 [s42holdout] ep3 done 4.5min  best 0.7866
6403.0s 1334 [s42holdout] ep4 340/680 loss 0.4728 val 0.7949 * (0.41s/step)
6528.3s 1335 [s42holdout] ep4 680/680 loss 0.3488 val 0.7949 (0.39s/step)
6528.3s 1336 [s42holdout] ep4 done 4.4min  best 0.7949
6664.1s 1337 [s42holdout] ep5 340/680 loss 0.3731 val 0.7970 * (0.40s/step)
6797.6s 1338 [s42holdout] ep5 680/680 loss 0.4202 val 0.8011 * (0.40s/step)
6797.6s 1339 [s42holdout] ep5 done 4.5min  best 0.8011
6931.3s 1340 [s42holdout] ep6 340/680 loss 0.3276 val 0.8043 * (0.39s/step)
7066.5s 1341 [s42holdout] ep6 680/680 loss 0.3880 val 0.8053 * (0.40s/step)
7066.5s 1342 [s42holdout] ep6 done 4.5min  best 0.8053
7066.5s 1343 [s42holdout] best 0.8053  last 0.8053  (selected: last)
7066.5s 1344 wrote /kaggle/working/hastika/artifacts/runs/task_a_muril_tapt/predictions.csv (threshold 0.500)
7067.5s 1345 both classifier arms completed
7068.4s 1346 Traceback (most recent call last):
7068.4s 1347 File "<string>", line 1, in <module>
7068.4s 1348 File "/usr/local/lib/python3.12/dist-packages/papermill/execute.py", line 131, in execute_notebook
7068.4s 1349 raise_for_execution_errors(nb, output_path)
7068.4s 1350 File "/usr/local/lib/python3.12/dist-packages/papermill/execute.py", line 251, in raise_for_execution_errors
7068.4s 1351 raise error
7068.4s 1352 papermill.exceptions.PapermillExecutionError:
7068.4s 1353 ---------------------------------------------------------------------------
7068.4s 1354 Exception encountered at "In [5]":
7068.4s 1355 ---------------------------------------------------------------------------
7068.4s 1356 AssertionError                            Traceback (most recent call last)
7068.4s 1357 /tmp/ipykernel_24/3921464794.py in <cell line: 0>()
7068.4s 1358 3     text = pathlib.Path(f"artifacts/logs/{tag}.log").read_text()
7068.4s 1359 4     scores = re.findall(r"holdout macro-F1 ([0-9.]+)", text)
7068.4s 1360 ----> 5     assert scores, f"no holdout score found for {tag}"
7068.4s 1361 6     records.append({"run": tag, "last_macro_f1": float(scores[0]),
7068.4s 1362 7                     "best_macro_f1": float(scores[1]) if len(scores) > 1 else None})
7068.4s 1363 
7068.4s 1364 AssertionError: no holdout score found for task_a_muril_control
7068.4s 1365 
7070.5s 1366 /usr/local/lib/python3.12/dist-packages/mistune.py:435: SyntaxWarning: invalid escape sequence '\|'
7070.5s 1367 cells[i][c] = re.sub('\\\\\|', '|', cell)
7070.7s 1368 /usr/local/lib/python3.12/dist-packages/nbconvert/filters/filter_links.py:36: SyntaxWarning: invalid escape sequence '\_'
7070.7s 1369 text = re.sub(r'_', '\_', text) # Escape underscores in display text
7071.3s 1370 [NbConvertApp] Converting notebook __notebook__.ipynb to notebook
7071.6s 1371 [NbConvertApp] Writing 200959 bytes to __notebook__.ipynb
7073.9s 1372 [NbConvertApp] Converting notebook __notebook__.ipynb to html
7074.8s 1373 [NbConvertApp] Writing 486304 bytes to __results__.html