7.4s 1 0.00s - Debugger warning: It seems that frozen modules are being used, which may
7.4s 2 0.00s - make the debugger miss breakpoints. Please pass -Xfrozen_modules=off
7.4s 3 0.00s - to python to disable frozen modules.
7.4s 4 0.00s - Note: Debugging will proceed. Set PYDEVD_DISABLE_FILE_VALIDATION=1 to disable this validation.
8.0s 5 0.00s - Debugger warning: It seems that frozen modules are being used, which may
8.0s 6 0.00s - make the debugger miss breakpoints. Please pass -Xfrozen_modules=off
8.0s 7 0.00s - to python to disable frozen modules.
8.0s 8 0.00s - Note: Debugging will proceed. Set PYDEVD_DISABLE_FILE_VALIDATION=1 to disable this validation.
10.2s 9 d70b00e exp: add Task A TAPT MuRIL notebook
10.4s 10 repo: /kaggle/working/hastika
10.4s 11 d70b00e exp: add Task A TAPT MuRIL notebook
13.0s 12 ━━━━━━━━━━━━━━━━━━━━━━━━━━━━━━━━━━━━━━━━ 44.8/44.8 kB 1.2 MB/s eta 0:00:00
13.2s 13 ━━━━━━━━━━━━━━━━━━━━━━━━━━━━━━━━━━━━━━━━ 44.8/44.8 kB 1.2 MB/s eta 0:00:00
19.7s 14 gpu: Tesla T4
19.7s 15 $ /usr/bin/python3 -u -m hastika.models.baseline_svm --task a --tag task_a_svm_demojized --demojize
23.1s 16 dedupe task A: 6446 -> 6401 rows (39 duplicate, 6 in label-conflict groups)
30.6s 17 task A  5-fold OOF  macro-F1 0.8073  acc 0.8074  (proba=calibrated)
30.6s 18 precision    recall  f1-score   support
30.6s 19 
30.6s 20 Non-Hate      0.807     0.817     0.812      3260
30.6s 21 Hate      0.808     0.797     0.802      3141
30.6s 22 
30.6s 23 accuracy                          0.807      6401
30.6s 24 macro avg      0.807     0.807     0.807      6401
30.6s 25 weighted avg      0.807     0.807     0.807      6401
30.6s 26 
32.3s 27 wrote /kaggle/working/hastika/artifacts/runs/task_a_svm_demojized/  ({'Non-Hate': 418, 'Hate': 388})
32.3s 28 $ /usr/bin/python3 -u -m hastika.models.muril --tag task_a_muril_oof --folds 5 --seeds 42 --epochs 6
54.2s 29 device=cuda (Tesla T4) model=google/muril-base-cased pooling=meanmax fgm=True ema=True rdrop=0.0 reinit=2 seeds=[42] external=-
54.5s 30 dedupe task A: 6446 -> 6401 rows (39 duplicate, 6 in label-conflict groups)
55.4s 31 Warning: You are sending unauthenticated requests to the HF Hub. Please set a HF_TOKEN to enable higher rate limits and faster downloads.
56.4s 32 ===== seed 42 fold 1/5 =====
66.4s 33 
66.4s 34 Loading weights:   0%|          | 0/199 [00:00<?, ?it/s]
66.4s 35 Loading weights:   1%|          | 1/199 [00:00<00:00, 9554.22it/s, Materializing param=embeddings.LayerNorm.bias]
66.4s 36 Loading weights:   1%|          | 1/199 [00:00<00:00, 3297.41it/s, Materializing param=embeddings.LayerNorm.bias]
66.4s 37 Loading weights:   1%|          | 2/199 [00:00<00:00, 3419.73it/s, Materializing param=embeddings.LayerNorm.weight]
66.4s 38 Loading weights:   1%|          | 2/199 [00:00<00:00, 2770.35it/s, Materializing param=embeddings.LayerNorm.weight]
66.4s 39 Loading weights:   2%|▏         | 3/199 [00:00<00:00, 3078.76it/s, Materializing param=embeddings.position_embeddings.weight]
66.4s 40 Loading weights:   2%|▏         | 3/199 [00:00<00:00, 2725.34it/s, Materializing param=embeddings.position_embeddings.weight]
66.4s 41 Loading weights:   2%|▏         | 4/199 [00:00<00:00, 1089.50it/s, Materializing param=embeddings.token_type_embeddings.weight]
66.4s 42 Loading weights:   2%|▏         | 4/199 [00:00<00:00, 939.85it/s, Materializing param=embeddings.token_type_embeddings.weight]
66.4s 43 Loading weights:   3%|▎         | 5/199 [00:00<00:00, 849.46it/s, Materializing param=embeddings.word_embeddings.weight]
66.4s 44 Loading weights:   3%|▎         | 5/199 [00:00<00:00, 809.21it/s, Materializing param=embeddings.word_embeddings.weight]
66.4s 45 Loading weights:   3%|▎         | 6/199 [00:00<00:00, 918.13it/s, Materializing param=encoder.layer.0.attention.output.LayerNorm.bias]
66.4s 46 Loading weights:   3%|▎         | 6/199 [00:00<00:00, 858.11it/s, Materializing param=encoder.layer.0.attention.output.LayerNorm.bias]
66.4s 47 Loading weights:   4%|▎         | 7/199 [00:00<00:00, 959.29it/s, Materializing param=encoder.layer.0.attention.output.LayerNorm.weight]
66.4s 48 Loading weights:   4%|▎         | 7/199 [00:00<00:00, 942.03it/s, Materializing param=encoder.layer.0.attention.output.LayerNorm.weight]
66.4s 49 Loading weights:   4%|▍         | 8/199 [00:00<00:00, 952.03it/s, Materializing param=encoder.layer.0.attention.output.dense.bias]
66.4s 50 Loading weights:   4%|▍         | 8/199 [00:00<00:00, 925.15it/s, Materializing param=encoder.layer.0.attention.output.dense.bias]
66.4s 51 Loading weights:   5%|▍         | 9/199 [00:00<00:00, 914.68it/s, Materializing param=encoder.layer.0.attention.output.dense.weight]
66.4s 52 Loading weights:   5%|▍         | 9/199 [00:00<00:00, 898.69it/s, Materializing param=encoder.layer.0.attention.output.dense.weight]
66.4s 53 Loading weights:   5%|▌         | 10/199 [00:00<00:00, 942.54it/s, Materializing param=encoder.layer.0.attention.self.key.bias]
66.4s 54 Loading weights:   5%|▌         | 10/199 [00:00<00:00, 922.17it/s, Materializing param=encoder.layer.0.attention.self.key.bias]
66.4s 55 Loading weights:   6%|▌         | 11/199 [00:00<00:00, 970.92it/s, Materializing param=encoder.layer.0.attention.self.key.weight]
66.4s 56 Loading weights:   6%|▌         | 11/199 [00:00<00:00, 955.70it/s, Materializing param=encoder.layer.0.attention.self.key.weight]
66.4s 57 Loading weights:   6%|▌         | 12/199 [00:00<00:00, 1013.38it/s, Materializing param=encoder.layer.0.attention.self.query.bias]
66.4s 58 Loading weights:   6%|▌         | 12/199 [00:00<00:00, 996.73it/s, Materializing param=encoder.layer.0.attention.self.query.bias]
66.4s 59 Loading weights:   7%|▋         | 13/199 [00:00<00:00, 1054.99it/s, Materializing param=encoder.layer.0.attention.self.query.weight]
66.4s 60 Loading weights:   7%|▋         | 13/199 [00:00<00:00, 1046.62it/s, Materializing param=encoder.layer.0.attention.self.query.weight]
66.4s 61 Loading weights:   7%|▋         | 14/199 [00:00<00:00, 1110.00it/s, Materializing param=encoder.layer.0.attention.self.value.bias]
66.4s 62 Loading weights:   7%|▋         | 14/199 [00:00<00:00, 1090.20it/s, Materializing param=encoder.layer.0.attention.self.value.bias]
66.4s 63 Loading weights:   8%|▊         | 15/199 [00:00<00:00, 1151.10it/s, Materializing param=encoder.layer.0.attention.self.value.weight]
66.4s 64 Loading weights:   8%|▊         | 15/199 [00:00<00:00, 1143.71it/s, Materializing param=encoder.layer.0.attention.self.value.weight]
66.4s 65 Loading weights:   8%|▊         | 16/199 [00:00<00:00, 1201.29it/s, Materializing param=encoder.layer.0.intermediate.dense.bias]
66.4s 66 Loading weights:   8%|▊         | 16/199 [00:00<00:00, 1192.45it/s, Materializing param=encoder.layer.0.intermediate.dense.bias]
66.4s 67 Loading weights:   9%|▊         | 17/199 [00:00<00:00, 1249.62it/s, Materializing param=encoder.layer.0.intermediate.dense.weight]
66.4s 68 Loading weights:   9%|▊         | 17/199 [00:00<00:00, 1238.89it/s, Materializing param=encoder.layer.0.intermediate.dense.weight]
66.4s 69 Loading weights:   9%|▉         | 18/199 [00:00<00:00, 1295.09it/s, Materializing param=encoder.layer.0.output.LayerNorm.bias]
66.4s 70 Loading weights:   9%|▉         | 18/199 [00:00<00:00, 1287.56it/s, Materializing param=encoder.layer.0.output.LayerNorm.bias]
66.4s 71 Loading weights:  10%|▉         | 19/199 [00:00<00:00, 1341.95it/s, Materializing param=encoder.layer.0.output.LayerNorm.weight]
66.4s 72 Loading weights:  10%|▉         | 19/199 [00:00<00:00, 1334.38it/s, Materializing param=encoder.layer.0.output.LayerNorm.weight]
66.4s 73 Loading weights:  10%|█         | 20/199 [00:00<00:00, 1385.40it/s, Materializing param=encoder.layer.0.output.dense.bias]
66.4s 74 Loading weights:  10%|█         | 20/199 [00:00<00:00, 1377.28it/s, Materializing param=encoder.layer.0.output.dense.bias]
66.4s 75 Loading weights:  11%|█         | 21/199 [00:00<00:00, 1429.16it/s, Materializing param=encoder.layer.0.output.dense.weight]
66.4s 76 Loading weights:  11%|█         | 21/199 [00:00<00:00, 1421.57it/s, Materializing param=encoder.layer.0.output.dense.weight]
66.4s 77 Loading weights:  11%|█         | 22/199 [00:00<00:00, 1472.55it/s, Materializing param=encoder.layer.1.attention.output.LayerNorm.bias]
66.4s 78 Loading weights:  11%|█         | 22/199 [00:00<00:00, 1464.82it/s, Materializing param=encoder.layer.1.attention.output.LayerNorm.bias]
66.4s 79 Loading weights:  12%|█▏        | 23/199 [00:00<00:00, 1512.98it/s, Materializing param=encoder.layer.1.attention.output.LayerNorm.weight]
66.4s 80 Loading weights:  12%|█▏        | 23/199 [00:00<00:00, 1505.09it/s, Materializing param=encoder.layer.1.attention.output.LayerNorm.weight]
66.4s 81 Loading weights:  12%|█▏        | 24/199 [00:00<00:00, 1549.67it/s, Materializing param=encoder.layer.1.attention.output.dense.bias]
66.4s 82 Loading weights:  12%|█▏        | 24/199 [00:00<00:00, 1541.53it/s, Materializing param=encoder.layer.1.attention.output.dense.bias]
66.4s 83 Loading weights:  13%|█▎        | 25/199 [00:00<00:00, 1587.89it/s, Materializing param=encoder.layer.1.attention.output.dense.weight]
66.4s 84 Loading weights:  13%|█▎        | 25/199 [00:00<00:00, 1579.97it/s, Materializing param=encoder.layer.1.attention.output.dense.weight]
66.4s 85 Loading weights:  13%|█▎        | 26/199 [00:00<00:00, 1625.53it/s, Materializing param=encoder.layer.1.attention.self.key.bias]
66.4s 86 Loading weights:  13%|█▎        | 26/199 [00:00<00:00, 1617.48it/s, Materializing param=encoder.layer.1.attention.self.key.bias]
66.4s 87 Loading weights:  14%|█▎        | 27/199 [00:00<00:00, 1660.99it/s, Materializing param=encoder.layer.1.attention.self.key.weight]
66.4s 88 Loading weights:  14%|█▎        | 27/199 [00:00<00:00, 1648.92it/s, Materializing param=encoder.layer.1.attention.self.key.weight]
66.4s 89 Loading weights:  14%|█▍        | 28/199 [00:00<00:00, 1691.69it/s, Materializing param=encoder.layer.1.attention.self.query.bias]
66.4s 90 Loading weights:  14%|█▍        | 28/199 [00:00<00:00, 1683.61it/s, Materializing param=encoder.layer.1.attention.self.query.bias]
66.4s 91 Loading weights:  15%|█▍        | 29/199 [00:00<00:00, 1725.98it/s, Materializing param=encoder.layer.1.attention.self.query.weight]
66.4s 92 Loading weights:  15%|█▍        | 29/199 [00:00<00:00, 1717.81it/s, Materializing param=encoder.layer.1.attention.self.query.weight]
66.4s 93 Loading weights:  15%|█▌        | 30/199 [00:00<00:00, 1758.13it/s, Materializing param=encoder.layer.1.attention.self.value.bias]
66.4s 94 Loading weights:  15%|█▌        | 30/199 [00:00<00:00, 1749.45it/s, Materializing param=encoder.layer.1.attention.self.value.bias]
66.4s 95 Loading weights:  16%|█▌        | 31/199 [00:00<00:00, 1786.40it/s, Materializing param=encoder.layer.1.attention.self.value.weight]
66.4s 96 Loading weights:  16%|█▌        | 31/199 [00:00<00:00, 1776.28it/s, Materializing param=encoder.layer.1.attention.self.value.weight]
66.4s 97 Loading weights:  16%|█▌        | 32/199 [00:00<00:00, 1814.49it/s, Materializing param=encoder.layer.1.intermediate.dense.bias]
66.4s 98 Loading weights:  16%|█▌        | 32/199 [00:00<00:00, 1806.14it/s, Materializing param=encoder.layer.1.intermediate.dense.bias]
66.4s 99 Loading weights:  17%|█▋        | 33/199 [00:00<00:00, 1844.61it/s, Materializing param=encoder.layer.1.intermediate.dense.weight]
66.4s 100 Loading weights:  17%|█▋        | 33/199 [00:00<00:00, 1836.51it/s, Materializing param=encoder.layer.1.intermediate.dense.weight]
66.4s 101 Loading weights:  17%|█▋        | 34/199 [00:00<00:00, 1873.96it/s, Materializing param=encoder.layer.1.output.LayerNorm.bias]
66.4s 102 Loading weights:  17%|█▋        | 34/199 [00:00<00:00, 1865.74it/s, Materializing param=encoder.layer.1.output.LayerNorm.bias]
66.4s 103 Loading weights:  18%|█▊        | 35/199 [00:00<00:00, 1900.26it/s, Materializing param=encoder.layer.1.output.LayerNorm.weight]
66.4s 104 Loading weights:  18%|█▊        | 35/199 [00:00<00:00, 1892.00it/s, Materializing param=encoder.layer.1.output.LayerNorm.weight]
66.4s 105 Loading weights:  18%|█▊        | 36/199 [00:00<00:00, 1927.55it/s, Materializing param=encoder.layer.1.output.dense.bias]
66.4s 106 Loading weights:  18%|█▊        | 36/199 [00:00<00:00, 1919.52it/s, Materializing param=encoder.layer.1.output.dense.bias]
66.4s 107 Loading weights:  19%|█▊        | 37/199 [00:00<00:00, 1955.26it/s, Materializing param=encoder.layer.1.output.dense.weight]
66.4s 108 Loading weights:  19%|█▊        | 37/199 [00:00<00:00, 1947.12it/s, Materializing param=encoder.layer.1.output.dense.weight]
66.4s 109 Loading weights:  19%|█▉        | 38/199 [00:00<00:00, 1981.50it/s, Materializing param=encoder.layer.2.attention.output.LayerNorm.bias]
66.4s 110 Loading weights:  19%|█▉        | 38/199 [00:00<00:00, 1973.18it/s, Materializing param=encoder.layer.2.attention.output.LayerNorm.bias]
66.4s 111 Loading weights:  20%|█▉        | 39/199 [00:00<00:00, 2004.29it/s, Materializing param=encoder.layer.2.attention.output.LayerNorm.weight]
66.5s 112 Loading weights:  20%|█▉        | 39/199 [00:00<00:00, 1995.73it/s, Materializing param=encoder.layer.2.attention.output.LayerNorm.weight]
66.5s 113 Loading weights:  20%|██        | 40/199 [00:00<00:00, 2028.68it/s, Materializing param=encoder.layer.2.attention.output.dense.bias]
66.5s 114 Loading weights:  20%|██        | 40/199 [00:00<00:00, 2020.65it/s, Materializing param=encoder.layer.2.attention.output.dense.bias]
66.5s 115 Loading weights:  21%|██        | 41/199 [00:00<00:00, 2052.96it/s, Materializing param=encoder.layer.2.attention.output.dense.weight]
66.5s 116 Loading weights:  21%|██        | 41/199 [00:00<00:00, 2044.86it/s, Materializing param=encoder.layer.2.attention.output.dense.weight]
66.5s 117 Loading weights:  21%|██        | 42/199 [00:00<00:00, 2076.36it/s, Materializing param=encoder.layer.2.attention.self.key.bias]
66.5s 118 Loading weights:  21%|██        | 42/199 [00:00<00:00, 2066.81it/s, Materializing param=encoder.layer.2.attention.self.key.bias]
66.5s 119 Loading weights:  22%|██▏       | 43/199 [00:00<00:00, 2097.62it/s, Materializing param=encoder.layer.2.attention.self.key.weight]
66.5s 120 Loading weights:  22%|██▏       | 43/199 [00:00<00:00, 2089.47it/s, Materializing param=encoder.layer.2.attention.self.key.weight]
66.5s 121 Loading weights:  22%|██▏       | 44/199 [00:00<00:00, 2119.99it/s, Materializing param=encoder.layer.2.attention.self.query.bias]
66.5s 122 Loading weights:  22%|██▏       | 44/199 [00:00<00:00, 2111.84it/s, Materializing param=encoder.layer.2.attention.self.query.bias]
66.5s 123 Loading weights:  23%|██▎       | 45/199 [00:00<00:00, 2142.36it/s, Materializing param=encoder.layer.2.attention.self.query.weight]
66.5s 124 Loading weights:  23%|██▎       | 45/199 [00:00<00:00, 2134.31it/s, Materializing param=encoder.layer.2.attention.self.query.weight]
66.5s 125 Loading weights:  23%|██▎       | 46/199 [00:00<00:00, 2163.35it/s, Materializing param=encoder.layer.2.attention.self.value.bias]
66.5s 126 Loading weights:  23%|██▎       | 46/199 [00:00<00:00, 2149.82it/s, Materializing param=encoder.layer.2.attention.self.value.bias]
66.5s 127 Loading weights:  24%|██▎       | 47/199 [00:00<00:00, 2177.97it/s, Materializing param=encoder.layer.2.attention.self.value.weight]
66.5s 128 Loading weights:  24%|██▎       | 47/199 [00:00<00:00, 2167.43it/s, Materializing param=encoder.layer.2.attention.self.value.weight]
66.5s 129 Loading weights:  24%|██▍       | 48/199 [00:00<00:00, 2194.27it/s, Materializing param=encoder.layer.2.intermediate.dense.bias]
66.5s 130 Loading weights:  24%|██▍       | 48/199 [00:00<00:00, 2185.34it/s, Materializing param=encoder.layer.2.intermediate.dense.bias]
66.5s 131 Loading weights:  25%|██▍       | 49/199 [00:00<00:00, 2212.19it/s, Materializing param=encoder.layer.2.intermediate.dense.weight]
66.5s 132 Loading weights:  25%|██▍       | 49/199 [00:00<00:00, 2202.35it/s, Materializing param=encoder.layer.2.intermediate.dense.weight]
66.5s 133 Loading weights:  25%|██▌       | 50/199 [00:00<00:00, 2227.67it/s, Materializing param=encoder.layer.2.output.LayerNorm.bias]
66.5s 134 Loading weights:  25%|██▌       | 50/199 [00:00<00:00, 2219.65it/s, Materializing param=encoder.layer.2.output.LayerNorm.bias]
66.5s 135 Loading weights:  26%|██▌       | 51/199 [00:00<00:00, 2247.09it/s, Materializing param=encoder.layer.2.output.LayerNorm.weight]
66.5s 136 Loading weights:  26%|██▌       | 51/199 [00:00<00:00, 2239.44it/s, Materializing param=encoder.layer.2.output.LayerNorm.weight]
66.5s 137 Loading weights:  26%|██▌       | 52/199 [00:00<00:00, 2266.44it/s, Materializing param=encoder.layer.2.output.dense.bias]
66.5s 138 Loading weights:  26%|██▌       | 52/199 [00:00<00:00, 2258.57it/s, Materializing param=encoder.layer.2.output.dense.bias]
66.5s 139 Loading weights:  27%|██▋       | 53/199 [00:00<00:00, 2284.53it/s, Materializing param=encoder.layer.2.output.dense.weight]
66.5s 140 Loading weights:  27%|██▋       | 53/199 [00:00<00:00, 2276.62it/s, Materializing param=encoder.layer.2.output.dense.weight]
66.5s 141 Loading weights:  27%|██▋       | 54/199 [00:00<00:00, 2300.14it/s, Materializing param=encoder.layer.3.attention.output.LayerNorm.bias]
66.5s 142 Loading weights:  27%|██▋       | 54/199 [00:00<00:00, 2292.20it/s, Materializing param=encoder.layer.3.attention.output.LayerNorm.bias]
66.5s 143 Loading weights:  28%|██▊       | 55/199 [00:00<00:00, 2317.43it/s, Materializing param=encoder.layer.3.attention.output.LayerNorm.weight]
66.5s 144 Loading weights:  28%|██▊       | 55/199 [00:00<00:00, 2309.57it/s, Materializing param=encoder.layer.3.attention.output.LayerNorm.weight]
66.5s 145 Loading weights:  28%|██▊       | 56/199 [00:00<00:00, 2333.53it/s, Materializing param=encoder.layer.3.attention.output.dense.bias]
66.5s 146 Loading weights:  28%|██▊       | 56/199 [00:00<00:00, 2325.72it/s, Materializing param=encoder.layer.3.attention.output.dense.bias]
66.5s 147 Loading weights:  29%|██▊       | 57/199 [00:00<00:00, 2349.29it/s, Materializing param=encoder.layer.3.attention.output.dense.weight]
66.5s 148 Loading weights:  29%|██▊       | 57/199 [00:00<00:00, 2336.04it/s, Materializing param=encoder.layer.3.attention.output.dense.weight]
66.5s 149 Loading weights:  29%|██▉       | 58/199 [00:00<00:00, 2359.71it/s, Materializing param=encoder.layer.3.attention.self.key.bias]
66.5s 150 Loading weights:  29%|██▉       | 58/199 [00:00<00:00, 2350.29it/s, Materializing param=encoder.layer.3.attention.self.key.bias]
66.5s 151 Loading weights:  30%|██▉       | 59/199 [00:00<00:00, 2372.80it/s, Materializing param=encoder.layer.3.attention.self.key.weight]
66.5s 152 Loading weights:  30%|██▉       | 59/199 [00:00<00:00, 2364.48it/s, Materializing param=encoder.layer.3.attention.self.key.weight]
66.5s 153 Loading weights:  30%|███       | 60/199 [00:00<00:00, 2387.72it/s, Materializing param=encoder.layer.3.attention.self.query.bias]
66.5s 154 Loading weights:  30%|███       | 60/199 [00:00<00:00, 2379.59it/s, Materializing param=encoder.layer.3.attention.self.query.bias]
66.5s 155 Loading weights:  31%|███       | 61/199 [00:00<00:00, 2399.49it/s, Materializing param=encoder.layer.3.attention.self.query.weight]
66.5s 156 Loading weights:  31%|███       | 61/199 [00:00<00:00, 2390.63it/s, Materializing param=encoder.layer.3.attention.self.query.weight]
66.5s 157 Loading weights:  31%|███       | 62/199 [00:00<00:00, 2410.03it/s, Materializing param=encoder.layer.3.attention.self.value.bias]
66.5s 158 Loading weights:  31%|███       | 62/199 [00:00<00:00, 2402.55it/s, Materializing param=encoder.layer.3.attention.self.value.bias]
66.5s 159 Loading weights:  32%|███▏      | 63/199 [00:00<00:00, 2424.99it/s, Materializing param=encoder.layer.3.attention.self.value.weight]
66.5s 160 Loading weights:  32%|███▏      | 63/199 [00:00<00:00, 2417.49it/s, Materializing param=encoder.layer.3.attention.self.value.weight]
66.5s 161 Loading weights:  32%|███▏      | 64/199 [00:00<00:00, 2438.02it/s, Materializing param=encoder.layer.3.intermediate.dense.bias]
66.5s 162 Loading weights:  32%|███▏      | 64/199 [00:00<00:00, 2427.52it/s, Materializing param=encoder.layer.3.intermediate.dense.bias]
66.5s 163 Loading weights:  33%|███▎      | 65/199 [00:00<00:00, 2449.44it/s, Materializing param=encoder.layer.3.intermediate.dense.weight]
66.5s 164 Loading weights:  33%|███▎      | 65/199 [00:00<00:00, 2442.13it/s, Materializing param=encoder.layer.3.intermediate.dense.weight]
66.5s 165 Loading weights:  33%|███▎      | 66/199 [00:00<00:00, 2463.99it/s, Materializing param=encoder.layer.3.output.LayerNorm.bias]
66.5s 166 Loading weights:  33%|███▎      | 66/199 [00:00<00:00, 2456.86it/s, Materializing param=encoder.layer.3.output.LayerNorm.bias]
66.5s 167 Loading weights:  34%|███▎      | 67/199 [00:00<00:00, 2478.27it/s, Materializing param=encoder.layer.3.output.LayerNorm.weight]
66.5s 168 Loading weights:  34%|███▎      | 67/199 [00:00<00:00, 2471.03it/s, Materializing param=encoder.layer.3.output.LayerNorm.weight]
66.5s 169 Loading weights:  34%|███▍      | 68/199 [00:00<00:00, 2489.18it/s, Materializing param=encoder.layer.3.output.dense.bias]
66.5s 170 Loading weights:  34%|███▍      | 68/199 [00:00<00:00, 2480.05it/s, Materializing param=encoder.layer.3.output.dense.bias]
66.5s 171 Loading weights:  35%|███▍      | 69/199 [00:00<00:00, 2500.62it/s, Materializing param=encoder.layer.3.output.dense.weight]
66.5s 172 Loading weights:  35%|███▍      | 69/199 [00:00<00:00, 2493.53it/s, Materializing param=encoder.layer.3.output.dense.weight]
66.5s 173 Loading weights:  35%|███▌      | 70/199 [00:00<00:00, 2514.14it/s, Materializing param=encoder.layer.4.attention.output.LayerNorm.bias]
66.5s 174 Loading weights:  35%|███▌      | 70/199 [00:00<00:00, 2506.67it/s, Materializing param=encoder.layer.4.attention.output.LayerNorm.bias]
66.5s 175 Loading weights:  36%|███▌      | 71/199 [00:00<00:00, 2525.81it/s, Materializing param=encoder.layer.4.attention.output.LayerNorm.weight]
66.5s 176 Loading weights:  36%|███▌      | 71/199 [00:00<00:00, 2518.10it/s, Materializing param=encoder.layer.4.attention.output.LayerNorm.weight]
66.5s 177 Loading weights:  36%|███▌      | 72/199 [00:00<00:00, 2536.30it/s, Materializing param=encoder.layer.4.attention.output.dense.bias]
66.5s 178 Loading weights:  36%|███▌      | 72/199 [00:00<00:00, 2528.93it/s, Materializing param=encoder.layer.4.attention.output.dense.bias]
66.5s 179 Loading weights:  37%|███▋      | 73/199 [00:00<00:00, 2548.52it/s, Materializing param=encoder.layer.4.attention.output.dense.weight]
66.5s 180 Loading weights:  37%|███▋      | 73/199 [00:00<00:00, 2541.35it/s, Materializing param=encoder.layer.4.attention.output.dense.weight]
66.5s 181 Loading weights:  37%|███▋      | 74/199 [00:00<00:00, 2560.69it/s, Materializing param=encoder.layer.4.attention.self.key.bias]
66.5s 182 Loading weights:  37%|███▋      | 74/199 [00:00<00:00, 2553.71it/s, Materializing param=encoder.layer.4.attention.self.key.bias]
66.5s 183 Loading weights:  38%|███▊      | 75/199 [00:00<00:00, 2572.06it/s, Materializing param=encoder.layer.4.attention.self.key.weight]
66.5s 184 Loading weights:  38%|███▊      | 75/199 [00:00<00:00, 2564.84it/s, Materializing param=encoder.layer.4.attention.self.key.weight]
66.5s 185 Loading weights:  38%|███▊      | 76/199 [00:00<00:00, 2581.76it/s, Materializing param=encoder.layer.4.attention.self.query.bias]
66.5s 186 Loading weights:  38%|███▊      | 76/199 [00:00<00:00, 2574.56it/s, Materializing param=encoder.layer.4.attention.self.query.bias]
66.5s 187 Loading weights:  39%|███▊      | 77/199 [00:00<00:00, 2593.15it/s, Materializing param=encoder.layer.4.attention.self.query.weight]
66.5s 188 Loading weights:  39%|███▊      | 77/199 [00:00<00:00, 2586.30it/s, Materializing param=encoder.layer.4.attention.self.query.weight]
66.5s 189 Loading weights:  39%|███▉      | 78/199 [00:00<00:00, 2604.85it/s, Materializing param=encoder.layer.4.attention.self.value.bias]
66.5s 190 Loading weights:  39%|███▉      | 78/199 [00:00<00:00, 2597.94it/s, Materializing param=encoder.layer.4.attention.self.value.bias]
66.5s 191 Loading weights:  40%|███▉      | 79/199 [00:00<00:00, 2615.27it/s, Materializing param=encoder.layer.4.attention.self.value.weight]
66.5s 192 Loading weights:  40%|███▉      | 79/199 [00:00<00:00, 2606.98it/s, Materializing param=encoder.layer.4.attention.self.value.weight]
66.5s 193 Loading weights:  40%|████      | 80/199 [00:00<00:00, 2624.33it/s, Materializing param=encoder.layer.4.intermediate.dense.bias]
66.5s 194 Loading weights:  40%|████      | 80/199 [00:00<00:00, 2617.31it/s, Materializing param=encoder.layer.4.intermediate.dense.bias]
66.5s 195 Loading weights:  41%|████      | 81/199 [00:00<00:00, 2635.25it/s, Materializing param=encoder.layer.4.intermediate.dense.weight]
66.5s 196 Loading weights:  41%|████      | 81/199 [00:00<00:00, 2628.50it/s, Materializing param=encoder.layer.4.intermediate.dense.weight]
66.5s 197 Loading weights:  41%|████      | 82/199 [00:00<00:00, 2646.29it/s, Materializing param=encoder.layer.4.output.LayerNorm.bias]
66.5s 198 Loading weights:  41%|████      | 82/199 [00:00<00:00, 2638.86it/s, Materializing param=encoder.layer.4.output.LayerNorm.bias]
66.5s 199 Loading weights:  42%|████▏     | 83/199 [00:00<00:00, 2655.47it/s, Materializing param=encoder.layer.4.output.LayerNorm.weight]
66.5s 200 Loading weights:  42%|████▏     | 83/199 [00:00<00:00, 2645.56it/s, Materializing param=encoder.layer.4.output.LayerNorm.weight]
66.5s 201 Loading weights:  42%|████▏     | 84/199 [00:00<00:00, 2661.78it/s, Materializing param=encoder.layer.4.output.dense.bias]
66.5s 202 Loading weights:  42%|████▏     | 84/199 [00:00<00:00, 2654.90it/s, Materializing param=encoder.layer.4.output.dense.bias]
66.5s 203 Loading weights:  43%|████▎     | 85/199 [00:00<00:00, 2672.05it/s, Materializing param=encoder.layer.4.output.dense.weight]
66.5s 204 Loading weights:  43%|████▎     | 85/199 [00:00<00:00, 2665.42it/s, Materializing param=encoder.layer.4.output.dense.weight]
66.5s 205 Loading weights:  43%|████▎     | 86/199 [00:00<00:00, 2682.38it/s, Materializing param=encoder.layer.5.attention.output.LayerNorm.bias]
66.5s 206 Loading weights:  43%|████▎     | 86/199 [00:00<00:00, 2675.18it/s, Materializing param=encoder.layer.5.attention.output.LayerNorm.bias]
66.5s 207 Loading weights:  44%|████▎     | 87/199 [00:00<00:00, 2689.47it/s, Materializing param=encoder.layer.5.attention.output.LayerNorm.weight]
66.5s 208 Loading weights:  44%|████▎     | 87/199 [00:00<00:00, 2681.94it/s, Materializing param=encoder.layer.5.attention.output.LayerNorm.weight]
66.5s 209 Loading weights:  44%|████▍     | 88/199 [00:00<00:00, 2697.76it/s, Materializing param=encoder.layer.5.attention.output.dense.bias]
66.5s 210 Loading weights:  44%|████▍     | 88/199 [00:00<00:00, 2691.17it/s, Materializing param=encoder.layer.5.attention.output.dense.bias]
66.5s 211 Loading weights:  45%|████▍     | 89/199 [00:00<00:00, 2707.55it/s, Materializing param=encoder.layer.5.attention.output.dense.weight]
66.5s 212 Loading weights:  45%|████▍     | 89/199 [00:00<00:00, 2700.91it/s, Materializing param=encoder.layer.5.attention.output.dense.weight]
66.5s 213 Loading weights:  45%|████▌     | 90/199 [00:00<00:00, 2717.10it/s, Materializing param=encoder.layer.5.attention.self.key.bias]
66.5s 214 Loading weights:  45%|████▌     | 90/199 [00:00<00:00, 2710.04it/s, Materializing param=encoder.layer.5.attention.self.key.bias]
66.5s 215 Loading weights:  46%|████▌     | 91/199 [00:00<00:00, 2723.09it/s, Materializing param=encoder.layer.5.attention.self.key.weight]
66.5s 216 Loading weights:  46%|████▌     | 91/199 [00:00<00:00, 2716.21it/s, Materializing param=encoder.layer.5.attention.self.key.weight]
66.5s 217 Loading weights:  46%|████▌     | 92/199 [00:00<00:00, 2731.77it/s, Materializing param=encoder.layer.5.attention.self.query.bias]
66.5s 218 Loading weights:  46%|████▌     | 92/199 [00:00<00:00, 2725.31it/s, Materializing param=encoder.layer.5.attention.self.query.bias]
66.5s 219 Loading weights:  47%|████▋     | 93/199 [00:00<00:00, 2740.97it/s, Materializing param=encoder.layer.5.attention.self.query.weight]
66.5s 220 Loading weights:  47%|████▋     | 93/199 [00:00<00:00, 2734.55it/s, Materializing param=encoder.layer.5.attention.self.query.weight]
66.5s 221 Loading weights:  47%|████▋     | 94/199 [00:00<00:00, 2749.23it/s, Materializing param=encoder.layer.5.attention.self.value.bias]
66.5s 222 Loading weights:  47%|████▋     | 94/199 [00:00<00:00, 2742.75it/s, Materializing param=encoder.layer.5.attention.self.value.bias]
66.5s 223 Loading weights:  48%|████▊     | 95/199 [00:00<00:00, 2754.77it/s, Materializing param=encoder.layer.5.attention.self.value.weight]
66.5s 224 Loading weights:  48%|████▊     | 95/199 [00:00<00:00, 2747.76it/s, Materializing param=encoder.layer.5.attention.self.value.weight]
66.5s 225 Loading weights:  48%|████▊     | 96/199 [00:00<00:00, 2762.63it/s, Materializing param=encoder.layer.5.intermediate.dense.bias]
66.5s 226 Loading weights:  48%|████▊     | 96/199 [00:00<00:00, 2756.24it/s, Materializing param=encoder.layer.5.intermediate.dense.bias]
66.5s 227 Loading weights:  49%|████▊     | 97/199 [00:00<00:00, 2771.44it/s, Materializing param=encoder.layer.5.intermediate.dense.weight]
66.5s 228 Loading weights:  49%|████▊     | 97/199 [00:00<00:00, 2765.07it/s, Materializing param=encoder.layer.5.intermediate.dense.weight]
66.5s 229 Loading weights:  49%|████▉     | 98/199 [00:00<00:00, 2779.24it/s, Materializing param=encoder.layer.5.output.LayerNorm.bias]
66.5s 230 Loading weights:  49%|████▉     | 98/199 [00:00<00:00, 2768.82it/s, Materializing param=encoder.layer.5.output.LayerNorm.bias]
66.5s 231 Loading weights:  50%|████▉     | 99/199 [00:00<00:00, 2782.65it/s, Materializing param=encoder.layer.5.output.LayerNorm.weight]
66.5s 232 Loading weights:  50%|████▉     | 99/199 [00:00<00:00, 2776.40it/s, Materializing param=encoder.layer.5.output.LayerNorm.weight]
66.5s 233 Loading weights:  50%|█████     | 100/199 [00:00<00:00, 2791.07it/s, Materializing param=encoder.layer.5.output.dense.bias]
66.5s 234 Loading weights:  50%|█████     | 100/199 [00:00<00:00, 2784.88it/s, Materializing param=encoder.layer.5.output.dense.bias]
66.5s 235 Loading weights:  51%|█████     | 101/199 [00:00<00:00, 2799.42it/s, Materializing param=encoder.layer.5.output.dense.weight]
66.5s 236 Loading weights:  51%|█████     | 101/199 [00:00<00:00, 2793.29it/s, Materializing param=encoder.layer.5.output.dense.weight]
66.5s 237 Loading weights:  51%|█████▏    | 102/199 [00:00<00:00, 2806.12it/s, Materializing param=encoder.layer.6.attention.output.LayerNorm.bias]
66.5s 238 Loading weights:  51%|█████▏    | 102/199 [00:00<00:00, 2799.33it/s, Materializing param=encoder.layer.6.attention.output.LayerNorm.bias]
66.5s 239 Loading weights:  52%|█████▏    | 103/199 [00:00<00:00, 2812.62it/s, Materializing param=encoder.layer.6.attention.output.LayerNorm.weight]
66.5s 240 Loading weights:  52%|█████▏    | 103/199 [00:00<00:00, 2806.34it/s, Materializing param=encoder.layer.6.attention.output.LayerNorm.weight]
66.5s 241 Loading weights:  52%|█████▏    | 104/199 [00:00<00:00, 2819.65it/s, Materializing param=encoder.layer.6.attention.output.dense.bias]
66.5s 242 Loading weights:  52%|█████▏    | 104/199 [00:00<00:00, 2811.85it/s, Materializing param=encoder.layer.6.attention.output.dense.bias]
66.5s 243 Loading weights:  53%|█████▎    | 105/199 [00:00<00:00, 2821.03it/s, Materializing param=encoder.layer.6.attention.output.dense.weight]
66.5s 244 Loading weights:  53%|█████▎    | 105/199 [00:00<00:00, 2811.90it/s, Materializing param=encoder.layer.6.attention.output.dense.weight]
66.5s 245 Loading weights:  53%|█████▎    | 106/199 [00:00<00:00, 2821.96it/s, Materializing param=encoder.layer.6.attention.self.key.bias]
66.5s 246 Loading weights:  53%|█████▎    | 106/199 [00:00<00:00, 2814.99it/s, Materializing param=encoder.layer.6.attention.self.key.bias]
66.5s 247 Loading weights:  54%|█████▍    | 107/199 [00:00<00:00, 2826.05it/s, Materializing param=encoder.layer.6.attention.self.key.weight]
66.5s 248 Loading weights:  54%|█████▍    | 107/199 [00:00<00:00, 2818.93it/s, Materializing param=encoder.layer.6.attention.self.key.weight]
66.5s 249 Loading weights:  54%|█████▍    | 108/199 [00:00<00:00, 2828.66it/s, Materializing param=encoder.layer.6.attention.self.query.bias]
66.5s 250 Loading weights:  54%|█████▍    | 108/199 [00:00<00:00, 2821.18it/s, Materializing param=encoder.layer.6.attention.self.query.bias]
66.5s 251 Loading weights:  55%|█████▍    | 109/199 [00:00<00:00, 2831.36it/s, Materializing param=encoder.layer.6.attention.self.query.weight]
66.5s 252 Loading weights:  55%|█████▍    | 109/199 [00:00<00:00, 2825.41it/s, Materializing param=encoder.layer.6.attention.self.query.weight]
66.5s 253 Loading weights:  55%|█████▌    | 110/199 [00:00<00:00, 2838.59it/s, Materializing param=encoder.layer.6.attention.self.value.bias]
66.5s 254 Loading weights:  55%|█████▌    | 110/199 [00:00<00:00, 2832.65it/s, Materializing param=encoder.layer.6.attention.self.value.bias]
66.5s 255 Loading weights:  56%|█████▌    | 111/199 [00:00<00:00, 2845.66it/s, Materializing param=encoder.layer.6.attention.self.value.weight]
66.5s 256 Loading weights:  56%|█████▌    | 111/199 [00:00<00:00, 2839.85it/s, Materializing param=encoder.layer.6.attention.self.value.weight]
66.5s 257 Loading weights:  56%|█████▋    | 112/199 [00:00<00:00, 2852.06it/s, Materializing param=encoder.layer.6.intermediate.dense.bias]
66.5s 258 Loading weights:  56%|█████▋    | 112/199 [00:00<00:00, 2842.72it/s, Materializing param=encoder.layer.6.intermediate.dense.bias]
66.5s 259 Loading weights:  57%|█████▋    | 113/199 [00:00<00:00, 2855.30it/s, Materializing param=encoder.layer.6.intermediate.dense.weight]
66.5s 260 Loading weights:  57%|█████▋    | 113/199 [00:00<00:00, 2849.56it/s, Materializing param=encoder.layer.6.intermediate.dense.weight]
66.5s 261 Loading weights:  57%|█████▋    | 114/199 [00:00<00:00, 2861.79it/s, Materializing param=encoder.layer.6.output.LayerNorm.bias]
66.5s 262 Loading weights:  57%|█████▋    | 114/199 [00:00<00:00, 2856.08it/s, Materializing param=encoder.layer.6.output.LayerNorm.bias]
66.5s 263 Loading weights:  58%|█████▊    | 115/199 [00:00<00:00, 2868.85it/s, Materializing param=encoder.layer.6.output.LayerNorm.weight]
66.5s 264 Loading weights:  58%|█████▊    | 115/199 [00:00<00:00, 2862.89it/s, Materializing param=encoder.layer.6.output.LayerNorm.weight]
66.5s 265 Loading weights:  58%|█████▊    | 116/199 [00:00<00:00, 2873.83it/s, Materializing param=encoder.layer.6.output.dense.bias]
66.5s 266 Loading weights:  58%|█████▊    | 116/199 [00:00<00:00, 2868.04it/s, Materializing param=encoder.layer.6.output.dense.bias]
66.5s 267 Loading weights:  59%|█████▉    | 117/199 [00:00<00:00, 2880.38it/s, Materializing param=encoder.layer.6.output.dense.weight]
66.5s 268 Loading weights:  59%|█████▉    | 117/199 [00:00<00:00, 2874.81it/s, Materializing param=encoder.layer.6.output.dense.weight]
66.5s 269 Loading weights:  59%|█████▉    | 118/199 [00:00<00:00, 2887.34it/s, Materializing param=encoder.layer.7.attention.output.LayerNorm.bias]
66.5s 270 Loading weights:  59%|█████▉    | 118/199 [00:00<00:00, 2881.53it/s, Materializing param=encoder.layer.7.attention.output.LayerNorm.bias]
66.5s 271 Loading weights:  60%|█████▉    | 119/199 [00:00<00:00, 2893.53it/s, Materializing param=encoder.layer.7.attention.output.LayerNorm.weight]
66.5s 272 Loading weights:  60%|█████▉    | 119/199 [00:00<00:00, 2887.50it/s, Materializing param=encoder.layer.7.attention.output.LayerNorm.weight]
66.5s 273 Loading weights:  60%|██████    | 120/199 [00:00<00:00, 2897.32it/s, Materializing param=encoder.layer.7.attention.output.dense.bias]
66.5s 274 Loading weights:  60%|██████    | 120/199 [00:00<00:00, 2891.39it/s, Materializing param=encoder.layer.7.attention.output.dense.bias]
66.5s 275 Loading weights:  61%|██████    | 121/199 [00:00<00:00, 2903.28it/s, Materializing param=encoder.layer.7.attention.output.dense.weight]
66.5s 276 Loading weights:  61%|██████    | 121/199 [00:00<00:00, 2897.74it/s, Materializing param=encoder.layer.7.attention.output.dense.weight]
66.5s 277 Loading weights:  61%|██████▏   | 122/199 [00:00<00:00, 2909.48it/s, Materializing param=encoder.layer.7.attention.self.key.bias]
66.5s 278 Loading weights:  61%|██████▏   | 122/199 [00:00<00:00, 2903.87it/s, Materializing param=encoder.layer.7.attention.self.key.bias]
66.5s 279 Loading weights:  62%|██████▏   | 123/199 [00:00<00:00, 2915.38it/s, Materializing param=encoder.layer.7.attention.self.key.weight]
66.5s 280 Loading weights:  62%|██████▏   | 123/199 [00:00<00:00, 2909.77it/s, Materializing param=encoder.layer.7.attention.self.key.weight]
66.5s 281 Loading weights:  62%|██████▏   | 124/199 [00:00<00:00, 2919.40it/s, Materializing param=encoder.layer.7.attention.self.query.bias]
66.5s 282 Loading weights:  62%|██████▏   | 124/199 [00:00<00:00, 2913.56it/s, Materializing param=encoder.layer.7.attention.self.query.bias]
66.5s 283 Loading weights:  63%|██████▎   | 125/199 [00:00<00:00, 2924.29it/s, Materializing param=encoder.layer.7.attention.self.query.weight]
66.5s 284 Loading weights:  63%|██████▎   | 125/199 [00:00<00:00, 2918.66it/s, Materializing param=encoder.layer.7.attention.self.query.weight]
66.5s 285 Loading weights:  63%|██████▎   | 126/199 [00:00<00:00, 2929.76it/s, Materializing param=encoder.layer.7.attention.self.value.bias]
66.5s 286 Loading weights:  63%|██████▎   | 126/199 [00:00<00:00, 2923.91it/s, Materializing param=encoder.layer.7.attention.self.value.bias]
66.5s 287 Loading weights:  64%|██████▍   | 127/199 [00:00<00:00, 2932.68it/s, Materializing param=encoder.layer.7.attention.self.value.weight]
66.5s 288 Loading weights:  64%|██████▍   | 127/199 [00:00<00:00, 2925.67it/s, Materializing param=encoder.layer.7.attention.self.value.weight]
66.5s 289 Loading weights:  64%|██████▍   | 128/199 [00:00<00:00, 2936.45it/s, Materializing param=encoder.layer.7.intermediate.dense.bias]
66.5s 290 Loading weights:  64%|██████▍   | 128/199 [00:00<00:00, 2931.05it/s, Materializing param=encoder.layer.7.intermediate.dense.bias]
66.5s 291 Loading weights:  65%|██████▍   | 129/199 [00:00<00:00, 2941.83it/s, Materializing param=encoder.layer.7.intermediate.dense.weight]
66.5s 292 Loading weights:  65%|██████▍   | 129/199 [00:00<00:00, 2936.37it/s, Materializing param=encoder.layer.7.intermediate.dense.weight]
66.5s 293 Loading weights:  65%|██████▌   | 130/199 [00:00<00:00, 2947.59it/s, Materializing param=encoder.layer.7.output.LayerNorm.bias]
66.5s 294 Loading weights:  65%|██████▌   | 130/199 [00:00<00:00, 2941.89it/s, Materializing param=encoder.layer.7.output.LayerNorm.bias]
66.5s 295 Loading weights:  66%|██████▌   | 131/199 [00:00<00:00, 2951.74it/s, Materializing param=encoder.layer.7.output.LayerNorm.weight]
66.5s 296 Loading weights:  66%|██████▌   | 131/199 [00:00<00:00, 2946.24it/s, Materializing param=encoder.layer.7.output.LayerNorm.weight]
66.5s 297 Loading weights:  66%|██████▋   | 132/199 [00:00<00:00, 2957.36it/s, Materializing param=encoder.layer.7.output.dense.bias]
66.5s 298 Loading weights:  66%|██████▋   | 132/199 [00:00<00:00, 2951.66it/s, Materializing param=encoder.layer.7.output.dense.bias]
66.5s 299 Loading weights:  67%|██████▋   | 133/199 [00:00<00:00, 2962.02it/s, Materializing param=encoder.layer.7.output.dense.weight]
66.5s 300 Loading weights:  67%|██████▋   | 133/199 [00:00<00:00, 2956.55it/s, Materializing param=encoder.layer.7.output.dense.weight]
66.5s 301 Loading weights:  67%|██████▋   | 134/199 [00:00<00:00, 2967.18it/s, Materializing param=encoder.layer.8.attention.output.LayerNorm.bias]
66.5s 302 Loading weights:  67%|██████▋   | 134/199 [00:00<00:00, 2961.31it/s, Materializing param=encoder.layer.8.attention.output.LayerNorm.bias]
66.5s 303 Loading weights:  68%|██████▊   | 135/199 [00:00<00:00, 2970.31it/s, Materializing param=encoder.layer.8.attention.output.LayerNorm.weight]
66.5s 304 Loading weights:  68%|██████▊   | 135/199 [00:00<00:00, 2964.76it/s, Materializing param=encoder.layer.8.attention.output.LayerNorm.weight]
66.5s 305 Loading weights:  68%|██████▊   | 136/199 [00:00<00:00, 2975.15it/s, Materializing param=encoder.layer.8.attention.output.dense.bias]
66.5s 306 Loading weights:  68%|██████▊   | 136/199 [00:00<00:00, 2969.91it/s, Materializing param=encoder.layer.8.attention.output.dense.bias]
66.5s 307 Loading weights:  69%|██████▉   | 137/199 [00:00<00:00, 2980.35it/s, Materializing param=encoder.layer.8.attention.output.dense.weight]
66.5s 308 Loading weights:  69%|██████▉   | 137/199 [00:00<00:00, 2975.15it/s, Materializing param=encoder.layer.8.attention.output.dense.weight]
66.5s 309 Loading weights:  69%|██████▉   | 138/199 [00:00<00:00, 2984.28it/s, Materializing param=encoder.layer.8.attention.self.key.bias]
66.5s 310 Loading weights:  69%|██████▉   | 138/199 [00:00<00:00, 2975.72it/s, Materializing param=encoder.layer.8.attention.self.key.bias]
66.5s 311 Loading weights:  70%|██████▉   | 139/199 [00:00<00:00, 2985.41it/s, Materializing param=encoder.layer.8.attention.self.key.weight]
66.5s 312 Loading weights:  70%|██████▉   | 139/199 [00:00<00:00, 2980.19it/s, Materializing param=encoder.layer.8.attention.self.key.weight]
66.5s 313 Loading weights:  70%|███████   | 140/199 [00:00<00:00, 2990.50it/s, Materializing param=encoder.layer.8.attention.self.query.bias]
66.5s 314 Loading weights:  70%|███████   | 140/199 [00:00<00:00, 2985.47it/s, Materializing param=encoder.layer.8.attention.self.query.bias]
66.5s 315 Loading weights:  71%|███████   | 141/199 [00:00<00:00, 2995.76it/s, Materializing param=encoder.layer.8.attention.self.query.weight]
66.5s 316 Loading weights:  71%|███████   | 141/199 [00:00<00:00, 2990.39it/s, Materializing param=encoder.layer.8.attention.self.query.weight]
66.5s 317 Loading weights:  71%|███████▏  | 142/199 [00:00<00:00, 2999.25it/s, Materializing param=encoder.layer.8.attention.self.value.bias]
66.5s 318 Loading weights:  71%|███████▏  | 142/199 [00:00<00:00, 2993.61it/s, Materializing param=encoder.layer.8.attention.self.value.bias]
66.5s 319 Loading weights:  72%|███████▏  | 143/199 [00:00<00:00, 3003.43it/s, Materializing param=encoder.layer.8.attention.self.value.weight]
66.5s 320 Loading weights:  72%|███████▏  | 143/199 [00:00<00:00, 2998.34it/s, Materializing param=encoder.layer.8.attention.self.value.weight]
66.5s 321 Loading weights:  72%|███████▏  | 144/199 [00:00<00:00, 3007.96it/s, Materializing param=encoder.layer.8.intermediate.dense.bias]
66.5s 322 Loading weights:  72%|███████▏  | 144/199 [00:00<00:00, 3002.89it/s, Materializing param=encoder.layer.8.intermediate.dense.bias]
66.5s 323 Loading weights:  73%|███████▎  | 145/199 [00:00<00:00, 3012.61it/s, Materializing param=encoder.layer.8.intermediate.dense.weight]
66.5s 324 Loading weights:  73%|███████▎  | 145/199 [00:00<00:00, 3006.64it/s, Materializing param=encoder.layer.8.intermediate.dense.weight]
66.5s 325 Loading weights:  73%|███████▎  | 146/199 [00:00<00:00, 3015.21it/s, Materializing param=encoder.layer.8.output.LayerNorm.bias]
66.5s 326 Loading weights:  73%|███████▎  | 146/199 [00:00<00:00, 3010.20it/s, Materializing param=encoder.layer.8.output.LayerNorm.bias]
66.5s 327 Loading weights:  74%|███████▍  | 147/199 [00:00<00:00, 3020.18it/s, Materializing param=encoder.layer.8.output.LayerNorm.weight]
66.5s 328 Loading weights:  74%|███████▍  | 147/199 [00:00<00:00, 3015.26it/s, Materializing param=encoder.layer.8.output.LayerNorm.weight]
66.5s 329 Loading weights:  74%|███████▍  | 148/199 [00:00<00:00, 3024.56it/s, Materializing param=encoder.layer.8.output.dense.bias]
66.5s 330 Loading weights:  74%|███████▍  | 148/199 [00:00<00:00, 3019.44it/s, Materializing param=encoder.layer.8.output.dense.bias]
66.5s 331 Loading weights:  75%|███████▍  | 149/199 [00:00<00:00, 3028.77it/s, Materializing param=encoder.layer.8.output.dense.weight]
66.5s 332 Loading weights:  75%|███████▍  | 149/199 [00:00<00:00, 3023.79it/s, Materializing param=encoder.layer.8.output.dense.weight]
66.5s 333 Loading weights:  75%|███████▌  | 150/199 [00:00<00:00, 3032.36it/s, Materializing param=encoder.layer.9.attention.output.LayerNorm.bias]
66.5s 334 Loading weights:  75%|███████▌  | 150/199 [00:00<00:00, 3027.42it/s, Materializing param=encoder.layer.9.attention.output.LayerNorm.bias]
66.5s 335 Loading weights:  76%|███████▌  | 151/199 [00:00<00:00, 3036.80it/s, Materializing param=encoder.layer.9.attention.output.LayerNorm.weight]
66.5s 336 Loading weights:  76%|███████▌  | 151/199 [00:00<00:00, 3031.74it/s, Materializing param=encoder.layer.9.attention.output.LayerNorm.weight]
66.5s 337 Loading weights:  76%|███████▋  | 152/199 [00:00<00:00, 3041.08it/s, Materializing param=encoder.layer.9.attention.output.dense.bias]
66.5s 338 Loading weights:  76%|███████▋  | 152/199 [00:00<00:00, 3036.08it/s, Materializing param=encoder.layer.9.attention.output.dense.bias]
66.5s 339 Loading weights:  77%|███████▋  | 153/199 [00:00<00:00, 3044.66it/s, Materializing param=encoder.layer.9.attention.output.dense.weight]
66.5s 340 Loading weights:  77%|███████▋  | 153/199 [00:00<00:00, 3037.16it/s, Materializing param=encoder.layer.9.attention.output.dense.weight]
66.5s 341 Loading weights:  77%|███████▋  | 154/199 [00:00<00:00, 3045.73it/s, Materializing param=encoder.layer.9.attention.self.key.bias]
66.5s 342 Loading weights:  77%|███████▋  | 154/199 [00:00<00:00, 3040.80it/s, Materializing param=encoder.layer.9.attention.self.key.bias]
66.5s 343 Loading weights:  78%|███████▊  | 155/199 [00:00<00:00, 3049.96it/s, Materializing param=encoder.layer.9.attention.self.key.weight]
66.5s 344 Loading weights:  78%|███████▊  | 155/199 [00:00<00:00, 3044.87it/s, Materializing param=encoder.layer.9.attention.self.key.weight]
66.5s 345 Loading weights:  78%|███████▊  | 156/199 [00:00<00:00, 3053.99it/s, Materializing param=encoder.layer.9.attention.self.query.bias]
66.5s 346 Loading weights:  78%|███████▊  | 156/199 [00:00<00:00, 3048.83it/s, Materializing param=encoder.layer.9.attention.self.query.bias]
66.5s 347 Loading weights:  79%|███████▉  | 157/199 [00:00<00:00, 3056.46it/s, Materializing param=encoder.layer.9.attention.self.query.weight]
66.5s 348 Loading weights:  79%|███████▉  | 157/199 [00:00<00:00, 3051.45it/s, Materializing param=encoder.layer.9.attention.self.query.weight]
66.5s 349 Loading weights:  79%|███████▉  | 158/199 [00:00<00:00, 3060.45it/s, Materializing param=encoder.layer.9.attention.self.value.bias]
66.5s 350 Loading weights:  79%|███████▉  | 158/199 [00:00<00:00, 3055.58it/s, Materializing param=encoder.layer.9.attention.self.value.bias]
66.5s 351 Loading weights:  80%|███████▉  | 159/199 [00:00<00:00, 3064.28it/s, Materializing param=encoder.layer.9.attention.self.value.weight]
66.5s 352 Loading weights:  80%|███████▉  | 159/199 [00:00<00:00, 3059.57it/s, Materializing param=encoder.layer.9.attention.self.value.weight]
66.5s 353 Loading weights:  80%|████████  | 160/199 [00:00<00:00, 3068.34it/s, Materializing param=encoder.layer.9.intermediate.dense.bias]
66.5s 354 Loading weights:  80%|████████  | 160/199 [00:00<00:00, 3063.66it/s, Materializing param=encoder.layer.9.intermediate.dense.bias]
66.5s 355 Loading weights:  81%|████████  | 161/199 [00:00<00:00, 3071.30it/s, Materializing param=encoder.layer.9.intermediate.dense.weight]
66.5s 356 Loading weights:  81%|████████  | 161/199 [00:00<00:00, 3066.51it/s, Materializing param=encoder.layer.9.intermediate.dense.weight]
66.5s 357 Loading weights:  81%|████████▏ | 162/199 [00:00<00:00, 3075.60it/s, Materializing param=encoder.layer.9.output.LayerNorm.bias]
66.5s 358 Loading weights:  81%|████████▏ | 162/199 [00:00<00:00, 3071.14it/s, Materializing param=encoder.layer.9.output.LayerNorm.bias]
66.5s 359 Loading weights:  82%|████████▏ | 163/199 [00:00<00:00, 3080.23it/s, Materializing param=encoder.layer.9.output.LayerNorm.weight]
66.5s 360 Loading weights:  82%|████████▏ | 163/199 [00:00<00:00, 3075.74it/s, Materializing param=encoder.layer.9.output.LayerNorm.weight]
66.5s 361 Loading weights:  82%|████████▏ | 164/199 [00:00<00:00, 3084.24it/s, Materializing param=encoder.layer.9.output.dense.bias]
66.5s 362 Loading weights:  82%|████████▏ | 164/199 [00:00<00:00, 3079.71it/s, Materializing param=encoder.layer.9.output.dense.bias]
66.5s 363 Loading weights:  83%|████████▎ | 165/199 [00:00<00:00, 3087.61it/s, Materializing param=encoder.layer.9.output.dense.weight]
66.5s 364 Loading weights:  83%|████████▎ | 165/199 [00:00<00:00, 3082.98it/s, Materializing param=encoder.layer.9.output.dense.weight]
66.5s 365 Loading weights:  83%|████████▎ | 166/199 [00:00<00:00, 3091.88it/s, Materializing param=encoder.layer.10.attention.output.LayerNorm.bias]
66.5s 366 Loading weights:  83%|████████▎ | 166/199 [00:00<00:00, 3087.29it/s, Materializing param=encoder.layer.10.attention.output.LayerNorm.bias]
66.5s 367 Loading weights:  84%|████████▍ | 167/199 [00:00<00:00, 3095.93it/s, Materializing param=encoder.layer.10.attention.output.LayerNorm.weight]
66.5s 368 Loading weights:  84%|████████▍ | 167/199 [00:00<00:00, 3091.40it/s, Materializing param=encoder.layer.10.attention.output.LayerNorm.weight]
66.5s 369 Loading weights:  84%|████████▍ | 168/199 [00:00<00:00, 3099.69it/s, Materializing param=encoder.layer.10.attention.output.dense.bias]
66.5s 370 Loading weights:  84%|████████▍ | 168/199 [00:00<00:00, 3095.16it/s, Materializing param=encoder.layer.10.attention.output.dense.bias]
66.5s 371 Loading weights:  85%|████████▍ | 169/199 [00:00<00:00, 3102.27it/s, Materializing param=encoder.layer.10.attention.output.dense.weight]
66.5s 372 Loading weights:  85%|████████▍ | 169/199 [00:00<00:00, 3097.84it/s, Materializing param=encoder.layer.10.attention.output.dense.weight]
66.5s 373 Loading weights:  85%|████████▌ | 170/199 [00:00<00:00, 3106.32it/s, Materializing param=encoder.layer.10.attention.self.key.bias]
66.5s 374 Loading weights:  85%|████████▌ | 170/199 [00:00<00:00, 3101.96it/s, Materializing param=encoder.layer.10.attention.self.key.bias]
66.5s 375 Loading weights:  86%|████████▌ | 171/199 [00:00<00:00, 3110.26it/s, Materializing param=encoder.layer.10.attention.self.key.weight]
66.5s 376 Loading weights:  86%|████████▌ | 171/199 [00:00<00:00, 3105.67it/s, Materializing param=encoder.layer.10.attention.self.key.weight]
66.5s 377 Loading weights:  86%|████████▋ | 172/199 [00:00<00:00, 3113.27it/s, Materializing param=encoder.layer.10.attention.self.query.bias]
66.5s 378 Loading weights:  86%|████████▋ | 172/199 [00:00<00:00, 3106.46it/s, Materializing param=encoder.layer.10.attention.self.query.bias]
66.5s 379 Loading weights:  87%|████████▋ | 173/199 [00:00<00:00, 3114.51it/s, Materializing param=encoder.layer.10.attention.self.query.weight]
66.5s 380 Loading weights:  87%|████████▋ | 173/199 [00:00<00:00, 3109.91it/s, Materializing param=encoder.layer.10.attention.self.query.weight]
66.5s 381 Loading weights:  87%|████████▋ | 174/199 [00:00<00:00, 3117.76it/s, Materializing param=encoder.layer.10.attention.self.value.bias]
66.5s 382 Loading weights:  87%|████████▋ | 174/199 [00:00<00:00, 3113.39it/s, Materializing param=encoder.layer.10.attention.self.value.bias]
66.5s 383 Loading weights:  88%|████████▊ | 175/199 [00:00<00:00, 3121.11it/s, Materializing param=encoder.layer.10.attention.self.value.weight]
66.5s 384 Loading weights:  88%|████████▊ | 175/199 [00:00<00:00, 3116.11it/s, Materializing param=encoder.layer.10.attention.self.value.weight]
66.5s 385 Loading weights:  88%|████████▊ | 176/199 [00:00<00:00, 3122.72it/s, Materializing param=encoder.layer.10.intermediate.dense.bias]
66.5s 386 Loading weights:  88%|████████▊ | 176/199 [00:00<00:00, 3118.09it/s, Materializing param=encoder.layer.10.intermediate.dense.bias]
66.5s 387 Loading weights:  89%|████████▉ | 177/199 [00:00<00:00, 3126.16it/s, Materializing param=encoder.layer.10.intermediate.dense.weight]
66.5s 388 Loading weights:  89%|████████▉ | 177/199 [00:00<00:00, 3121.44it/s, Materializing param=encoder.layer.10.intermediate.dense.weight]
66.5s 389 Loading weights:  89%|████████▉ | 178/199 [00:00<00:00, 3129.61it/s, Materializing param=encoder.layer.10.output.LayerNorm.bias]
66.5s 390 Loading weights:  89%|████████▉ | 178/199 [00:00<00:00, 3125.12it/s, Materializing param=encoder.layer.10.output.LayerNorm.bias]
66.5s 391 Loading weights:  90%|████████▉ | 179/199 [00:00<00:00, 3133.12it/s, Materializing param=encoder.layer.10.output.LayerNorm.weight]
66.5s 392 Loading weights:  90%|████████▉ | 179/199 [00:00<00:00, 3128.47it/s, Materializing param=encoder.layer.10.output.LayerNorm.weight]
66.5s 393 Loading weights:  90%|█████████ | 180/199 [00:00<00:00, 3135.39it/s, Materializing param=encoder.layer.10.output.dense.bias]
66.5s 394 Loading weights:  90%|█████████ | 180/199 [00:00<00:00, 3130.95it/s, Materializing param=encoder.layer.10.output.dense.bias]
66.5s 395 Loading weights:  91%|█████████ | 181/199 [00:00<00:00, 3138.92it/s, Materializing param=encoder.layer.10.output.dense.weight]
66.5s 396 Loading weights:  91%|█████████ | 181/199 [00:00<00:00, 3134.28it/s, Materializing param=encoder.layer.10.output.dense.weight]
66.5s 397 Loading weights:  91%|█████████▏| 182/199 [00:00<00:00, 3142.33it/s, Materializing param=encoder.layer.11.attention.output.LayerNorm.bias]
66.5s 398 Loading weights:  91%|█████████▏| 182/199 [00:00<00:00, 3137.96it/s, Materializing param=encoder.layer.11.attention.output.LayerNorm.bias]
66.5s 399 Loading weights:  92%|█████████▏| 183/199 [00:00<00:00, 3145.55it/s, Materializing param=encoder.layer.11.attention.output.LayerNorm.weight]
66.5s 400 Loading weights:  92%|█████████▏| 183/199 [00:00<00:00, 3141.17it/s, Materializing param=encoder.layer.11.attention.output.LayerNorm.weight]
66.5s 401 Loading weights:  92%|█████████▏| 184/199 [00:00<00:00, 3147.50it/s, Materializing param=encoder.layer.11.attention.output.dense.bias]
66.5s 402 Loading weights:  92%|█████████▏| 184/199 [00:00<00:00, 3143.07it/s, Materializing param=encoder.layer.11.attention.output.dense.bias]
66.5s 403 Loading weights:  93%|█████████▎| 185/199 [00:00<00:00, 3150.73it/s, Materializing param=encoder.layer.11.attention.output.dense.weight]
66.5s 404 Loading weights:  93%|█████████▎| 185/199 [00:00<00:00, 3146.43it/s, Materializing param=encoder.layer.11.attention.output.dense.weight]
66.5s 405 Loading weights:  93%|█████████▎| 186/199 [00:00<00:00, 3154.01it/s, Materializing param=encoder.layer.11.attention.self.key.bias]
66.5s 406 Loading weights:  93%|█████████▎| 186/199 [00:00<00:00, 3149.47it/s, Materializing param=encoder.layer.11.attention.self.key.bias]
66.5s 407 Loading weights:  94%|█████████▍| 187/199 [00:00<00:00, 3156.79it/s, Materializing param=encoder.layer.11.attention.self.key.weight]
66.5s 408 Loading weights:  94%|█████████▍| 187/199 [00:00<00:00, 3150.77it/s, Materializing param=encoder.layer.11.attention.self.key.weight]
66.5s 409 Loading weights:  94%|█████████▍| 188/199 [00:00<00:00, 3158.07it/s, Materializing param=encoder.layer.11.attention.self.query.bias]
66.5s 410 Loading weights:  94%|█████████▍| 188/199 [00:00<00:00, 3153.91it/s, Materializing param=encoder.layer.11.attention.self.query.bias]
66.5s 411 Loading weights:  95%|█████████▍| 189/199 [00:00<00:00, 3161.64it/s, Materializing param=encoder.layer.11.attention.self.query.weight]
66.5s 412 Loading weights:  95%|█████████▍| 189/199 [00:00<00:00, 3157.44it/s, Materializing param=encoder.layer.11.attention.self.query.weight]
66.5s 413 Loading weights:  95%|█████████▌| 190/199 [00:00<00:00, 3164.96it/s, Materializing param=encoder.layer.11.attention.self.value.bias]
66.5s 414 Loading weights:  95%|█████████▌| 190/199 [00:00<00:00, 3160.63it/s, Materializing param=encoder.layer.11.attention.self.value.bias]
66.5s 415 Loading weights:  96%|█████████▌| 191/199 [00:00<00:00, 3166.68it/s, Materializing param=encoder.layer.11.attention.self.value.weight]
66.5s 416 Loading weights:  96%|█████████▌| 191/199 [00:00<00:00, 3161.68it/s, Materializing param=encoder.layer.11.attention.self.value.weight]
66.5s 417 Loading weights:  96%|█████████▋| 192/199 [00:00<00:00, 3168.95it/s, Materializing param=encoder.layer.11.intermediate.dense.bias]
66.5s 418 Loading weights:  96%|█████████▋| 192/199 [00:00<00:00, 3164.87it/s, Materializing param=encoder.layer.11.intermediate.dense.bias]
66.5s 419 Loading weights:  97%|█████████▋| 193/199 [00:00<00:00, 3172.47it/s, Materializing param=encoder.layer.11.intermediate.dense.weight]
66.5s 420 Loading weights:  97%|█████████▋| 193/199 [00:00<00:00, 3160.82it/s, Materializing param=encoder.layer.11.intermediate.dense.weight]
66.5s 421 Loading weights:  97%|█████████▋| 194/199 [00:00<00:00, 3163.05it/s, Materializing param=encoder.layer.11.output.LayerNorm.bias]
66.5s 422 Loading weights:  97%|█████████▋| 194/199 [00:00<00:00, 3157.81it/s, Materializing param=encoder.layer.11.output.LayerNorm.bias]
66.5s 423 Loading weights:  98%|█████████▊| 195/199 [00:00<00:00, 3164.48it/s, Materializing param=encoder.layer.11.output.LayerNorm.weight]
66.5s 424 Loading weights:  98%|█████████▊| 195/199 [00:00<00:00, 3160.19it/s, Materializing param=encoder.layer.11.output.LayerNorm.weight]
66.5s 425 Loading weights:  98%|█████████▊| 196/199 [00:00<00:00, 3167.48it/s, Materializing param=encoder.layer.11.output.dense.bias]
66.5s 426 Loading weights:  98%|█████████▊| 196/199 [00:00<00:00, 3163.26it/s, Materializing param=encoder.layer.11.output.dense.bias]
66.5s 427 Loading weights:  99%|█████████▉| 197/199 [00:00<00:00, 3165.78it/s, Materializing param=encoder.layer.11.output.dense.weight]
66.5s 428 Loading weights:  99%|█████████▉| 197/199 [00:00<00:00, 3158.10it/s, Materializing param=encoder.layer.11.output.dense.weight]
66.5s 429 Loading weights:  99%|█████████▉| 198/199 [00:00<00:00, 3163.78it/s, Materializing param=pooler.dense.bias]
66.5s 430 Loading weights:  99%|█████████▉| 198/199 [00:00<00:00, 3158.91it/s, Materializing param=pooler.dense.bias]
66.5s 431 Loading weights: 100%|██████████| 199/199 [00:00<00:00, 3165.64it/s, Materializing param=pooler.dense.weight]
66.5s 432 Loading weights: 100%|██████████| 199/199 [00:00<00:00, 3161.32it/s, Materializing param=pooler.dense.weight]
66.5s 433 Loading weights: 100%|██████████| 199/199 [00:00<00:00, 3151.55it/s, Materializing param=pooler.dense.weight]
66.5s 434 BertModel LOAD REPORT from: google/muril-base-cased
66.5s 435 Key                                        | Status     |  |
66.5s 436 -------------------------------------------+------------+--+-
66.5s 437 cls.predictions.decoder.bias               | UNEXPECTED |  |
66.5s 438 cls.predictions.transform.LayerNorm.weight | UNEXPECTED |  |
66.5s 439 cls.predictions.transform.LayerNorm.bias   | UNEXPECTED |  |
66.5s 440 cls.predictions.bias                       | UNEXPECTED |  |
66.5s 441 cls.predictions.transform.dense.weight     | UNEXPECTED |  |
66.5s 442 cls.seq_relationship.bias                  | UNEXPECTED |  |
66.5s 443 cls.predictions.transform.dense.bias       | UNEXPECTED |  |
66.5s 444 cls.seq_relationship.weight                | UNEXPECTED |  |
66.5s 445 cls.predictions.decoder.weight             | UNEXPECTED |  |
66.5s 446 bert.embeddings.position_ids               | UNEXPECTED |  |
66.5s 447 
66.5s 448 Notes:
66.5s 449 - UNEXPECTED	:can be ignored when loading from different task/architecture; not ok if you expect identical arch.
212.7s 450 [s42f1] ep1 160/320 loss 0.5123 val 0.6800 * (0.90s/step)
356.7s 451 [s42f1] ep1 320/320 loss 0.4790 val 0.7360 * (0.90s/step)
356.7s 452 [s42f1] ep1 done 4.8min  best 0.7360
499.6s 453 [s42f1] ep2 160/320 loss 0.5395 val 0.7586 * (0.89s/step)
646.1s 454 [s42f1] ep2 320/320 loss 0.4487 val 0.7653 * (0.90s/step)
646.1s 455 [s42f1] ep2 done 4.8min  best 0.7653
793.4s 456 [s42f1] ep3 160/320 loss 0.4069 val 0.7786 * (0.92s/step)
936.1s 457 [s42f1] ep3 320/320 loss 0.4474 val 0.7855 * (0.91s/step)
936.1s 458 [s42f1] ep3 done 4.8min  best 0.7855
1079.4s 459 [s42f1] ep4 160/320 loss 0.3607 val 0.7903 * (0.90s/step)
1225.3s 460 [s42f1] ep4 320/320 loss 0.5912 val 0.7948 * (0.90s/step)
1225.3s 461 [s42f1] ep4 done 4.8min  best 0.7948
1369.9s 462 [s42f1] ep5 160/320 loss 0.5600 val 0.7957 * (0.90s/step)
1513.7s 463 [s42f1] ep5 320/320 loss 0.3878 val 0.7958 * (0.90s/step)
1513.7s 464 [s42f1] ep5 done 4.8min  best 0.7958
1657.9s 465 [s42f1] ep6 160/320 loss 0.4676 val 0.7966 * (0.90s/step)
1801.5s 466 [s42f1] ep6 320/320 loss 0.4505 val 0.7997 * (0.90s/step)
1801.5s 467 [s42f1] ep6 done 4.8min  best 0.7997
1801.5s 468 [s42f1] best 0.7997  last 0.7997  (selected: best)
1801.5s 469 ===== seed 42 fold 2/5 =====
1803.0s 470 
1803.0s 471 Loading weights:   0%|          | 0/199 [00:00<?, ?it/s]
1803.0s 472 Loading weights:   1%|          | 1/199 [00:00<00:00, 28339.89it/s, Materializing param=embeddings.LayerNorm.bias]
1803.0s 473 Loading weights:   1%|          | 1/199 [00:00<00:00, 6765.01it/s, Materializing param=embeddings.LayerNorm.bias]
1803.0s 474 Loading weights:   1%|          | 2/199 [00:00<00:00, 5698.78it/s, Materializing param=embeddings.LayerNorm.weight]
1803.0s 475 Loading weights:   1%|          | 2/199 [00:00<00:00, 4478.70it/s, Materializing param=embeddings.LayerNorm.weight]
1803.0s 476 Loading weights:   2%|▏         | 3/199 [00:00<00:00, 1021.34it/s, Materializing param=embeddings.position_embeddings.weight]
1803.0s 477 Loading weights:   2%|▏         | 3/199 [00:00<00:00, 979.29it/s, Materializing param=embeddings.position_embeddings.weight]
1803.0s 478 Loading weights:   2%|▏         | 4/199 [00:00<00:00, 1208.82it/s, Materializing param=embeddings.token_type_embeddings.weight]
1803.0s 479 Loading weights:   2%|▏         | 4/199 [00:00<00:00, 1095.55it/s, Materializing param=embeddings.token_type_embeddings.weight]
1803.0s 480 Loading weights:   3%|▎         | 5/199 [00:00<00:00, 1061.69it/s, Materializing param=embeddings.word_embeddings.weight]
1803.0s 481 Loading weights:   3%|▎         | 5/199 [00:00<00:00, 1030.90it/s, Materializing param=embeddings.word_embeddings.weight]
1803.0s 482 Loading weights:   3%|▎         | 6/199 [00:00<00:00, 1146.92it/s, Materializing param=encoder.layer.0.attention.output.LayerNorm.bias]
1803.0s 483 Loading weights:   3%|▎         | 6/199 [00:00<00:00, 1027.26it/s, Materializing param=encoder.layer.0.attention.output.LayerNorm.bias]
1803.0s 484 Loading weights:   4%|▎         | 7/199 [00:00<00:00, 1088.50it/s, Materializing param=encoder.layer.0.attention.output.LayerNorm.weight]
1803.0s 485 Loading weights:   4%|▎         | 7/199 [00:00<00:00, 1068.26it/s, Materializing param=encoder.layer.0.attention.output.LayerNorm.weight]
1803.0s 486 Loading weights:   4%|▍         | 8/199 [00:00<00:00, 1173.81it/s, Materializing param=encoder.layer.0.attention.output.dense.bias]
1803.0s 487 Loading weights:   4%|▍         | 8/199 [00:00<00:00, 1157.93it/s, Materializing param=encoder.layer.0.attention.output.dense.bias]
1803.0s 488 Loading weights:   5%|▍         | 9/199 [00:00<00:00, 1088.61it/s, Materializing param=encoder.layer.0.attention.output.dense.weight]
1803.0s 489 Loading weights:   5%|▍         | 9/199 [00:00<00:00, 1075.52it/s, Materializing param=encoder.layer.0.attention.output.dense.weight]
1803.0s 490 Loading weights:   5%|▌         | 10/199 [00:00<00:00, 1120.24it/s, Materializing param=encoder.layer.0.attention.self.key.bias]
1803.0s 491 Loading weights:   5%|▌         | 10/199 [00:00<00:00, 1101.42it/s, Materializing param=encoder.layer.0.attention.self.key.bias]
1803.0s 492 Loading weights:   6%|▌         | 11/199 [00:00<00:00, 1190.76it/s, Materializing param=encoder.layer.0.attention.self.key.weight]
1803.0s 493 Loading weights:   6%|▌         | 11/199 [00:00<00:00, 1181.77it/s, Materializing param=encoder.layer.0.attention.self.key.weight]
1803.0s 494 Loading weights:   6%|▌         | 12/199 [00:00<00:00, 1274.54it/s, Materializing param=encoder.layer.0.attention.self.query.bias]
1803.0s 495 Loading weights:   6%|▌         | 12/199 [00:00<00:00, 1266.91it/s, Materializing param=encoder.layer.0.attention.self.query.bias]
1803.0s 496 Loading weights:   7%|▋         | 13/199 [00:00<00:00, 1357.58it/s, Materializing param=encoder.layer.0.attention.self.query.weight]
1803.0s 497 Loading weights:   7%|▋         | 13/199 [00:00<00:00, 1349.72it/s, Materializing param=encoder.layer.0.attention.self.query.weight]
1803.0s 498 Loading weights:   7%|▋         | 14/199 [00:00<00:00, 1438.98it/s, Materializing param=encoder.layer.0.attention.self.value.bias]
1803.0s 499 Loading weights:   7%|▋         | 14/199 [00:00<00:00, 1421.80it/s, Materializing param=encoder.layer.0.attention.self.value.bias]
1803.0s 500 Loading weights:   8%|▊         | 15/199 [00:00<00:00, 1506.07it/s, Materializing param=encoder.layer.0.attention.self.value.weight]
1803.0s 501 Loading weights:   8%|▊         | 15/199 [00:00<00:00, 1497.86it/s, Materializing param=encoder.layer.0.attention.self.value.weight]
1803.0s 502 Loading weights:   8%|▊         | 16/199 [00:00<00:00, 1582.61it/s, Materializing param=encoder.layer.0.intermediate.dense.bias]
1803.0s 503 Loading weights:   8%|▊         | 16/199 [00:00<00:00, 1574.40it/s, Materializing param=encoder.layer.0.intermediate.dense.bias]
1803.0s 504 Loading weights:   9%|▊         | 17/199 [00:00<00:00, 1656.29it/s, Materializing param=encoder.layer.0.intermediate.dense.weight]
1803.0s 505 Loading weights:   9%|▊         | 17/199 [00:00<00:00, 1647.68it/s, Materializing param=encoder.layer.0.intermediate.dense.weight]
1803.0s 506 Loading weights:   9%|▉         | 18/199 [00:00<00:00, 1728.94it/s, Materializing param=encoder.layer.0.output.LayerNorm.bias]
1803.0s 507 Loading weights:   9%|▉         | 18/199 [00:00<00:00, 1720.31it/s, Materializing param=encoder.layer.0.output.LayerNorm.bias]
1803.0s 508 Loading weights:  10%|▉         | 19/199 [00:00<00:00, 1800.13it/s, Materializing param=encoder.layer.0.output.LayerNorm.weight]
1803.0s 509 Loading weights:  10%|▉         | 19/199 [00:00<00:00, 1791.59it/s, Materializing param=encoder.layer.0.output.LayerNorm.weight]
1803.0s 510 Loading weights:  10%|█         | 20/199 [00:00<00:00, 1870.45it/s, Materializing param=encoder.layer.0.output.dense.bias]
1803.0s 511 Loading weights:  10%|█         | 20/199 [00:00<00:00, 1861.78it/s, Materializing param=encoder.layer.0.output.dense.bias]
1803.0s 512 Loading weights:  11%|█         | 21/199 [00:00<00:00, 1936.34it/s, Materializing param=encoder.layer.0.output.dense.weight]
1803.0s 513 Loading weights:  11%|█         | 21/199 [00:00<00:00, 1927.36it/s, Materializing param=encoder.layer.0.output.dense.weight]
1803.0s 514 Loading weights:  11%|█         | 22/199 [00:00<00:00, 2002.92it/s, Materializing param=encoder.layer.1.attention.output.LayerNorm.bias]
1803.0s 515 Loading weights:  11%|█         | 22/199 [00:00<00:00, 1993.49it/s, Materializing param=encoder.layer.1.attention.output.LayerNorm.bias]
1803.0s 516 Loading weights:  12%|█▏        | 23/199 [00:00<00:00, 2066.43it/s, Materializing param=encoder.layer.1.attention.output.LayerNorm.weight]
1803.0s 517 Loading weights:  12%|█▏        | 23/199 [00:00<00:00, 2056.95it/s, Materializing param=encoder.layer.1.attention.output.LayerNorm.weight]
1803.0s 518 Loading weights:  12%|█▏        | 24/199 [00:00<00:00, 2127.42it/s, Materializing param=encoder.layer.1.attention.output.dense.bias]
1803.0s 519 Loading weights:  12%|█▏        | 24/199 [00:00<00:00, 2117.71it/s, Materializing param=encoder.layer.1.attention.output.dense.bias]
1803.0s 520 Loading weights:  13%|█▎        | 25/199 [00:00<00:00, 2188.45it/s, Materializing param=encoder.layer.1.attention.output.dense.weight]
1803.0s 521 Loading weights:  13%|█▎        | 25/199 [00:00<00:00, 2178.72it/s, Materializing param=encoder.layer.1.attention.output.dense.weight]
1803.0s 522 Loading weights:  13%|█▎        | 26/199 [00:00<00:00, 2247.75it/s, Materializing param=encoder.layer.1.attention.self.key.bias]
1803.0s 523 Loading weights:  13%|█▎        | 26/199 [00:00<00:00, 2238.11it/s, Materializing param=encoder.layer.1.attention.self.key.bias]
1803.0s 524 Loading weights:  14%|█▎        | 27/199 [00:00<00:00, 2307.00it/s, Materializing param=encoder.layer.1.attention.self.key.weight]
1803.0s 525 Loading weights:  14%|█▎        | 27/199 [00:00<00:00, 2295.50it/s, Materializing param=encoder.layer.1.attention.self.key.weight]
1803.0s 526 Loading weights:  14%|█▍        | 28/199 [00:00<00:00, 2361.71it/s, Materializing param=encoder.layer.1.attention.self.query.bias]
1803.0s 527 Loading weights:  14%|█▍        | 28/199 [00:00<00:00, 2351.59it/s, Materializing param=encoder.layer.1.attention.self.query.bias]
1803.0s 528 Loading weights:  15%|█▍        | 29/199 [00:00<00:00, 2417.80it/s, Materializing param=encoder.layer.1.attention.self.query.weight]
1803.0s 529 Loading weights:  15%|█▍        | 29/199 [00:00<00:00, 2407.85it/s, Materializing param=encoder.layer.1.attention.self.query.weight]
1803.0s 530 Loading weights:  15%|█▌        | 30/199 [00:00<00:00, 2473.06it/s, Materializing param=encoder.layer.1.attention.self.value.bias]
1803.0s 531 Loading weights:  15%|█▌        | 30/199 [00:00<00:00, 2462.94it/s, Materializing param=encoder.layer.1.attention.self.value.bias]
1803.0s 532 Loading weights:  16%|█▌        | 31/199 [00:00<00:00, 2525.56it/s, Materializing param=encoder.layer.1.attention.self.value.weight]
1803.0s 533 Loading weights:  16%|█▌        | 31/199 [00:00<00:00, 2515.25it/s, Materializing param=encoder.layer.1.attention.self.value.weight]
1803.0s 534 Loading weights:  16%|█▌        | 32/199 [00:00<00:00, 2577.94it/s, Materializing param=encoder.layer.1.intermediate.dense.bias]
1803.0s 535 Loading weights:  16%|█▌        | 32/199 [00:00<00:00, 2567.68it/s, Materializing param=encoder.layer.1.intermediate.dense.bias]
1803.0s 536 Loading weights:  17%|█▋        | 33/199 [00:00<00:00, 2629.86it/s, Materializing param=encoder.layer.1.intermediate.dense.weight]
1803.0s 537 Loading weights:  17%|█▋        | 33/199 [00:00<00:00, 2619.51it/s, Materializing param=encoder.layer.1.intermediate.dense.weight]
1803.0s 538 Loading weights:  17%|█▋        | 34/199 [00:00<00:00, 2680.92it/s, Materializing param=encoder.layer.1.output.LayerNorm.bias]
1803.0s 539 Loading weights:  17%|█▋        | 34/199 [00:00<00:00, 2670.53it/s, Materializing param=encoder.layer.1.output.LayerNorm.bias]
1803.0s 540 Loading weights:  18%|█▊        | 35/199 [00:00<00:00, 2726.86it/s, Materializing param=encoder.layer.1.output.LayerNorm.weight]
1803.0s 541 Loading weights:  18%|█▊        | 35/199 [00:00<00:00, 2716.37it/s, Materializing param=encoder.layer.1.output.LayerNorm.weight]
1803.0s 542 Loading weights:  18%|█▊        | 36/199 [00:00<00:00, 2774.72it/s, Materializing param=encoder.layer.1.output.dense.bias]
1803.0s 543 Loading weights:  18%|█▊        | 36/199 [00:00<00:00, 2764.11it/s, Materializing param=encoder.layer.1.output.dense.bias]
1803.0s 544 Loading weights:  19%|█▊        | 37/199 [00:00<00:00, 2821.78it/s, Materializing param=encoder.layer.1.output.dense.weight]
1803.0s 545 Loading weights:  19%|█▊        | 37/199 [00:00<00:00, 2811.40it/s, Materializing param=encoder.layer.1.output.dense.weight]
1803.0s 546 Loading weights:  19%|█▉        | 38/199 [00:00<00:00, 2868.16it/s, Materializing param=encoder.layer.2.attention.output.LayerNorm.bias]
1803.0s 547 Loading weights:  19%|█▉        | 38/199 [00:00<00:00, 2855.52it/s, Materializing param=encoder.layer.2.attention.output.LayerNorm.bias]
1803.0s 548 Loading weights:  20%|█▉        | 39/199 [00:00<00:00, 2909.65it/s, Materializing param=encoder.layer.2.attention.output.LayerNorm.weight]
1803.0s 549 Loading weights:  20%|█▉        | 39/199 [00:00<00:00, 2898.47it/s, Materializing param=encoder.layer.2.attention.output.LayerNorm.weight]
1803.0s 550 Loading weights:  20%|██        | 40/199 [00:00<00:00, 2952.75it/s, Materializing param=encoder.layer.2.attention.output.dense.bias]
1803.0s 551 Loading weights:  20%|██        | 40/199 [00:00<00:00, 2941.87it/s, Materializing param=encoder.layer.2.attention.output.dense.bias]
1803.0s 552 Loading weights:  21%|██        | 41/199 [00:00<00:00, 2995.77it/s, Materializing param=encoder.layer.2.attention.output.dense.weight]
1803.0s 553 Loading weights:  21%|██        | 41/199 [00:00<00:00, 2985.01it/s, Materializing param=encoder.layer.2.attention.output.dense.weight]
1803.0s 554 Loading weights:  21%|██        | 42/199 [00:00<00:00, 3034.53it/s, Materializing param=encoder.layer.2.attention.self.key.bias]
1803.0s 555 Loading weights:  21%|██        | 42/199 [00:00<00:00, 3023.60it/s, Materializing param=encoder.layer.2.attention.self.key.bias]
1803.0s 556 Loading weights:  22%|██▏       | 43/199 [00:00<00:00, 3075.68it/s, Materializing param=encoder.layer.2.attention.self.key.weight]
1803.0s 557 Loading weights:  22%|██▏       | 43/199 [00:00<00:00, 3064.61it/s, Materializing param=encoder.layer.2.attention.self.key.weight]
1803.0s 558 Loading weights:  22%|██▏       | 44/199 [00:00<00:00, 3115.65it/s, Materializing param=encoder.layer.2.attention.self.query.bias]
1803.0s 559 Loading weights:  22%|██▏       | 44/199 [00:00<00:00, 3104.75it/s, Materializing param=encoder.layer.2.attention.self.query.bias]
1803.0s 560 Loading weights:  23%|██▎       | 45/199 [00:00<00:00, 3153.98it/s, Materializing param=encoder.layer.2.attention.self.query.weight]
1803.0s 561 Loading weights:  23%|██▎       | 45/199 [00:00<00:00, 3142.90it/s, Materializing param=encoder.layer.2.attention.self.query.weight]
1803.0s 562 Loading weights:  23%|██▎       | 46/199 [00:00<00:00, 3192.59it/s, Materializing param=encoder.layer.2.attention.self.value.bias]
1803.0s 563 Loading weights:  23%|██▎       | 46/199 [00:00<00:00, 3181.80it/s, Materializing param=encoder.layer.2.attention.self.value.bias]
1803.0s 564 Loading weights:  24%|██▎       | 47/199 [00:00<00:00, 3230.78it/s, Materializing param=encoder.layer.2.attention.self.value.weight]
1803.0s 565 Loading weights:  24%|██▎       | 47/199 [00:00<00:00, 3219.54it/s, Materializing param=encoder.layer.2.attention.self.value.weight]
1803.0s 566 Loading weights:  24%|██▍       | 48/199 [00:00<00:00, 3268.13it/s, Materializing param=encoder.layer.2.intermediate.dense.bias]
1803.0s 567 Loading weights:  24%|██▍       | 48/199 [00:00<00:00, 3257.18it/s, Materializing param=encoder.layer.2.intermediate.dense.bias]
1803.0s 568 Loading weights:  25%|██▍       | 49/199 [00:00<00:00, 3301.81it/s, Materializing param=encoder.layer.2.intermediate.dense.weight]
1803.0s 569 Loading weights:  25%|██▍       | 49/199 [00:00<00:00, 3290.81it/s, Materializing param=encoder.layer.2.intermediate.dense.weight]
1803.0s 570 Loading weights:  25%|██▌       | 50/199 [00:00<00:00, 3338.14it/s, Materializing param=encoder.layer.2.output.LayerNorm.bias]
1803.0s 571 Loading weights:  25%|██▌       | 50/199 [00:00<00:00, 3327.28it/s, Materializing param=encoder.layer.2.output.LayerNorm.bias]
1803.0s 572 Loading weights:  26%|██▌       | 51/199 [00:00<00:00, 3374.07it/s, Materializing param=encoder.layer.2.output.LayerNorm.weight]
1803.0s 573 Loading weights:  26%|██▌       | 51/199 [00:00<00:00, 3363.25it/s, Materializing param=encoder.layer.2.output.LayerNorm.weight]
1803.0s 574 Loading weights:  26%|██▌       | 52/199 [00:00<00:00, 3406.91it/s, Materializing param=encoder.layer.2.output.dense.bias]
1803.0s 575 Loading weights:  26%|██▌       | 52/199 [00:00<00:00, 3395.62it/s, Materializing param=encoder.layer.2.output.dense.bias]
1803.0s 576 Loading weights:  27%|██▋       | 53/199 [00:00<00:00, 3440.40it/s, Materializing param=encoder.layer.2.output.dense.weight]
1803.0s 577 Loading weights:  27%|██▋       | 53/199 [00:00<00:00, 3429.26it/s, Materializing param=encoder.layer.2.output.dense.weight]
1803.0s 578 Loading weights:  27%|██▋       | 54/199 [00:00<00:00, 3474.18it/s, Materializing param=encoder.layer.3.attention.output.LayerNorm.bias]
1803.0s 579 Loading weights:  27%|██▋       | 54/199 [00:00<00:00, 3462.87it/s, Materializing param=encoder.layer.3.attention.output.LayerNorm.bias]
1803.0s 580 Loading weights:  28%|██▊       | 55/199 [00:00<00:00, 3506.46it/s, Materializing param=encoder.layer.3.attention.output.LayerNorm.weight]
1803.0s 581 Loading weights:  28%|██▊       | 55/199 [00:00<00:00, 3495.25it/s, Materializing param=encoder.layer.3.attention.output.LayerNorm.weight]
1803.0s 582 Loading weights:  28%|██▊       | 56/199 [00:00<00:00, 3535.18it/s, Materializing param=encoder.layer.3.attention.output.dense.bias]
1803.0s 583 Loading weights:  28%|██▊       | 56/199 [00:00<00:00, 3523.30it/s, Materializing param=encoder.layer.3.attention.output.dense.bias]
1803.0s 584 Loading weights:  29%|██▊       | 57/199 [00:00<00:00, 3565.10it/s, Materializing param=encoder.layer.3.attention.output.dense.weight]
1803.0s 585 Loading weights:  29%|██▊       | 57/199 [00:00<00:00, 3553.91it/s, Materializing param=encoder.layer.3.attention.output.dense.weight]
1803.0s 586 Loading weights:  29%|██▉       | 58/199 [00:00<00:00, 3596.00it/s, Materializing param=encoder.layer.3.attention.self.key.bias]
1803.0s 587 Loading weights:  29%|██▉       | 58/199 [00:00<00:00, 3584.93it/s, Materializing param=encoder.layer.3.attention.self.key.bias]
1803.0s 588 Loading weights:  30%|██▉       | 59/199 [00:00<00:00, 3625.74it/s, Materializing param=encoder.layer.3.attention.self.key.weight]
1803.0s 589 Loading weights:  30%|██▉       | 59/199 [00:00<00:00, 3614.67it/s, Materializing param=encoder.layer.3.attention.self.key.weight]
1803.0s 590 Loading weights:  30%|███       | 60/199 [00:00<00:00, 3656.02it/s, Materializing param=encoder.layer.3.attention.self.query.bias]
1803.0s 591 Loading weights:  30%|███       | 60/199 [00:00<00:00, 3645.11it/s, Materializing param=encoder.layer.3.attention.self.query.bias]
1803.0s 592 Loading weights:  31%|███       | 61/199 [00:00<00:00, 3686.37it/s, Materializing param=encoder.layer.3.attention.self.query.weight]
1803.0s 593 Loading weights:  31%|███       | 61/199 [00:00<00:00, 3675.14it/s, Materializing param=encoder.layer.3.attention.self.query.weight]
1803.0s 594 Loading weights:  31%|███       | 62/199 [00:00<00:00, 3715.75it/s, Materializing param=encoder.layer.3.attention.self.value.bias]
1803.0s 595 Loading weights:  31%|███       | 62/199 [00:00<00:00, 3704.74it/s, Materializing param=encoder.layer.3.attention.self.value.bias]
1803.0s 596 Loading weights:  32%|███▏      | 63/199 [00:00<00:00, 3741.10it/s, Materializing param=encoder.layer.3.attention.self.value.weight]
1803.0s 597 Loading weights:  32%|███▏      | 63/199 [00:00<00:00, 3729.90it/s, Materializing param=encoder.layer.3.attention.self.value.weight]
1803.0s 598 Loading weights:  32%|███▏      | 64/199 [00:00<00:00, 3768.89it/s, Materializing param=encoder.layer.3.intermediate.dense.bias]
1803.0s 599 Loading weights:  32%|███▏      | 64/199 [00:00<00:00, 3757.86it/s, Materializing param=encoder.layer.3.intermediate.dense.bias]
1803.0s 600 Loading weights:  33%|███▎      | 65/199 [00:00<00:00, 3797.12it/s, Materializing param=encoder.layer.3.intermediate.dense.weight]
1803.0s 601 Loading weights:  33%|███▎      | 65/199 [00:00<00:00, 3786.00it/s, Materializing param=encoder.layer.3.intermediate.dense.weight]
1803.0s 602 Loading weights:  33%|███▎      | 66/199 [00:00<00:00, 3821.27it/s, Materializing param=encoder.layer.3.output.LayerNorm.bias]
1803.0s 603 Loading weights:  33%|███▎      | 66/199 [00:00<00:00, 3809.80it/s, Materializing param=encoder.layer.3.output.LayerNorm.bias]
1803.0s 604 Loading weights:  34%|███▎      | 67/199 [00:00<00:00, 3846.98it/s, Materializing param=encoder.layer.3.output.LayerNorm.weight]
1803.0s 605 Loading weights:  34%|███▎      | 67/199 [00:00<00:00, 3836.17it/s, Materializing param=encoder.layer.3.output.LayerNorm.weight]
1803.0s 606 Loading weights:  34%|███▍      | 68/199 [00:00<00:00, 3873.86it/s, Materializing param=encoder.layer.3.output.dense.bias]
1803.0s 607 Loading weights:  34%|███▍      | 68/199 [00:00<00:00, 3862.94it/s, Materializing param=encoder.layer.3.output.dense.bias]
1803.0s 608 Loading weights:  35%|███▍      | 69/199 [00:00<00:00, 3900.68it/s, Materializing param=encoder.layer.3.output.dense.weight]
1803.0s 609 Loading weights:  35%|███▍      | 69/199 [00:00<00:00, 3889.93it/s, Materializing param=encoder.layer.3.output.dense.weight]
1803.0s 610 Loading weights:  35%|███▌      | 70/199 [00:00<00:00, 3923.89it/s, Materializing param=encoder.layer.4.attention.output.LayerNorm.bias]
1803.0s 611 Loading weights:  35%|███▌      | 70/199 [00:00<00:00, 3912.65it/s, Materializing param=encoder.layer.4.attention.output.LayerNorm.bias]
1803.0s 612 Loading weights:  36%|███▌      | 71/199 [00:00<00:00, 3948.44it/s, Materializing param=encoder.layer.4.attention.output.LayerNorm.weight]
1803.0s 613 Loading weights:  36%|███▌      | 71/199 [00:00<00:00, 3937.43it/s, Materializing param=encoder.layer.4.attention.output.LayerNorm.weight]
1803.0s 614 Loading weights:  36%|███▌      | 72/199 [00:00<00:00, 3972.77it/s, Materializing param=encoder.layer.4.attention.output.dense.bias]
1803.0s 615 Loading weights:  36%|███▌      | 72/199 [00:00<00:00, 3961.56it/s, Materializing param=encoder.layer.4.attention.output.dense.bias]
1803.0s 616 Loading weights:  37%|███▋      | 73/199 [00:00<00:00, 3994.68it/s, Materializing param=encoder.layer.4.attention.output.dense.weight]
1803.0s 617 Loading weights:  37%|███▋      | 73/199 [00:00<00:00, 3983.09it/s, Materializing param=encoder.layer.4.attention.output.dense.weight]
1803.0s 618 Loading weights:  37%|███▋      | 74/199 [00:00<00:00, 4017.01it/s, Materializing param=encoder.layer.4.attention.self.key.bias]
1803.0s 619 Loading weights:  37%|███▋      | 74/199 [00:00<00:00, 4005.61it/s, Materializing param=encoder.layer.4.attention.self.key.bias]
1803.0s 620 Loading weights:  38%|███▊      | 75/199 [00:00<00:00, 4038.89it/s, Materializing param=encoder.layer.4.attention.self.key.weight]
1803.0s 621 Loading weights:  38%|███▊      | 75/199 [00:00<00:00, 4027.41it/s, Materializing param=encoder.layer.4.attention.self.key.weight]
1803.0s 622 Loading weights:  38%|███▊      | 76/199 [00:00<00:00, 4060.88it/s, Materializing param=encoder.layer.4.attention.self.query.bias]
1803.0s 623 Loading weights:  38%|███▊      | 76/199 [00:00<00:00, 4046.96it/s, Materializing param=encoder.layer.4.attention.self.query.bias]
1803.0s 624 Loading weights:  39%|███▊      | 77/199 [00:00<00:00, 4079.29it/s, Materializing param=encoder.layer.4.attention.self.query.weight]
1803.0s 625 Loading weights:  39%|███▊      | 77/199 [00:00<00:00, 4067.73it/s, Materializing param=encoder.layer.4.attention.self.query.weight]
1803.0s 626 Loading weights:  39%|███▉      | 78/199 [00:00<00:00, 4100.31it/s, Materializing param=encoder.layer.4.attention.self.value.bias]
1803.0s 627 Loading weights:  39%|███▉      | 78/199 [00:00<00:00, 4089.04it/s, Materializing param=encoder.layer.4.attention.self.value.bias]
1803.0s 628 Loading weights:  40%|███▉      | 79/199 [00:00<00:00, 4121.53it/s, Materializing param=encoder.layer.4.attention.self.value.weight]
1803.0s 629 Loading weights:  40%|███▉      | 79/199 [00:00<00:00, 4110.28it/s, Materializing param=encoder.layer.4.attention.self.value.weight]
1803.0s 630 Loading weights:  40%|████      | 80/199 [00:00<00:00, 4140.48it/s, Materializing param=encoder.layer.4.intermediate.dense.bias]
1803.0s 631 Loading weights:  40%|████      | 80/199 [00:00<00:00, 4129.12it/s, Materializing param=encoder.layer.4.intermediate.dense.bias]
1803.0s 632 Loading weights:  41%|████      | 81/199 [00:00<00:00, 4159.13it/s, Materializing param=encoder.layer.4.intermediate.dense.weight]
1803.0s 633 Loading weights:  41%|████      | 81/199 [00:00<00:00, 4147.96it/s, Materializing param=encoder.layer.4.intermediate.dense.weight]
1803.0s 634 Loading weights:  41%|████      | 82/199 [00:00<00:00, 4179.68it/s, Materializing param=encoder.layer.4.output.LayerNorm.bias]
1803.0s 635 Loading weights:  41%|████      | 82/199 [00:00<00:00, 4168.58it/s, Materializing param=encoder.layer.4.output.LayerNorm.bias]
1803.0s 636 Loading weights:  42%|████▏     | 83/199 [00:00<00:00, 4196.73it/s, Materializing param=encoder.layer.4.output.LayerNorm.weight]
1803.0s 637 Loading weights:  42%|████▏     | 83/199 [00:00<00:00, 4185.43it/s, Materializing param=encoder.layer.4.output.LayerNorm.weight]
1803.0s 638 Loading weights:  42%|████▏     | 84/199 [00:00<00:00, 4216.14it/s, Materializing param=encoder.layer.4.output.dense.bias]
1803.0s 639 Loading weights:  42%|████▏     | 84/199 [00:00<00:00, 4204.82it/s, Materializing param=encoder.layer.4.output.dense.bias]
1803.0s 640 Loading weights:  43%|████▎     | 85/199 [00:00<00:00, 4235.31it/s, Materializing param=encoder.layer.4.output.dense.weight]
1803.0s 641 Loading weights:  43%|████▎     | 85/199 [00:00<00:00, 4224.42it/s, Materializing param=encoder.layer.4.output.dense.weight]
1803.0s 642 Loading weights:  43%|████▎     | 86/199 [00:00<00:00, 4255.31it/s, Materializing param=encoder.layer.5.attention.output.LayerNorm.bias]
1803.0s 643 Loading weights:  43%|████▎     | 86/199 [00:00<00:00, 4243.15it/s, Materializing param=encoder.layer.5.attention.output.LayerNorm.bias]
1803.0s 644 Loading weights:  44%|████▎     | 87/199 [00:00<00:00, 4272.09it/s, Materializing param=encoder.layer.5.attention.output.LayerNorm.weight]
1803.0s 645 Loading weights:  44%|████▎     | 87/199 [00:00<00:00, 4250.04it/s, Materializing param=encoder.layer.5.attention.output.LayerNorm.weight]
1803.0s 646 Loading weights:  44%|████▍     | 88/199 [00:00<00:00, 4272.47it/s, Materializing param=encoder.layer.5.attention.output.dense.bias]
1803.0s 647 Loading weights:  44%|████▍     | 88/199 [00:00<00:00, 4261.32it/s, Materializing param=encoder.layer.5.attention.output.dense.bias]
1803.0s 648 Loading weights:  45%|████▍     | 89/199 [00:00<00:00, 4282.11it/s, Materializing param=encoder.layer.5.attention.output.dense.weight]
1803.0s 649 Loading weights:  45%|████▍     | 89/199 [00:00<00:00, 4268.26it/s, Materializing param=encoder.layer.5.attention.output.dense.weight]
1803.0s 650 Loading weights:  45%|████▌     | 90/199 [00:00<00:00, 4293.97it/s, Materializing param=encoder.layer.5.attention.self.key.bias]
1803.0s 651 Loading weights:  45%|████▌     | 90/199 [00:00<00:00, 4283.16it/s, Materializing param=encoder.layer.5.attention.self.key.bias]
1803.0s 652 Loading weights:  46%|████▌     | 91/199 [00:00<00:00, 4311.13it/s, Materializing param=encoder.layer.5.attention.self.key.weight]
1803.0s 653 Loading weights:  46%|████▌     | 91/199 [00:00<00:00, 4300.69it/s, Materializing param=encoder.layer.5.attention.self.key.weight]
1803.0s 654 Loading weights:  46%|████▌     | 92/199 [00:00<00:00, 4329.26it/s, Materializing param=encoder.layer.5.attention.self.query.bias]
1803.0s 655 Loading weights:  46%|████▌     | 92/199 [00:00<00:00, 4306.80it/s, Materializing param=encoder.layer.5.attention.self.query.bias]
1803.0s 656 Loading weights:  47%|████▋     | 93/199 [00:00<00:00, 4330.31it/s, Materializing param=encoder.layer.5.attention.self.query.weight]
1803.0s 657 Loading weights:  47%|████▋     | 93/199 [00:00<00:00, 4319.09it/s, Materializing param=encoder.layer.5.attention.self.query.weight]
1803.0s 658 Loading weights:  47%|████▋     | 94/199 [00:00<00:00, 4346.24it/s, Materializing param=encoder.layer.5.attention.self.value.bias]
1803.0s 659 Loading weights:  47%|████▋     | 94/199 [00:00<00:00, 4335.91it/s, Materializing param=encoder.layer.5.attention.self.value.bias]
1803.0s 660 Loading weights:  48%|████▊     | 95/199 [00:00<00:00, 4351.84it/s, Materializing param=encoder.layer.5.attention.self.value.weight]
1803.0s 661 Loading weights:  48%|████▊     | 95/199 [00:00<00:00, 4339.42it/s, Materializing param=encoder.layer.5.attention.self.value.weight]
1803.0s 662 Loading weights:  48%|████▊     | 96/199 [00:00<00:00, 4365.14it/s, Materializing param=encoder.layer.5.intermediate.dense.bias]
1803.0s 663 Loading weights:  48%|████▊     | 96/199 [00:00<00:00, 4354.70it/s, Materializing param=encoder.layer.5.intermediate.dense.bias]
1803.0s 664 Loading weights:  49%|████▊     | 97/199 [00:00<00:00, 4381.77it/s, Materializing param=encoder.layer.5.intermediate.dense.weight]
1803.0s 665 Loading weights:  49%|████▊     | 97/199 [00:00<00:00, 4371.60it/s, Materializing param=encoder.layer.5.intermediate.dense.weight]
1803.0s 666 Loading weights:  49%|████▉     | 98/199 [00:00<00:00, 4397.63it/s, Materializing param=encoder.layer.5.output.LayerNorm.bias]
1803.0s 667 Loading weights:  49%|████▉     | 98/199 [00:00<00:00, 4387.30it/s, Materializing param=encoder.layer.5.output.LayerNorm.bias]
1803.0s 668 Loading weights:  50%|████▉     | 99/199 [00:00<00:00, 4414.07it/s, Materializing param=encoder.layer.5.output.LayerNorm.weight]
1803.0s 669 Loading weights:  50%|████▉     | 99/199 [00:00<00:00, 4404.10it/s, Materializing param=encoder.layer.5.output.LayerNorm.weight]
1803.0s 670 Loading weights:  50%|█████     | 100/199 [00:00<00:00, 4430.91it/s, Materializing param=encoder.layer.5.output.dense.bias]
1803.0s 671 Loading weights:  50%|█████     | 100/199 [00:00<00:00, 4421.01it/s, Materializing param=encoder.layer.5.output.dense.bias]
1803.0s 672 Loading weights:  51%|█████     | 101/199 [00:00<00:00, 4447.74it/s, Materializing param=encoder.layer.5.output.dense.weight]
1803.0s 673 Loading weights:  51%|█████     | 101/199 [00:00<00:00, 4435.35it/s, Materializing param=encoder.layer.5.output.dense.weight]
1803.0s 674 Loading weights:  51%|█████▏    | 102/199 [00:00<00:00, 4460.58it/s, Materializing param=encoder.layer.6.attention.output.LayerNorm.bias]
1803.0s 675 Loading weights:  51%|█████▏    | 102/199 [00:00<00:00, 4450.14it/s, Materializing param=encoder.layer.6.attention.output.LayerNorm.bias]
1803.0s 676 Loading weights:  52%|█████▏    | 103/199 [00:00<00:00, 4475.25it/s, Materializing param=encoder.layer.6.attention.output.LayerNorm.weight]
1803.0s 677 Loading weights:  52%|█████▏    | 103/199 [00:00<00:00, 4465.02it/s, Materializing param=encoder.layer.6.attention.output.LayerNorm.weight]
1803.0s 678 Loading weights:  52%|█████▏    | 104/199 [00:00<00:00, 4490.46it/s, Materializing param=encoder.layer.6.attention.output.dense.bias]
1803.0s 679 Loading weights:  52%|█████▏    | 104/199 [00:00<00:00, 4480.45it/s, Materializing param=encoder.layer.6.attention.output.dense.bias]
1803.0s 680 Loading weights:  53%|█████▎    | 105/199 [00:00<00:00, 4504.19it/s, Materializing param=encoder.layer.6.attention.output.dense.weight]
1803.0s 681 Loading weights:  53%|█████▎    | 105/199 [00:00<00:00, 4494.08it/s, Materializing param=encoder.layer.6.attention.output.dense.weight]
1803.0s 682 Loading weights:  53%|█████▎    | 106/199 [00:00<00:00, 4518.85it/s, Materializing param=encoder.layer.6.attention.self.key.bias]
1803.0s 683 Loading weights:  53%|█████▎    | 106/199 [00:00<00:00, 4509.09it/s, Materializing param=encoder.layer.6.attention.self.key.bias]
1803.0s 684 Loading weights:  54%|█████▍    | 107/199 [00:00<00:00, 4533.97it/s, Materializing param=encoder.layer.6.attention.self.key.weight]
1803.0s 685 Loading weights:  54%|█████▍    | 107/199 [00:00<00:00, 4524.33it/s, Materializing param=encoder.layer.6.attention.self.key.weight]
1803.0s 686 Loading weights:  54%|█████▍    | 108/199 [00:00<00:00, 4549.09it/s, Materializing param=encoder.layer.6.attention.self.query.bias]
1803.0s 687 Loading weights:  54%|█████▍    | 108/199 [00:00<00:00, 4536.88it/s, Materializing param=encoder.layer.6.attention.self.query.bias]
1803.0s 688 Loading weights:  55%|█████▍    | 109/199 [00:00<00:00, 4561.07it/s, Materializing param=encoder.layer.6.attention.self.query.weight]
1803.0s 689 Loading weights:  55%|█████▍    | 109/199 [00:00<00:00, 4551.40it/s, Materializing param=encoder.layer.6.attention.self.query.weight]
1803.0s 690 Loading weights:  55%|█████▌    | 110/199 [00:00<00:00, 4575.85it/s, Materializing param=encoder.layer.6.attention.self.value.bias]
1803.0s 691 Loading weights:  55%|█████▌    | 110/199 [00:00<00:00, 4565.97it/s, Materializing param=encoder.layer.6.attention.self.value.bias]
1803.0s 692 Loading weights:  56%|█████▌    | 111/199 [00:00<00:00, 4590.18it/s, Materializing param=encoder.layer.6.attention.self.value.weight]
1803.0s 693 Loading weights:  56%|█████▌    | 111/199 [00:00<00:00, 4580.42it/s, Materializing param=encoder.layer.6.attention.self.value.weight]
1803.0s 694 Loading weights:  56%|█████▋    | 112/199 [00:00<00:00, 4602.67it/s, Materializing param=encoder.layer.6.intermediate.dense.bias]
1803.0s 695 Loading weights:  56%|█████▋    | 112/199 [00:00<00:00, 4593.04it/s, Materializing param=encoder.layer.6.intermediate.dense.bias]
1803.0s 696 Loading weights:  57%|█████▋    | 113/199 [00:00<00:00, 4616.94it/s, Materializing param=encoder.layer.6.intermediate.dense.weight]
1803.0s 697 Loading weights:  57%|█████▋    | 113/199 [00:00<00:00, 4607.47it/s, Materializing param=encoder.layer.6.intermediate.dense.weight]
1803.0s 698 Loading weights:  57%|█████▋    | 114/199 [00:00<00:00, 4631.36it/s, Materializing param=encoder.layer.6.output.LayerNorm.bias]
1803.0s 699 Loading weights:  57%|█████▋    | 114/199 [00:00<00:00, 4621.87it/s, Materializing param=encoder.layer.6.output.LayerNorm.bias]
1803.0s 700 Loading weights:  58%|█████▊    | 115/199 [00:00<00:00, 4643.38it/s, Materializing param=encoder.layer.6.output.LayerNorm.weight]
1803.0s 701 Loading weights:  58%|█████▊    | 115/199 [00:00<00:00, 4633.57it/s, Materializing param=encoder.layer.6.output.LayerNorm.weight]
1803.0s 702 Loading weights:  58%|█████▊    | 116/199 [00:00<00:00, 4656.64it/s, Materializing param=encoder.layer.6.output.dense.bias]
1803.0s 703 Loading weights:  58%|█████▊    | 116/199 [00:00<00:00, 4647.34it/s, Materializing param=encoder.layer.6.output.dense.bias]
1803.0s 704 Loading weights:  59%|█████▉    | 117/199 [00:00<00:00, 4670.45it/s, Materializing param=encoder.layer.6.output.dense.weight]
1803.0s 705 Loading weights:  59%|█████▉    | 117/199 [00:00<00:00, 4661.22it/s, Materializing param=encoder.layer.6.output.dense.weight]
1803.0s 706 Loading weights:  59%|█████▉    | 118/199 [00:00<00:00, 4684.91it/s, Materializing param=encoder.layer.7.attention.output.LayerNorm.bias]
1803.0s 707 Loading weights:  59%|█████▉    | 118/199 [00:00<00:00, 4675.35it/s, Materializing param=encoder.layer.7.attention.output.LayerNorm.bias]
1803.0s 708 Loading weights:  60%|█████▉    | 119/199 [00:00<00:00, 4696.21it/s, Materializing param=encoder.layer.7.attention.output.LayerNorm.weight]
1803.0s 709 Loading weights:  60%|█████▉    | 119/199 [00:00<00:00, 4686.46it/s, Materializing param=encoder.layer.7.attention.output.LayerNorm.weight]
1803.0s 710 Loading weights:  60%|██████    | 120/199 [00:00<00:00, 4708.69it/s, Materializing param=encoder.layer.7.attention.output.dense.bias]
1803.0s 711 Loading weights:  60%|██████    | 120/199 [00:00<00:00, 4699.15it/s, Materializing param=encoder.layer.7.attention.output.dense.bias]
1803.0s 712 Loading weights:  61%|██████    | 121/199 [00:00<00:00, 4721.43it/s, Materializing param=encoder.layer.7.attention.output.dense.weight]
1803.0s 713 Loading weights:  61%|██████    | 121/199 [00:00<00:00, 4711.96it/s, Materializing param=encoder.layer.7.attention.output.dense.weight]
1803.0s 714 Loading weights:  61%|██████▏   | 122/199 [00:00<00:00, 4731.96it/s, Materializing param=encoder.layer.7.attention.self.key.bias]
1803.0s 715 Loading weights:  61%|██████▏   | 122/199 [00:00<00:00, 4722.31it/s, Materializing param=encoder.layer.7.attention.self.key.bias]
1803.0s 716 Loading weights:  62%|██████▏   | 123/199 [00:00<00:00, 4744.08it/s, Materializing param=encoder.layer.7.attention.self.key.weight]
1803.0s 717 Loading weights:  62%|██████▏   | 123/199 [00:00<00:00, 4734.80it/s, Materializing param=encoder.layer.7.attention.self.key.weight]
1803.0s 718 Loading weights:  62%|██████▏   | 124/199 [00:00<00:00, 4756.80it/s, Materializing param=encoder.layer.7.attention.self.query.bias]
1803.0s 719 Loading weights:  62%|██████▏   | 124/199 [00:00<00:00, 4747.37it/s, Materializing param=encoder.layer.7.attention.self.query.bias]
1803.0s 720 Loading weights:  63%|██████▎   | 125/199 [00:00<00:00, 4769.20it/s, Materializing param=encoder.layer.7.attention.self.query.weight]
1803.0s 721 Loading weights:  63%|██████▎   | 125/199 [00:00<00:00, 4759.07it/s, Materializing param=encoder.layer.7.attention.self.query.weight]
1803.0s 722 Loading weights:  63%|██████▎   | 126/199 [00:00<00:00, 4779.96it/s, Materializing param=encoder.layer.7.attention.self.value.bias]
1803.0s 723 Loading weights:  63%|██████▎   | 126/199 [00:00<00:00, 4770.60it/s, Materializing param=encoder.layer.7.attention.self.value.bias]
1803.0s 724 Loading weights:  64%|██████▍   | 127/199 [00:00<00:00, 4791.85it/s, Materializing param=encoder.layer.7.attention.self.value.weight]
1803.0s 725 Loading weights:  64%|██████▍   | 127/199 [00:00<00:00, 4782.64it/s, Materializing param=encoder.layer.7.attention.self.value.weight]
1803.0s 726 Loading weights:  64%|██████▍   | 128/199 [00:00<00:00, 4803.83it/s, Materializing param=encoder.layer.7.intermediate.dense.bias]
1803.0s 727 Loading weights:  64%|██████▍   | 128/199 [00:00<00:00, 4794.65it/s, Materializing param=encoder.layer.7.intermediate.dense.bias]
1803.0s 728 Loading weights:  65%|██████▍   | 129/199 [00:00<00:00, 4813.66it/s, Materializing param=encoder.layer.7.intermediate.dense.weight]
1803.0s 729 Loading weights:  65%|██████▍   | 129/199 [00:00<00:00, 4804.30it/s, Materializing param=encoder.layer.7.intermediate.dense.weight]
1803.0s 730 Loading weights:  65%|██████▌   | 130/199 [00:00<00:00, 4825.48it/s, Materializing param=encoder.layer.7.output.LayerNorm.bias]
1803.0s 731 Loading weights:  65%|██████▌   | 130/199 [00:00<00:00, 4816.31it/s, Materializing param=encoder.layer.7.output.LayerNorm.bias]
1803.0s 732 Loading weights:  66%|██████▌   | 131/199 [00:00<00:00, 4837.17it/s, Materializing param=encoder.layer.7.output.LayerNorm.weight]
1803.0s 733 Loading weights:  66%|██████▌   | 131/199 [00:00<00:00, 4828.03it/s, Materializing param=encoder.layer.7.output.LayerNorm.weight]
1803.0s 734 Loading weights:  66%|██████▋   | 132/199 [00:00<00:00, 4848.86it/s, Materializing param=encoder.layer.7.output.dense.bias]
1803.0s 735 Loading weights:  66%|██████▋   | 132/199 [00:00<00:00, 4838.82it/s, Materializing param=encoder.layer.7.output.dense.bias]
1803.0s 736 Loading weights:  67%|██████▋   | 133/199 [00:00<00:00, 4859.30it/s, Materializing param=encoder.layer.7.output.dense.weight]
1803.0s 737 Loading weights:  67%|██████▋   | 133/199 [00:00<00:00, 4850.30it/s, Materializing param=encoder.layer.7.output.dense.weight]
1803.0s 738 Loading weights:  67%|██████▋   | 134/199 [00:00<00:00, 4870.80it/s, Materializing param=encoder.layer.8.attention.output.LayerNorm.bias]
1803.0s 739 Loading weights:  67%|██████▋   | 134/199 [00:00<00:00, 4861.66it/s, Materializing param=encoder.layer.8.attention.output.LayerNorm.bias]
1803.0s 740 Loading weights:  68%|██████▊   | 135/199 [00:00<00:00, 4881.55it/s, Materializing param=encoder.layer.8.attention.output.LayerNorm.weight]
1803.0s 741 Loading weights:  68%|██████▊   | 135/199 [00:00<00:00, 4872.44it/s, Materializing param=encoder.layer.8.attention.output.LayerNorm.weight]
1803.0s 742 Loading weights:  68%|██████▊   | 136/199 [00:00<00:00, 4889.89it/s, Materializing param=encoder.layer.8.attention.output.dense.bias]
1803.0s 743 Loading weights:  68%|██████▊   | 136/199 [00:00<00:00, 4880.85it/s, Materializing param=encoder.layer.8.attention.output.dense.bias]
1803.0s 744 Loading weights:  69%|██████▉   | 137/199 [00:00<00:00, 4900.72it/s, Materializing param=encoder.layer.8.attention.output.dense.weight]
1803.0s 745 Loading weights:  69%|██████▉   | 137/199 [00:00<00:00, 4891.88it/s, Materializing param=encoder.layer.8.attention.output.dense.weight]
1803.0s 746 Loading weights:  69%|██████▉   | 138/199 [00:00<00:00, 4911.70it/s, Materializing param=encoder.layer.8.attention.self.key.bias]
1803.0s 747 Loading weights:  69%|██████▉   | 138/199 [00:00<00:00, 4902.71it/s, Materializing param=encoder.layer.8.attention.self.key.bias]
1803.0s 748 Loading weights:  70%|██████▉   | 139/199 [00:00<00:00, 4922.35it/s, Materializing param=encoder.layer.8.attention.self.key.weight]
1803.0s 749 Loading weights:  70%|██████▉   | 139/199 [00:00<00:00, 4912.31it/s, Materializing param=encoder.layer.8.attention.self.key.weight]
1803.0s 750 Loading weights:  70%|███████   | 140/199 [00:00<00:00, 4931.70it/s, Materializing param=encoder.layer.8.attention.self.query.bias]
1803.0s 751 Loading weights:  70%|███████   | 140/199 [00:00<00:00, 4922.85it/s, Materializing param=encoder.layer.8.attention.self.query.bias]
1803.0s 752 Loading weights:  71%|███████   | 141/199 [00:00<00:00, 4942.31it/s, Materializing param=encoder.layer.8.attention.self.query.weight]
1803.0s 753 Loading weights:  71%|███████   | 141/199 [00:00<00:00, 4933.65it/s, Materializing param=encoder.layer.8.attention.self.query.weight]
1803.0s 754 Loading weights:  71%|███████▏  | 142/199 [00:00<00:00, 4953.15it/s, Materializing param=encoder.layer.8.attention.self.value.bias]
1803.0s 755 Loading weights:  71%|███████▏  | 142/199 [00:00<00:00, 4944.47it/s, Materializing param=encoder.layer.8.attention.self.value.bias]
1803.0s 756 Loading weights:  72%|███████▏  | 143/199 [00:00<00:00, 4961.25it/s, Materializing param=encoder.layer.8.attention.self.value.weight]
1803.0s 757 Loading weights:  72%|███████▏  | 143/199 [00:00<00:00, 4952.44it/s, Materializing param=encoder.layer.8.attention.self.value.weight]
1803.0s 758 Loading weights:  72%|███████▏  | 144/199 [00:00<00:00, 4971.64it/s, Materializing param=encoder.layer.8.intermediate.dense.bias]
1803.0s 759 Loading weights:  72%|███████▏  | 144/199 [00:00<00:00, 4962.98it/s, Materializing param=encoder.layer.8.intermediate.dense.bias]
1803.0s 760 Loading weights:  73%|███████▎  | 145/199 [00:00<00:00, 4982.42it/s, Materializing param=encoder.layer.8.intermediate.dense.weight]
1803.0s 761 Loading weights:  73%|███████▎  | 145/199 [00:00<00:00, 4973.94it/s, Materializing param=encoder.layer.8.intermediate.dense.weight]
1803.0s 762 Loading weights:  73%|███████▎  | 146/199 [00:00<00:00, 4993.50it/s, Materializing param=encoder.layer.8.output.LayerNorm.bias]
1803.0s 763 Loading weights:  73%|███████▎  | 146/199 [00:00<00:00, 4983.95it/s, Materializing param=encoder.layer.8.output.LayerNorm.bias]
1803.0s 764 Loading weights:  74%|███████▍  | 147/199 [00:00<00:00, 5002.78it/s, Materializing param=encoder.layer.8.output.LayerNorm.weight]
1803.0s 765 Loading weights:  74%|███████▍  | 147/199 [00:00<00:00, 4994.47it/s, Materializing param=encoder.layer.8.output.LayerNorm.weight]
1803.0s 766 Loading weights:  74%|███████▍  | 148/199 [00:00<00:00, 5013.67it/s, Materializing param=encoder.layer.8.output.dense.bias]
1803.0s 767 Loading weights:  74%|███████▍  | 148/199 [00:00<00:00, 5005.42it/s, Materializing param=encoder.layer.8.output.dense.bias]
1803.0s 768 Loading weights:  75%|███████▍  | 149/199 [00:00<00:00, 5024.29it/s, Materializing param=encoder.layer.8.output.dense.weight]
1803.0s 769 Loading weights:  75%|███████▍  | 149/199 [00:00<00:00, 5015.82it/s, Materializing param=encoder.layer.8.output.dense.weight]
1803.0s 770 Loading weights:  75%|███████▌  | 150/199 [00:00<00:00, 5032.32it/s, Materializing param=encoder.layer.9.attention.output.LayerNorm.bias]
1803.0s 771 Loading weights:  75%|███████▌  | 150/199 [00:00<00:00, 5023.44it/s, Materializing param=encoder.layer.9.attention.output.LayerNorm.bias]
1803.0s 772 Loading weights:  76%|███████▌  | 151/199 [00:00<00:00, 5041.31it/s, Materializing param=encoder.layer.9.attention.output.LayerNorm.weight]
1803.0s 773 Loading weights:  76%|███████▌  | 151/199 [00:00<00:00, 5032.58it/s, Materializing param=encoder.layer.9.attention.output.LayerNorm.weight]
1803.0s 774 Loading weights:  76%|███████▋  | 152/199 [00:00<00:00, 5050.18it/s, Materializing param=encoder.layer.9.attention.output.dense.bias]
1803.0s 775 Loading weights:  76%|███████▋  | 152/199 [00:00<00:00, 5041.59it/s, Materializing param=encoder.layer.9.attention.output.dense.bias]
1803.0s 776 Loading weights:  77%|███████▋  | 153/199 [00:00<00:00, 5059.23it/s, Materializing param=encoder.layer.9.attention.output.dense.weight]
1803.0s 777 Loading weights:  77%|███████▋  | 153/199 [00:00<00:00, 5049.60it/s, Materializing param=encoder.layer.9.attention.output.dense.weight]
1803.0s 778 Loading weights:  77%|███████▋  | 154/199 [00:00<00:00, 5066.74it/s, Materializing param=encoder.layer.9.attention.self.key.bias]
1803.0s 779 Loading weights:  77%|███████▋  | 154/199 [00:00<00:00, 5058.21it/s, Materializing param=encoder.layer.9.attention.self.key.bias]
1803.0s 780 Loading weights:  78%|███████▊  | 155/199 [00:00<00:00, 5075.63it/s, Materializing param=encoder.layer.9.attention.self.key.weight]
1803.0s 781 Loading weights:  78%|███████▊  | 155/199 [00:00<00:00, 5067.24it/s, Materializing param=encoder.layer.9.attention.self.key.weight]
1803.0s 782 Loading weights:  78%|███████▊  | 156/199 [00:00<00:00, 5084.91it/s, Materializing param=encoder.layer.9.attention.self.query.bias]
1803.0s 783 Loading weights:  78%|███████▊  | 156/199 [00:00<00:00, 5076.59it/s, Materializing param=encoder.layer.9.attention.self.query.bias]
1803.0s 784 Loading weights:  79%|███████▉  | 157/199 [00:00<00:00, 5091.04it/s, Materializing param=encoder.layer.9.attention.self.query.weight]
1803.0s 785 Loading weights:  79%|███████▉  | 157/199 [00:00<00:00, 5082.51it/s, Materializing param=encoder.layer.9.attention.self.query.weight]
1803.0s 786 Loading weights:  79%|███████▉  | 158/199 [00:00<00:00, 5100.01it/s, Materializing param=encoder.layer.9.attention.self.value.bias]
1803.0s 787 Loading weights:  79%|███████▉  | 158/199 [00:00<00:00, 5091.82it/s, Materializing param=encoder.layer.9.attention.self.value.bias]
1803.0s 788 Loading weights:  80%|███████▉  | 159/199 [00:00<00:00, 5109.05it/s, Materializing param=encoder.layer.9.attention.self.value.weight]
1803.0s 789 Loading weights:  80%|███████▉  | 159/199 [00:00<00:00, 5100.65it/s, Materializing param=encoder.layer.9.attention.self.value.weight]
1803.0s 790 Loading weights:  80%|████████  | 160/199 [00:00<00:00, 5116.84it/s, Materializing param=encoder.layer.9.intermediate.dense.bias]
1803.0s 791 Loading weights:  80%|████████  | 160/199 [00:00<00:00, 5108.23it/s, Materializing param=encoder.layer.9.intermediate.dense.bias]
1803.0s 792 Loading weights:  81%|████████  | 161/199 [00:00<00:00, 5125.21it/s, Materializing param=encoder.layer.9.intermediate.dense.weight]
1803.0s 793 Loading weights:  81%|████████  | 161/199 [00:00<00:00, 5116.94it/s, Materializing param=encoder.layer.9.intermediate.dense.weight]
1803.0s 794 Loading weights:  81%|████████▏ | 162/199 [00:00<00:00, 5133.94it/s, Materializing param=encoder.layer.9.output.LayerNorm.bias]
1803.0s 795 Loading weights:  81%|████████▏ | 162/199 [00:00<00:00, 5125.69it/s, Materializing param=encoder.layer.9.output.LayerNorm.bias]
1803.0s 796 Loading weights:  82%|████████▏ | 163/199 [00:00<00:00, 5142.71it/s, Materializing param=encoder.layer.9.output.LayerNorm.weight]
1803.0s 797 Loading weights:  82%|████████▏ | 163/199 [00:00<00:00, 5132.94it/s, Materializing param=encoder.layer.9.output.LayerNorm.weight]
1803.0s 798 Loading weights:  82%|████████▏ | 164/199 [00:00<00:00, 5149.12it/s, Materializing param=encoder.layer.9.output.dense.bias]
1803.0s 799 Loading weights:  82%|████████▏ | 164/199 [00:00<00:00, 5141.00it/s, Materializing param=encoder.layer.9.output.dense.bias]
1803.0s 800 Loading weights:  83%|████████▎ | 165/199 [00:00<00:00, 5158.08it/s, Materializing param=encoder.layer.9.output.dense.weight]
1803.0s 801 Loading weights:  83%|████████▎ | 165/199 [00:00<00:00, 5146.08it/s, Materializing param=encoder.layer.9.output.dense.weight]
1803.0s 802 Loading weights:  83%|████████▎ | 166/199 [00:00<00:00, 5155.15it/s, Materializing param=encoder.layer.10.attention.output.LayerNorm.bias]
1803.0s 803 Loading weights:  83%|████████▎ | 166/199 [00:00<00:00, 5145.36it/s, Materializing param=encoder.layer.10.attention.output.LayerNorm.bias]
1803.0s 804 Loading weights:  84%|████████▍ | 167/199 [00:00<00:00, 5160.38it/s, Materializing param=encoder.layer.10.attention.output.LayerNorm.weight]
1803.0s 805 Loading weights:  84%|████████▍ | 167/199 [00:00<00:00, 5152.03it/s, Materializing param=encoder.layer.10.attention.output.LayerNorm.weight]
1803.0s 806 Loading weights:  84%|████████▍ | 168/199 [00:00<00:00, 5167.98it/s, Materializing param=encoder.layer.10.attention.output.dense.bias]
1803.0s 807 Loading weights:  84%|████████▍ | 168/199 [00:00<00:00, 5159.46it/s, Materializing param=encoder.layer.10.attention.output.dense.bias]
1803.0s 808 Loading weights:  85%|████████▍ | 169/199 [00:00<00:00, 5175.24it/s, Materializing param=encoder.layer.10.attention.output.dense.weight]
1803.0s 809 Loading weights:  85%|████████▍ | 169/199 [00:00<00:00, 5167.21it/s, Materializing param=encoder.layer.10.attention.output.dense.weight]
1803.0s 810 Loading weights:  85%|████████▌ | 170/199 [00:00<00:00, 5173.12it/s, Materializing param=encoder.layer.10.attention.self.key.bias]
1803.0s 811 Loading weights:  85%|████████▌ | 170/199 [00:00<00:00, 5163.83it/s, Materializing param=encoder.layer.10.attention.self.key.bias]
1803.0s 812 Loading weights:  86%|████████▌ | 171/199 [00:00<00:00, 5178.94it/s, Materializing param=encoder.layer.10.attention.self.key.weight]
1803.0s 813 Loading weights:  86%|████████▌ | 171/199 [00:00<00:00, 5170.99it/s, Materializing param=encoder.layer.10.attention.self.key.weight]
1803.0s 814 Loading weights:  86%|████████▋ | 172/199 [00:00<00:00, 5186.94it/s, Materializing param=encoder.layer.10.attention.self.query.bias]
1803.0s 815 Loading weights:  86%|████████▋ | 172/199 [00:00<00:00, 5178.93it/s, Materializing param=encoder.layer.10.attention.self.query.bias]
1803.0s 816 Loading weights:  87%|████████▋ | 173/199 [00:00<00:00, 5193.50it/s, Materializing param=encoder.layer.10.attention.self.query.weight]
1803.0s 817 Loading weights:  87%|████████▋ | 173/199 [00:00<00:00, 5185.33it/s, Materializing param=encoder.layer.10.attention.self.query.weight]
1803.0s 818 Loading weights:  87%|████████▋ | 174/199 [00:00<00:00, 5200.88it/s, Materializing param=encoder.layer.10.attention.self.value.bias]
1803.0s 819 Loading weights:  87%|████████▋ | 174/199 [00:00<00:00, 5192.93it/s, Materializing param=encoder.layer.10.attention.self.value.bias]
1803.0s 820 Loading weights:  88%|████████▊ | 175/199 [00:00<00:00, 5208.61it/s, Materializing param=encoder.layer.10.attention.self.value.weight]
1803.0s 821 Loading weights:  88%|████████▊ | 175/199 [00:00<00:00, 5200.75it/s, Materializing param=encoder.layer.10.attention.self.value.weight]
1803.0s 822 Loading weights:  88%|████████▊ | 176/199 [00:00<00:00, 5216.43it/s, Materializing param=encoder.layer.10.intermediate.dense.bias]
1803.0s 823 Loading weights:  88%|████████▊ | 176/199 [00:00<00:00, 5206.46it/s, Materializing param=encoder.layer.10.intermediate.dense.bias]
1803.0s 824 Loading weights:  89%|████████▉ | 177/199 [00:00<00:00, 5221.82it/s, Materializing param=encoder.layer.10.intermediate.dense.weight]
1803.0s 825 Loading weights:  89%|████████▉ | 177/199 [00:00<00:00, 5214.05it/s, Materializing param=encoder.layer.10.intermediate.dense.weight]
1803.0s 826 Loading weights:  89%|████████▉ | 178/199 [00:00<00:00, 5229.95it/s, Materializing param=encoder.layer.10.output.LayerNorm.bias]
1803.0s 827 Loading weights:  89%|████████▉ | 178/199 [00:00<00:00, 5222.27it/s, Materializing param=encoder.layer.10.output.LayerNorm.bias]
1803.0s 828 Loading weights:  90%|████████▉ | 179/199 [00:00<00:00, 5238.23it/s, Materializing param=encoder.layer.10.output.LayerNorm.weight]
1803.0s 829 Loading weights:  90%|████████▉ | 179/199 [00:00<00:00, 5230.50it/s, Materializing param=encoder.layer.10.output.LayerNorm.weight]
1803.0s 830 Loading weights:  90%|█████████ | 180/199 [00:00<00:00, 5245.17it/s, Materializing param=encoder.layer.10.output.dense.bias]
1803.0s 831 Loading weights:  90%|█████████ | 180/199 [00:00<00:00, 5237.53it/s, Materializing param=encoder.layer.10.output.dense.bias]
1803.0s 832 Loading weights:  91%|█████████ | 181/199 [00:00<00:00, 5253.36it/s, Materializing param=encoder.layer.10.output.dense.weight]
1803.0s 833 Loading weights:  91%|█████████ | 181/199 [00:00<00:00, 5245.81it/s, Materializing param=encoder.layer.10.output.dense.weight]
1803.0s 834 Loading weights:  91%|█████████▏| 182/199 [00:00<00:00, 5261.67it/s, Materializing param=encoder.layer.11.attention.output.LayerNorm.bias]
1803.0s 835 Loading weights:  91%|█████████▏| 182/199 [00:00<00:00, 5253.81it/s, Materializing param=encoder.layer.11.attention.output.LayerNorm.bias]
1803.0s 836 Loading weights:  92%|█████████▏| 183/199 [00:00<00:00, 5268.58it/s, Materializing param=encoder.layer.11.attention.output.LayerNorm.weight]
1803.0s 837 Loading weights:  92%|█████████▏| 183/199 [00:00<00:00, 5258.79it/s, Materializing param=encoder.layer.11.attention.output.LayerNorm.weight]
1803.0s 838 Loading weights:  92%|█████████▏| 184/199 [00:00<00:00, 5273.01it/s, Materializing param=encoder.layer.11.attention.output.dense.bias]
1803.0s 839 Loading weights:  92%|█████████▏| 184/199 [00:00<00:00, 5265.24it/s, Materializing param=encoder.layer.11.attention.output.dense.bias]
1803.0s 840 Loading weights:  93%|█████████▎| 185/199 [00:00<00:00, 5280.23it/s, Materializing param=encoder.layer.11.attention.output.dense.weight]
1803.0s 841 Loading weights:  93%|█████████▎| 185/199 [00:00<00:00, 5272.66it/s, Materializing param=encoder.layer.11.attention.output.dense.weight]
1803.0s 842 Loading weights:  93%|█████████▎| 186/199 [00:00<00:00, 5287.69it/s, Materializing param=encoder.layer.11.attention.self.key.bias]
1803.0s 843 Loading weights:  93%|█████████▎| 186/199 [00:00<00:00, 5280.14it/s, Materializing param=encoder.layer.11.attention.self.key.bias]
1803.0s 844 Loading weights:  94%|█████████▍| 187/199 [00:00<00:00, 5294.02it/s, Materializing param=encoder.layer.11.attention.self.key.weight]
1803.0s 845 Loading weights:  94%|█████████▍| 187/199 [00:00<00:00, 5286.31it/s, Materializing param=encoder.layer.11.attention.self.key.weight]
1803.0s 846 Loading weights:  94%|█████████▍| 188/199 [00:00<00:00, 5301.36it/s, Materializing param=encoder.layer.11.attention.self.query.bias]
1803.0s 847 Loading weights:  94%|█████████▍| 188/199 [00:00<00:00, 5293.99it/s, Materializing param=encoder.layer.11.attention.self.query.bias]
1803.0s 848 Loading weights:  95%|█████████▍| 189/199 [00:00<00:00, 5309.00it/s, Materializing param=encoder.layer.11.attention.self.query.weight]
1803.0s 849 Loading weights:  95%|█████████▍| 189/199 [00:00<00:00, 5301.36it/s, Materializing param=encoder.layer.11.attention.self.query.weight]
1803.0s 850 Loading weights:  95%|█████████▌| 190/199 [00:00<00:00, 5315.90it/s, Materializing param=encoder.layer.11.attention.self.value.bias]
1803.0s 851 Loading weights:  95%|█████████▌| 190/199 [00:00<00:00, 5306.56it/s, Materializing param=encoder.layer.11.attention.self.value.bias]
1803.0s 852 Loading weights:  96%|█████████▌| 191/199 [00:00<00:00, 5320.88it/s, Materializing param=encoder.layer.11.attention.self.value.weight]
1803.0s 853 Loading weights:  96%|█████████▌| 191/199 [00:00<00:00, 5313.37it/s, Materializing param=encoder.layer.11.attention.self.value.weight]
1803.0s 854 Loading weights:  96%|█████████▋| 192/199 [00:00<00:00, 5327.90it/s, Materializing param=encoder.layer.11.intermediate.dense.bias]
1803.0s 855 Loading weights:  96%|█████████▋| 192/199 [00:00<00:00, 5320.44it/s, Materializing param=encoder.layer.11.intermediate.dense.bias]
1803.0s 856 Loading weights:  97%|█████████▋| 193/199 [00:00<00:00, 5334.89it/s, Materializing param=encoder.layer.11.intermediate.dense.weight]
1803.0s 857 Loading weights:  97%|█████████▋| 193/199 [00:00<00:00, 5327.45it/s, Materializing param=encoder.layer.11.intermediate.dense.weight]
1803.0s 858 Loading weights:  97%|█████████▋| 194/199 [00:00<00:00, 5340.54it/s, Materializing param=encoder.layer.11.output.LayerNorm.bias]
1803.0s 859 Loading weights:  97%|█████████▋| 194/199 [00:00<00:00, 5333.08it/s, Materializing param=encoder.layer.11.output.LayerNorm.bias]
1803.0s 860 Loading weights:  98%|█████████▊| 195/199 [00:00<00:00, 5347.18it/s, Materializing param=encoder.layer.11.output.LayerNorm.weight]
1803.0s 861 Loading weights:  98%|█████████▊| 195/199 [00:00<00:00, 5339.75it/s, Materializing param=encoder.layer.11.output.LayerNorm.weight]
1803.0s 862 Loading weights:  98%|█████████▊| 196/199 [00:00<00:00, 5354.41it/s, Materializing param=encoder.layer.11.output.dense.bias]
1803.0s 863 Loading weights:  98%|█████████▊| 196/199 [00:00<00:00, 5347.13it/s, Materializing param=encoder.layer.11.output.dense.bias]
1803.0s 864 Loading weights:  99%|█████████▉| 197/199 [00:00<00:00, 5361.68it/s, Materializing param=encoder.layer.11.output.dense.weight]
1803.0s 865 Loading weights:  99%|█████████▉| 197/199 [00:00<00:00, 5352.75it/s, Materializing param=encoder.layer.11.output.dense.weight]
1803.0s 866 Loading weights:  99%|█████████▉| 198/199 [00:00<00:00, 5366.96it/s, Materializing param=pooler.dense.bias]
1803.0s 867 Loading weights:  99%|█████████▉| 198/199 [00:00<00:00, 5359.96it/s, Materializing param=pooler.dense.bias]
1803.0s 868 Loading weights: 100%|██████████| 199/199 [00:00<00:00, 5375.03it/s, Materializing param=pooler.dense.weight]
1803.0s 869 Loading weights: 100%|██████████| 199/199 [00:00<00:00, 5368.08it/s, Materializing param=pooler.dense.weight]
1803.0s 870 Loading weights: 100%|██████████| 199/199 [00:00<00:00, 5352.79it/s, Materializing param=pooler.dense.weight]
1803.0s 871 BertModel LOAD REPORT from: google/muril-base-cased
1803.0s 872 Key                                        | Status     |  |
1803.0s 873 -------------------------------------------+------------+--+-
1803.0s 874 cls.predictions.decoder.bias               | UNEXPECTED |  |
1803.0s 875 cls.predictions.transform.LayerNorm.weight | UNEXPECTED |  |
1803.0s 876 cls.predictions.transform.LayerNorm.bias   | UNEXPECTED |  |
1803.0s 877 cls.predictions.bias                       | UNEXPECTED |  |
1803.0s 878 cls.predictions.transform.dense.weight     | UNEXPECTED |  |
1803.0s 879 cls.seq_relationship.bias                  | UNEXPECTED |  |
1803.0s 880 cls.predictions.transform.dense.bias       | UNEXPECTED |  |
1803.0s 881 cls.seq_relationship.weight                | UNEXPECTED |  |
1803.0s 882 cls.predictions.decoder.weight             | UNEXPECTED |  |
1803.0s 883 bert.embeddings.position_ids               | UNEXPECTED |  |
1803.0s 884 
1803.0s 885 Notes:
1803.0s 886 - UNEXPECTED	:can be ignored when loading from different task/architecture; not ok if you expect identical arch.
1946.0s 887 [s42f2] ep1 160/320 loss 0.6462 val 0.6753 * (0.89s/step)
2090.3s 888 [s42f2] ep1 320/320 loss 0.5043 val 0.7166 * (0.89s/step)
2090.3s 889 [s42f2] ep1 done 4.8min  best 0.7166
2231.9s 890 [s42f2] ep2 160/320 loss 0.5157 val 0.7336 * (0.88s/step)
2376.3s 891 [s42f2] ep2 320/320 loss 0.4296 val 0.7472 * (0.89s/step)
2376.3s 892 [s42f2] ep2 done 4.8min  best 0.7472
2520.6s 893 [s42f2] ep3 160/320 loss 0.3817 val 0.7610 * (0.90s/step)
2665.3s 894 [s42f2] ep3 320/320 loss 0.5174 val 0.7687 * (0.90s/step)
2665.3s 895 [s42f2] ep3 done 4.8min  best 0.7687
2812.3s 896 [s42f2] ep4 160/320 loss 0.4704 val 0.7757 * (0.92s/step)
2952.5s 897 [s42f2] ep4 320/320 loss 0.3631 val 0.7775 * (0.90s/step)
2952.5s 898 [s42f2] ep4 done 4.8min  best 0.7775
3093.2s 899 [s42f2] ep5 160/320 loss 0.4024 val 0.7814 * (0.88s/step)
3238.8s 900 [s42f2] ep5 320/320 loss 0.2965 val 0.7829 * (0.89s/step)
3238.8s 901 [s42f2] ep5 done 4.8min  best 0.7829
3382.2s 902 [s42f2] ep6 160/320 loss 0.2750 val 0.7861 * (0.90s/step)
3524.9s 903 [s42f2] ep6 320/320 loss 0.3155 val 0.7861 (0.89s/step)
3524.9s 904 [s42f2] ep6 done 4.8min  best 0.7861
3524.9s 905 [s42f2] best 0.7861  last 0.7861  (selected: best)
3524.9s 906 ===== seed 42 fold 3/5 =====
3526.3s 907 
3526.3s 908 Loading weights:   0%|          | 0/199 [00:00<?, ?it/s]
3526.3s 909 Loading weights:   1%|          | 1/199 [00:00<00:00, 29746.84it/s, Materializing param=embeddings.LayerNorm.bias]
3526.3s 910 Loading weights:   1%|          | 1/199 [00:00<00:00, 6978.88it/s, Materializing param=embeddings.LayerNorm.bias]
3526.3s 911 Loading weights:   1%|          | 2/199 [00:00<00:00, 5675.65it/s, Materializing param=embeddings.LayerNorm.weight]
3526.3s 912 Loading weights:   1%|          | 2/199 [00:00<00:00, 4601.54it/s, Materializing param=embeddings.LayerNorm.weight]
3526.3s 913 Loading weights:   2%|▏         | 3/199 [00:00<00:00, 2520.11it/s, Materializing param=embeddings.position_embeddings.weight]
3526.3s 914 Loading weights:   2%|▏         | 3/199 [00:00<00:00, 2355.03it/s, Materializing param=embeddings.position_embeddings.weight]
3526.3s 915 Loading weights:   2%|▏         | 4/199 [00:00<00:00, 1664.08it/s, Materializing param=embeddings.token_type_embeddings.weight]
3526.3s 916 Loading weights:   2%|▏         | 4/199 [00:00<00:00, 1597.37it/s, Materializing param=embeddings.token_type_embeddings.weight]
3526.3s 917 Loading weights:   3%|▎         | 5/199 [00:00<00:00, 1847.22it/s, Materializing param=embeddings.word_embeddings.weight]
3526.3s 918 Loading weights:   3%|▎         | 5/199 [00:00<00:00, 1585.51it/s, Materializing param=embeddings.word_embeddings.weight]
3526.3s 919 Loading weights:   3%|▎         | 6/199 [00:00<00:00, 1774.12it/s, Materializing param=encoder.layer.0.attention.output.LayerNorm.bias]
3526.3s 920 Loading weights:   3%|▎         | 6/199 [00:00<00:00, 1718.16it/s, Materializing param=encoder.layer.0.attention.output.LayerNorm.bias]
3526.3s 921 Loading weights:   4%|▎         | 7/199 [00:00<00:00, 1792.88it/s, Materializing param=encoder.layer.0.attention.output.LayerNorm.weight]
3526.3s 922 Loading weights:   4%|▎         | 7/199 [00:00<00:00, 1749.92it/s, Materializing param=encoder.layer.0.attention.output.LayerNorm.weight]
3526.3s 923 Loading weights:   4%|▍         | 8/199 [00:00<00:00, 1785.76it/s, Materializing param=encoder.layer.0.attention.output.dense.bias]
3526.3s 924 Loading weights:   4%|▍         | 8/199 [00:00<00:00, 1721.00it/s, Materializing param=encoder.layer.0.attention.output.dense.bias]
3526.3s 925 Loading weights:   5%|▍         | 9/199 [00:00<00:00, 1237.79it/s, Materializing param=encoder.layer.0.attention.output.dense.weight]
3526.3s 926 Loading weights:   5%|▍         | 9/199 [00:00<00:00, 1221.72it/s, Materializing param=encoder.layer.0.attention.output.dense.weight]
3526.3s 927 Loading weights:   5%|▌         | 10/199 [00:00<00:00, 1286.00it/s, Materializing param=encoder.layer.0.attention.self.key.bias]
3526.3s 928 Loading weights:   5%|▌         | 10/199 [00:00<00:00, 1269.77it/s, Materializing param=encoder.layer.0.attention.self.key.bias]
3526.3s 929 Loading weights:   6%|▌         | 11/199 [00:00<00:00, 1303.57it/s, Materializing param=encoder.layer.0.attention.self.key.weight]
3526.3s 930 Loading weights:   6%|▌         | 11/199 [00:00<00:00, 1234.54it/s, Materializing param=encoder.layer.0.attention.self.key.weight]
3526.3s 931 Loading weights:   6%|▌         | 12/199 [00:00<00:00, 1307.25it/s, Materializing param=encoder.layer.0.attention.self.query.bias]
3526.3s 932 Loading weights:   6%|▌         | 12/199 [00:00<00:00, 1256.06it/s, Materializing param=encoder.layer.0.attention.self.query.bias]
3526.3s 933 Loading weights:   7%|▋         | 13/199 [00:00<00:00, 1321.58it/s, Materializing param=encoder.layer.0.attention.self.query.weight]
3526.3s 934 Loading weights:   7%|▋         | 13/199 [00:00<00:00, 1285.53it/s, Materializing param=encoder.layer.0.attention.self.query.weight]
3526.3s 935 Loading weights:   7%|▋         | 14/199 [00:00<00:00, 1276.92it/s, Materializing param=encoder.layer.0.attention.self.value.bias]
3526.3s 936 Loading weights:   7%|▋         | 14/199 [00:00<00:00, 1263.24it/s, Materializing param=encoder.layer.0.attention.self.value.bias]
3526.3s 937 Loading weights:   8%|▊         | 15/199 [00:00<00:00, 1319.99it/s, Materializing param=encoder.layer.0.attention.self.value.weight]
3526.3s 938 Loading weights:   8%|▊         | 15/199 [00:00<00:00, 1309.49it/s, Materializing param=encoder.layer.0.attention.self.value.weight]
3526.3s 939 Loading weights:   8%|▊         | 16/199 [00:00<00:00, 1369.79it/s, Materializing param=encoder.layer.0.intermediate.dense.bias]
3526.3s 940 Loading weights:   8%|▊         | 16/199 [00:00<00:00, 1359.50it/s, Materializing param=encoder.layer.0.intermediate.dense.bias]
3526.3s 941 Loading weights:   9%|▊         | 17/199 [00:00<00:00, 1423.27it/s, Materializing param=encoder.layer.0.intermediate.dense.weight]
3526.3s 942 Loading weights:   9%|▊         | 17/199 [00:00<00:00, 1413.46it/s, Materializing param=encoder.layer.0.intermediate.dense.weight]
3526.3s 943 Loading weights:   9%|▉         | 18/199 [00:00<00:00, 1475.34it/s, Materializing param=encoder.layer.0.output.LayerNorm.bias]
3526.3s 944 Loading weights:   9%|▉         | 18/199 [00:00<00:00, 1465.37it/s, Materializing param=encoder.layer.0.output.LayerNorm.bias]
3526.3s 945 Loading weights:  10%|▉         | 19/199 [00:00<00:00, 1524.33it/s, Materializing param=encoder.layer.0.output.LayerNorm.weight]
3526.3s 946 Loading weights:  10%|▉         | 19/199 [00:00<00:00, 1512.24it/s, Materializing param=encoder.layer.0.output.LayerNorm.weight]
3526.3s 947 Loading weights:  10%|█         | 20/199 [00:00<00:00, 1561.57it/s, Materializing param=encoder.layer.0.output.dense.bias]
3526.3s 948 Loading weights:  10%|█         | 20/199 [00:00<00:00, 1550.66it/s, Materializing param=encoder.layer.0.output.dense.bias]
3526.3s 949 Loading weights:  11%|█         | 21/199 [00:00<00:00, 1604.93it/s, Materializing param=encoder.layer.0.output.dense.weight]
3526.3s 950 Loading weights:  11%|█         | 21/199 [00:00<00:00, 1594.07it/s, Materializing param=encoder.layer.0.output.dense.weight]
3526.3s 951 Loading weights:  11%|█         | 22/199 [00:00<00:00, 1646.03it/s, Materializing param=encoder.layer.1.attention.output.LayerNorm.bias]
3526.3s 952 Loading weights:  11%|█         | 22/199 [00:00<00:00, 1633.56it/s, Materializing param=encoder.layer.1.attention.output.LayerNorm.bias]
3526.3s 953 Loading weights:  12%|█▏        | 23/199 [00:00<00:00, 1680.35it/s, Materializing param=encoder.layer.1.attention.output.LayerNorm.weight]
3526.3s 954 Loading weights:  12%|█▏        | 23/199 [00:00<00:00, 1669.65it/s, Materializing param=encoder.layer.1.attention.output.LayerNorm.weight]
3526.3s 955 Loading weights:  12%|█▏        | 24/199 [00:00<00:00, 1719.86it/s, Materializing param=encoder.layer.1.attention.output.dense.bias]
3526.3s 956 Loading weights:  12%|█▏        | 24/199 [00:00<00:00, 1709.81it/s, Materializing param=encoder.layer.1.attention.output.dense.bias]
3526.3s 957 Loading weights:  13%|█▎        | 25/199 [00:00<00:00, 1758.82it/s, Materializing param=encoder.layer.1.attention.output.dense.weight]
3526.3s 958 Loading weights:  13%|█▎        | 25/199 [00:00<00:00, 1748.65it/s, Materializing param=encoder.layer.1.attention.output.dense.weight]
3526.3s 959 Loading weights:  13%|█▎        | 26/199 [00:00<00:00, 1794.65it/s, Materializing param=encoder.layer.1.attention.self.key.bias]
3526.3s 960 Loading weights:  13%|█▎        | 26/199 [00:00<00:00, 1782.16it/s, Materializing param=encoder.layer.1.attention.self.key.bias]
3526.3s 961 Loading weights:  14%|█▎        | 27/199 [00:00<00:00, 1827.76it/s, Materializing param=encoder.layer.1.attention.self.key.weight]
3526.3s 962 Loading weights:  14%|█▎        | 27/199 [00:00<00:00, 1817.46it/s, Materializing param=encoder.layer.1.attention.self.key.weight]
3526.3s 963 Loading weights:  14%|█▍        | 28/199 [00:00<00:00, 1863.01it/s, Materializing param=encoder.layer.1.attention.self.query.bias]
3526.3s 964 Loading weights:  14%|█▍        | 28/199 [00:00<00:00, 1849.34it/s, Materializing param=encoder.layer.1.attention.self.query.bias]
3526.3s 965 Loading weights:  15%|█▍        | 29/199 [00:00<00:00, 1892.41it/s, Materializing param=encoder.layer.1.attention.self.query.weight]
3526.3s 966 Loading weights:  15%|█▍        | 29/199 [00:00<00:00, 1880.88it/s, Materializing param=encoder.layer.1.attention.self.query.weight]
3526.3s 967 Loading weights:  15%|█▌        | 30/199 [00:00<00:00, 1920.53it/s, Materializing param=encoder.layer.1.attention.self.value.bias]
3526.3s 968 Loading weights:  15%|█▌        | 30/199 [00:00<00:00, 1908.15it/s, Materializing param=encoder.layer.1.attention.self.value.bias]
3526.3s 969 Loading weights:  16%|█▌        | 31/199 [00:00<00:00, 1944.62it/s, Materializing param=encoder.layer.1.attention.self.value.weight]
3526.3s 970 Loading weights:  16%|█▌        | 31/199 [00:00<00:00, 1933.98it/s, Materializing param=encoder.layer.1.attention.self.value.weight]
3526.3s 971 Loading weights:  16%|█▌        | 32/199 [00:00<00:00, 1972.37it/s, Materializing param=encoder.layer.1.intermediate.dense.bias]
3526.3s 972 Loading weights:  16%|█▌        | 32/199 [00:00<00:00, 1962.13it/s, Materializing param=encoder.layer.1.intermediate.dense.bias]
3526.3s 973 Loading weights:  17%|█▋        | 33/199 [00:00<00:00, 2000.95it/s, Materializing param=encoder.layer.1.intermediate.dense.weight]
3526.3s 974 Loading weights:  17%|█▋        | 33/199 [00:00<00:00, 1987.76it/s, Materializing param=encoder.layer.1.intermediate.dense.weight]
3526.3s 975 Loading weights:  17%|█▋        | 34/199 [00:00<00:00, 2025.34it/s, Materializing param=encoder.layer.1.output.LayerNorm.bias]
3526.3s 976 Loading weights:  17%|█▋        | 34/199 [00:00<00:00, 2015.12it/s, Materializing param=encoder.layer.1.output.LayerNorm.bias]
3526.3s 977 Loading weights:  18%|█▊        | 35/199 [00:00<00:00, 2053.44it/s, Materializing param=encoder.layer.1.output.LayerNorm.weight]
3526.3s 978 Loading weights:  18%|█▊        | 35/199 [00:00<00:00, 2043.64it/s, Materializing param=encoder.layer.1.output.LayerNorm.weight]
3526.3s 979 Loading weights:  18%|█▊        | 36/199 [00:00<00:00, 2078.53it/s, Materializing param=encoder.layer.1.output.dense.bias]
3526.3s 980 Loading weights:  18%|█▊        | 36/199 [00:00<00:00, 2066.16it/s, Materializing param=encoder.layer.1.output.dense.bias]
3526.3s 981 Loading weights:  19%|█▊        | 37/199 [00:00<00:00, 2097.80it/s, Materializing param=encoder.layer.1.output.dense.weight]
3526.3s 982 Loading weights:  19%|█▊        | 37/199 [00:00<00:00, 2087.59it/s, Materializing param=encoder.layer.1.output.dense.weight]
3526.3s 983 Loading weights:  19%|█▉        | 38/199 [00:00<00:00, 2122.54it/s, Materializing param=encoder.layer.2.attention.output.LayerNorm.bias]
3526.3s 984 Loading weights:  19%|█▉        | 38/199 [00:00<00:00, 2112.44it/s, Materializing param=encoder.layer.2.attention.output.LayerNorm.bias]
3526.3s 985 Loading weights:  20%|█▉        | 39/199 [00:00<00:00, 2146.04it/s, Materializing param=encoder.layer.2.attention.output.LayerNorm.weight]
3526.3s 986 Loading weights:  20%|█▉        | 39/199 [00:00<00:00, 2135.93it/s, Materializing param=encoder.layer.2.attention.output.LayerNorm.weight]
3526.3s 987 Loading weights:  20%|██        | 40/199 [00:00<00:00, 2167.49it/s, Materializing param=encoder.layer.2.attention.output.dense.bias]
3526.3s 988 Loading weights:  20%|██        | 40/199 [00:00<00:00, 2157.34it/s, Materializing param=encoder.layer.2.attention.output.dense.bias]
3526.3s 989 Loading weights:  21%|██        | 41/199 [00:00<00:00, 2188.17it/s, Materializing param=encoder.layer.2.attention.output.dense.weight]
3526.3s 990 Loading weights:  21%|██        | 41/199 [00:00<00:00, 2178.56it/s, Materializing param=encoder.layer.2.attention.output.dense.weight]
3526.3s 991 Loading weights:  21%|██        | 42/199 [00:00<00:00, 2210.94it/s, Materializing param=encoder.layer.2.attention.self.key.bias]
3526.3s 992 Loading weights:  21%|██        | 42/199 [00:00<00:00, 2201.65it/s, Materializing param=encoder.layer.2.attention.self.key.bias]
3526.3s 993 Loading weights:  22%|██▏       | 43/199 [00:00<00:00, 2233.55it/s, Materializing param=encoder.layer.2.attention.self.key.weight]
3526.3s 994 Loading weights:  22%|██▏       | 43/199 [00:00<00:00, 2223.39it/s, Materializing param=encoder.layer.2.attention.self.key.weight]
3526.3s 995 Loading weights:  22%|██▏       | 44/199 [00:00<00:00, 2251.65it/s, Materializing param=encoder.layer.2.attention.self.query.bias]
3526.3s 996 Loading weights:  22%|██▏       | 44/199 [00:00<00:00, 2234.20it/s, Materializing param=encoder.layer.2.attention.self.query.bias]
3526.3s 997 Loading weights:  23%|██▎       | 45/199 [00:00<00:00, 2262.76it/s, Materializing param=encoder.layer.2.attention.self.query.weight]
3526.3s 998 Loading weights:  23%|██▎       | 45/199 [00:00<00:00, 2253.14it/s, Materializing param=encoder.layer.2.attention.self.query.weight]
3526.3s 999 Loading weights:  23%|██▎       | 46/199 [00:00<00:00, 2282.94it/s, Materializing param=encoder.layer.2.attention.self.value.bias]
3526.3s 1000 Loading weights:  23%|██▎       | 46/199 [00:00<00:00, 2273.50it/s, Materializing param=encoder.layer.2.attention.self.value.bias]
3526.3s 1001 Loading weights:  24%|██▎       | 47/199 [00:00<00:00, 2302.06it/s, Materializing param=encoder.layer.2.attention.self.value.weight]
3526.3s 1002 Loading weights:  24%|██▎       | 47/199 [00:00<00:00, 2292.61it/s, Materializing param=encoder.layer.2.attention.self.value.weight]
3526.3s 1003 Loading weights:  24%|██▍       | 48/199 [00:00<00:00, 2318.10it/s, Materializing param=encoder.layer.2.intermediate.dense.bias]
3526.3s 1004 Loading weights:  24%|██▍       | 48/199 [00:00<00:00, 2308.31it/s, Materializing param=encoder.layer.2.intermediate.dense.bias]
3526.3s 1005 Loading weights:  25%|██▍       | 49/199 [00:00<00:00, 2336.45it/s, Materializing param=encoder.layer.2.intermediate.dense.weight]
3526.3s 1006 Loading weights:  25%|██▍       | 49/199 [00:00<00:00, 2327.19it/s, Materializing param=encoder.layer.2.intermediate.dense.weight]
3526.3s 1007 Loading weights:  25%|██▌       | 50/199 [00:00<00:00, 2355.24it/s, Materializing param=encoder.layer.2.output.LayerNorm.bias]
3526.3s 1008 Loading weights:  25%|██▌       | 50/199 [00:00<00:00, 2345.70it/s, Materializing param=encoder.layer.2.output.LayerNorm.bias]
3526.3s 1009 Loading weights:  26%|██▌       | 51/199 [00:00<00:00, 2371.55it/s, Materializing param=encoder.layer.2.output.LayerNorm.weight]
3526.3s 1010 Loading weights:  26%|██▌       | 51/199 [00:00<00:00, 2359.68it/s, Materializing param=encoder.layer.2.output.LayerNorm.weight]
3526.3s 1011 Loading weights:  26%|██▌       | 52/199 [00:00<00:00, 2384.74it/s, Materializing param=encoder.layer.2.output.dense.bias]
3526.3s 1012 Loading weights:  26%|██▌       | 52/199 [00:00<00:00, 2375.50it/s, Materializing param=encoder.layer.2.output.dense.bias]
3526.3s 1013 Loading weights:  27%|██▋       | 53/199 [00:00<00:00, 2402.16it/s, Materializing param=encoder.layer.2.output.dense.weight]
3526.3s 1014 Loading weights:  27%|██▋       | 53/199 [00:00<00:00, 2393.13it/s, Materializing param=encoder.layer.2.output.dense.weight]
3526.3s 1015 Loading weights:  27%|██▋       | 54/199 [00:00<00:00, 2419.61it/s, Materializing param=encoder.layer.3.attention.output.LayerNorm.bias]
3526.3s 1016 Loading weights:  27%|██▋       | 54/199 [00:00<00:00, 2409.88it/s, Materializing param=encoder.layer.3.attention.output.LayerNorm.bias]
3526.3s 1017 Loading weights:  28%|██▊       | 55/199 [00:00<00:00, 2433.61it/s, Materializing param=encoder.layer.3.attention.output.LayerNorm.weight]
3526.3s 1018 Loading weights:  28%|██▊       | 55/199 [00:00<00:00, 2423.10it/s, Materializing param=encoder.layer.3.attention.output.LayerNorm.weight]
3526.3s 1019 Loading weights:  28%|██▊       | 56/199 [00:00<00:00, 2446.60it/s, Materializing param=encoder.layer.3.attention.output.dense.bias]
3526.3s 1020 Loading weights:  28%|██▊       | 56/199 [00:00<00:00, 2437.66it/s, Materializing param=encoder.layer.3.attention.output.dense.bias]
3526.3s 1021 Loading weights:  29%|██▊       | 57/199 [00:00<00:00, 2462.18it/s, Materializing param=encoder.layer.3.attention.output.dense.weight]
3526.3s 1022 Loading weights:  29%|██▊       | 57/199 [00:00<00:00, 2453.36it/s, Materializing param=encoder.layer.3.attention.output.dense.weight]
3526.3s 1023 Loading weights:  29%|██▉       | 58/199 [00:00<00:00, 2477.06it/s, Materializing param=encoder.layer.3.attention.self.key.bias]
3526.3s 1024 Loading weights:  29%|██▉       | 58/199 [00:00<00:00, 2468.31it/s, Materializing param=encoder.layer.3.attention.self.key.bias]
3526.3s 1025 Loading weights:  30%|██▉       | 59/199 [00:00<00:00, 2489.88it/s, Materializing param=encoder.layer.3.attention.self.key.weight]
3526.3s 1026 Loading weights:  30%|██▉       | 59/199 [00:00<00:00, 2480.84it/s, Materializing param=encoder.layer.3.attention.self.key.weight]
3526.3s 1027 Loading weights:  30%|███       | 60/199 [00:00<00:00, 2504.26it/s, Materializing param=encoder.layer.3.attention.self.query.bias]
3526.3s 1028 Loading weights:  30%|███       | 60/199 [00:00<00:00, 2495.82it/s, Materializing param=encoder.layer.3.attention.self.query.bias]
3526.3s 1029 Loading weights:  31%|███       | 61/199 [00:00<00:00, 2519.03it/s, Materializing param=encoder.layer.3.attention.self.query.weight]
3526.3s 1030 Loading weights:  31%|███       | 61/199 [00:00<00:00, 2510.38it/s, Materializing param=encoder.layer.3.attention.self.query.weight]
3526.3s 1031 Loading weights:  31%|███       | 62/199 [00:00<00:00, 2529.32it/s, Materializing param=encoder.layer.3.attention.self.value.bias]
3526.3s 1032 Loading weights:  31%|███       | 62/199 [00:00<00:00, 2515.25it/s, Materializing param=encoder.layer.3.attention.self.value.bias]
3526.3s 1033 Loading weights:  32%|███▏      | 63/199 [00:00<00:00, 2533.96it/s, Materializing param=encoder.layer.3.attention.self.value.weight]
3526.3s 1034 Loading weights:  32%|███▏      | 63/199 [00:00<00:00, 2524.64it/s, Materializing param=encoder.layer.3.attention.self.value.weight]
3526.3s 1035 Loading weights:  32%|███▏      | 64/199 [00:00<00:00, 2540.56it/s, Materializing param=encoder.layer.3.intermediate.dense.bias]
3526.3s 1036 Loading weights:  32%|███▏      | 64/199 [00:00<00:00, 2530.21it/s, Materializing param=encoder.layer.3.intermediate.dense.bias]
3526.3s 1037 Loading weights:  33%|███▎      | 65/199 [00:00<00:00, 2545.54it/s, Materializing param=encoder.layer.3.intermediate.dense.weight]
3526.3s 1038 Loading weights:  33%|███▎      | 65/199 [00:00<00:00, 2529.64it/s, Materializing param=encoder.layer.3.intermediate.dense.weight]
3526.3s 1039 Loading weights:  33%|███▎      | 66/199 [00:00<00:00, 2545.34it/s, Materializing param=encoder.layer.3.output.LayerNorm.bias]
3526.3s 1040 Loading weights:  33%|███▎      | 66/199 [00:00<00:00, 2532.88it/s, Materializing param=encoder.layer.3.output.LayerNorm.bias]
3526.3s 1041 Loading weights:  34%|███▎      | 67/199 [00:00<00:00, 2548.27it/s, Materializing param=encoder.layer.3.output.LayerNorm.weight]
3526.3s 1042 Loading weights:  34%|███▎      | 67/199 [00:00<00:00, 2538.08it/s, Materializing param=encoder.layer.3.output.LayerNorm.weight]
3526.3s 1043 Loading weights:  34%|███▍      | 68/199 [00:00<00:00, 2554.62it/s, Materializing param=encoder.layer.3.output.dense.bias]
3526.3s 1044 Loading weights:  34%|███▍      | 68/199 [00:00<00:00, 2544.72it/s, Materializing param=encoder.layer.3.output.dense.bias]
3526.3s 1045 Loading weights:  35%|███▍      | 69/199 [00:00<00:00, 2564.21it/s, Materializing param=encoder.layer.3.output.dense.weight]
3526.3s 1046 Loading weights:  35%|███▍      | 69/199 [00:00<00:00, 2556.03it/s, Materializing param=encoder.layer.3.output.dense.weight]
3526.3s 1047 Loading weights:  35%|███▌      | 70/199 [00:00<00:00, 2575.47it/s, Materializing param=encoder.layer.4.attention.output.LayerNorm.bias]
3526.3s 1048 Loading weights:  35%|███▌      | 70/199 [00:00<00:00, 2567.07it/s, Materializing param=encoder.layer.4.attention.output.LayerNorm.bias]
3526.3s 1049 Loading weights:  36%|███▌      | 71/199 [00:00<00:00, 2582.63it/s, Materializing param=encoder.layer.4.attention.output.LayerNorm.weight]
3526.3s 1050 Loading weights:  36%|███▌      | 71/199 [00:00<00:00, 2572.81it/s, Materializing param=encoder.layer.4.attention.output.LayerNorm.weight]
3526.3s 1051 Loading weights:  36%|███▌      | 72/199 [00:00<00:00, 2588.21it/s, Materializing param=encoder.layer.4.attention.output.dense.bias]
3526.3s 1052 Loading weights:  36%|███▌      | 72/199 [00:00<00:00, 2580.14it/s, Materializing param=encoder.layer.4.attention.output.dense.bias]
3526.3s 1053 Loading weights:  37%|███▋      | 73/199 [00:00<00:00, 2597.29it/s, Materializing param=encoder.layer.4.attention.output.dense.weight]
3526.3s 1054 Loading weights:  37%|███▋      | 73/199 [00:00<00:00, 2589.23it/s, Materializing param=encoder.layer.4.attention.output.dense.weight]
3526.3s 1055 Loading weights:  37%|███▋      | 74/199 [00:00<00:00, 2606.32it/s, Materializing param=encoder.layer.4.attention.self.key.bias]
3526.3s 1056 Loading weights:  37%|███▋      | 74/199 [00:00<00:00, 2597.87it/s, Materializing param=encoder.layer.4.attention.self.key.bias]
3526.3s 1057 Loading weights:  38%|███▊      | 75/199 [00:00<00:00, 2612.90it/s, Materializing param=encoder.layer.4.attention.self.key.weight]
3526.3s 1058 Loading weights:  38%|███▊      | 75/199 [00:00<00:00, 2605.31it/s, Materializing param=encoder.layer.4.attention.self.key.weight]
3526.3s 1059 Loading weights:  38%|███▊      | 76/199 [00:00<00:00, 2624.01it/s, Materializing param=encoder.layer.4.attention.self.query.bias]
3526.3s 1060 Loading weights:  38%|███▊      | 76/199 [00:00<00:00, 2614.86it/s, Materializing param=encoder.layer.4.attention.self.query.bias]
3526.3s 1061 Loading weights:  39%|███▊      | 77/199 [00:00<00:00, 2631.97it/s, Materializing param=encoder.layer.4.attention.self.query.weight]
3526.3s 1062 Loading weights:  39%|███▊      | 77/199 [00:00<00:00, 2623.70it/s, Materializing param=encoder.layer.4.attention.self.query.weight]
3526.3s 1063 Loading weights:  39%|███▉      | 78/199 [00:00<00:00, 2640.23it/s, Materializing param=encoder.layer.4.attention.self.value.bias]
3526.3s 1064 Loading weights:  39%|███▉      | 78/199 [00:00<00:00, 2626.98it/s, Materializing param=encoder.layer.4.attention.self.value.bias]
3526.3s 1065 Loading weights:  40%|███▉      | 79/199 [00:00<00:00, 2643.53it/s, Materializing param=encoder.layer.4.attention.self.value.weight]
3526.3s 1066 Loading weights:  40%|███▉      | 79/199 [00:00<00:00, 2635.83it/s, Materializing param=encoder.layer.4.attention.self.value.weight]
3526.3s 1067 Loading weights:  40%|████      | 80/199 [00:00<00:00, 2652.57it/s, Materializing param=encoder.layer.4.intermediate.dense.bias]
3526.3s 1068 Loading weights:  40%|████      | 80/199 [00:00<00:00, 2645.04it/s, Materializing param=encoder.layer.4.intermediate.dense.bias]
3526.3s 1069 Loading weights:  41%|████      | 81/199 [00:00<00:00, 2660.51it/s, Materializing param=encoder.layer.4.intermediate.dense.weight]
3526.3s 1070 Loading weights:  41%|████      | 81/199 [00:00<00:00, 2652.09it/s, Materializing param=encoder.layer.4.intermediate.dense.weight]
3526.3s 1071 Loading weights:  41%|████      | 82/199 [00:00<00:00, 2666.81it/s, Materializing param=encoder.layer.4.output.LayerNorm.bias]
3526.3s 1072 Loading weights:  41%|████      | 82/199 [00:00<00:00, 2659.73it/s, Materializing param=encoder.layer.4.output.LayerNorm.bias]
3526.3s 1073 Loading weights:  42%|████▏     | 83/199 [00:00<00:00, 2677.24it/s, Materializing param=encoder.layer.4.output.LayerNorm.weight]
3526.3s 1074 Loading weights:  42%|████▏     | 83/199 [00:00<00:00, 2670.34it/s, Materializing param=encoder.layer.4.output.LayerNorm.weight]
3526.3s 1075 Loading weights:  42%|████▏     | 84/199 [00:00<00:00, 2687.71it/s, Materializing param=encoder.layer.4.output.dense.bias]
3526.3s 1076 Loading weights:  42%|████▏     | 84/199 [00:00<00:00, 2679.86it/s, Materializing param=encoder.layer.4.output.dense.bias]
3526.3s 1077 Loading weights:  43%|████▎     | 85/199 [00:00<00:00, 2696.18it/s, Materializing param=encoder.layer.4.output.dense.weight]
3526.3s 1078 Loading weights:  43%|████▎     | 85/199 [00:00<00:00, 2686.49it/s, Materializing param=encoder.layer.4.output.dense.weight]
3526.3s 1079 Loading weights:  43%|████▎     | 86/199 [00:00<00:00, 2703.04it/s, Materializing param=encoder.layer.5.attention.output.LayerNorm.bias]
3526.3s 1080 Loading weights:  43%|████▎     | 86/199 [00:00<00:00, 2695.91it/s, Materializing param=encoder.layer.5.attention.output.LayerNorm.bias]
3526.3s 1081 Loading weights:  44%|████▎     | 87/199 [00:00<00:00, 2712.12it/s, Materializing param=encoder.layer.5.attention.output.LayerNorm.weight]
3526.3s 1082 Loading weights:  44%|████▎     | 87/199 [00:00<00:00, 2705.18it/s, Materializing param=encoder.layer.5.attention.output.LayerNorm.weight]
3526.3s 1083 Loading weights:  44%|████▍     | 88/199 [00:00<00:00, 2720.80it/s, Materializing param=encoder.layer.5.attention.output.dense.bias]
3526.3s 1084 Loading weights:  44%|████▍     | 88/199 [00:00<00:00, 2713.96it/s, Materializing param=encoder.layer.5.attention.output.dense.bias]
3526.3s 1085 Loading weights:  45%|████▍     | 89/199 [00:00<00:00, 2726.68it/s, Materializing param=encoder.layer.5.attention.output.dense.weight]
3526.3s 1086 Loading weights:  45%|████▍     | 89/199 [00:00<00:00, 2717.45it/s, Materializing param=encoder.layer.5.attention.output.dense.weight]
3526.3s 1087 Loading weights:  45%|████▌     | 90/199 [00:00<00:00, 2731.81it/s, Materializing param=encoder.layer.5.attention.self.key.bias]
3526.3s 1088 Loading weights:  45%|████▌     | 90/199 [00:00<00:00, 2724.69it/s, Materializing param=encoder.layer.5.attention.self.key.bias]
3526.3s 1089 Loading weights:  46%|████▌     | 91/199 [00:00<00:00, 2739.66it/s, Materializing param=encoder.layer.5.attention.self.key.weight]
3526.3s 1090 Loading weights:  46%|████▌     | 91/199 [00:00<00:00, 2731.72it/s, Materializing param=encoder.layer.5.attention.self.key.weight]
3526.3s 1091 Loading weights:  46%|████▌     | 92/199 [00:00<00:00, 2745.86it/s, Materializing param=encoder.layer.5.attention.self.query.bias]
3526.3s 1092 Loading weights:  46%|████▌     | 92/199 [00:00<00:00, 2737.66it/s, Materializing param=encoder.layer.5.attention.self.query.bias]
3526.3s 1093 Loading weights:  47%|████▋     | 93/199 [00:00<00:00, 2752.23it/s, Materializing param=encoder.layer.5.attention.self.query.weight]
3526.3s 1094 Loading weights:  47%|████▋     | 93/199 [00:00<00:00, 2745.41it/s, Materializing param=encoder.layer.5.attention.self.query.weight]
3526.3s 1095 Loading weights:  47%|████▋     | 94/199 [00:00<00:00, 2760.55it/s, Materializing param=encoder.layer.5.attention.self.value.bias]
3526.3s 1096 Loading weights:  47%|████▋     | 94/199 [00:00<00:00, 2753.86it/s, Materializing param=encoder.layer.5.attention.self.value.bias]
3526.3s 1097 Loading weights:  48%|████▊     | 95/199 [00:00<00:00, 2768.71it/s, Materializing param=encoder.layer.5.attention.self.value.weight]
3526.3s 1098 Loading weights:  48%|████▊     | 95/199 [00:00<00:00, 2761.72it/s, Materializing param=encoder.layer.5.attention.self.value.weight]
3526.3s 1099 Loading weights:  48%|████▊     | 96/199 [00:00<00:00, 2774.99it/s, Materializing param=encoder.layer.5.intermediate.dense.bias]
3526.3s 1100 Loading weights:  48%|████▊     | 96/199 [00:00<00:00, 2767.05it/s, Materializing param=encoder.layer.5.intermediate.dense.bias]
3526.3s 1101 Loading weights:  49%|████▊     | 97/199 [00:00<00:00, 2781.60it/s, Materializing param=encoder.layer.5.intermediate.dense.weight]
3526.3s 1102 Loading weights:  49%|████▊     | 97/199 [00:00<00:00, 2775.09it/s, Materializing param=encoder.layer.5.intermediate.dense.weight]
3526.3s 1103 Loading weights:  49%|████▉     | 98/199 [00:00<00:00, 2790.00it/s, Materializing param=encoder.layer.5.output.LayerNorm.bias]
3526.3s 1104 Loading weights:  49%|████▉     | 98/199 [00:00<00:00, 2783.53it/s, Materializing param=encoder.layer.5.output.LayerNorm.bias]
3526.3s 1105 Loading weights:  50%|████▉     | 99/199 [00:00<00:00, 2797.58it/s, Materializing param=encoder.layer.5.output.LayerNorm.weight]
3526.3s 1106 Loading weights:  50%|████▉     | 99/199 [00:00<00:00, 2791.15it/s, Materializing param=encoder.layer.5.output.LayerNorm.weight]
3526.3s 1107 Loading weights:  50%|█████     | 100/199 [00:00<00:00, 2804.60it/s, Materializing param=encoder.layer.5.output.dense.bias]
3526.3s 1108 Loading weights:  50%|█████     | 100/199 [00:00<00:00, 2798.03it/s, Materializing param=encoder.layer.5.output.dense.bias]
3526.3s 1109 Loading weights:  51%|█████     | 101/199 [00:00<00:00, 2812.65it/s, Materializing param=encoder.layer.5.output.dense.weight]
3526.3s 1110 Loading weights:  51%|█████     | 101/199 [00:00<00:00, 2806.45it/s, Materializing param=encoder.layer.5.output.dense.weight]
3526.3s 1111 Loading weights:  51%|█████▏    | 102/199 [00:00<00:00, 2820.91it/s, Materializing param=encoder.layer.6.attention.output.LayerNorm.bias]
3526.3s 1112 Loading weights:  51%|█████▏    | 102/199 [00:00<00:00, 2814.58it/s, Materializing param=encoder.layer.6.attention.output.LayerNorm.bias]
3526.3s 1113 Loading weights:  52%|█████▏    | 103/199 [00:00<00:00, 2828.00it/s, Materializing param=encoder.layer.6.attention.output.LayerNorm.weight]
3526.3s 1114 Loading weights:  52%|█████▏    | 103/199 [00:00<00:00, 2821.62it/s, Materializing param=encoder.layer.6.attention.output.LayerNorm.weight]
3526.3s 1115 Loading weights:  52%|█████▏    | 104/199 [00:00<00:00, 2833.27it/s, Materializing param=encoder.layer.6.attention.output.dense.bias]
3526.3s 1116 Loading weights:  52%|█████▏    | 104/199 [00:00<00:00, 2826.72it/s, Materializing param=encoder.layer.6.attention.output.dense.bias]
3526.3s 1117 Loading weights:  53%|█████▎    | 105/199 [00:00<00:00, 2840.13it/s, Materializing param=encoder.layer.6.attention.output.dense.weight]
3526.3s 1118 Loading weights:  53%|█████▎    | 105/199 [00:00<00:00, 2833.66it/s, Materializing param=encoder.layer.6.attention.output.dense.weight]
3526.3s 1119 Loading weights:  53%|█████▎    | 106/199 [00:00<00:00, 2846.29it/s, Materializing param=encoder.layer.6.attention.self.key.bias]
3526.3s 1120 Loading weights:  53%|█████▎    | 106/199 [00:00<00:00, 2839.38it/s, Materializing param=encoder.layer.6.attention.self.key.bias]
3526.3s 1121 Loading weights:  54%|█████▍    | 107/199 [00:00<00:00, 2851.76it/s, Materializing param=encoder.layer.6.attention.self.key.weight]
3526.3s 1122 Loading weights:  54%|█████▍    | 107/199 [00:00<00:00, 2841.20it/s, Materializing param=encoder.layer.6.attention.self.key.weight]
3526.3s 1123 Loading weights:  54%|█████▍    | 108/199 [00:00<00:00, 2851.18it/s, Materializing param=encoder.layer.6.attention.self.query.bias]
3526.3s 1124 Loading weights:  54%|█████▍    | 108/199 [00:00<00:00, 2843.47it/s, Materializing param=encoder.layer.6.attention.self.query.bias]
3526.3s 1125 Loading weights:  55%|█████▍    | 109/199 [00:00<00:00, 2854.05it/s, Materializing param=encoder.layer.6.attention.self.query.weight]
3526.3s 1126 Loading weights:  55%|█████▍    | 109/199 [00:00<00:00, 2847.08it/s, Materializing param=encoder.layer.6.attention.self.query.weight]
3526.3s 1127 Loading weights:  55%|█████▌    | 110/199 [00:00<00:00, 2855.23it/s, Materializing param=encoder.layer.6.attention.self.value.bias]
3526.3s 1128 Loading weights:  55%|█████▌    | 110/199 [00:00<00:00, 2842.75it/s, Materializing param=encoder.layer.6.attention.self.value.bias]
3526.3s 1129 Loading weights:  56%|█████▌    | 111/199 [00:00<00:00, 2853.36it/s, Materializing param=encoder.layer.6.attention.self.value.weight]
3526.3s 1130 Loading weights:  56%|█████▌    | 111/199 [00:00<00:00, 2845.66it/s, Materializing param=encoder.layer.6.attention.self.value.weight]
3526.3s 1131 Loading weights:  56%|█████▋    | 112/199 [00:00<00:00, 2857.61it/s, Materializing param=encoder.layer.6.intermediate.dense.bias]
3526.3s 1132 Loading weights:  56%|█████▋    | 112/199 [00:00<00:00, 2851.12it/s, Materializing param=encoder.layer.6.intermediate.dense.bias]
3526.3s 1133 Loading weights:  57%|█████▋    | 113/199 [00:00<00:00, 2862.25it/s, Materializing param=encoder.layer.6.intermediate.dense.weight]
3526.3s 1134 Loading weights:  57%|█████▋    | 113/199 [00:00<00:00, 2855.90it/s, Materializing param=encoder.layer.6.intermediate.dense.weight]
3526.3s 1135 Loading weights:  57%|█████▋    | 114/199 [00:00<00:00, 2866.32it/s, Materializing param=encoder.layer.6.output.LayerNorm.bias]
3526.3s 1136 Loading weights:  57%|█████▋    | 114/199 [00:00<00:00, 2859.27it/s, Materializing param=encoder.layer.6.output.LayerNorm.bias]
3526.3s 1137 Loading weights:  58%|█████▊    | 115/199 [00:00<00:00, 2868.97it/s, Materializing param=encoder.layer.6.output.LayerNorm.weight]
3526.3s 1138 Loading weights:  58%|█████▊    | 115/199 [00:00<00:00, 2862.79it/s, Materializing param=encoder.layer.6.output.LayerNorm.weight]
3526.3s 1139 Loading weights:  58%|█████▊    | 116/199 [00:00<00:00, 2874.25it/s, Materializing param=encoder.layer.6.output.dense.bias]
3526.3s 1140 Loading weights:  58%|█████▊    | 116/199 [00:00<00:00, 2868.05it/s, Materializing param=encoder.layer.6.output.dense.bias]
3526.3s 1141 Loading weights:  59%|█████▉    | 117/199 [00:00<00:00, 2878.24it/s, Materializing param=encoder.layer.6.output.dense.weight]
3526.3s 1142 Loading weights:  59%|█████▉    | 117/199 [00:00<00:00, 2871.90it/s, Materializing param=encoder.layer.6.output.dense.weight]
3526.3s 1143 Loading weights:  59%|█████▉    | 118/199 [00:00<00:00, 2883.20it/s, Materializing param=encoder.layer.7.attention.output.LayerNorm.bias]
3526.3s 1144 Loading weights:  59%|█████▉    | 118/199 [00:00<00:00, 2877.09it/s, Materializing param=encoder.layer.7.attention.output.LayerNorm.bias]
3526.3s 1145 Loading weights:  60%|█████▉    | 119/199 [00:00<00:00, 2887.02it/s, Materializing param=encoder.layer.7.attention.output.LayerNorm.weight]
3526.3s 1146 Loading weights:  60%|█████▉    | 119/199 [00:00<00:00, 2881.00it/s, Materializing param=encoder.layer.7.attention.output.LayerNorm.weight]
3526.3s 1147 Loading weights:  60%|██████    | 120/199 [00:00<00:00, 2889.52it/s, Materializing param=encoder.layer.7.attention.output.dense.bias]
3526.3s 1148 Loading weights:  60%|██████    | 120/199 [00:00<00:00, 2880.03it/s, Materializing param=encoder.layer.7.attention.output.dense.bias]
3526.3s 1149 Loading weights:  61%|██████    | 121/199 [00:00<00:00, 2890.02it/s, Materializing param=encoder.layer.7.attention.output.dense.weight]
3526.3s 1150 Loading weights:  61%|██████    | 121/199 [00:00<00:00, 2884.21it/s, Materializing param=encoder.layer.7.attention.output.dense.weight]
3526.3s 1151 Loading weights:  61%|██████▏   | 122/199 [00:00<00:00, 2895.68it/s, Materializing param=encoder.layer.7.attention.self.key.bias]
3526.3s 1152 Loading weights:  61%|██████▏   | 122/199 [00:00<00:00, 2889.80it/s, Materializing param=encoder.layer.7.attention.self.key.bias]
3526.3s 1153 Loading weights:  62%|██████▏   | 123/199 [00:00<00:00, 2900.92it/s, Materializing param=encoder.layer.7.attention.self.key.weight]
3526.3s 1154 Loading weights:  62%|██████▏   | 123/199 [00:00<00:00, 2895.22it/s, Materializing param=encoder.layer.7.attention.self.key.weight]
3526.3s 1155 Loading weights:  62%|██████▏   | 124/199 [00:00<00:00, 2905.81it/s, Materializing param=encoder.layer.7.attention.self.query.bias]
3526.3s 1156 Loading weights:  62%|██████▏   | 124/199 [00:00<00:00, 2900.16it/s, Materializing param=encoder.layer.7.attention.self.query.bias]
3526.3s 1157 Loading weights:  63%|██████▎   | 125/199 [00:00<00:00, 2911.66it/s, Materializing param=encoder.layer.7.attention.self.query.weight]
3526.3s 1158 Loading weights:  63%|██████▎   | 125/199 [00:00<00:00, 2906.19it/s, Materializing param=encoder.layer.7.attention.self.query.weight]
3526.3s 1159 Loading weights:  63%|██████▎   | 126/199 [00:00<00:00, 2917.57it/s, Materializing param=encoder.layer.7.attention.self.value.bias]
3526.3s 1160 Loading weights:  63%|██████▎   | 126/199 [00:00<00:00, 2911.99it/s, Materializing param=encoder.layer.7.attention.self.value.bias]
3526.3s 1161 Loading weights:  64%|██████▍   | 127/199 [00:00<00:00, 2921.58it/s, Materializing param=encoder.layer.7.attention.self.value.weight]
3526.3s 1162 Loading weights:  64%|██████▍   | 127/199 [00:00<00:00, 2915.76it/s, Materializing param=encoder.layer.7.attention.self.value.weight]
3526.3s 1163 Loading weights:  64%|██████▍   | 128/199 [00:00<00:00, 2922.37it/s, Materializing param=encoder.layer.7.intermediate.dense.bias]
3526.3s 1164 Loading weights:  64%|██████▍   | 128/199 [00:00<00:00, 2916.41it/s, Materializing param=encoder.layer.7.intermediate.dense.bias]
3526.3s 1165 Loading weights:  65%|██████▍   | 129/199 [00:00<00:00, 2926.89it/s, Materializing param=encoder.layer.7.intermediate.dense.weight]
3526.3s 1166 Loading weights:  65%|██████▍   | 129/199 [00:00<00:00, 2920.64it/s, Materializing param=encoder.layer.7.intermediate.dense.weight]
3526.3s 1167 Loading weights:  65%|██████▌   | 130/199 [00:00<00:00, 2929.49it/s, Materializing param=encoder.layer.7.output.LayerNorm.bias]
3526.3s 1168 Loading weights:  65%|██████▌   | 130/199 [00:00<00:00, 2923.47it/s, Materializing param=encoder.layer.7.output.LayerNorm.bias]
3526.3s 1169 Loading weights:  66%|██████▌   | 131/199 [00:00<00:00, 2932.11it/s, Materializing param=encoder.layer.7.output.LayerNorm.weight]
3526.3s 1170 Loading weights:  66%|██████▌   | 131/199 [00:00<00:00, 2925.57it/s, Materializing param=encoder.layer.7.output.LayerNorm.weight]
3526.3s 1171 Loading weights:  66%|██████▋   | 132/199 [00:00<00:00, 2936.04it/s, Materializing param=encoder.layer.7.output.dense.bias]
3526.3s 1172 Loading weights:  66%|██████▋   | 132/199 [00:00<00:00, 2930.56it/s, Materializing param=encoder.layer.7.output.dense.bias]
3526.3s 1173 Loading weights:  67%|██████▋   | 133/199 [00:00<00:00, 2940.87it/s, Materializing param=encoder.layer.7.output.dense.weight]
3526.3s 1174 Loading weights:  67%|██████▋   | 133/199 [00:00<00:00, 2935.29it/s, Materializing param=encoder.layer.7.output.dense.weight]
3526.3s 1175 Loading weights:  67%|██████▋   | 134/199 [00:00<00:00, 2944.11it/s, Materializing param=encoder.layer.8.attention.output.LayerNorm.bias]
3526.3s 1176 Loading weights:  67%|██████▋   | 134/199 [00:00<00:00, 2936.79it/s, Materializing param=encoder.layer.8.attention.output.LayerNorm.bias]
3526.3s 1177 Loading weights:  68%|██████▊   | 135/199 [00:00<00:00, 2946.85it/s, Materializing param=encoder.layer.8.attention.output.LayerNorm.weight]
3526.3s 1178 Loading weights:  68%|██████▊   | 135/199 [00:00<00:00, 2941.38it/s, Materializing param=encoder.layer.8.attention.output.LayerNorm.weight]
3526.3s 1179 Loading weights:  68%|██████▊   | 136/199 [00:00<00:00, 2951.06it/s, Materializing param=encoder.layer.8.attention.output.dense.bias]
3526.3s 1180 Loading weights:  68%|██████▊   | 136/199 [00:00<00:00, 2945.64it/s, Materializing param=encoder.layer.8.attention.output.dense.bias]
3526.3s 1181 Loading weights:  69%|██████▉   | 137/199 [00:00<00:00, 2955.10it/s, Materializing param=encoder.layer.8.attention.output.dense.weight]
3526.3s 1182 Loading weights:  69%|██████▉   | 137/199 [00:00<00:00, 2949.82it/s, Materializing param=encoder.layer.8.attention.output.dense.weight]
3526.3s 1183 Loading weights:  69%|██████▉   | 138/199 [00:00<00:00, 2958.48it/s, Materializing param=encoder.layer.8.attention.self.key.bias]
3526.3s 1184 Loading weights:  69%|██████▉   | 138/199 [00:00<00:00, 2953.01it/s, Materializing param=encoder.layer.8.attention.self.key.bias]
3526.3s 1185 Loading weights:  70%|██████▉   | 139/199 [00:00<00:00, 2962.21it/s, Materializing param=encoder.layer.8.attention.self.key.weight]
3526.3s 1186 Loading weights:  70%|██████▉   | 139/199 [00:00<00:00, 2956.82it/s, Materializing param=encoder.layer.8.attention.self.key.weight]
3526.3s 1187 Loading weights:  70%|███████   | 140/199 [00:00<00:00, 2966.87it/s, Materializing param=encoder.layer.8.attention.self.query.bias]
3526.3s 1188 Loading weights:  70%|███████   | 140/199 [00:00<00:00, 2961.65it/s, Materializing param=encoder.layer.8.attention.self.query.bias]
3526.3s 1189 Loading weights:  71%|███████   | 141/199 [00:00<00:00, 2970.87it/s, Materializing param=encoder.layer.8.attention.self.query.weight]
3526.3s 1190 Loading weights:  71%|███████   | 141/199 [00:00<00:00, 2965.69it/s, Materializing param=encoder.layer.8.attention.self.query.weight]
3526.3s 1191 Loading weights:  71%|███████▏  | 142/199 [00:00<00:00, 2973.94it/s, Materializing param=encoder.layer.8.attention.self.value.bias]
3526.3s 1192 Loading weights:  71%|███████▏  | 142/199 [00:00<00:00, 2968.81it/s, Materializing param=encoder.layer.8.attention.self.value.bias]
3526.3s 1193 Loading weights:  72%|███████▏  | 143/199 [00:00<00:00, 2978.81it/s, Materializing param=encoder.layer.8.attention.self.value.weight]
3526.3s 1194 Loading weights:  72%|███████▏  | 143/199 [00:00<00:00, 2973.81it/s, Materializing param=encoder.layer.8.attention.self.value.weight]
3526.3s 1195 Loading weights:  72%|███████▏  | 144/199 [00:00<00:00, 2983.74it/s, Materializing param=encoder.layer.8.intermediate.dense.bias]
3526.3s 1196 Loading weights:  72%|███████▏  | 144/199 [00:00<00:00, 2978.37it/s, Materializing param=encoder.layer.8.intermediate.dense.bias]
3526.3s 1197 Loading weights:  73%|███████▎  | 145/199 [00:00<00:00, 2988.23it/s, Materializing param=encoder.layer.8.intermediate.dense.weight]
3526.3s 1198 Loading weights:  73%|███████▎  | 145/199 [00:00<00:00, 2981.17it/s, Materializing param=encoder.layer.8.intermediate.dense.weight]
3526.3s 1199 Loading weights:  73%|███████▎  | 146/199 [00:00<00:00, 2990.66it/s, Materializing param=encoder.layer.8.output.LayerNorm.bias]
3526.3s 1200 Loading weights:  73%|███████▎  | 146/199 [00:00<00:00, 2984.98it/s, Materializing param=encoder.layer.8.output.LayerNorm.bias]
3526.3s 1201 Loading weights:  74%|███████▍  | 147/199 [00:00<00:00, 2994.78it/s, Materializing param=encoder.layer.8.output.LayerNorm.weight]
3526.3s 1202 Loading weights:  74%|███████▍  | 147/199 [00:00<00:00, 2989.66it/s, Materializing param=encoder.layer.8.output.LayerNorm.weight]
3526.3s 1203 Loading weights:  74%|███████▍  | 148/199 [00:00<00:00, 2999.35it/s, Materializing param=encoder.layer.8.output.dense.bias]
3526.3s 1204 Loading weights:  74%|███████▍  | 148/199 [00:00<00:00, 2994.47it/s, Materializing param=encoder.layer.8.output.dense.bias]
3526.3s 1205 Loading weights:  75%|███████▍  | 149/199 [00:00<00:00, 3003.03it/s, Materializing param=encoder.layer.8.output.dense.weight]
3526.3s 1206 Loading weights:  75%|███████▍  | 149/199 [00:00<00:00, 2997.33it/s, Materializing param=encoder.layer.8.output.dense.weight]
3526.3s 1207 Loading weights:  75%|███████▌  | 150/199 [00:00<00:00, 3006.64it/s, Materializing param=encoder.layer.9.attention.output.LayerNorm.bias]
3526.3s 1208 Loading weights:  75%|███████▌  | 150/199 [00:00<00:00, 3001.62it/s, Materializing param=encoder.layer.9.attention.output.LayerNorm.bias]
3526.3s 1209 Loading weights:  76%|███████▌  | 151/199 [00:00<00:00, 3010.64it/s, Materializing param=encoder.layer.9.attention.output.LayerNorm.weight]
3526.3s 1210 Loading weights:  76%|███████▌  | 151/199 [00:00<00:00, 3005.60it/s, Materializing param=encoder.layer.9.attention.output.LayerNorm.weight]
3526.3s 1211 Loading weights:  76%|███████▋  | 152/199 [00:00<00:00, 3014.45it/s, Materializing param=encoder.layer.9.attention.output.dense.bias]
3526.3s 1212 Loading weights:  76%|███████▋  | 152/199 [00:00<00:00, 3009.49it/s, Materializing param=encoder.layer.9.attention.output.dense.bias]
3526.3s 1213 Loading weights:  77%|███████▋  | 153/199 [00:00<00:00, 3017.30it/s, Materializing param=encoder.layer.9.attention.output.dense.weight]
3526.3s 1214 Loading weights:  77%|███████▋  | 153/199 [00:00<00:00, 3012.19it/s, Materializing param=encoder.layer.9.attention.output.dense.weight]
3526.3s 1215 Loading weights:  77%|███████▋  | 154/199 [00:00<00:00, 3021.27it/s, Materializing param=encoder.layer.9.attention.self.key.bias]
3526.3s 1216 Loading weights:  77%|███████▋  | 154/199 [00:00<00:00, 3016.34it/s, Materializing param=encoder.layer.9.attention.self.key.bias]
3526.3s 1217 Loading weights:  78%|███████▊  | 155/199 [00:00<00:00, 3025.28it/s, Materializing param=encoder.layer.9.attention.self.key.weight]
3526.3s 1218 Loading weights:  78%|███████▊  | 155/199 [00:00<00:00, 3020.30it/s, Materializing param=encoder.layer.9.attention.self.key.weight]
3526.3s 1219 Loading weights:  78%|███████▊  | 156/199 [00:00<00:00, 3027.15it/s, Materializing param=encoder.layer.9.attention.self.query.bias]
3526.3s 1220 Loading weights:  78%|███████▊  | 156/199 [00:00<00:00, 3018.52it/s, Materializing param=encoder.layer.9.attention.self.query.bias]
3526.3s 1221 Loading weights:  79%|███████▉  | 157/199 [00:00<00:00, 3026.05it/s, Materializing param=encoder.layer.9.attention.self.query.weight]
3526.3s 1222 Loading weights:  79%|███████▉  | 157/199 [00:00<00:00, 3021.18it/s, Materializing param=encoder.layer.9.attention.self.query.weight]
3526.3s 1223 Loading weights:  79%|███████▉  | 158/199 [00:00<00:00, 3030.03it/s, Materializing param=encoder.layer.9.attention.self.value.bias]
3526.3s 1224 Loading weights:  79%|███████▉  | 158/199 [00:00<00:00, 3025.24it/s, Materializing param=encoder.layer.9.attention.self.value.bias]
3526.3s 1225 Loading weights:  80%|███████▉  | 159/199 [00:00<00:00, 3033.76it/s, Materializing param=encoder.layer.9.attention.self.value.weight]
3526.3s 1226 Loading weights:  80%|███████▉  | 159/199 [00:00<00:00, 3028.94it/s, Materializing param=encoder.layer.9.attention.self.value.weight]
3526.3s 1227 Loading weights:  80%|████████  | 160/199 [00:00<00:00, 3036.50it/s, Materializing param=encoder.layer.9.intermediate.dense.bias]
3526.3s 1228 Loading weights:  80%|████████  | 160/199 [00:00<00:00, 3031.61it/s, Materializing param=encoder.layer.9.intermediate.dense.bias]
3526.3s 1229 Loading weights:  81%|████████  | 161/199 [00:00<00:00, 3040.51it/s, Materializing param=encoder.layer.9.intermediate.dense.weight]
3526.3s 1230 Loading weights:  81%|████████  | 161/199 [00:00<00:00, 3035.83it/s, Materializing param=encoder.layer.9.intermediate.dense.weight]
3526.3s 1231 Loading weights:  81%|████████▏ | 162/199 [00:00<00:00, 3044.85it/s, Materializing param=encoder.layer.9.output.LayerNorm.bias]
3526.3s 1232 Loading weights:  81%|████████▏ | 162/199 [00:00<00:00, 3040.15it/s, Materializing param=encoder.layer.9.output.LayerNorm.bias]
3526.3s 1233 Loading weights:  82%|████████▏ | 163/199 [00:00<00:00, 3047.45it/s, Materializing param=encoder.layer.9.output.LayerNorm.weight]
3526.3s 1234 Loading weights:  82%|████████▏ | 163/199 [00:00<00:00, 3041.95it/s, Materializing param=encoder.layer.9.output.LayerNorm.weight]
3526.3s 1235 Loading weights:  82%|████████▏ | 164/199 [00:00<00:00, 3050.25it/s, Materializing param=encoder.layer.9.output.dense.bias]
3526.3s 1236 Loading weights:  82%|████████▏ | 164/199 [00:00<00:00, 3045.59it/s, Materializing param=encoder.layer.9.output.dense.bias]
3526.3s 1237 Loading weights:  83%|████████▎ | 165/199 [00:00<00:00, 3054.24it/s, Materializing param=encoder.layer.9.output.dense.weight]
3526.3s 1238 Loading weights:  83%|████████▎ | 165/199 [00:00<00:00, 3049.61it/s, Materializing param=encoder.layer.9.output.dense.weight]
3526.3s 1239 Loading weights:  83%|████████▎ | 166/199 [00:00<00:00, 3058.42it/s, Materializing param=encoder.layer.10.attention.output.LayerNorm.bias]
3526.3s 1240 Loading weights:  83%|████████▎ | 166/199 [00:00<00:00, 3053.47it/s, Materializing param=encoder.layer.10.attention.output.LayerNorm.bias]
3526.3s 1241 Loading weights:  84%|████████▍ | 167/199 [00:00<00:00, 3059.33it/s, Materializing param=encoder.layer.10.attention.output.LayerNorm.weight]
3526.3s 1242 Loading weights:  84%|████████▍ | 167/199 [00:00<00:00, 3053.12it/s, Materializing param=encoder.layer.10.attention.output.LayerNorm.weight]
3526.3s 1243 Loading weights:  84%|████████▍ | 168/199 [00:00<00:00, 3060.53it/s, Materializing param=encoder.layer.10.attention.output.dense.bias]
3526.3s 1244 Loading weights:  84%|████████▍ | 168/199 [00:00<00:00, 3055.87it/s, Materializing param=encoder.layer.10.attention.output.dense.bias]
3526.3s 1245 Loading weights:  85%|████████▍ | 169/199 [00:00<00:00, 3064.09it/s, Materializing param=encoder.layer.10.attention.output.dense.weight]
3526.3s 1246 Loading weights:  85%|████████▍ | 169/199 [00:00<00:00, 3059.54it/s, Materializing param=encoder.layer.10.attention.output.dense.weight]
3526.3s 1247 Loading weights:  85%|████████▌ | 170/199 [00:00<00:00, 3067.49it/s, Materializing param=encoder.layer.10.attention.self.key.bias]
3526.3s 1248 Loading weights:  85%|████████▌ | 170/199 [00:00<00:00, 3062.96it/s, Materializing param=encoder.layer.10.attention.self.key.bias]
3526.3s 1249 Loading weights:  86%|████████▌ | 171/199 [00:00<00:00, 3069.70it/s, Materializing param=encoder.layer.10.attention.self.key.weight]
3526.3s 1250 Loading weights:  86%|████████▌ | 171/199 [00:00<00:00, 3064.90it/s, Materializing param=encoder.layer.10.attention.self.key.weight]
3526.3s 1251 Loading weights:  86%|████████▋ | 172/199 [00:00<00:00, 3073.06it/s, Materializing param=encoder.layer.10.attention.self.query.bias]
3526.3s 1252 Loading weights:  86%|████████▋ | 172/199 [00:00<00:00, 3068.55it/s, Materializing param=encoder.layer.10.attention.self.query.bias]
3526.3s 1253 Loading weights:  87%|████████▋ | 173/199 [00:00<00:00, 3076.87it/s, Materializing param=encoder.layer.10.attention.self.query.weight]
3526.3s 1254 Loading weights:  87%|████████▋ | 173/199 [00:00<00:00, 3072.41it/s, Materializing param=encoder.layer.10.attention.self.query.weight]
3526.3s 1255 Loading weights:  87%|████████▋ | 174/199 [00:00<00:00, 3079.83it/s, Materializing param=encoder.layer.10.attention.self.value.bias]
3526.3s 1256 Loading weights:  87%|████████▋ | 174/199 [00:00<00:00, 3074.50it/s, Materializing param=encoder.layer.10.attention.self.value.bias]
3526.3s 1257 Loading weights:  88%|████████▊ | 175/199 [00:00<00:00, 3081.77it/s, Materializing param=encoder.layer.10.attention.self.value.weight]
3526.3s 1258 Loading weights:  88%|████████▊ | 175/199 [00:00<00:00, 3077.18it/s, Materializing param=encoder.layer.10.attention.self.value.weight]
3526.3s 1259 Loading weights:  88%|████████▊ | 176/199 [00:00<00:00, 3084.96it/s, Materializing param=encoder.layer.10.intermediate.dense.bias]
3526.3s 1260 Loading weights:  88%|████████▊ | 176/199 [00:00<00:00, 3080.46it/s, Materializing param=encoder.layer.10.intermediate.dense.bias]
3526.3s 1261 Loading weights:  89%|████████▉ | 177/199 [00:00<00:00, 3088.51it/s, Materializing param=encoder.layer.10.intermediate.dense.weight]
3526.3s 1262 Loading weights:  89%|████████▉ | 177/199 [00:00<00:00, 3083.69it/s, Materializing param=encoder.layer.10.intermediate.dense.weight]
3526.3s 1263 Loading weights:  89%|████████▉ | 178/199 [00:00<00:00, 3090.52it/s, Materializing param=encoder.layer.10.output.LayerNorm.bias]
3526.3s 1264 Loading weights:  89%|████████▉ | 178/199 [00:00<00:00, 3085.13it/s, Materializing param=encoder.layer.10.output.LayerNorm.bias]
3526.3s 1265 Loading weights:  90%|████████▉ | 179/199 [00:00<00:00, 3092.69it/s, Materializing param=encoder.layer.10.output.LayerNorm.weight]
3526.3s 1266 Loading weights:  90%|████████▉ | 179/199 [00:00<00:00, 3086.41it/s, Materializing param=encoder.layer.10.output.LayerNorm.weight]
3526.3s 1267 Loading weights:  90%|█████████ | 180/199 [00:00<00:00, 3092.44it/s, Materializing param=encoder.layer.10.output.dense.bias]
3526.3s 1268 Loading weights:  90%|█████████ | 180/199 [00:00<00:00, 3087.30it/s, Materializing param=encoder.layer.10.output.dense.bias]
3526.3s 1269 Loading weights:  91%|█████████ | 181/199 [00:00<00:00, 3092.26it/s, Materializing param=encoder.layer.10.output.dense.weight]
3526.3s 1270 Loading weights:  91%|█████████ | 181/199 [00:00<00:00, 3083.75it/s, Materializing param=encoder.layer.10.output.dense.weight]
3526.3s 1271 Loading weights:  91%|█████████▏| 182/199 [00:00<00:00, 3089.79it/s, Materializing param=encoder.layer.11.attention.output.LayerNorm.bias]
3526.3s 1272 Loading weights:  91%|█████████▏| 182/199 [00:00<00:00, 3084.74it/s, Materializing param=encoder.layer.11.attention.output.LayerNorm.bias]
3526.3s 1273 Loading weights:  92%|█████████▏| 183/199 [00:00<00:00, 3088.28it/s, Materializing param=encoder.layer.11.attention.output.LayerNorm.weight]
3526.3s 1274 Loading weights:  92%|█████████▏| 183/199 [00:00<00:00, 3083.59it/s, Materializing param=encoder.layer.11.attention.output.LayerNorm.weight]
3526.3s 1275 Loading weights:  92%|█████████▏| 184/199 [00:00<00:00, 3090.11it/s, Materializing param=encoder.layer.11.attention.output.dense.bias]
3526.3s 1276 Loading weights:  92%|█████████▏| 184/199 [00:00<00:00, 3081.92it/s, Materializing param=encoder.layer.11.attention.output.dense.bias]
3526.3s 1277 Loading weights:  93%|█████████▎| 185/199 [00:00<00:00, 3088.55it/s, Materializing param=encoder.layer.11.attention.output.dense.weight]
3526.3s 1278 Loading weights:  93%|█████████▎| 185/199 [00:00<00:00, 3083.95it/s, Materializing param=encoder.layer.11.attention.output.dense.weight]
3526.3s 1279 Loading weights:  93%|█████████▎| 186/199 [00:00<00:00, 3090.80it/s, Materializing param=encoder.layer.11.attention.self.key.bias]
3526.3s 1280 Loading weights:  93%|█████████▎| 186/199 [00:00<00:00, 3086.33it/s, Materializing param=encoder.layer.11.attention.self.key.bias]
3526.3s 1281 Loading weights:  94%|█████████▍| 187/199 [00:00<00:00, 3092.17it/s, Materializing param=encoder.layer.11.attention.self.key.weight]
3526.3s 1282 Loading weights:  94%|█████████▍| 187/199 [00:00<00:00, 3087.73it/s, Materializing param=encoder.layer.11.attention.self.key.weight]
3526.3s 1283 Loading weights:  94%|█████████▍| 188/199 [00:00<00:00, 3092.82it/s, Materializing param=encoder.layer.11.attention.self.query.bias]
3526.3s 1284 Loading weights:  94%|█████████▍| 188/199 [00:00<00:00, 3088.35it/s, Materializing param=encoder.layer.11.attention.self.query.bias]
3526.3s 1285 Loading weights:  95%|█████████▍| 189/199 [00:00<00:00, 3095.17it/s, Materializing param=encoder.layer.11.attention.self.query.weight]
3526.3s 1286 Loading weights:  95%|█████████▍| 189/199 [00:00<00:00, 3091.00it/s, Materializing param=encoder.layer.11.attention.self.query.weight]
3526.3s 1287 Loading weights:  95%|█████████▌| 190/199 [00:00<00:00, 3098.41it/s, Materializing param=encoder.layer.11.attention.self.value.bias]
3526.3s 1288 Loading weights:  95%|█████████▌| 190/199 [00:00<00:00, 3094.01it/s, Materializing param=encoder.layer.11.attention.self.value.bias]
3526.3s 1289 Loading weights:  96%|█████████▌| 191/199 [00:00<00:00, 3100.51it/s, Materializing param=encoder.layer.11.attention.self.value.weight]
3526.3s 1290 Loading weights:  96%|█████████▌| 191/199 [00:00<00:00, 3095.71it/s, Materializing param=encoder.layer.11.attention.self.value.weight]
3526.3s 1291 Loading weights:  96%|█████████▋| 192/199 [00:00<00:00, 3102.85it/s, Materializing param=encoder.layer.11.intermediate.dense.bias]
3526.3s 1292 Loading weights:  96%|█████████▋| 192/199 [00:00<00:00, 3098.79it/s, Materializing param=encoder.layer.11.intermediate.dense.bias]
3526.3s 1293 Loading weights:  97%|█████████▋| 193/199 [00:00<00:00, 3106.26it/s, Materializing param=encoder.layer.11.intermediate.dense.weight]
3526.3s 1294 Loading weights:  97%|█████████▋| 193/199 [00:00<00:00, 3102.17it/s, Materializing param=encoder.layer.11.intermediate.dense.weight]
3526.3s 1295 Loading weights:  97%|█████████▋| 194/199 [00:00<00:00, 3108.70it/s, Materializing param=encoder.layer.11.output.LayerNorm.bias]
3526.3s 1296 Loading weights:  97%|█████████▋| 194/199 [00:00<00:00, 3104.46it/s, Materializing param=encoder.layer.11.output.LayerNorm.bias]
3526.3s 1297 Loading weights:  98%|█████████▊| 195/199 [00:00<00:00, 3110.95it/s, Materializing param=encoder.layer.11.output.LayerNorm.weight]
3526.3s 1298 Loading weights:  98%|█████████▊| 195/199 [00:00<00:00, 3106.76it/s, Materializing param=encoder.layer.11.output.LayerNorm.weight]
3526.3s 1299 Loading weights:  98%|█████████▊| 196/199 [00:00<00:00, 3114.07it/s, Materializing param=encoder.layer.11.output.dense.bias]
3526.3s 1300 Loading weights:  98%|█████████▊| 196/199 [00:00<00:00, 3110.05it/s, Materializing param=encoder.layer.11.output.dense.bias]
3526.3s 1301 Loading weights:  99%|█████████▉| 197/199 [00:00<00:00, 3117.49it/s, Materializing param=encoder.layer.11.output.dense.weight]
3526.3s 1302 Loading weights:  99%|█████████▉| 197/199 [00:00<00:00, 3113.58it/s, Materializing param=encoder.layer.11.output.dense.weight]
3526.3s 1303 Loading weights:  99%|█████████▉| 198/199 [00:00<00:00, 3120.67it/s, Materializing param=pooler.dense.bias]
3526.3s 1304 Loading weights:  99%|█████████▉| 198/199 [00:00<00:00, 3116.69it/s, Materializing param=pooler.dense.bias]
3526.3s 1305 Loading weights: 100%|██████████| 199/199 [00:00<00:00, 3123.55it/s, Materializing param=pooler.dense.weight]
3526.3s 1306 Loading weights: 100%|██████████| 199/199 [00:00<00:00, 3119.30it/s, Materializing param=pooler.dense.weight]
3526.3s 1307 Loading weights: 100%|██████████| 199/199 [00:00<00:00, 3110.34it/s, Materializing param=pooler.dense.weight]
3526.3s 1308 BertModel LOAD REPORT from: google/muril-base-cased
3526.3s 1309 Key                                        | Status     |  |
3526.3s 1310 -------------------------------------------+------------+--+-
3526.3s 1311 cls.predictions.decoder.bias               | UNEXPECTED |  |
3526.3s 1312 cls.predictions.transform.LayerNorm.weight | UNEXPECTED |  |
3526.3s 1313 cls.predictions.transform.LayerNorm.bias   | UNEXPECTED |  |
3526.3s 1314 cls.predictions.bias                       | UNEXPECTED |  |
3526.3s 1315 cls.predictions.transform.dense.weight     | UNEXPECTED |  |
3526.3s 1316 cls.seq_relationship.bias                  | UNEXPECTED |  |
3526.3s 1317 cls.predictions.transform.dense.bias       | UNEXPECTED |  |
3526.3s 1318 cls.seq_relationship.weight                | UNEXPECTED |  |
3526.3s 1319 cls.predictions.decoder.weight             | UNEXPECTED |  |
3526.3s 1320 bert.embeddings.position_ids               | UNEXPECTED |  |
3526.3s 1321 
3526.3s 1322 Notes:
3526.3s 1323 - UNEXPECTED	:can be ignored when loading from different task/architecture; not ok if you expect identical arch.
3673.0s 1324 [s42f3] ep1 160/320 loss 0.5123 val 0.6813 * (0.91s/step)
3813.8s 1325 [s42f3] ep1 320/320 loss 0.5250 val 0.7053 * (0.90s/step)
3813.8s 1326 [s42f3] ep1 done 4.8min  best 0.7053
3957.1s 1327 [s42f3] ep2 160/320 loss 0.6117 val 0.7304 * (0.90s/step)
4103.7s 1328 [s42f3] ep2 320/320 loss 0.5163 val 0.7437 * (0.91s/step)
4103.7s 1329 [s42f3] ep2 done 4.8min  best 0.7437
4250.8s 1330 [s42f3] ep3 160/320 loss 0.5044 val 0.7507 * (0.92s/step)
4393.7s 1331 [s42f3] ep3 320/320 loss 0.6080 val 0.7608 * (0.91s/step)
4393.7s 1332 [s42f3] ep3 done 4.8min  best 0.7608
4538.5s 1333 [s42f3] ep4 160/320 loss 0.5590 val 0.7623 * (0.91s/step)
4684.2s 1334 [s42f3] ep4 320/320 loss 0.2891 val 0.7661 * (0.91s/step)
4684.2s 1335 [s42f3] ep4 done 4.8min  best 0.7661
4831.6s 1336 [s42f3] ep5 160/320 loss 0.3855 val 0.7708 * (0.92s/step)
4973.4s 1337 [s42f3] ep5 320/320 loss 0.4190 val 0.7731 * (0.90s/step)
4973.4s 1338 [s42f3] ep5 done 4.8min  best 0.7731
5118.1s 1339 [s42f3] ep6 160/320 loss 0.5090 val 0.7763 * (0.90s/step)
5261.4s 1340 [s42f3] ep6 320/320 loss 0.4296 val 0.7786 * (0.90s/step)
5261.4s 1341 [s42f3] ep6 done 4.8min  best 0.7786
5261.4s 1342 [s42f3] best 0.7786  last 0.7786  (selected: best)
5261.4s 1343 ===== seed 42 fold 4/5 =====
5262.8s 1344 
5262.8s 1345 Loading weights:   0%|          | 0/199 [00:00<?, ?it/s]
5262.8s 1346 Loading weights:   1%|          | 1/199 [00:00<00:00, 31775.03it/s, Materializing param=embeddings.LayerNorm.bias]
5262.8s 1347 Loading weights:   1%|          | 1/199 [00:00<00:00, 7219.11it/s, Materializing param=embeddings.LayerNorm.bias]
5262.8s 1348 Loading weights:   1%|          | 2/199 [00:00<00:00, 5733.84it/s, Materializing param=embeddings.LayerNorm.weight]
5262.8s 1349 Loading weights:   1%|          | 2/199 [00:00<00:00, 4514.86it/s, Materializing param=embeddings.LayerNorm.weight]
5262.8s 1350 Loading weights:   2%|▏         | 3/199 [00:00<00:00, 4595.66it/s, Materializing param=embeddings.position_embeddings.weight]
5262.8s 1351 Loading weights:   2%|▏         | 3/199 [00:00<00:00, 3969.37it/s, Materializing param=embeddings.position_embeddings.weight]
5262.8s 1352 Loading weights:   2%|▏         | 4/199 [00:00<00:00, 4238.81it/s, Materializing param=embeddings.token_type_embeddings.weight]
5262.8s 1353 Loading weights:   2%|▏         | 4/199 [00:00<00:00, 3840.94it/s, Materializing param=embeddings.token_type_embeddings.weight]
5262.8s 1354 Loading weights:   3%|▎         | 5/199 [00:00<00:00, 4012.92it/s, Materializing param=embeddings.word_embeddings.weight]
5262.8s 1355 Loading weights:   3%|▎         | 5/199 [00:00<00:00, 3696.72it/s, Materializing param=embeddings.word_embeddings.weight]
5262.8s 1356 Loading weights:   3%|▎         | 6/199 [00:00<00:00, 3829.83it/s, Materializing param=encoder.layer.0.attention.output.LayerNorm.bias]
5262.8s 1357 Loading weights:   3%|▎         | 6/199 [00:00<00:00, 3611.63it/s, Materializing param=encoder.layer.0.attention.output.LayerNorm.bias]
5262.8s 1358 Loading weights:   4%|▎         | 7/199 [00:00<00:00, 3748.74it/s, Materializing param=encoder.layer.0.attention.output.LayerNorm.weight]
5262.8s 1359 Loading weights:   4%|▎         | 7/199 [00:00<00:00, 3564.85it/s, Materializing param=encoder.layer.0.attention.output.LayerNorm.weight]
5262.8s 1360 Loading weights:   4%|▍         | 8/199 [00:00<00:00, 3696.64it/s, Materializing param=encoder.layer.0.attention.output.dense.bias]
5262.8s 1361 Loading weights:   4%|▍         | 8/199 [00:00<00:00, 3508.41it/s, Materializing param=encoder.layer.0.attention.output.dense.bias]
5262.8s 1362 Loading weights:   5%|▍         | 9/199 [00:00<00:00, 3623.07it/s, Materializing param=encoder.layer.0.attention.output.dense.weight]
5262.8s 1363 Loading weights:   5%|▍         | 9/199 [00:00<00:00, 3492.02it/s, Materializing param=encoder.layer.0.attention.output.dense.weight]
5262.8s 1364 Loading weights:   5%|▌         | 10/199 [00:00<00:00, 2094.43it/s, Materializing param=encoder.layer.0.attention.self.key.bias]
5262.8s 1365 Loading weights:   5%|▌         | 10/199 [00:00<00:00, 2050.10it/s, Materializing param=encoder.layer.0.attention.self.key.bias]
5262.8s 1366 Loading weights:   6%|▌         | 11/199 [00:00<00:00, 2043.10it/s, Materializing param=encoder.layer.0.attention.self.key.weight]
5262.8s 1367 Loading weights:   6%|▌         | 11/199 [00:00<00:00, 2011.13it/s, Materializing param=encoder.layer.0.attention.self.key.weight]
5262.8s 1368 Loading weights:   6%|▌         | 12/199 [00:00<00:00, 2020.70it/s, Materializing param=encoder.layer.0.attention.self.query.bias]
5262.8s 1369 Loading weights:   6%|▌         | 12/199 [00:00<00:00, 1989.08it/s, Materializing param=encoder.layer.0.attention.self.query.bias]
5262.8s 1370 Loading weights:   7%|▋         | 13/199 [00:00<00:00, 2078.05it/s, Materializing param=encoder.layer.0.attention.self.query.weight]
5262.8s 1371 Loading weights:   7%|▋         | 13/199 [00:00<00:00, 2043.24it/s, Materializing param=encoder.layer.0.attention.self.query.weight]
5262.8s 1372 Loading weights:   7%|▋         | 14/199 [00:00<00:00, 2003.35it/s, Materializing param=encoder.layer.0.attention.self.value.bias]
5262.8s 1373 Loading weights:   7%|▋         | 14/199 [00:00<00:00, 1978.05it/s, Materializing param=encoder.layer.0.attention.self.value.bias]
5262.8s 1374 Loading weights:   8%|▊         | 15/199 [00:00<00:00, 1755.13it/s, Materializing param=encoder.layer.0.attention.self.value.weight]
5262.8s 1375 Loading weights:   8%|▊         | 15/199 [00:00<00:00, 1732.18it/s, Materializing param=encoder.layer.0.attention.self.value.weight]
5262.8s 1376 Loading weights:   8%|▊         | 16/199 [00:00<00:00, 1798.30it/s, Materializing param=encoder.layer.0.intermediate.dense.bias]
5262.8s 1377 Loading weights:   8%|▊         | 16/199 [00:00<00:00, 1493.23it/s, Materializing param=encoder.layer.0.intermediate.dense.bias]
5262.8s 1378 Loading weights:   9%|▊         | 17/199 [00:00<00:00, 1468.05it/s, Materializing param=encoder.layer.0.intermediate.dense.weight]
5262.8s 1379 Loading weights:   9%|▊         | 17/199 [00:00<00:00, 1453.36it/s, Materializing param=encoder.layer.0.intermediate.dense.weight]
5262.8s 1380 Loading weights:   9%|▉         | 18/199 [00:00<00:00, 1503.72it/s, Materializing param=encoder.layer.0.output.LayerNorm.bias]
5262.8s 1381 Loading weights:   9%|▉         | 18/199 [00:00<00:00, 1492.75it/s, Materializing param=encoder.layer.0.output.LayerNorm.bias]
5262.8s 1382 Loading weights:  10%|▉         | 19/199 [00:00<00:00, 1561.21it/s, Materializing param=encoder.layer.0.output.LayerNorm.weight]
5262.8s 1383 Loading weights:  10%|▉         | 19/199 [00:00<00:00, 1548.19it/s, Materializing param=encoder.layer.0.output.LayerNorm.weight]
5262.8s 1384 Loading weights:  10%|█         | 20/199 [00:00<00:00, 1613.13it/s, Materializing param=encoder.layer.0.output.dense.bias]
5262.8s 1385 Loading weights:  10%|█         | 20/199 [00:00<00:00, 1605.97it/s, Materializing param=encoder.layer.0.output.dense.bias]
5262.8s 1386 Loading weights:  11%|█         | 21/199 [00:00<00:00, 1673.86it/s, Materializing param=encoder.layer.0.output.dense.weight]
5262.8s 1387 Loading weights:  11%|█         | 21/199 [00:00<00:00, 1667.02it/s, Materializing param=encoder.layer.0.output.dense.weight]
5262.8s 1388 Loading weights:  11%|█         | 22/199 [00:00<00:00, 1734.39it/s, Materializing param=encoder.layer.1.attention.output.LayerNorm.bias]
5262.8s 1389 Loading weights:  11%|█         | 22/199 [00:00<00:00, 1727.31it/s, Materializing param=encoder.layer.1.attention.output.LayerNorm.bias]
5262.8s 1390 Loading weights:  12%|█▏        | 23/199 [00:00<00:00, 1791.51it/s, Materializing param=encoder.layer.1.attention.output.LayerNorm.weight]
5262.8s 1391 Loading weights:  12%|█▏        | 23/199 [00:00<00:00, 1784.22it/s, Materializing param=encoder.layer.1.attention.output.LayerNorm.weight]
5262.8s 1392 Loading weights:  12%|█▏        | 24/199 [00:00<00:00, 1848.83it/s, Materializing param=encoder.layer.1.attention.output.dense.bias]
5262.8s 1393 Loading weights:  12%|█▏        | 24/199 [00:00<00:00, 1841.63it/s, Materializing param=encoder.layer.1.attention.output.dense.bias]
5262.8s 1394 Loading weights:  13%|█▎        | 25/199 [00:00<00:00, 1905.36it/s, Materializing param=encoder.layer.1.attention.output.dense.weight]
5262.8s 1395 Loading weights:  13%|█▎        | 25/199 [00:00<00:00, 1898.08it/s, Materializing param=encoder.layer.1.attention.output.dense.weight]
5262.8s 1396 Loading weights:  13%|█▎        | 26/199 [00:00<00:00, 1951.71it/s, Materializing param=encoder.layer.1.attention.self.key.bias]
5262.8s 1397 Loading weights:  13%|█▎        | 26/199 [00:00<00:00, 1942.95it/s, Materializing param=encoder.layer.1.attention.self.key.bias]
5262.8s 1398 Loading weights:  14%|█▎        | 27/199 [00:00<00:00, 2003.79it/s, Materializing param=encoder.layer.1.attention.self.key.weight]
5262.8s 1399 Loading weights:  14%|█▎        | 27/199 [00:00<00:00, 1996.30it/s, Materializing param=encoder.layer.1.attention.self.key.weight]
5262.8s 1400 Loading weights:  14%|█▍        | 28/199 [00:00<00:00, 2056.54it/s, Materializing param=encoder.layer.1.attention.self.query.bias]
5262.8s 1401 Loading weights:  14%|█▍        | 28/199 [00:00<00:00, 2049.04it/s, Materializing param=encoder.layer.1.attention.self.query.bias]
5262.8s 1402 Loading weights:  15%|█▍        | 29/199 [00:00<00:00, 2107.91it/s, Materializing param=encoder.layer.1.attention.self.query.weight]
5262.8s 1403 Loading weights:  15%|█▍        | 29/199 [00:00<00:00, 2100.05it/s, Materializing param=encoder.layer.1.attention.self.query.weight]
5262.8s 1404 Loading weights:  15%|█▌        | 30/199 [00:00<00:00, 2158.27it/s, Materializing param=encoder.layer.1.attention.self.value.bias]
5262.8s 1405 Loading weights:  15%|█▌        | 30/199 [00:00<00:00, 2150.48it/s, Materializing param=encoder.layer.1.attention.self.value.bias]
5262.8s 1406 Loading weights:  16%|█▌        | 31/199 [00:00<00:00, 2208.28it/s, Materializing param=encoder.layer.1.attention.self.value.weight]
5262.8s 1407 Loading weights:  16%|█▌        | 31/199 [00:00<00:00, 2200.47it/s, Materializing param=encoder.layer.1.attention.self.value.weight]
5262.8s 1408 Loading weights:  16%|█▌        | 32/199 [00:00<00:00, 2257.24it/s, Materializing param=encoder.layer.1.intermediate.dense.bias]
5262.8s 1409 Loading weights:  16%|█▌        | 32/199 [00:00<00:00, 2247.26it/s, Materializing param=encoder.layer.1.intermediate.dense.bias]
5262.8s 1410 Loading weights:  17%|█▋        | 33/199 [00:00<00:00, 2302.19it/s, Materializing param=encoder.layer.1.intermediate.dense.weight]
5262.8s 1411 Loading weights:  17%|█▋        | 33/199 [00:00<00:00, 2294.10it/s, Materializing param=encoder.layer.1.intermediate.dense.weight]
5262.8s 1412 Loading weights:  17%|█▋        | 34/199 [00:00<00:00, 2349.40it/s, Materializing param=encoder.layer.1.output.LayerNorm.bias]
5262.8s 1413 Loading weights:  17%|█▋        | 34/199 [00:00<00:00, 2341.42it/s, Materializing param=encoder.layer.1.output.LayerNorm.bias]
5262.8s 1414 Loading weights:  18%|█▊        | 35/199 [00:00<00:00, 2395.73it/s, Materializing param=encoder.layer.1.output.LayerNorm.weight]
5262.8s 1415 Loading weights:  18%|█▊        | 35/199 [00:00<00:00, 2387.70it/s, Materializing param=encoder.layer.1.output.LayerNorm.weight]
5262.8s 1416 Loading weights:  18%|█▊        | 36/199 [00:00<00:00, 2440.52it/s, Materializing param=encoder.layer.1.output.dense.bias]
5262.8s 1417 Loading weights:  18%|█▊        | 36/199 [00:00<00:00, 2432.15it/s, Materializing param=encoder.layer.1.output.dense.bias]
5262.8s 1418 Loading weights:  19%|█▊        | 37/199 [00:00<00:00, 2484.74it/s, Materializing param=encoder.layer.1.output.dense.weight]
5262.8s 1419 Loading weights:  19%|█▊        | 37/199 [00:00<00:00, 2476.49it/s, Materializing param=encoder.layer.1.output.dense.weight]
5262.8s 1420 Loading weights:  19%|█▉        | 38/199 [00:00<00:00, 2528.61it/s, Materializing param=encoder.layer.2.attention.output.LayerNorm.bias]
5262.8s 1421 Loading weights:  19%|█▉        | 38/199 [00:00<00:00, 2520.10it/s, Materializing param=encoder.layer.2.attention.output.LayerNorm.bias]
5262.8s 1422 Loading weights:  20%|█▉        | 39/199 [00:00<00:00, 2570.89it/s, Materializing param=encoder.layer.2.attention.output.LayerNorm.weight]
5262.8s 1423 Loading weights:  20%|█▉        | 39/199 [00:00<00:00, 2555.74it/s, Materializing param=encoder.layer.2.attention.output.LayerNorm.weight]
5262.8s 1424 Loading weights:  20%|██        | 40/199 [00:00<00:00, 2599.83it/s, Materializing param=encoder.layer.2.attention.output.dense.bias]
5262.8s 1425 Loading weights:  20%|██        | 40/199 [00:00<00:00, 2590.76it/s, Materializing param=encoder.layer.2.attention.output.dense.bias]
5262.8s 1426 Loading weights:  21%|██        | 41/199 [00:00<00:00, 2639.75it/s, Materializing param=encoder.layer.2.attention.output.dense.weight]
5262.8s 1427 Loading weights:  21%|██        | 41/199 [00:00<00:00, 2631.23it/s, Materializing param=encoder.layer.2.attention.output.dense.weight]
5262.8s 1428 Loading weights:  21%|██        | 42/199 [00:00<00:00, 2679.74it/s, Materializing param=encoder.layer.2.attention.self.key.bias]
5262.8s 1429 Loading weights:  21%|██        | 42/199 [00:00<00:00, 2671.25it/s, Materializing param=encoder.layer.2.attention.self.key.bias]
5262.8s 1430 Loading weights:  22%|██▏       | 43/199 [00:00<00:00, 2714.64it/s, Materializing param=encoder.layer.2.attention.self.key.weight]
5262.8s 1431 Loading weights:  22%|██▏       | 43/199 [00:00<00:00, 2705.39it/s, Materializing param=encoder.layer.2.attention.self.key.weight]
5262.8s 1432 Loading weights:  22%|██▏       | 44/199 [00:00<00:00, 2751.84it/s, Materializing param=encoder.layer.2.attention.self.query.bias]
5262.8s 1433 Loading weights:  22%|██▏       | 44/199 [00:00<00:00, 2742.80it/s, Materializing param=encoder.layer.2.attention.self.query.bias]
5262.8s 1434 Loading weights:  23%|██▎       | 45/199 [00:00<00:00, 2788.89it/s, Materializing param=encoder.layer.2.attention.self.query.weight]
5262.8s 1435 Loading weights:  23%|██▎       | 45/199 [00:00<00:00, 2779.77it/s, Materializing param=encoder.layer.2.attention.self.query.weight]
5262.8s 1436 Loading weights:  23%|██▎       | 46/199 [00:00<00:00, 2822.01it/s, Materializing param=encoder.layer.2.attention.self.value.bias]
5262.8s 1437 Loading weights:  23%|██▎       | 46/199 [00:00<00:00, 2812.59it/s, Materializing param=encoder.layer.2.attention.self.value.bias]
5262.8s 1438 Loading weights:  24%|██▎       | 47/199 [00:00<00:00, 2857.49it/s, Materializing param=encoder.layer.2.attention.self.value.weight]
5262.8s 1439 Loading weights:  24%|██▎       | 47/199 [00:00<00:00, 2848.36it/s, Materializing param=encoder.layer.2.attention.self.value.weight]
5262.8s 1440 Loading weights:  24%|██▍       | 48/199 [00:00<00:00, 2892.29it/s, Materializing param=encoder.layer.2.intermediate.dense.bias]
5262.8s 1441 Loading weights:  24%|██▍       | 48/199 [00:00<00:00, 2881.36it/s, Materializing param=encoder.layer.2.intermediate.dense.bias]
5262.8s 1442 Loading weights:  25%|██▍       | 49/199 [00:00<00:00, 2924.98it/s, Materializing param=encoder.layer.2.intermediate.dense.weight]
5262.8s 1443 Loading weights:  25%|██▍       | 49/199 [00:00<00:00, 2916.10it/s, Materializing param=encoder.layer.2.intermediate.dense.weight]
5262.8s 1444 Loading weights:  25%|██▌       | 50/199 [00:00<00:00, 2959.95it/s, Materializing param=encoder.layer.2.output.LayerNorm.bias]
5262.8s 1445 Loading weights:  25%|██▌       | 50/199 [00:00<00:00, 2951.08it/s, Materializing param=encoder.layer.2.output.LayerNorm.bias]
5262.8s 1446 Loading weights:  26%|██▌       | 51/199 [00:00<00:00, 2994.63it/s, Materializing param=encoder.layer.2.output.LayerNorm.weight]
5262.8s 1447 Loading weights:  26%|██▌       | 51/199 [00:00<00:00, 2985.94it/s, Materializing param=encoder.layer.2.output.LayerNorm.weight]
5262.8s 1448 Loading weights:  26%|██▌       | 52/199 [00:00<00:00, 3029.01it/s, Materializing param=encoder.layer.2.output.dense.bias]
5262.8s 1449 Loading weights:  26%|██▌       | 52/199 [00:00<00:00, 2974.60it/s, Materializing param=encoder.layer.2.output.dense.bias]
5262.8s 1450 Loading weights:  27%|██▋       | 53/199 [00:00<00:00, 3009.27it/s, Materializing param=encoder.layer.2.output.dense.weight]
5262.8s 1451 Loading weights:  27%|██▋       | 53/199 [00:00<00:00, 2999.89it/s, Materializing param=encoder.layer.2.output.dense.weight]
5262.8s 1452 Loading weights:  27%|██▋       | 54/199 [00:00<00:00, 3039.39it/s, Materializing param=encoder.layer.3.attention.output.LayerNorm.bias]
5262.8s 1453 Loading weights:  27%|██▋       | 54/199 [00:00<00:00, 3030.16it/s, Materializing param=encoder.layer.3.attention.output.LayerNorm.bias]
5262.8s 1454 Loading weights:  28%|██▊       | 55/199 [00:00<00:00, 3069.72it/s, Materializing param=encoder.layer.3.attention.output.LayerNorm.weight]
5262.8s 1455 Loading weights:  28%|██▊       | 55/199 [00:00<00:00, 3060.68it/s, Materializing param=encoder.layer.3.attention.output.LayerNorm.weight]
5262.8s 1456 Loading weights:  28%|██▊       | 56/199 [00:00<00:00, 3100.29it/s, Materializing param=encoder.layer.3.attention.output.dense.bias]
5262.8s 1457 Loading weights:  28%|██▊       | 56/199 [00:00<00:00, 3091.43it/s, Materializing param=encoder.layer.3.attention.output.dense.bias]
5262.8s 1458 Loading weights:  29%|██▊       | 57/199 [00:00<00:00, 3131.14it/s, Materializing param=encoder.layer.3.attention.output.dense.weight]
5262.8s 1459 Loading weights:  29%|██▊       | 57/199 [00:00<00:00, 3120.23it/s, Materializing param=encoder.layer.3.attention.output.dense.weight]
5262.8s 1460 Loading weights:  29%|██▉       | 58/199 [00:00<00:00, 3158.65it/s, Materializing param=encoder.layer.3.attention.self.key.bias]
5262.8s 1461 Loading weights:  29%|██▉       | 58/199 [00:00<00:00, 3150.06it/s, Materializing param=encoder.layer.3.attention.self.key.bias]
5262.8s 1462 Loading weights:  30%|██▉       | 59/199 [00:00<00:00, 3188.84it/s, Materializing param=encoder.layer.3.attention.self.key.weight]
5262.8s 1463 Loading weights:  30%|██▉       | 59/199 [00:00<00:00, 3180.28it/s, Materializing param=encoder.layer.3.attention.self.key.weight]
5262.8s 1464 Loading weights:  30%|███       | 60/199 [00:00<00:00, 3218.63it/s, Materializing param=encoder.layer.3.attention.self.query.bias]
5262.8s 1465 Loading weights:  30%|███       | 60/199 [00:00<00:00, 3210.09it/s, Materializing param=encoder.layer.3.attention.self.query.bias]
5262.8s 1466 Loading weights:  31%|███       | 61/199 [00:00<00:00, 3246.94it/s, Materializing param=encoder.layer.3.attention.self.query.weight]
5262.8s 1467 Loading weights:  31%|███       | 61/199 [00:00<00:00, 3238.11it/s, Materializing param=encoder.layer.3.attention.self.query.weight]
5262.8s 1468 Loading weights:  31%|███       | 62/199 [00:00<00:00, 3275.81it/s, Materializing param=encoder.layer.3.attention.self.value.bias]
5262.8s 1469 Loading weights:  31%|███       | 62/199 [00:00<00:00, 3267.17it/s, Materializing param=encoder.layer.3.attention.self.value.bias]
5262.8s 1470 Loading weights:  32%|███▏      | 63/199 [00:00<00:00, 3304.42it/s, Materializing param=encoder.layer.3.attention.self.value.weight]
5262.8s 1471 Loading weights:  32%|███▏      | 63/199 [00:00<00:00, 3295.85it/s, Materializing param=encoder.layer.3.attention.self.value.weight]
5262.8s 1472 Loading weights:  32%|███▏      | 64/199 [00:00<00:00, 3332.90it/s, Materializing param=encoder.layer.3.intermediate.dense.bias]
5262.8s 1473 Loading weights:  32%|███▏      | 64/199 [00:00<00:00, 3314.55it/s, Materializing param=encoder.layer.3.intermediate.dense.bias]
5262.8s 1474 Loading weights:  33%|███▎      | 65/199 [00:00<00:00, 3347.82it/s, Materializing param=encoder.layer.3.intermediate.dense.weight]
5262.8s 1475 Loading weights:  33%|███▎      | 65/199 [00:00<00:00, 3338.92it/s, Materializing param=encoder.layer.3.intermediate.dense.weight]
5262.8s 1476 Loading weights:  33%|███▎      | 66/199 [00:00<00:00, 3374.79it/s, Materializing param=encoder.layer.3.output.LayerNorm.bias]
5262.8s 1477 Loading weights:  33%|███▎      | 66/199 [00:00<00:00, 3366.09it/s, Materializing param=encoder.layer.3.output.LayerNorm.bias]
5262.8s 1478 Loading weights:  34%|███▎      | 67/199 [00:00<00:00, 3401.67it/s, Materializing param=encoder.layer.3.output.LayerNorm.weight]
5262.8s 1479 Loading weights:  34%|███▎      | 67/199 [00:00<00:00, 3392.34it/s, Materializing param=encoder.layer.3.output.LayerNorm.weight]
5262.8s 1480 Loading weights:  34%|███▍      | 68/199 [00:00<00:00, 3427.54it/s, Materializing param=encoder.layer.3.output.dense.bias]
5262.8s 1481 Loading weights:  34%|███▍      | 68/199 [00:00<00:00, 3418.96it/s, Materializing param=encoder.layer.3.output.dense.bias]
5262.8s 1482 Loading weights:  35%|███▍      | 69/199 [00:00<00:00, 3454.24it/s, Materializing param=encoder.layer.3.output.dense.weight]
5262.8s 1483 Loading weights:  35%|███▍      | 69/199 [00:00<00:00, 3445.85it/s, Materializing param=encoder.layer.3.output.dense.weight]
5262.8s 1484 Loading weights:  35%|███▌      | 70/199 [00:00<00:00, 3480.75it/s, Materializing param=encoder.layer.4.attention.output.LayerNorm.bias]
5262.8s 1485 Loading weights:  35%|███▌      | 70/199 [00:00<00:00, 3472.06it/s, Materializing param=encoder.layer.4.attention.output.LayerNorm.bias]
5262.8s 1486 Loading weights:  36%|███▌      | 71/199 [00:00<00:00, 3496.32it/s, Materializing param=encoder.layer.4.attention.output.LayerNorm.weight]
5262.8s 1487 Loading weights:  36%|███▌      | 71/199 [00:00<00:00, 3485.84it/s, Materializing param=encoder.layer.4.attention.output.LayerNorm.weight]
5262.8s 1488 Loading weights:  36%|███▌      | 72/199 [00:00<00:00, 3518.30it/s, Materializing param=encoder.layer.4.attention.output.dense.bias]
5262.8s 1489 Loading weights:  36%|███▌      | 72/199 [00:00<00:00, 3509.55it/s, Materializing param=encoder.layer.4.attention.output.dense.bias]
5262.8s 1490 Loading weights:  37%|███▋      | 73/199 [00:00<00:00, 3542.61it/s, Materializing param=encoder.layer.4.attention.output.dense.weight]
5262.8s 1491 Loading weights:  37%|███▋      | 73/199 [00:00<00:00, 3533.90it/s, Materializing param=encoder.layer.4.attention.output.dense.weight]
5262.8s 1492 Loading weights:  37%|███▋      | 74/199 [00:00<00:00, 3565.97it/s, Materializing param=encoder.layer.4.attention.self.key.bias]
5262.8s 1493 Loading weights:  37%|███▋      | 74/199 [00:00<00:00, 3557.22it/s, Materializing param=encoder.layer.4.attention.self.key.bias]
5262.8s 1494 Loading weights:  38%|███▊      | 75/199 [00:00<00:00, 3589.66it/s, Materializing param=encoder.layer.4.attention.self.key.weight]
5262.8s 1495 Loading weights:  38%|███▊      | 75/199 [00:00<00:00, 3581.12it/s, Materializing param=encoder.layer.4.attention.self.key.weight]
5262.8s 1496 Loading weights:  38%|███▊      | 76/199 [00:00<00:00, 3613.93it/s, Materializing param=encoder.layer.4.attention.self.query.bias]
5262.8s 1497 Loading weights:  38%|███▊      | 76/199 [00:00<00:00, 3605.60it/s, Materializing param=encoder.layer.4.attention.self.query.bias]
5262.8s 1498 Loading weights:  39%|███▊      | 77/199 [00:00<00:00, 3638.06it/s, Materializing param=encoder.layer.4.attention.self.query.weight]
5262.8s 1499 Loading weights:  39%|███▊      | 77/199 [00:00<00:00, 3623.24it/s, Materializing param=encoder.layer.4.attention.self.query.weight]
5262.8s 1500 Loading weights:  39%|███▉      | 78/199 [00:00<00:00, 3648.77it/s, Materializing param=encoder.layer.4.attention.self.value.bias]
5262.8s 1501 Loading weights:  39%|███▉      | 78/199 [00:00<00:00, 3639.55it/s, Materializing param=encoder.layer.4.attention.self.value.bias]
5262.8s 1502 Loading weights:  40%|███▉      | 79/199 [00:00<00:00, 3670.29it/s, Materializing param=encoder.layer.4.attention.self.value.weight]
5262.8s 1503 Loading weights:  40%|███▉      | 79/199 [00:00<00:00, 3661.49it/s, Materializing param=encoder.layer.4.attention.self.value.weight]
5262.8s 1504 Loading weights:  40%|████      | 80/199 [00:00<00:00, 3692.21it/s, Materializing param=encoder.layer.4.intermediate.dense.bias]
5262.8s 1505 Loading weights:  40%|████      | 80/199 [00:00<00:00, 3683.45it/s, Materializing param=encoder.layer.4.intermediate.dense.bias]
5262.8s 1506 Loading weights:  41%|████      | 81/199 [00:00<00:00, 3712.99it/s, Materializing param=encoder.layer.4.intermediate.dense.weight]
5262.8s 1507 Loading weights:  41%|████      | 81/199 [00:00<00:00, 3704.37it/s, Materializing param=encoder.layer.4.intermediate.dense.weight]
5262.8s 1508 Loading weights:  41%|████      | 82/199 [00:00<00:00, 3734.67it/s, Materializing param=encoder.layer.4.output.LayerNorm.bias]
5262.8s 1509 Loading weights:  41%|████      | 82/199 [00:00<00:00, 3725.60it/s, Materializing param=encoder.layer.4.output.LayerNorm.bias]
5262.8s 1510 Loading weights:  42%|████▏     | 83/199 [00:00<00:00, 3755.26it/s, Materializing param=encoder.layer.4.output.LayerNorm.weight]
5262.8s 1511 Loading weights:  42%|████▏     | 83/199 [00:00<00:00, 3746.73it/s, Materializing param=encoder.layer.4.output.LayerNorm.weight]
5262.8s 1512 Loading weights:  42%|████▏     | 84/199 [00:00<00:00, 3774.44it/s, Materializing param=encoder.layer.4.output.dense.bias]
5262.8s 1513 Loading weights:  42%|████▏     | 84/199 [00:00<00:00, 3765.69it/s, Materializing param=encoder.layer.4.output.dense.bias]
5262.8s 1514 Loading weights:  43%|████▎     | 85/199 [00:00<00:00, 3795.43it/s, Materializing param=encoder.layer.4.output.dense.weight]
5262.8s 1515 Loading weights:  43%|████▎     | 85/199 [00:00<00:00, 3786.72it/s, Materializing param=encoder.layer.4.output.dense.weight]
5262.8s 1516 Loading weights:  43%|████▎     | 86/199 [00:00<00:00, 3816.23it/s, Materializing param=encoder.layer.5.attention.output.LayerNorm.bias]
5262.8s 1517 Loading weights:  43%|████▎     | 86/199 [00:00<00:00, 3807.33it/s, Materializing param=encoder.layer.5.attention.output.LayerNorm.bias]
5262.8s 1518 Loading weights:  44%|████▎     | 87/199 [00:00<00:00, 3835.73it/s, Materializing param=encoder.layer.5.attention.output.LayerNorm.weight]
5262.8s 1519 Loading weights:  44%|████▎     | 87/199 [00:00<00:00, 3827.20it/s, Materializing param=encoder.layer.5.attention.output.LayerNorm.weight]
5262.8s 1520 Loading weights:  44%|████▍     | 88/199 [00:00<00:00, 3854.66it/s, Materializing param=encoder.layer.5.attention.output.dense.bias]
5262.8s 1521 Loading weights:  44%|████▍     | 88/199 [00:00<00:00, 3846.02it/s, Materializing param=encoder.layer.5.attention.output.dense.bias]
5262.8s 1522 Loading weights:  45%|████▍     | 89/199 [00:00<00:00, 3874.10it/s, Materializing param=encoder.layer.5.attention.output.dense.weight]
5262.8s 1523 Loading weights:  45%|████▍     | 89/199 [00:00<00:00, 3865.16it/s, Materializing param=encoder.layer.5.attention.output.dense.weight]
5262.8s 1524 Loading weights:  45%|████▌     | 90/199 [00:00<00:00, 3892.75it/s, Materializing param=encoder.layer.5.attention.self.key.bias]
5262.8s 1525 Loading weights:  45%|████▌     | 90/199 [00:00<00:00, 3884.21it/s, Materializing param=encoder.layer.5.attention.self.key.bias]
5262.8s 1526 Loading weights:  46%|████▌     | 91/199 [00:00<00:00, 3902.24it/s, Materializing param=encoder.layer.5.attention.self.key.weight]
5262.8s 1527 Loading weights:  46%|████▌     | 91/199 [00:00<00:00, 3892.25it/s, Materializing param=encoder.layer.5.attention.self.key.weight]
5262.8s 1528 Loading weights:  46%|████▌     | 92/199 [00:00<00:00, 3919.35it/s, Materializing param=encoder.layer.5.attention.self.query.bias]
5262.8s 1529 Loading weights:  46%|████▌     | 92/199 [00:00<00:00, 3911.09it/s, Materializing param=encoder.layer.5.attention.self.query.bias]
5262.8s 1530 Loading weights:  47%|████▋     | 93/199 [00:00<00:00, 3938.79it/s, Materializing param=encoder.layer.5.attention.self.query.weight]
5262.8s 1531 Loading weights:  47%|████▋     | 93/199 [00:00<00:00, 3930.50it/s, Materializing param=encoder.layer.5.attention.self.query.weight]
5262.8s 1532 Loading weights:  47%|████▋     | 94/199 [00:00<00:00, 3955.10it/s, Materializing param=encoder.layer.5.attention.self.value.bias]
5262.8s 1533 Loading weights:  47%|████▋     | 94/199 [00:00<00:00, 3946.28it/s, Materializing param=encoder.layer.5.attention.self.value.bias]
5262.8s 1534 Loading weights:  48%|████▊     | 95/199 [00:00<00:00, 3973.26it/s, Materializing param=encoder.layer.5.attention.self.value.weight]
5262.8s 1535 Loading weights:  48%|████▊     | 95/199 [00:00<00:00, 3964.57it/s, Materializing param=encoder.layer.5.attention.self.value.weight]
5262.8s 1536 Loading weights:  48%|████▊     | 96/199 [00:00<00:00, 3991.21it/s, Materializing param=encoder.layer.5.intermediate.dense.bias]
5262.8s 1537 Loading weights:  48%|████▊     | 96/199 [00:00<00:00, 3982.88it/s, Materializing param=encoder.layer.5.intermediate.dense.bias]
5262.8s 1538 Loading weights:  49%|████▊     | 97/199 [00:00<00:00, 4009.42it/s, Materializing param=encoder.layer.5.intermediate.dense.weight]
5262.8s 1539 Loading weights:  49%|████▊     | 97/199 [00:00<00:00, 3998.78it/s, Materializing param=encoder.layer.5.intermediate.dense.weight]
5262.8s 1540 Loading weights:  49%|████▉     | 98/199 [00:00<00:00, 4024.65it/s, Materializing param=encoder.layer.5.output.LayerNorm.bias]
5262.8s 1541 Loading weights:  49%|████▉     | 98/199 [00:00<00:00, 4016.24it/s, Materializing param=encoder.layer.5.output.LayerNorm.bias]
5262.8s 1542 Loading weights:  50%|████▉     | 99/199 [00:00<00:00, 4042.21it/s, Materializing param=encoder.layer.5.output.LayerNorm.weight]
5262.8s 1543 Loading weights:  50%|████▉     | 99/199 [00:00<00:00, 4033.92it/s, Materializing param=encoder.layer.5.output.LayerNorm.weight]
5262.8s 1544 Loading weights:  50%|█████     | 100/199 [00:00<00:00, 4060.12it/s, Materializing param=encoder.layer.5.output.dense.bias]
5262.8s 1545 Loading weights:  50%|█████     | 100/199 [00:00<00:00, 4051.92it/s, Materializing param=encoder.layer.5.output.dense.bias]
5262.8s 1546 Loading weights:  51%|█████     | 101/199 [00:00<00:00, 4076.92it/s, Materializing param=encoder.layer.5.output.dense.weight]
5262.8s 1547 Loading weights:  51%|█████     | 101/199 [00:00<00:00, 4068.39it/s, Materializing param=encoder.layer.5.output.dense.weight]
5262.8s 1548 Loading weights:  51%|█████▏    | 102/199 [00:00<00:00, 4093.92it/s, Materializing param=encoder.layer.6.attention.output.LayerNorm.bias]
5262.8s 1549 Loading weights:  51%|█████▏    | 102/199 [00:00<00:00, 4085.28it/s, Materializing param=encoder.layer.6.attention.output.LayerNorm.bias]
5262.8s 1550 Loading weights:  52%|█████▏    | 103/199 [00:00<00:00, 4110.11it/s, Materializing param=encoder.layer.6.attention.output.LayerNorm.weight]
5262.8s 1551 Loading weights:  52%|█████▏    | 103/199 [00:00<00:00, 4101.33it/s, Materializing param=encoder.layer.6.attention.output.LayerNorm.weight]
5262.8s 1552 Loading weights:  52%|█████▏    | 104/199 [00:00<00:00, 4126.10it/s, Materializing param=encoder.layer.6.attention.output.dense.bias]
5262.8s 1553 Loading weights:  52%|█████▏    | 104/199 [00:00<00:00, 4109.00it/s, Materializing param=encoder.layer.6.attention.output.dense.bias]
5262.8s 1554 Loading weights:  53%|█████▎    | 105/199 [00:00<00:00, 4130.89it/s, Materializing param=encoder.layer.6.attention.output.dense.weight]
5262.8s 1555 Loading weights:  53%|█████▎    | 105/199 [00:00<00:00, 4122.30it/s, Materializing param=encoder.layer.6.attention.output.dense.weight]
5262.8s 1556 Loading weights:  53%|█████▎    | 106/199 [00:00<00:00, 4146.42it/s, Materializing param=encoder.layer.6.attention.self.key.bias]
5262.8s 1557 Loading weights:  53%|█████▎    | 106/199 [00:00<00:00, 4138.09it/s, Materializing param=encoder.layer.6.attention.self.key.bias]
5262.8s 1558 Loading weights:  54%|█████▍    | 107/199 [00:00<00:00, 4162.29it/s, Materializing param=encoder.layer.6.attention.self.key.weight]
5262.8s 1559 Loading weights:  54%|█████▍    | 107/199 [00:00<00:00, 4153.24it/s, Materializing param=encoder.layer.6.attention.self.key.weight]
5262.8s 1560 Loading weights:  54%|█████▍    | 108/199 [00:00<00:00, 4177.21it/s, Materializing param=encoder.layer.6.attention.self.query.bias]
5262.8s 1561 Loading weights:  54%|█████▍    | 108/199 [00:00<00:00, 4169.17it/s, Materializing param=encoder.layer.6.attention.self.query.bias]
5262.8s 1562 Loading weights:  55%|█████▍    | 109/199 [00:00<00:00, 4193.61it/s, Materializing param=encoder.layer.6.attention.self.query.weight]
5262.8s 1563 Loading weights:  55%|█████▍    | 109/199 [00:00<00:00, 4185.51it/s, Materializing param=encoder.layer.6.attention.self.query.weight]
5262.8s 1564 Loading weights:  55%|█████▌    | 110/199 [00:00<00:00, 4209.46it/s, Materializing param=encoder.layer.6.attention.self.value.bias]
5262.8s 1565 Loading weights:  55%|█████▌    | 110/199 [00:00<00:00, 4201.45it/s, Materializing param=encoder.layer.6.attention.self.value.bias]
5262.8s 1566 Loading weights:  56%|█████▌    | 111/199 [00:00<00:00, 4222.57it/s, Materializing param=encoder.layer.6.attention.self.value.weight]
5262.8s 1567 Loading weights:  56%|█████▌    | 111/199 [00:00<00:00, 4214.24it/s, Materializing param=encoder.layer.6.attention.self.value.weight]
5262.8s 1568 Loading weights:  56%|█████▋    | 112/199 [00:00<00:00, 4237.82it/s, Materializing param=encoder.layer.6.intermediate.dense.bias]
5262.8s 1569 Loading weights:  56%|█████▋    | 112/199 [00:00<00:00, 4229.96it/s, Materializing param=encoder.layer.6.intermediate.dense.bias]
5262.8s 1570 Loading weights:  57%|█████▋    | 113/199 [00:00<00:00, 4253.90it/s, Materializing param=encoder.layer.6.intermediate.dense.weight]
5262.8s 1571 Loading weights:  57%|█████▋    | 113/199 [00:00<00:00, 4246.01it/s, Materializing param=encoder.layer.6.intermediate.dense.weight]
5262.8s 1572 Loading weights:  57%|█████▋    | 114/199 [00:00<00:00, 4269.93it/s, Materializing param=encoder.layer.6.output.LayerNorm.bias]
5262.8s 1573 Loading weights:  57%|█████▋    | 114/199 [00:00<00:00, 4261.17it/s, Materializing param=encoder.layer.6.output.LayerNorm.bias]
5262.8s 1574 Loading weights:  58%|█████▊    | 115/199 [00:00<00:00, 4284.27it/s, Materializing param=encoder.layer.6.output.LayerNorm.weight]
5262.8s 1575 Loading weights:  58%|█████▊    | 115/199 [00:00<00:00, 4276.15it/s, Materializing param=encoder.layer.6.output.LayerNorm.weight]
5262.8s 1576 Loading weights:  58%|█████▊    | 116/199 [00:00<00:00, 4299.99it/s, Materializing param=encoder.layer.6.output.dense.bias]
5262.8s 1577 Loading weights:  58%|█████▊    | 116/199 [00:00<00:00, 4292.17it/s, Materializing param=encoder.layer.6.output.dense.bias]
5262.8s 1578 Loading weights:  59%|█████▉    | 117/199 [00:00<00:00, 4315.43it/s, Materializing param=encoder.layer.6.output.dense.weight]
5262.8s 1579 Loading weights:  59%|█████▉    | 117/199 [00:00<00:00, 4307.63it/s, Materializing param=encoder.layer.6.output.dense.weight]
5262.8s 1580 Loading weights:  59%|█████▉    | 118/199 [00:00<00:00, 4328.68it/s, Materializing param=encoder.layer.7.attention.output.LayerNorm.bias]
5262.8s 1581 Loading weights:  59%|█████▉    | 118/199 [00:00<00:00, 4320.40it/s, Materializing param=encoder.layer.7.attention.output.LayerNorm.bias]
5262.8s 1582 Loading weights:  60%|█████▉    | 119/199 [00:00<00:00, 4342.19it/s, Materializing param=encoder.layer.7.attention.output.LayerNorm.weight]
5262.8s 1583 Loading weights:  60%|█████▉    | 119/199 [00:00<00:00, 4334.16it/s, Materializing param=encoder.layer.7.attention.output.LayerNorm.weight]
5262.8s 1584 Loading weights:  60%|██████    | 120/199 [00:00<00:00, 4356.36it/s, Materializing param=encoder.layer.7.attention.output.dense.bias]
5262.8s 1585 Loading weights:  60%|██████    | 120/199 [00:00<00:00, 4348.46it/s, Materializing param=encoder.layer.7.attention.output.dense.bias]
5262.8s 1586 Loading weights:  61%|██████    | 121/199 [00:00<00:00, 4370.61it/s, Materializing param=encoder.layer.7.attention.output.dense.weight]
5262.8s 1587 Loading weights:  61%|██████    | 121/199 [00:00<00:00, 4362.68it/s, Materializing param=encoder.layer.7.attention.output.dense.weight]
5262.8s 1588 Loading weights:  61%|██████▏   | 122/199 [00:00<00:00, 4383.74it/s, Materializing param=encoder.layer.7.attention.self.key.bias]
5262.8s 1589 Loading weights:  61%|██████▏   | 122/199 [00:00<00:00, 4375.87it/s, Materializing param=encoder.layer.7.attention.self.key.bias]
5262.8s 1590 Loading weights:  62%|██████▏   | 123/199 [00:00<00:00, 4398.04it/s, Materializing param=encoder.layer.7.attention.self.key.weight]
5262.8s 1591 Loading weights:  62%|██████▏   | 123/199 [00:00<00:00, 4390.33it/s, Materializing param=encoder.layer.7.attention.self.key.weight]
5262.8s 1592 Loading weights:  62%|██████▏   | 124/199 [00:00<00:00, 4412.47it/s, Materializing param=encoder.layer.7.attention.self.query.bias]
5262.8s 1593 Loading weights:  62%|██████▏   | 124/199 [00:00<00:00, 4404.77it/s, Materializing param=encoder.layer.7.attention.self.query.bias]
5262.8s 1594 Loading weights:  63%|██████▎   | 125/199 [00:00<00:00, 4424.56it/s, Materializing param=encoder.layer.7.attention.self.query.weight]
5262.8s 1595 Loading weights:  63%|██████▎   | 125/199 [00:00<00:00, 4416.51it/s, Materializing param=encoder.layer.7.attention.self.query.weight]
5262.8s 1596 Loading weights:  63%|██████▎   | 126/199 [00:00<00:00, 4435.10it/s, Materializing param=encoder.layer.7.attention.self.value.bias]
5262.8s 1597 Loading weights:  63%|██████▎   | 126/199 [00:00<00:00, 4426.56it/s, Materializing param=encoder.layer.7.attention.self.value.bias]
5262.8s 1598 Loading weights:  64%|██████▍   | 127/199 [00:00<00:00, 4447.16it/s, Materializing param=encoder.layer.7.attention.self.value.weight]
5262.8s 1599 Loading weights:  64%|██████▍   | 127/199 [00:00<00:00, 4438.82it/s, Materializing param=encoder.layer.7.attention.self.value.weight]
5262.8s 1600 Loading weights:  64%|██████▍   | 128/199 [00:00<00:00, 4459.25it/s, Materializing param=encoder.layer.7.intermediate.dense.bias]
5262.8s 1601 Loading weights:  64%|██████▍   | 128/199 [00:00<00:00, 4450.26it/s, Materializing param=encoder.layer.7.intermediate.dense.bias]
5262.8s 1602 Loading weights:  65%|██████▍   | 129/199 [00:00<00:00, 4469.29it/s, Materializing param=encoder.layer.7.intermediate.dense.weight]
5262.8s 1603 Loading weights:  65%|██████▍   | 129/199 [00:00<00:00, 4461.66it/s, Materializing param=encoder.layer.7.intermediate.dense.weight]
5262.8s 1604 Loading weights:  65%|██████▌   | 130/199 [00:00<00:00, 4483.08it/s, Materializing param=encoder.layer.7.output.LayerNorm.bias]
5262.8s 1605 Loading weights:  65%|██████▌   | 130/199 [00:00<00:00, 4475.39it/s, Materializing param=encoder.layer.7.output.LayerNorm.bias]
5262.8s 1606 Loading weights:  66%|██████▌   | 131/199 [00:00<00:00, 4496.53it/s, Materializing param=encoder.layer.7.output.LayerNorm.weight]
5262.8s 1607 Loading weights:  66%|██████▌   | 131/199 [00:00<00:00, 4488.93it/s, Materializing param=encoder.layer.7.output.LayerNorm.weight]
5262.8s 1608 Loading weights:  66%|██████▋   | 132/199 [00:00<00:00, 4507.58it/s, Materializing param=encoder.layer.7.output.dense.bias]
5262.8s 1609 Loading weights:  66%|██████▋   | 132/199 [00:00<00:00, 4499.81it/s, Materializing param=encoder.layer.7.output.dense.bias]
5262.8s 1610 Loading weights:  67%|██████▋   | 133/199 [00:00<00:00, 4520.86it/s, Materializing param=encoder.layer.7.output.dense.weight]
5262.8s 1611 Loading weights:  67%|██████▋   | 133/199 [00:00<00:00, 4513.18it/s, Materializing param=encoder.layer.7.output.dense.weight]
5262.8s 1612 Loading weights:  67%|██████▋   | 134/199 [00:00<00:00, 4533.69it/s, Materializing param=encoder.layer.8.attention.output.LayerNorm.bias]
5262.8s 1613 Loading weights:  67%|██████▋   | 134/199 [00:00<00:00, 4525.88it/s, Materializing param=encoder.layer.8.attention.output.LayerNorm.bias]
5262.8s 1614 Loading weights:  68%|██████▊   | 135/199 [00:00<00:00, 4545.89it/s, Materializing param=encoder.layer.8.attention.output.LayerNorm.weight]
5262.8s 1615 Loading weights:  68%|██████▊   | 135/199 [00:00<00:00, 4537.29it/s, Materializing param=encoder.layer.8.attention.output.LayerNorm.weight]
5262.8s 1616 Loading weights:  68%|██████▊   | 136/199 [00:00<00:00, 4556.70it/s, Materializing param=encoder.layer.8.attention.output.dense.bias]
5262.8s 1617 Loading weights:  68%|██████▊   | 136/199 [00:00<00:00, 4545.91it/s, Materializing param=encoder.layer.8.attention.output.dense.bias]
5262.8s 1618 Loading weights:  69%|██████▉   | 137/199 [00:00<00:00, 4563.52it/s, Materializing param=encoder.layer.8.attention.output.dense.weight]
5262.8s 1619 Loading weights:  69%|██████▉   | 137/199 [00:00<00:00, 4555.95it/s, Materializing param=encoder.layer.8.attention.output.dense.weight]
5262.8s 1620 Loading weights:  69%|██████▉   | 138/199 [00:00<00:00, 4575.75it/s, Materializing param=encoder.layer.8.attention.self.key.bias]
5262.8s 1621 Loading weights:  69%|██████▉   | 138/199 [00:00<00:00, 4568.02it/s, Materializing param=encoder.layer.8.attention.self.key.bias]
5262.8s 1622 Loading weights:  70%|██████▉   | 139/199 [00:00<00:00, 4585.31it/s, Materializing param=encoder.layer.8.attention.self.key.weight]
5262.8s 1623 Loading weights:  70%|██████▉   | 139/199 [00:00<00:00, 4577.64it/s, Materializing param=encoder.layer.8.attention.self.key.weight]
5262.8s 1624 Loading weights:  70%|███████   | 140/199 [00:00<00:00, 4597.11it/s, Materializing param=encoder.layer.8.attention.self.query.bias]
5262.8s 1625 Loading weights:  70%|███████   | 140/199 [00:00<00:00, 4589.64it/s, Materializing param=encoder.layer.8.attention.self.query.bias]
5262.8s 1626 Loading weights:  71%|███████   | 141/199 [00:00<00:00, 4609.27it/s, Materializing param=encoder.layer.8.attention.self.query.weight]
5262.8s 1627 Loading weights:  71%|███████   | 141/199 [00:00<00:00, 4601.74it/s, Materializing param=encoder.layer.8.attention.self.query.weight]
5262.8s 1628 Loading weights:  71%|███████▏  | 142/199 [00:00<00:00, 4621.28it/s, Materializing param=encoder.layer.8.attention.self.value.bias]
5262.8s 1629 Loading weights:  71%|███████▏  | 142/199 [00:00<00:00, 4612.84it/s, Materializing param=encoder.layer.8.attention.self.value.bias]
5262.8s 1630 Loading weights:  72%|███████▏  | 143/199 [00:00<00:00, 4632.08it/s, Materializing param=encoder.layer.8.attention.self.value.weight]
5262.8s 1631 Loading weights:  72%|███████▏  | 143/199 [00:00<00:00, 4624.62it/s, Materializing param=encoder.layer.8.attention.self.value.weight]
5262.8s 1632 Loading weights:  72%|███████▏  | 144/199 [00:00<00:00, 4643.96it/s, Materializing param=encoder.layer.8.intermediate.dense.bias]
5262.8s 1633 Loading weights:  72%|███████▏  | 144/199 [00:00<00:00, 4636.65it/s, Materializing param=encoder.layer.8.intermediate.dense.bias]
5262.8s 1634 Loading weights:  73%|███████▎  | 145/199 [00:00<00:00, 4656.06it/s, Materializing param=encoder.layer.8.intermediate.dense.weight]
5262.8s 1635 Loading weights:  73%|███████▎  | 145/199 [00:00<00:00, 4648.58it/s, Materializing param=encoder.layer.8.intermediate.dense.weight]
5262.8s 1636 Loading weights:  73%|███████▎  | 146/199 [00:00<00:00, 4656.33it/s, Materializing param=encoder.layer.8.output.LayerNorm.bias]
5262.8s 1637 Loading weights:  73%|███████▎  | 146/199 [00:00<00:00, 4647.82it/s, Materializing param=encoder.layer.8.output.LayerNorm.bias]
5262.8s 1638 Loading weights:  74%|███████▍  | 147/199 [00:00<00:00, 4666.19it/s, Materializing param=encoder.layer.8.output.LayerNorm.weight]
5262.8s 1639 Loading weights:  74%|███████▍  | 147/199 [00:00<00:00, 4658.86it/s, Materializing param=encoder.layer.8.output.LayerNorm.weight]
5262.8s 1640 Loading weights:  74%|███████▍  | 148/199 [00:00<00:00, 4677.47it/s, Materializing param=encoder.layer.8.output.dense.bias]
5262.8s 1641 Loading weights:  74%|███████▍  | 148/199 [00:00<00:00, 4670.15it/s, Materializing param=encoder.layer.8.output.dense.bias]
5262.8s 1642 Loading weights:  75%|███████▍  | 149/199 [00:00<00:00, 4687.92it/s, Materializing param=encoder.layer.8.output.dense.weight]
5262.8s 1643 Loading weights:  75%|███████▍  | 149/199 [00:00<00:00, 4680.58it/s, Materializing param=encoder.layer.8.output.dense.weight]
5262.8s 1644 Loading weights:  75%|███████▌  | 150/199 [00:00<00:00, 4699.36it/s, Materializing param=encoder.layer.9.attention.output.LayerNorm.bias]
5262.8s 1645 Loading weights:  75%|███████▌  | 150/199 [00:00<00:00, 4691.93it/s, Materializing param=encoder.layer.9.attention.output.LayerNorm.bias]
5262.8s 1646 Loading weights:  76%|███████▌  | 151/199 [00:00<00:00, 4710.18it/s, Materializing param=encoder.layer.9.attention.output.LayerNorm.weight]
5262.8s 1647 Loading weights:  76%|███████▌  | 151/199 [00:00<00:00, 4702.80it/s, Materializing param=encoder.layer.9.attention.output.LayerNorm.weight]
5262.8s 1648 Loading weights:  76%|███████▋  | 152/199 [00:00<00:00, 4720.73it/s, Materializing param=encoder.layer.9.attention.output.dense.bias]
5262.8s 1649 Loading weights:  76%|███████▋  | 152/199 [00:00<00:00, 4711.34it/s, Materializing param=encoder.layer.9.attention.output.dense.bias]
5262.8s 1650 Loading weights:  77%|███████▋  | 153/199 [00:00<00:00, 4728.71it/s, Materializing param=encoder.layer.9.attention.output.dense.weight]
5262.8s 1651 Loading weights:  77%|███████▋  | 153/199 [00:00<00:00, 4721.40it/s, Materializing param=encoder.layer.9.attention.output.dense.weight]
5262.8s 1652 Loading weights:  77%|███████▋  | 154/199 [00:00<00:00, 4739.40it/s, Materializing param=encoder.layer.9.attention.self.key.bias]
5262.8s 1653 Loading weights:  77%|███████▋  | 154/199 [00:00<00:00, 4732.10it/s, Materializing param=encoder.layer.9.attention.self.key.bias]
5262.8s 1654 Loading weights:  78%|███████▊  | 155/199 [00:00<00:00, 4749.85it/s, Materializing param=encoder.layer.9.attention.self.key.weight]
5262.8s 1655 Loading weights:  78%|███████▊  | 155/199 [00:00<00:00, 4742.54it/s, Materializing param=encoder.layer.9.attention.self.key.weight]
5262.8s 1656 Loading weights:  78%|███████▊  | 156/199 [00:00<00:00, 4759.42it/s, Materializing param=encoder.layer.9.attention.self.query.bias]
5262.8s 1657 Loading weights:  78%|███████▊  | 156/199 [00:00<00:00, 4751.99it/s, Materializing param=encoder.layer.9.attention.self.query.bias]
5262.8s 1658 Loading weights:  79%|███████▉  | 157/199 [00:00<00:00, 4769.57it/s, Materializing param=encoder.layer.9.attention.self.query.weight]
5262.8s 1659 Loading weights:  79%|███████▉  | 157/199 [00:00<00:00, 4762.39it/s, Materializing param=encoder.layer.9.attention.self.query.weight]
5262.8s 1660 Loading weights:  79%|███████▉  | 158/199 [00:00<00:00, 4779.97it/s, Materializing param=encoder.layer.9.attention.self.value.bias]
5262.8s 1661 Loading weights:  79%|███████▉  | 158/199 [00:00<00:00, 4772.71it/s, Materializing param=encoder.layer.9.attention.self.value.bias]
5262.8s 1662 Loading weights:  80%|███████▉  | 159/199 [00:00<00:00, 4790.12it/s, Materializing param=encoder.layer.9.attention.self.value.weight]
5262.8s 1663 Loading weights:  80%|███████▉  | 159/199 [00:00<00:00, 4774.38it/s, Materializing param=encoder.layer.9.attention.self.value.weight]
5262.8s 1664 Loading weights:  80%|████████  | 160/199 [00:00<00:00, 4788.39it/s, Materializing param=encoder.layer.9.intermediate.dense.bias]
5262.8s 1665 Loading weights:  80%|████████  | 160/199 [00:00<00:00, 4780.96it/s, Materializing param=encoder.layer.9.intermediate.dense.bias]
5262.8s 1666 Loading weights:  81%|████████  | 161/199 [00:00<00:00, 4797.88it/s, Materializing param=encoder.layer.9.intermediate.dense.weight]
5262.8s 1667 Loading weights:  81%|████████  | 161/199 [00:00<00:00, 4790.84it/s, Materializing param=encoder.layer.9.intermediate.dense.weight]
5262.8s 1668 Loading weights:  81%|████████▏ | 162/199 [00:00<00:00, 4803.79it/s, Materializing param=encoder.layer.9.output.LayerNorm.bias]
5262.8s 1669 Loading weights:  81%|████████▏ | 162/199 [00:00<00:00, 4794.47it/s, Materializing param=encoder.layer.9.output.LayerNorm.bias]
5262.8s 1670 Loading weights:  82%|████████▏ | 163/199 [00:00<00:00, 4809.00it/s, Materializing param=encoder.layer.9.output.LayerNorm.weight]
5262.8s 1671 Loading weights:  82%|████████▏ | 163/199 [00:00<00:00, 4800.73it/s, Materializing param=encoder.layer.9.output.LayerNorm.weight]
5262.8s 1672 Loading weights:  82%|████████▏ | 164/199 [00:00<00:00, 4815.54it/s, Materializing param=encoder.layer.9.output.dense.bias]
5262.8s 1673 Loading weights:  82%|████████▏ | 164/199 [00:00<00:00, 4807.29it/s, Materializing param=encoder.layer.9.output.dense.bias]
5262.8s 1674 Loading weights:  83%|████████▎ | 165/199 [00:00<00:00, 4820.17it/s, Materializing param=encoder.layer.9.output.dense.weight]
5262.8s 1675 Loading weights:  83%|████████▎ | 165/199 [00:00<00:00, 4811.69it/s, Materializing param=encoder.layer.9.output.dense.weight]
5262.8s 1676 Loading weights:  83%|████████▎ | 166/199 [00:00<00:00, 4826.15it/s, Materializing param=encoder.layer.10.attention.output.LayerNorm.bias]
5262.8s 1677 Loading weights:  83%|████████▎ | 166/199 [00:00<00:00, 4817.47it/s, Materializing param=encoder.layer.10.attention.output.LayerNorm.bias]
5262.8s 1678 Loading weights:  84%|████████▍ | 167/199 [00:00<00:00, 4831.48it/s, Materializing param=encoder.layer.10.attention.output.LayerNorm.weight]
5262.8s 1679 Loading weights:  84%|████████▍ | 167/199 [00:00<00:00, 4823.06it/s, Materializing param=encoder.layer.10.attention.output.LayerNorm.weight]
5262.8s 1680 Loading weights:  84%|████████▍ | 168/199 [00:00<00:00, 4837.22it/s, Materializing param=encoder.layer.10.attention.output.dense.bias]
5262.8s 1681 Loading weights:  84%|████████▍ | 168/199 [00:00<00:00, 4827.94it/s, Materializing param=encoder.layer.10.attention.output.dense.bias]
5262.8s 1682 Loading weights:  85%|████████▍ | 169/199 [00:00<00:00, 4839.34it/s, Materializing param=encoder.layer.10.attention.output.dense.weight]
5262.8s 1683 Loading weights:  85%|████████▍ | 169/199 [00:00<00:00, 4832.38it/s, Materializing param=encoder.layer.10.attention.output.dense.weight]
5262.8s 1684 Loading weights:  85%|████████▌ | 170/199 [00:00<00:00, 4848.58it/s, Materializing param=encoder.layer.10.attention.self.key.bias]
5262.8s 1685 Loading weights:  85%|████████▌ | 170/199 [00:00<00:00, 4841.56it/s, Materializing param=encoder.layer.10.attention.self.key.bias]
5262.8s 1686 Loading weights:  86%|████████▌ | 171/199 [00:00<00:00, 4857.74it/s, Materializing param=encoder.layer.10.attention.self.key.weight]
5262.8s 1687 Loading weights:  86%|████████▌ | 171/199 [00:00<00:00, 4849.17it/s, Materializing param=encoder.layer.10.attention.self.key.weight]
5262.8s 1688 Loading weights:  86%|████████▋ | 172/199 [00:00<00:00, 4864.70it/s, Materializing param=encoder.layer.10.attention.self.query.bias]
5262.8s 1689 Loading weights:  86%|████████▋ | 172/199 [00:00<00:00, 4857.85it/s, Materializing param=encoder.layer.10.attention.self.query.bias]
5262.8s 1690 Loading weights:  87%|████████▋ | 173/199 [00:00<00:00, 4873.82it/s, Materializing param=encoder.layer.10.attention.self.query.weight]
5262.8s 1691 Loading weights:  87%|████████▋ | 173/199 [00:00<00:00, 4866.83it/s, Materializing param=encoder.layer.10.attention.self.query.weight]
5262.8s 1692 Loading weights:  87%|████████▋ | 174/199 [00:00<00:00, 4882.97it/s, Materializing param=encoder.layer.10.attention.self.value.bias]
5262.8s 1693 Loading weights:  87%|████████▋ | 174/199 [00:00<00:00, 4876.12it/s, Materializing param=encoder.layer.10.attention.self.value.bias]
5262.8s 1694 Loading weights:  88%|████████▊ | 175/199 [00:00<00:00, 4891.30it/s, Materializing param=encoder.layer.10.attention.self.value.weight]
5262.8s 1695 Loading weights:  88%|████████▊ | 175/199 [00:00<00:00, 4884.24it/s, Materializing param=encoder.layer.10.attention.self.value.weight]
5262.8s 1696 Loading weights:  88%|████████▊ | 176/199 [00:00<00:00, 4899.95it/s, Materializing param=encoder.layer.10.intermediate.dense.bias]
5262.8s 1697 Loading weights:  88%|████████▊ | 176/199 [00:00<00:00, 4893.16it/s, Materializing param=encoder.layer.10.intermediate.dense.bias]
5262.8s 1698 Loading weights:  89%|████████▉ | 177/199 [00:00<00:00, 4909.22it/s, Materializing param=encoder.layer.10.intermediate.dense.weight]
5262.8s 1699 Loading weights:  89%|████████▉ | 177/199 [00:00<00:00, 4902.48it/s, Materializing param=encoder.layer.10.intermediate.dense.weight]
5262.8s 1700 Loading weights:  89%|████████▉ | 178/199 [00:00<00:00, 4918.48it/s, Materializing param=encoder.layer.10.output.LayerNorm.bias]
5262.8s 1701 Loading weights:  89%|████████▉ | 178/199 [00:00<00:00, 4910.07it/s, Materializing param=encoder.layer.10.output.LayerNorm.bias]
5262.8s 1702 Loading weights:  90%|████████▉ | 179/199 [00:00<00:00, 4924.86it/s, Materializing param=encoder.layer.10.output.LayerNorm.weight]
5262.8s 1703 Loading weights:  90%|████████▉ | 179/199 [00:00<00:00, 4917.96it/s, Materializing param=encoder.layer.10.output.LayerNorm.weight]
5262.8s 1704 Loading weights:  90%|█████████ | 180/199 [00:00<00:00, 4933.48it/s, Materializing param=encoder.layer.10.output.dense.bias]
5262.8s 1705 Loading weights:  90%|█████████ | 180/199 [00:00<00:00, 4926.68it/s, Materializing param=encoder.layer.10.output.dense.bias]
5262.8s 1706 Loading weights:  91%|█████████ | 181/199 [00:00<00:00, 4942.09it/s, Materializing param=encoder.layer.10.output.dense.weight]
5262.8s 1707 Loading weights:  91%|█████████ | 181/199 [00:00<00:00, 4935.47it/s, Materializing param=encoder.layer.10.output.dense.weight]
5262.8s 1708 Loading weights:  91%|█████████▏| 182/199 [00:00<00:00, 4950.12it/s, Materializing param=encoder.layer.11.attention.output.LayerNorm.bias]
5262.8s 1709 Loading weights:  91%|█████████▏| 182/199 [00:00<00:00, 4943.01it/s, Materializing param=encoder.layer.11.attention.output.LayerNorm.bias]
5262.8s 1710 Loading weights:  92%|█████████▏| 183/199 [00:00<00:00, 4957.74it/s, Materializing param=encoder.layer.11.attention.output.LayerNorm.weight]
5262.8s 1711 Loading weights:  92%|█████████▏| 183/199 [00:00<00:00, 4950.83it/s, Materializing param=encoder.layer.11.attention.output.LayerNorm.weight]
5262.8s 1712 Loading weights:  92%|█████████▏| 184/199 [00:00<00:00, 4964.98it/s, Materializing param=encoder.layer.11.attention.output.dense.bias]
5262.8s 1713 Loading weights:  92%|█████████▏| 184/199 [00:00<00:00, 4957.97it/s, Materializing param=encoder.layer.11.attention.output.dense.bias]
5262.8s 1714 Loading weights:  93%|█████████▎| 185/199 [00:00<00:00, 4972.42it/s, Materializing param=encoder.layer.11.attention.output.dense.weight]
5262.8s 1715 Loading weights:  93%|█████████▎| 185/199 [00:00<00:00, 4963.71it/s, Materializing param=encoder.layer.11.attention.output.dense.weight]
5262.8s 1716 Loading weights:  93%|█████████▎| 186/199 [00:00<00:00, 4977.96it/s, Materializing param=encoder.layer.11.attention.self.key.bias]
5262.8s 1717 Loading weights:  93%|█████████▎| 186/199 [00:00<00:00, 4971.17it/s, Materializing param=encoder.layer.11.attention.self.key.bias]
5262.8s 1718 Loading weights:  94%|█████████▍| 187/199 [00:00<00:00, 4986.01it/s, Materializing param=encoder.layer.11.attention.self.key.weight]
5262.8s 1719 Loading weights:  94%|█████████▍| 187/199 [00:00<00:00, 4979.37it/s, Materializing param=encoder.layer.11.attention.self.key.weight]
5262.8s 1720 Loading weights:  94%|█████████▍| 188/199 [00:00<00:00, 4994.10it/s, Materializing param=encoder.layer.11.attention.self.query.bias]
5262.8s 1721 Loading weights:  94%|█████████▍| 188/199 [00:00<00:00, 4987.60it/s, Materializing param=encoder.layer.11.attention.self.query.bias]
5262.8s 1722 Loading weights:  95%|█████████▍| 189/199 [00:00<00:00, 5001.66it/s, Materializing param=encoder.layer.11.attention.self.query.weight]
5262.8s 1723 Loading weights:  95%|█████████▍| 189/199 [00:00<00:00, 4994.98it/s, Materializing param=encoder.layer.11.attention.self.query.weight]
5262.8s 1724 Loading weights:  95%|█████████▌| 190/199 [00:00<00:00, 5009.70it/s, Materializing param=encoder.layer.11.attention.self.value.bias]
5262.8s 1725 Loading weights:  95%|█████████▌| 190/199 [00:00<00:00, 5003.09it/s, Materializing param=encoder.layer.11.attention.self.value.bias]
5262.8s 1726 Loading weights:  96%|█████████▌| 191/199 [00:00<00:00, 5017.80it/s, Materializing param=encoder.layer.11.attention.self.value.weight]
5262.8s 1727 Loading weights:  96%|█████████▌| 191/199 [00:00<00:00, 5011.24it/s, Materializing param=encoder.layer.11.attention.self.value.weight]
5262.8s 1728 Loading weights:  96%|█████████▋| 192/199 [00:00<00:00, 5026.07it/s, Materializing param=encoder.layer.11.intermediate.dense.bias]
5262.8s 1729 Loading weights:  96%|█████████▋| 192/199 [00:00<00:00, 5017.95it/s, Materializing param=encoder.layer.11.intermediate.dense.bias]
5262.8s 1730 Loading weights:  97%|█████████▋| 193/199 [00:00<00:00, 5032.14it/s, Materializing param=encoder.layer.11.intermediate.dense.weight]
5262.8s 1731 Loading weights:  97%|█████████▋| 193/199 [00:00<00:00, 5025.58it/s, Materializing param=encoder.layer.11.intermediate.dense.weight]
5262.8s 1732 Loading weights:  97%|█████████▋| 194/199 [00:00<00:00, 5040.29it/s, Materializing param=encoder.layer.11.output.LayerNorm.bias]
5262.8s 1733 Loading weights:  97%|█████████▋| 194/199 [00:00<00:00, 5033.78it/s, Materializing param=encoder.layer.11.output.LayerNorm.bias]
5262.8s 1734 Loading weights:  98%|█████████▊| 195/199 [00:00<00:00, 5048.23it/s, Materializing param=encoder.layer.11.output.LayerNorm.weight]
5262.8s 1735 Loading weights:  98%|█████████▊| 195/199 [00:00<00:00, 5041.54it/s, Materializing param=encoder.layer.11.output.LayerNorm.weight]
5262.8s 1736 Loading weights:  98%|█████████▊| 196/199 [00:00<00:00, 5055.09it/s, Materializing param=encoder.layer.11.output.dense.bias]
5262.8s 1737 Loading weights:  98%|█████████▊| 196/199 [00:00<00:00, 5048.44it/s, Materializing param=encoder.layer.11.output.dense.bias]
5262.8s 1738 Loading weights:  99%|█████████▉| 197/199 [00:00<00:00, 5062.67it/s, Materializing param=encoder.layer.11.output.dense.weight]
5262.8s 1739 Loading weights:  99%|█████████▉| 197/199 [00:00<00:00, 5056.29it/s, Materializing param=encoder.layer.11.output.dense.weight]
5262.8s 1740 Loading weights:  99%|█████████▉| 198/199 [00:00<00:00, 5070.81it/s, Materializing param=pooler.dense.bias]
5262.8s 1741 Loading weights:  99%|█████████▉| 198/199 [00:00<00:00, 5064.47it/s, Materializing param=pooler.dense.bias]
5262.8s 1742 Loading weights: 100%|██████████| 199/199 [00:00<00:00, 5079.55it/s, Materializing param=pooler.dense.weight]
5262.8s 1743 Loading weights: 100%|██████████| 199/199 [00:00<00:00, 5072.20it/s, Materializing param=pooler.dense.weight]
5262.8s 1744 Loading weights: 100%|██████████| 199/199 [00:00<00:00, 5058.80it/s, Materializing param=pooler.dense.weight]
5262.8s 1745 BertModel LOAD REPORT from: google/muril-base-cased
5262.8s 1746 Key                                        | Status     |  |
5262.8s 1747 -------------------------------------------+------------+--+-
5262.8s 1748 cls.predictions.decoder.bias               | UNEXPECTED |  |
5262.8s 1749 cls.predictions.transform.LayerNorm.weight | UNEXPECTED |  |
5262.8s 1750 cls.predictions.transform.LayerNorm.bias   | UNEXPECTED |  |
5262.8s 1751 cls.predictions.bias                       | UNEXPECTED |  |
5262.8s 1752 cls.predictions.transform.dense.weight     | UNEXPECTED |  |
5262.8s 1753 cls.seq_relationship.bias                  | UNEXPECTED |  |
5262.8s 1754 cls.predictions.transform.dense.bias       | UNEXPECTED |  |
5262.8s 1755 cls.seq_relationship.weight                | UNEXPECTED |  |
5262.8s 1756 cls.predictions.decoder.weight             | UNEXPECTED |  |
5262.8s 1757 bert.embeddings.position_ids               | UNEXPECTED |  |
5262.8s 1758 
5262.8s 1759 Notes:
5262.8s 1760 - UNEXPECTED	:can be ignored when loading from different task/architecture; not ok if you expect identical arch.
5407.5s 1761 [s42f4] ep1 160/320 loss 0.6749 val 0.6973 * (0.90s/step)
5549.4s 1762 [s42f4] ep1 320/320 loss 0.6355 val 0.7430 * (0.89s/step)
5549.4s 1763 [s42f4] ep1 done 4.8min  best 0.7430
5692.4s 1764 [s42f4] ep2 160/320 loss 0.4362 val 0.7531 * (0.89s/step)
5837.1s 1765 [s42f4] ep2 320/320 loss 0.5523 val 0.7624 * (0.90s/step)
5837.1s 1766 [s42f4] ep2 done 4.8min  best 0.7624
5981.4s 1767 [s42f4] ep3 160/320 loss 0.4723 val 0.7690 * (0.90s/step)
6123.5s 1768 [s42f4] ep3 320/320 loss 0.5023 val 0.7783 * (0.90s/step)
6123.5s 1769 [s42f4] ep3 done 4.8min  best 0.7783
6265.2s 1770 [s42f4] ep4 160/320 loss 0.3612 val 0.7876 * (0.89s/step)
6414.4s 1771 [s42f4] ep4 320/320 loss 0.4208 val 0.7885 * (0.91s/step)
6414.4s 1772 [s42f4] ep4 done 4.8min  best 0.7885
6558.5s 1773 [s42f4] ep5 160/320 loss 0.4940 val 0.7924 * (0.90s/step)
6703.5s 1774 [s42f4] ep5 320/320 loss 0.3737 val 0.7956 * (0.90s/step)
6703.5s 1775 [s42f4] ep5 done 4.8min  best 0.7956
6847.9s 1776 [s42f4] ep6 160/320 loss 0.5781 val 0.7995 * (0.90s/step)
6993.3s 1777 [s42f4] ep6 320/320 loss 0.2924 val 0.7971 (0.91s/step)
6993.3s 1778 [s42f4] ep6 done 4.8min  best 0.7995
6993.3s 1779 [s42f4] best 0.7995  last 0.7971  (selected: best)
6993.3s 1780 ===== seed 42 fold 5/5 =====
6994.7s 1781 
6994.7s 1782 Loading weights:   0%|          | 0/199 [00:00<?, ?it/s]
6994.7s 1783 Loading weights:   1%|          | 1/199 [00:00<00:00, 14463.12it/s, Materializing param=embeddings.LayerNorm.bias]
6994.7s 1784 Loading weights:   1%|          | 1/199 [00:00<00:00, 1711.26it/s, Materializing param=embeddings.LayerNorm.bias]
6994.7s 1785 Loading weights:   1%|          | 2/199 [00:00<00:00, 2516.83it/s, Materializing param=embeddings.LayerNorm.weight]
6994.7s 1786 Loading weights:   1%|          | 2/199 [00:00<00:00, 2283.24it/s, Materializing param=embeddings.LayerNorm.weight]
6994.7s 1787 Loading weights:   2%|▏         | 3/199 [00:00<00:00, 2764.87it/s, Materializing param=embeddings.position_embeddings.weight]
6994.7s 1788 Loading weights:   2%|▏         | 3/199 [00:00<00:00, 2549.21it/s, Materializing param=embeddings.position_embeddings.weight]
6994.7s 1789 Loading weights:   2%|▏         | 4/199 [00:00<00:00, 2456.76it/s, Materializing param=embeddings.token_type_embeddings.weight]
6994.7s 1790 Loading weights:   2%|▏         | 4/199 [00:00<00:00, 2327.58it/s, Materializing param=embeddings.token_type_embeddings.weight]
6994.7s 1791 Loading weights:   3%|▎         | 5/199 [00:00<00:00, 2633.95it/s, Materializing param=embeddings.word_embeddings.weight]
6994.7s 1792 Loading weights:   3%|▎         | 5/199 [00:00<00:00, 2491.86it/s, Materializing param=embeddings.word_embeddings.weight]
6994.7s 1793 Loading weights:   3%|▎         | 6/199 [00:00<00:00, 2665.31it/s, Materializing param=encoder.layer.0.attention.output.LayerNorm.bias]
6994.7s 1794 Loading weights:   3%|▎         | 6/199 [00:00<00:00, 2355.69it/s, Materializing param=encoder.layer.0.attention.output.LayerNorm.bias]
6994.7s 1795 Loading weights:   4%|▎         | 7/199 [00:00<00:00, 2501.72it/s, Materializing param=encoder.layer.0.attention.output.LayerNorm.weight]
6994.7s 1796 Loading weights:   4%|▎         | 7/199 [00:00<00:00, 2428.46it/s, Materializing param=encoder.layer.0.attention.output.LayerNorm.weight]
6994.7s 1797 Loading weights:   4%|▍         | 8/199 [00:00<00:00, 2416.07it/s, Materializing param=encoder.layer.0.attention.output.dense.bias]
6994.7s 1798 Loading weights:   4%|▍         | 8/199 [00:00<00:00, 2348.76it/s, Materializing param=encoder.layer.0.attention.output.dense.bias]
6994.7s 1799 Loading weights:   5%|▍         | 9/199 [00:00<00:00, 2303.72it/s, Materializing param=encoder.layer.0.attention.output.dense.weight]
6994.7s 1800 Loading weights:   5%|▍         | 9/199 [00:00<00:00, 2240.02it/s, Materializing param=encoder.layer.0.attention.output.dense.weight]
6994.7s 1801 Loading weights:   5%|▌         | 10/199 [00:00<00:00, 2324.49it/s, Materializing param=encoder.layer.0.attention.self.key.bias]
6994.7s 1802 Loading weights:   5%|▌         | 10/199 [00:00<00:00, 2280.75it/s, Materializing param=encoder.layer.0.attention.self.key.bias]
6994.7s 1803 Loading weights:   6%|▌         | 11/199 [00:00<00:00, 2166.78it/s, Materializing param=encoder.layer.0.attention.self.key.weight]
6994.7s 1804 Loading weights:   6%|▌         | 11/199 [00:00<00:00, 2120.28it/s, Materializing param=encoder.layer.0.attention.self.key.weight]
6994.7s 1805 Loading weights:   6%|▌         | 12/199 [00:00<00:00, 1900.67it/s, Materializing param=encoder.layer.0.attention.self.query.bias]
6994.7s 1806 Loading weights:   6%|▌         | 12/199 [00:00<00:00, 1823.81it/s, Materializing param=encoder.layer.0.attention.self.query.bias]
6994.7s 1807 Loading weights:   7%|▋         | 13/199 [00:00<00:00, 1896.95it/s, Materializing param=encoder.layer.0.attention.self.query.weight]
6994.7s 1808 Loading weights:   7%|▋         | 13/199 [00:00<00:00, 1866.69it/s, Materializing param=encoder.layer.0.attention.self.query.weight]
6994.7s 1809 Loading weights:   7%|▋         | 14/199 [00:00<00:00, 1942.39it/s, Materializing param=encoder.layer.0.attention.self.value.bias]
6994.7s 1810 Loading weights:   7%|▋         | 14/199 [00:00<00:00, 1920.47it/s, Materializing param=encoder.layer.0.attention.self.value.bias]
6994.7s 1811 Loading weights:   8%|▊         | 15/199 [00:00<00:00, 2000.72it/s, Materializing param=encoder.layer.0.attention.self.value.weight]
6994.7s 1812 Loading weights:   8%|▊         | 15/199 [00:00<00:00, 1970.51it/s, Materializing param=encoder.layer.0.attention.self.value.weight]
6994.7s 1813 Loading weights:   8%|▊         | 16/199 [00:00<00:00, 1998.12it/s, Materializing param=encoder.layer.0.intermediate.dense.bias]
6994.7s 1814 Loading weights:   8%|▊         | 16/199 [00:00<00:00, 1964.72it/s, Materializing param=encoder.layer.0.intermediate.dense.bias]
6994.7s 1815 Loading weights:   9%|▊         | 17/199 [00:00<00:00, 1704.92it/s, Materializing param=encoder.layer.0.intermediate.dense.weight]
6994.7s 1816 Loading weights:   9%|▊         | 17/199 [00:00<00:00, 1680.81it/s, Materializing param=encoder.layer.0.intermediate.dense.weight]
6994.7s 1817 Loading weights:   9%|▉         | 18/199 [00:00<00:00, 1737.61it/s, Materializing param=encoder.layer.0.output.LayerNorm.bias]
6994.7s 1818 Loading weights:   9%|▉         | 18/199 [00:00<00:00, 1720.03it/s, Materializing param=encoder.layer.0.output.LayerNorm.bias]
6994.7s 1819 Loading weights:  10%|▉         | 19/199 [00:00<00:00, 1780.78it/s, Materializing param=encoder.layer.0.output.LayerNorm.weight]
6994.7s 1820 Loading weights:  10%|▉         | 19/199 [00:00<00:00, 1766.65it/s, Materializing param=encoder.layer.0.output.LayerNorm.weight]
6994.7s 1821 Loading weights:  10%|█         | 20/199 [00:00<00:00, 1830.33it/s, Materializing param=encoder.layer.0.output.dense.bias]
6994.7s 1822 Loading weights:  10%|█         | 20/199 [00:00<00:00, 1816.54it/s, Materializing param=encoder.layer.0.output.dense.bias]
6994.7s 1823 Loading weights:  11%|█         | 21/199 [00:00<00:00, 1874.89it/s, Materializing param=encoder.layer.0.output.dense.weight]
6994.7s 1824 Loading weights:  11%|█         | 21/199 [00:00<00:00, 1860.94it/s, Materializing param=encoder.layer.0.output.dense.weight]
6994.7s 1825 Loading weights:  11%|█         | 22/199 [00:00<00:00, 1920.99it/s, Materializing param=encoder.layer.1.attention.output.LayerNorm.bias]
6994.7s 1826 Loading weights:  11%|█         | 22/199 [00:00<00:00, 1907.13it/s, Materializing param=encoder.layer.1.attention.output.LayerNorm.bias]
6994.7s 1827 Loading weights:  12%|█▏        | 23/199 [00:00<00:00, 1961.35it/s, Materializing param=encoder.layer.1.attention.output.LayerNorm.weight]
6994.7s 1828 Loading weights:  12%|█▏        | 23/199 [00:00<00:00, 1947.41it/s, Materializing param=encoder.layer.1.attention.output.LayerNorm.weight]
6994.7s 1829 Loading weights:  12%|█▏        | 24/199 [00:00<00:00, 2001.62it/s, Materializing param=encoder.layer.1.attention.output.dense.bias]
6994.7s 1830 Loading weights:  12%|█▏        | 24/199 [00:00<00:00, 1981.87it/s, Materializing param=encoder.layer.1.attention.output.dense.bias]
6994.7s 1831 Loading weights:  13%|█▎        | 25/199 [00:00<00:00, 2034.10it/s, Materializing param=encoder.layer.1.attention.output.dense.weight]
6994.7s 1832 Loading weights:  13%|█▎        | 25/199 [00:00<00:00, 2020.14it/s, Materializing param=encoder.layer.1.attention.output.dense.weight]
6994.7s 1833 Loading weights:  13%|█▎        | 26/199 [00:00<00:00, 2070.95it/s, Materializing param=encoder.layer.1.attention.self.key.bias]
6994.7s 1834 Loading weights:  13%|█▎        | 26/199 [00:00<00:00, 2056.92it/s, Materializing param=encoder.layer.1.attention.self.key.bias]
6994.7s 1835 Loading weights:  14%|█▎        | 27/199 [00:00<00:00, 2106.75it/s, Materializing param=encoder.layer.1.attention.self.key.weight]
6994.7s 1836 Loading weights:  14%|█▎        | 27/199 [00:00<00:00, 2093.16it/s, Materializing param=encoder.layer.1.attention.self.key.weight]
6994.7s 1837 Loading weights:  14%|█▍        | 28/199 [00:00<00:00, 2137.26it/s, Materializing param=encoder.layer.1.attention.self.query.bias]
6994.7s 1838 Loading weights:  14%|█▍        | 28/199 [00:00<00:00, 2122.16it/s, Materializing param=encoder.layer.1.attention.self.query.bias]
6994.7s 1839 Loading weights:  15%|█▍        | 29/199 [00:00<00:00, 2168.76it/s, Materializing param=encoder.layer.1.attention.self.query.weight]
6994.7s 1840 Loading weights:  15%|█▍        | 29/199 [00:00<00:00, 2154.77it/s, Materializing param=encoder.layer.1.attention.self.query.weight]
6994.7s 1841 Loading weights:  15%|█▌        | 30/199 [00:00<00:00, 2199.23it/s, Materializing param=encoder.layer.1.attention.self.value.bias]
6994.7s 1842 Loading weights:  15%|█▌        | 30/199 [00:00<00:00, 2185.63it/s, Materializing param=encoder.layer.1.attention.self.value.bias]
6994.7s 1843 Loading weights:  16%|█▌        | 31/199 [00:00<00:00, 2230.25it/s, Materializing param=encoder.layer.1.attention.self.value.weight]
6994.7s 1844 Loading weights:  16%|█▌        | 31/199 [00:00<00:00, 2216.82it/s, Materializing param=encoder.layer.1.attention.self.value.weight]
6994.7s 1845 Loading weights:  16%|█▌        | 32/199 [00:00<00:00, 2256.90it/s, Materializing param=encoder.layer.1.intermediate.dense.bias]
6994.7s 1846 Loading weights:  16%|█▌        | 32/199 [00:00<00:00, 2239.01it/s, Materializing param=encoder.layer.1.intermediate.dense.bias]
6994.7s 1847 Loading weights:  17%|█▋        | 33/199 [00:00<00:00, 2279.63it/s, Materializing param=encoder.layer.1.intermediate.dense.weight]
6994.7s 1848 Loading weights:  17%|█▋        | 33/199 [00:00<00:00, 2265.11it/s, Materializing param=encoder.layer.1.intermediate.dense.weight]
6994.7s 1849 Loading weights:  17%|█▋        | 34/199 [00:00<00:00, 2303.93it/s, Materializing param=encoder.layer.1.output.LayerNorm.bias]
6994.7s 1850 Loading weights:  17%|█▋        | 34/199 [00:00<00:00, 2289.25it/s, Materializing param=encoder.layer.1.output.LayerNorm.bias]
6994.7s 1851 Loading weights:  18%|█▊        | 35/199 [00:00<00:00, 2324.82it/s, Materializing param=encoder.layer.1.output.LayerNorm.weight]
6994.7s 1852 Loading weights:  18%|█▊        | 35/199 [00:00<00:00, 2308.69it/s, Materializing param=encoder.layer.1.output.LayerNorm.weight]
6994.7s 1853 Loading weights:  18%|█▊        | 36/199 [00:00<00:00, 2347.16it/s, Materializing param=encoder.layer.1.output.dense.bias]
6994.7s 1854 Loading weights:  18%|█▊        | 36/199 [00:00<00:00, 2334.60it/s, Materializing param=encoder.layer.1.output.dense.bias]
6994.7s 1855 Loading weights:  19%|█▊        | 37/199 [00:00<00:00, 2372.63it/s, Materializing param=encoder.layer.1.output.dense.weight]
6994.7s 1856 Loading weights:  19%|█▊        | 37/199 [00:00<00:00, 2360.51it/s, Materializing param=encoder.layer.1.output.dense.weight]
6994.7s 1857 Loading weights:  19%|█▉        | 38/199 [00:00<00:00, 2398.33it/s, Materializing param=encoder.layer.2.attention.output.LayerNorm.bias]
6994.7s 1858 Loading weights:  19%|█▉        | 38/199 [00:00<00:00, 2385.98it/s, Materializing param=encoder.layer.2.attention.output.LayerNorm.bias]
6994.7s 1859 Loading weights:  20%|█▉        | 39/199 [00:00<00:00, 2418.97it/s, Materializing param=encoder.layer.2.attention.output.LayerNorm.weight]
6994.7s 1860 Loading weights:  20%|█▉        | 39/199 [00:00<00:00, 2405.24it/s, Materializing param=encoder.layer.2.attention.output.LayerNorm.weight]
6994.7s 1861 Loading weights:  20%|██        | 40/199 [00:00<00:00, 2440.11it/s, Materializing param=encoder.layer.2.attention.output.dense.bias]
6994.7s 1862 Loading weights:  20%|██        | 40/199 [00:00<00:00, 2428.07it/s, Materializing param=encoder.layer.2.attention.output.dense.bias]
6994.7s 1863 Loading weights:  21%|██        | 41/199 [00:00<00:00, 2461.62it/s, Materializing param=encoder.layer.2.attention.output.dense.weight]
6994.7s 1864 Loading weights:  21%|██        | 41/199 [00:00<00:00, 2449.59it/s, Materializing param=encoder.layer.2.attention.output.dense.weight]
6994.7s 1865 Loading weights:  21%|██        | 42/199 [00:00<00:00, 2483.59it/s, Materializing param=encoder.layer.2.attention.self.key.bias]
6994.7s 1866 Loading weights:  21%|██        | 42/199 [00:00<00:00, 2471.43it/s, Materializing param=encoder.layer.2.attention.self.key.bias]
6994.7s 1867 Loading weights:  22%|██▏       | 43/199 [00:00<00:00, 2501.01it/s, Materializing param=encoder.layer.2.attention.self.key.weight]
6994.7s 1868 Loading weights:  22%|██▏       | 43/199 [00:00<00:00, 2489.00it/s, Materializing param=encoder.layer.2.attention.self.key.weight]
6994.7s 1869 Loading weights:  22%|██▏       | 44/199 [00:00<00:00, 2519.41it/s, Materializing param=encoder.layer.2.attention.self.query.bias]
6994.7s 1870 Loading weights:  22%|██▏       | 44/199 [00:00<00:00, 2505.01it/s, Materializing param=encoder.layer.2.attention.self.query.bias]
6994.7s 1871 Loading weights:  23%|██▎       | 45/199 [00:00<00:00, 2535.17it/s, Materializing param=encoder.layer.2.attention.self.query.weight]
6994.7s 1872 Loading weights:  23%|██▎       | 45/199 [00:00<00:00, 2521.73it/s, Materializing param=encoder.layer.2.attention.self.query.weight]
6994.7s 1873 Loading weights:  23%|██▎       | 46/199 [00:00<00:00, 2548.35it/s, Materializing param=encoder.layer.2.attention.self.value.bias]
6994.7s 1874 Loading weights:  23%|██▎       | 46/199 [00:00<00:00, 2533.22it/s, Materializing param=encoder.layer.2.attention.self.value.bias]
6994.7s 1875 Loading weights:  24%|██▎       | 47/199 [00:00<00:00, 2562.72it/s, Materializing param=encoder.layer.2.attention.self.value.weight]
6994.7s 1876 Loading weights:  24%|██▎       | 47/199 [00:00<00:00, 2550.98it/s, Materializing param=encoder.layer.2.attention.self.value.weight]
6994.7s 1877 Loading weights:  24%|██▍       | 48/199 [00:00<00:00, 2579.56it/s, Materializing param=encoder.layer.2.intermediate.dense.bias]
6994.7s 1878 Loading weights:  24%|██▍       | 48/199 [00:00<00:00, 2567.91it/s, Materializing param=encoder.layer.2.intermediate.dense.bias]
6994.7s 1879 Loading weights:  25%|██▍       | 49/199 [00:00<00:00, 2596.99it/s, Materializing param=encoder.layer.2.intermediate.dense.weight]
6994.7s 1880 Loading weights:  25%|██▍       | 49/199 [00:00<00:00, 2585.49it/s, Materializing param=encoder.layer.2.intermediate.dense.weight]
6994.7s 1881 Loading weights:  25%|██▌       | 50/199 [00:00<00:00, 2612.59it/s, Materializing param=encoder.layer.2.output.LayerNorm.bias]
6994.7s 1882 Loading weights:  25%|██▌       | 50/199 [00:00<00:00, 2601.31it/s, Materializing param=encoder.layer.2.output.LayerNorm.bias]
6994.7s 1883 Loading weights:  26%|██▌       | 51/199 [00:00<00:00, 2629.79it/s, Materializing param=encoder.layer.2.output.LayerNorm.weight]
6994.7s 1884 Loading weights:  26%|██▌       | 51/199 [00:00<00:00, 2618.81it/s, Materializing param=encoder.layer.2.output.LayerNorm.weight]
6994.7s 1885 Loading weights:  26%|██▌       | 52/199 [00:00<00:00, 2643.14it/s, Materializing param=encoder.layer.2.output.dense.bias]
6994.7s 1886 Loading weights:  26%|██▌       | 52/199 [00:00<00:00, 2632.07it/s, Materializing param=encoder.layer.2.output.dense.bias]
6994.7s 1887 Loading weights:  27%|██▋       | 53/199 [00:00<00:00, 2659.67it/s, Materializing param=encoder.layer.2.output.dense.weight]
6994.7s 1888 Loading weights:  27%|██▋       | 53/199 [00:00<00:00, 2644.08it/s, Materializing param=encoder.layer.2.output.dense.weight]
6994.7s 1889 Loading weights:  27%|██▋       | 54/199 [00:00<00:00, 2670.08it/s, Materializing param=encoder.layer.3.attention.output.LayerNorm.bias]
6994.7s 1890 Loading weights:  27%|██▋       | 54/199 [00:00<00:00, 2658.92it/s, Materializing param=encoder.layer.3.attention.output.LayerNorm.bias]
6994.7s 1891 Loading weights:  28%|██▊       | 55/199 [00:00<00:00, 2684.65it/s, Materializing param=encoder.layer.3.attention.output.LayerNorm.weight]
6994.7s 1892 Loading weights:  28%|██▊       | 55/199 [00:00<00:00, 2673.02it/s, Materializing param=encoder.layer.3.attention.output.LayerNorm.weight]
6994.7s 1893 Loading weights:  28%|██▊       | 56/199 [00:00<00:00, 2697.64it/s, Materializing param=encoder.layer.3.attention.output.dense.bias]
6994.7s 1894 Loading weights:  28%|██▊       | 56/199 [00:00<00:00, 2686.63it/s, Materializing param=encoder.layer.3.attention.output.dense.bias]
6994.7s 1895 Loading weights:  29%|██▊       | 57/199 [00:00<00:00, 2706.89it/s, Materializing param=encoder.layer.3.attention.output.dense.weight]
6994.7s 1896 Loading weights:  29%|██▊       | 57/199 [00:00<00:00, 2693.05it/s, Materializing param=encoder.layer.3.attention.output.dense.weight]
6994.7s 1897 Loading weights:  29%|██▉       | 58/199 [00:00<00:00, 2716.76it/s, Materializing param=encoder.layer.3.attention.self.key.bias]
6994.7s 1898 Loading weights:  29%|██▉       | 58/199 [00:00<00:00, 2706.42it/s, Materializing param=encoder.layer.3.attention.self.key.bias]
6994.7s 1899 Loading weights:  30%|██▉       | 59/199 [00:00<00:00, 2730.09it/s, Materializing param=encoder.layer.3.attention.self.key.weight]
6994.7s 1900 Loading weights:  30%|██▉       | 59/199 [00:00<00:00, 2719.50it/s, Materializing param=encoder.layer.3.attention.self.key.weight]
6994.7s 1901 Loading weights:  30%|███       | 60/199 [00:00<00:00, 2743.44it/s, Materializing param=encoder.layer.3.attention.self.query.bias]
6994.7s 1902 Loading weights:  30%|███       | 60/199 [00:00<00:00, 2733.22it/s, Materializing param=encoder.layer.3.attention.self.query.bias]
6994.7s 1903 Loading weights:  31%|███       | 61/199 [00:00<00:00, 2755.13it/s, Materializing param=encoder.layer.3.attention.self.query.weight]
6994.7s 1904 Loading weights:  31%|███       | 61/199 [00:00<00:00, 2744.58it/s, Materializing param=encoder.layer.3.attention.self.query.weight]
6994.7s 1905 Loading weights:  31%|███       | 62/199 [00:00<00:00, 2761.52it/s, Materializing param=encoder.layer.3.attention.self.value.bias]
6994.7s 1906 Loading weights:  31%|███       | 62/199 [00:00<00:00, 2749.84it/s, Materializing param=encoder.layer.3.attention.self.value.bias]
6994.7s 1907 Loading weights:  32%|███▏      | 63/199 [00:00<00:00, 2768.00it/s, Materializing param=encoder.layer.3.attention.self.value.weight]
6994.7s 1908 Loading weights:  32%|███▏      | 63/199 [00:00<00:00, 2756.16it/s, Materializing param=encoder.layer.3.attention.self.value.weight]
6994.7s 1909 Loading weights:  32%|███▏      | 64/199 [00:00<00:00, 2770.55it/s, Materializing param=encoder.layer.3.intermediate.dense.bias]
6994.7s 1910 Loading weights:  32%|███▏      | 64/199 [00:00<00:00, 2758.79it/s, Materializing param=encoder.layer.3.intermediate.dense.bias]
6994.7s 1911 Loading weights:  33%|███▎      | 65/199 [00:00<00:00, 2777.15it/s, Materializing param=encoder.layer.3.intermediate.dense.weight]
6994.7s 1912 Loading weights:  33%|███▎      | 65/199 [00:00<00:00, 2765.93it/s, Materializing param=encoder.layer.3.intermediate.dense.weight]
6994.7s 1913 Loading weights:  33%|███▎      | 66/199 [00:00<00:00, 2781.45it/s, Materializing param=encoder.layer.3.output.LayerNorm.bias]
6994.7s 1914 Loading weights:  33%|███▎      | 66/199 [00:00<00:00, 2767.88it/s, Materializing param=encoder.layer.3.output.LayerNorm.bias]
6994.7s 1915 Loading weights:  34%|███▎      | 67/199 [00:00<00:00, 2781.84it/s, Materializing param=encoder.layer.3.output.LayerNorm.weight]
6994.7s 1916 Loading weights:  34%|███▎      | 67/199 [00:00<00:00, 2770.05it/s, Materializing param=encoder.layer.3.output.LayerNorm.weight]
6994.7s 1917 Loading weights:  34%|███▍      | 68/199 [00:00<00:00, 2789.94it/s, Materializing param=encoder.layer.3.output.dense.bias]
6994.7s 1918 Loading weights:  34%|███▍      | 68/199 [00:00<00:00, 2778.96it/s, Materializing param=encoder.layer.3.output.dense.bias]
6994.7s 1919 Loading weights:  35%|███▍      | 69/199 [00:00<00:00, 2799.67it/s, Materializing param=encoder.layer.3.output.dense.weight]
6994.7s 1920 Loading weights:  35%|███▍      | 69/199 [00:00<00:00, 2790.33it/s, Materializing param=encoder.layer.3.output.dense.weight]
6994.7s 1921 Loading weights:  35%|███▌      | 70/199 [00:00<00:00, 2811.11it/s, Materializing param=encoder.layer.4.attention.output.LayerNorm.bias]
6994.7s 1922 Loading weights:  35%|███▌      | 70/199 [00:00<00:00, 2801.54it/s, Materializing param=encoder.layer.4.attention.output.LayerNorm.bias]
6994.7s 1923 Loading weights:  36%|███▌      | 71/199 [00:00<00:00, 2819.50it/s, Materializing param=encoder.layer.4.attention.output.LayerNorm.weight]
6994.7s 1924 Loading weights:  36%|███▌      | 71/199 [00:00<00:00, 2810.11it/s, Materializing param=encoder.layer.4.attention.output.LayerNorm.weight]
6994.7s 1925 Loading weights:  36%|███▌      | 72/199 [00:00<00:00, 2829.85it/s, Materializing param=encoder.layer.4.attention.output.dense.bias]
6994.7s 1926 Loading weights:  36%|███▌      | 72/199 [00:00<00:00, 2820.83it/s, Materializing param=encoder.layer.4.attention.output.dense.bias]
6994.7s 1927 Loading weights:  37%|███▋      | 73/199 [00:00<00:00, 2839.06it/s, Materializing param=encoder.layer.4.attention.output.dense.weight]
6994.7s 1928 Loading weights:  37%|███▋      | 73/199 [00:00<00:00, 2829.88it/s, Materializing param=encoder.layer.4.attention.output.dense.weight]
6994.7s 1929 Loading weights:  37%|███▋      | 74/199 [00:00<00:00, 2847.82it/s, Materializing param=encoder.layer.4.attention.self.key.bias]
6994.7s 1930 Loading weights:  37%|███▋      | 74/199 [00:00<00:00, 2832.15it/s, Materializing param=encoder.layer.4.attention.self.key.bias]
6994.7s 1931 Loading weights:  38%|███▊      | 75/199 [00:00<00:00, 2849.75it/s, Materializing param=encoder.layer.4.attention.self.key.weight]
6994.7s 1932 Loading weights:  38%|███▊      | 75/199 [00:00<00:00, 2840.57it/s, Materializing param=encoder.layer.4.attention.self.key.weight]
6994.7s 1933 Loading weights:  38%|███▊      | 76/199 [00:00<00:00, 2858.69it/s, Materializing param=encoder.layer.4.attention.self.query.bias]
6994.7s 1934 Loading weights:  38%|███▊      | 76/199 [00:00<00:00, 2849.80it/s, Materializing param=encoder.layer.4.attention.self.query.bias]
6994.7s 1935 Loading weights:  39%|███▊      | 77/199 [00:00<00:00, 2868.58it/s, Materializing param=encoder.layer.4.attention.self.query.weight]
6994.7s 1936 Loading weights:  39%|███▊      | 77/199 [00:00<00:00, 2859.86it/s, Materializing param=encoder.layer.4.attention.self.query.weight]
6994.7s 1937 Loading weights:  39%|███▉      | 78/199 [00:00<00:00, 2876.55it/s, Materializing param=encoder.layer.4.attention.self.value.bias]
6994.7s 1938 Loading weights:  39%|███▉      | 78/199 [00:00<00:00, 2866.84it/s, Materializing param=encoder.layer.4.attention.self.value.bias]
6994.7s 1939 Loading weights:  40%|███▉      | 79/199 [00:00<00:00, 2884.79it/s, Materializing param=encoder.layer.4.attention.self.value.weight]
6994.7s 1940 Loading weights:  40%|███▉      | 79/199 [00:00<00:00, 2876.13it/s, Materializing param=encoder.layer.4.attention.self.value.weight]
6994.7s 1941 Loading weights:  40%|████      | 80/199 [00:00<00:00, 2893.50it/s, Materializing param=encoder.layer.4.intermediate.dense.bias]
6994.7s 1942 Loading weights:  40%|████      | 80/199 [00:00<00:00, 2884.59it/s, Materializing param=encoder.layer.4.intermediate.dense.bias]
6994.7s 1943 Loading weights:  41%|████      | 81/199 [00:00<00:00, 2902.51it/s, Materializing param=encoder.layer.4.intermediate.dense.weight]
6994.7s 1944 Loading weights:  41%|████      | 81/199 [00:00<00:00, 2894.03it/s, Materializing param=encoder.layer.4.intermediate.dense.weight]
6994.7s 1945 Loading weights:  41%|████      | 82/199 [00:00<00:00, 2909.31it/s, Materializing param=encoder.layer.4.output.LayerNorm.bias]
6994.7s 1946 Loading weights:  41%|████      | 82/199 [00:00<00:00, 2900.55it/s, Materializing param=encoder.layer.4.output.LayerNorm.bias]
6994.7s 1947 Loading weights:  42%|████▏     | 83/199 [00:00<00:00, 2918.08it/s, Materializing param=encoder.layer.4.output.LayerNorm.weight]
6994.7s 1948 Loading weights:  42%|████▏     | 83/199 [00:00<00:00, 2909.64it/s, Materializing param=encoder.layer.4.output.LayerNorm.weight]
6994.7s 1949 Loading weights:  42%|████▏     | 84/199 [00:00<00:00, 2923.47it/s, Materializing param=encoder.layer.4.output.dense.bias]
6994.7s 1950 Loading weights:  42%|████▏     | 84/199 [00:00<00:00, 2914.83it/s, Materializing param=encoder.layer.4.output.dense.bias]
6994.7s 1951 Loading weights:  43%|████▎     | 85/199 [00:00<00:00, 2932.07it/s, Materializing param=encoder.layer.4.output.dense.weight]
6994.7s 1952 Loading weights:  43%|████▎     | 85/199 [00:00<00:00, 2920.25it/s, Materializing param=encoder.layer.4.output.dense.weight]
6994.7s 1953 Loading weights:  43%|████▎     | 86/199 [00:00<00:00, 2936.83it/s, Materializing param=encoder.layer.5.attention.output.LayerNorm.bias]
6994.7s 1954 Loading weights:  43%|████▎     | 86/199 [00:00<00:00, 2928.46it/s, Materializing param=encoder.layer.5.attention.output.LayerNorm.bias]
6994.7s 1955 Loading weights:  44%|████▎     | 87/199 [00:00<00:00, 2944.84it/s, Materializing param=encoder.layer.5.attention.output.LayerNorm.weight]
6994.7s 1956 Loading weights:  44%|████▎     | 87/199 [00:00<00:00, 2936.08it/s, Materializing param=encoder.layer.5.attention.output.LayerNorm.weight]
6994.7s 1957 Loading weights:  44%|████▍     | 88/199 [00:00<00:00, 2952.06it/s, Materializing param=encoder.layer.5.attention.output.dense.bias]
6994.7s 1958 Loading weights:  44%|████▍     | 88/199 [00:00<00:00, 2943.96it/s, Materializing param=encoder.layer.5.attention.output.dense.bias]
6994.7s 1959 Loading weights:  45%|████▍     | 89/199 [00:00<00:00, 2958.70it/s, Materializing param=encoder.layer.5.attention.output.dense.weight]
6994.7s 1960 Loading weights:  45%|████▍     | 89/199 [00:00<00:00, 2949.21it/s, Materializing param=encoder.layer.5.attention.output.dense.weight]
6994.7s 1961 Loading weights:  45%|████▌     | 90/199 [00:00<00:00, 2964.94it/s, Materializing param=encoder.layer.5.attention.self.key.bias]
6994.7s 1962 Loading weights:  45%|████▌     | 90/199 [00:00<00:00, 2956.97it/s, Materializing param=encoder.layer.5.attention.self.key.bias]
6994.7s 1963 Loading weights:  46%|████▌     | 91/199 [00:00<00:00, 2972.18it/s, Materializing param=encoder.layer.5.attention.self.key.weight]
6994.7s 1964 Loading weights:  46%|████▌     | 91/199 [00:00<00:00, 2964.17it/s, Materializing param=encoder.layer.5.attention.self.key.weight]
6994.7s 1965 Loading weights:  46%|████▌     | 92/199 [00:00<00:00, 2979.92it/s, Materializing param=encoder.layer.5.attention.self.query.bias]
6994.7s 1966 Loading weights:  46%|████▌     | 92/199 [00:00<00:00, 2972.00it/s, Materializing param=encoder.layer.5.attention.self.query.bias]
6994.7s 1967 Loading weights:  47%|████▋     | 93/199 [00:00<00:00, 2986.37it/s, Materializing param=encoder.layer.5.attention.self.query.weight]
6994.7s 1968 Loading weights:  47%|████▋     | 93/199 [00:00<00:00, 2978.34it/s, Materializing param=encoder.layer.5.attention.self.query.weight]
6994.7s 1969 Loading weights:  47%|████▋     | 94/199 [00:00<00:00, 2993.13it/s, Materializing param=encoder.layer.5.attention.self.value.bias]
6994.7s 1970 Loading weights:  47%|████▋     | 94/199 [00:00<00:00, 2985.11it/s, Materializing param=encoder.layer.5.attention.self.value.bias]
6994.7s 1971 Loading weights:  48%|████▊     | 95/199 [00:00<00:00, 2999.04it/s, Materializing param=encoder.layer.5.attention.self.value.weight]
6994.7s 1972 Loading weights:  48%|████▊     | 95/199 [00:00<00:00, 2991.30it/s, Materializing param=encoder.layer.5.attention.self.value.weight]
6994.7s 1973 Loading weights:  48%|████▊     | 96/199 [00:00<00:00, 3006.36it/s, Materializing param=encoder.layer.5.intermediate.dense.bias]
6994.7s 1974 Loading weights:  48%|████▊     | 96/199 [00:00<00:00, 2998.83it/s, Materializing param=encoder.layer.5.intermediate.dense.bias]
6994.7s 1975 Loading weights:  49%|████▊     | 97/199 [00:00<00:00, 3011.88it/s, Materializing param=encoder.layer.5.intermediate.dense.weight]
6994.7s 1976 Loading weights:  49%|████▊     | 97/199 [00:00<00:00, 3004.21it/s, Materializing param=encoder.layer.5.intermediate.dense.weight]
6994.7s 1977 Loading weights:  49%|████▉     | 98/199 [00:00<00:00, 3018.97it/s, Materializing param=encoder.layer.5.output.LayerNorm.bias]
6994.7s 1978 Loading weights:  49%|████▉     | 98/199 [00:00<00:00, 3011.47it/s, Materializing param=encoder.layer.5.output.LayerNorm.bias]
6994.7s 1979 Loading weights:  50%|████▉     | 99/199 [00:00<00:00, 3024.94it/s, Materializing param=encoder.layer.5.output.LayerNorm.weight]
6994.7s 1980 Loading weights:  50%|████▉     | 99/199 [00:00<00:00, 3017.09it/s, Materializing param=encoder.layer.5.output.LayerNorm.weight]
6994.7s 1981 Loading weights:  50%|█████     | 100/199 [00:00<00:00, 3031.44it/s, Materializing param=encoder.layer.5.output.dense.bias]
6994.7s 1982 Loading weights:  50%|█████     | 100/199 [00:00<00:00, 3021.31it/s, Materializing param=encoder.layer.5.output.dense.bias]
6994.7s 1983 Loading weights:  51%|█████     | 101/199 [00:00<00:00, 3035.45it/s, Materializing param=encoder.layer.5.output.dense.weight]
6994.7s 1984 Loading weights:  51%|█████     | 101/199 [00:00<00:00, 3028.12it/s, Materializing param=encoder.layer.5.output.dense.weight]
6994.7s 1985 Loading weights:  51%|█████▏    | 102/199 [00:00<00:00, 3042.59it/s, Materializing param=encoder.layer.6.attention.output.LayerNorm.bias]
6994.7s 1986 Loading weights:  51%|█████▏    | 102/199 [00:00<00:00, 3034.63it/s, Materializing param=encoder.layer.6.attention.output.LayerNorm.bias]
6994.7s 1987 Loading weights:  52%|█████▏    | 103/199 [00:00<00:00, 3047.82it/s, Materializing param=encoder.layer.6.attention.output.LayerNorm.weight]
6994.7s 1988 Loading weights:  52%|█████▏    | 103/199 [00:00<00:00, 3039.09it/s, Materializing param=encoder.layer.6.attention.output.LayerNorm.weight]
6994.7s 1989 Loading weights:  52%|█████▏    | 104/199 [00:00<00:00, 3050.85it/s, Materializing param=encoder.layer.6.attention.output.dense.bias]
6994.7s 1990 Loading weights:  52%|█████▏    | 104/199 [00:00<00:00, 3042.30it/s, Materializing param=encoder.layer.6.attention.output.dense.bias]
6994.7s 1991 Loading weights:  53%|█████▎    | 105/199 [00:00<00:00, 3055.52it/s, Materializing param=encoder.layer.6.attention.output.dense.weight]
6994.7s 1992 Loading weights:  53%|█████▎    | 105/199 [00:00<00:00, 3048.23it/s, Materializing param=encoder.layer.6.attention.output.dense.weight]
6994.7s 1993 Loading weights:  53%|█████▎    | 106/199 [00:00<00:00, 3061.20it/s, Materializing param=encoder.layer.6.attention.self.key.bias]
6994.7s 1994 Loading weights:  53%|█████▎    | 106/199 [00:00<00:00, 3053.92it/s, Materializing param=encoder.layer.6.attention.self.key.bias]
6994.7s 1995 Loading weights:  54%|█████▍    | 107/199 [00:00<00:00, 3067.25it/s, Materializing param=encoder.layer.6.attention.self.key.weight]
6994.7s 1996 Loading weights:  54%|█████▍    | 107/199 [00:00<00:00, 3060.16it/s, Materializing param=encoder.layer.6.attention.self.key.weight]
6994.7s 1997 Loading weights:  54%|█████▍    | 108/199 [00:00<00:00, 3071.46it/s, Materializing param=encoder.layer.6.attention.self.query.bias]
6994.7s 1998 Loading weights:  54%|█████▍    | 108/199 [00:00<00:00, 3064.17it/s, Materializing param=encoder.layer.6.attention.self.query.bias]
6994.7s 1999 Loading weights:  55%|█████▍    | 109/199 [00:00<00:00, 3077.49it/s, Materializing param=encoder.layer.6.attention.self.query.weight]
6994.7s 2000 Loading weights:  55%|█████▍    | 109/199 [00:00<00:00, 3070.36it/s, Materializing param=encoder.layer.6.attention.self.query.weight]
6994.7s 2001 Loading weights:  55%|█████▌    | 110/199 [00:00<00:00, 3082.15it/s, Materializing param=encoder.layer.6.attention.self.value.bias]
6994.7s 2002 Loading weights:  55%|█████▌    | 110/199 [00:00<00:00, 3075.06it/s, Materializing param=encoder.layer.6.attention.self.value.bias]
6994.7s 2003 Loading weights:  56%|█████▌    | 111/199 [00:00<00:00, 3087.87it/s, Materializing param=encoder.layer.6.attention.self.value.weight]
6994.7s 2004 Loading weights:  56%|█████▌    | 111/199 [00:00<00:00, 3080.88it/s, Materializing param=encoder.layer.6.attention.self.value.weight]
6994.7s 2005 Loading weights:  56%|█████▋    | 112/199 [00:00<00:00, 3090.91it/s, Materializing param=encoder.layer.6.intermediate.dense.bias]
6994.7s 2006 Loading weights:  56%|█████▋    | 112/199 [00:00<00:00, 3083.82it/s, Materializing param=encoder.layer.6.intermediate.dense.bias]
6994.7s 2007 Loading weights:  57%|█████▋    | 113/199 [00:00<00:00, 3096.66it/s, Materializing param=encoder.layer.6.intermediate.dense.weight]
6994.7s 2008 Loading weights:  57%|█████▋    | 113/199 [00:00<00:00, 3089.31it/s, Materializing param=encoder.layer.6.intermediate.dense.weight]
6994.7s 2009 Loading weights:  57%|█████▋    | 114/199 [00:00<00:00, 3101.75it/s, Materializing param=encoder.layer.6.output.LayerNorm.bias]
6994.7s 2010 Loading weights:  57%|█████▋    | 114/199 [00:00<00:00, 3094.35it/s, Materializing param=encoder.layer.6.output.LayerNorm.bias]
6994.7s 2011 Loading weights:  58%|█████▊    | 115/199 [00:00<00:00, 3107.07it/s, Materializing param=encoder.layer.6.output.LayerNorm.weight]
6994.7s 2012 Loading weights:  58%|█████▊    | 115/199 [00:00<00:00, 3095.23it/s, Materializing param=encoder.layer.6.output.LayerNorm.weight]
6994.7s 2013 Loading weights:  58%|█████▊    | 116/199 [00:00<00:00, 3107.45it/s, Materializing param=encoder.layer.6.output.dense.bias]
6994.7s 2014 Loading weights:  58%|█████▊    | 116/199 [00:00<00:00, 3100.79it/s, Materializing param=encoder.layer.6.output.dense.bias]
6994.7s 2015 Loading weights:  59%|█████▉    | 117/199 [00:00<00:00, 3112.96it/s, Materializing param=encoder.layer.6.output.dense.weight]
6994.7s 2016 Loading weights:  59%|█████▉    | 117/199 [00:00<00:00, 3106.42it/s, Materializing param=encoder.layer.6.output.dense.weight]
6994.7s 2017 Loading weights:  59%|█████▉    | 118/199 [00:00<00:00, 3118.99it/s, Materializing param=encoder.layer.7.attention.output.LayerNorm.bias]
6994.7s 2018 Loading weights:  59%|█████▉    | 118/199 [00:00<00:00, 3112.28it/s, Materializing param=encoder.layer.7.attention.output.LayerNorm.bias]
6994.7s 2019 Loading weights:  60%|█████▉    | 119/199 [00:00<00:00, 3122.28it/s, Materializing param=encoder.layer.7.attention.output.LayerNorm.weight]
6994.7s 2020 Loading weights:  60%|█████▉    | 119/199 [00:00<00:00, 3115.17it/s, Materializing param=encoder.layer.7.attention.output.LayerNorm.weight]
6994.7s 2021 Loading weights:  60%|██████    | 120/199 [00:00<00:00, 3126.73it/s, Materializing param=encoder.layer.7.attention.output.dense.bias]
6994.7s 2022 Loading weights:  60%|██████    | 120/199 [00:00<00:00, 3119.93it/s, Materializing param=encoder.layer.7.attention.output.dense.bias]
6994.7s 2023 Loading weights:  61%|██████    | 121/199 [00:00<00:00, 3131.26it/s, Materializing param=encoder.layer.7.attention.output.dense.weight]
6994.7s 2024 Loading weights:  61%|██████    | 121/199 [00:00<00:00, 3124.47it/s, Materializing param=encoder.layer.7.attention.output.dense.weight]
6994.7s 2025 Loading weights:  61%|██████▏   | 122/199 [00:00<00:00, 3135.85it/s, Materializing param=encoder.layer.7.attention.self.key.bias]
6994.7s 2026 Loading weights:  61%|██████▏   | 122/199 [00:00<00:00, 3129.16it/s, Materializing param=encoder.layer.7.attention.self.key.bias]
6994.7s 2027 Loading weights:  62%|██████▏   | 123/199 [00:00<00:00, 3139.03it/s, Materializing param=encoder.layer.7.attention.self.key.weight]
6994.7s 2028 Loading weights:  62%|██████▏   | 123/199 [00:00<00:00, 3132.19it/s, Materializing param=encoder.layer.7.attention.self.key.weight]
6994.7s 2029 Loading weights:  62%|██████▏   | 124/199 [00:00<00:00, 3143.55it/s, Materializing param=encoder.layer.7.attention.self.query.bias]
6994.7s 2030 Loading weights:  62%|██████▏   | 124/199 [00:00<00:00, 3136.97it/s, Materializing param=encoder.layer.7.attention.self.query.bias]
6994.7s 2031 Loading weights:  63%|██████▎   | 125/199 [00:00<00:00, 3147.35it/s, Materializing param=encoder.layer.7.attention.self.query.weight]
6994.7s 2032 Loading weights:  63%|██████▎   | 125/199 [00:00<00:00, 3140.63it/s, Materializing param=encoder.layer.7.attention.self.query.weight]
6994.7s 2033 Loading weights:  63%|██████▎   | 126/199 [00:00<00:00, 3151.71it/s, Materializing param=encoder.layer.7.attention.self.value.bias]
6994.7s 2034 Loading weights:  63%|██████▎   | 126/199 [00:00<00:00, 3143.22it/s, Materializing param=encoder.layer.7.attention.self.value.bias]
6994.7s 2035 Loading weights:  64%|██████▍   | 127/199 [00:00<00:00, 3154.00it/s, Materializing param=encoder.layer.7.attention.self.value.weight]
6994.7s 2036 Loading weights:  64%|██████▍   | 127/199 [00:00<00:00, 3147.37it/s, Materializing param=encoder.layer.7.attention.self.value.weight]
6994.7s 2037 Loading weights:  64%|██████▍   | 128/199 [00:00<00:00, 3158.16it/s, Materializing param=encoder.layer.7.intermediate.dense.bias]
6994.7s 2038 Loading weights:  64%|██████▍   | 128/199 [00:00<00:00, 3151.19it/s, Materializing param=encoder.layer.7.intermediate.dense.bias]
6994.7s 2039 Loading weights:  65%|██████▍   | 129/199 [00:00<00:00, 3162.16it/s, Materializing param=encoder.layer.7.intermediate.dense.weight]
6994.7s 2040 Loading weights:  65%|██████▍   | 129/199 [00:00<00:00, 3155.14it/s, Materializing param=encoder.layer.7.intermediate.dense.weight]
6994.7s 2041 Loading weights:  65%|██████▌   | 130/199 [00:00<00:00, 3165.05it/s, Materializing param=encoder.layer.7.output.LayerNorm.bias]
6994.7s 2042 Loading weights:  65%|██████▌   | 130/199 [00:00<00:00, 3157.61it/s, Materializing param=encoder.layer.7.output.LayerNorm.bias]
6994.7s 2043 Loading weights:  66%|██████▌   | 131/199 [00:00<00:00, 3168.27it/s, Materializing param=encoder.layer.7.output.LayerNorm.weight]
6994.7s 2044 Loading weights:  66%|██████▌   | 131/199 [00:00<00:00, 3161.94it/s, Materializing param=encoder.layer.7.output.LayerNorm.weight]
6994.7s 2045 Loading weights:  66%|██████▋   | 132/199 [00:00<00:00, 3171.53it/s, Materializing param=encoder.layer.7.output.dense.bias]
6994.7s 2046 Loading weights:  66%|██████▋   | 132/199 [00:00<00:00, 3164.07it/s, Materializing param=encoder.layer.7.output.dense.bias]
6994.7s 2047 Loading weights:  67%|██████▋   | 133/199 [00:00<00:00, 3174.57it/s, Materializing param=encoder.layer.7.output.dense.weight]
6994.7s 2048 Loading weights:  67%|██████▋   | 133/199 [00:00<00:00, 3168.30it/s, Materializing param=encoder.layer.7.output.dense.weight]
6994.7s 2049 Loading weights:  67%|██████▋   | 134/199 [00:00<00:00, 3177.43it/s, Materializing param=encoder.layer.8.attention.output.LayerNorm.bias]
6994.7s 2050 Loading weights:  67%|██████▋   | 134/199 [00:00<00:00, 3171.00it/s, Materializing param=encoder.layer.8.attention.output.LayerNorm.bias]
6994.7s 2051 Loading weights:  68%|██████▊   | 135/199 [00:00<00:00, 3181.25it/s, Materializing param=encoder.layer.8.attention.output.LayerNorm.weight]
6994.7s 2052 Loading weights:  68%|██████▊   | 135/199 [00:00<00:00, 3175.03it/s, Materializing param=encoder.layer.8.attention.output.LayerNorm.weight]
6994.7s 2053 Loading weights:  68%|██████▊   | 136/199 [00:00<00:00, 3184.17it/s, Materializing param=encoder.layer.8.attention.output.dense.bias]
6994.7s 2054 Loading weights:  68%|██████▊   | 136/199 [00:00<00:00, 3177.89it/s, Materializing param=encoder.layer.8.attention.output.dense.bias]
6994.7s 2055 Loading weights:  69%|██████▉   | 137/199 [00:00<00:00, 3188.03it/s, Materializing param=encoder.layer.8.attention.output.dense.weight]
6994.7s 2056 Loading weights:  69%|██████▉   | 137/199 [00:00<00:00, 3180.04it/s, Materializing param=encoder.layer.8.attention.output.dense.weight]
6994.7s 2057 Loading weights:  69%|██████▉   | 138/199 [00:00<00:00, 3189.87it/s, Materializing param=encoder.layer.8.attention.self.key.bias]
6994.7s 2058 Loading weights:  69%|██████▉   | 138/199 [00:00<00:00, 3183.69it/s, Materializing param=encoder.layer.8.attention.self.key.bias]
6994.7s 2059 Loading weights:  70%|██████▉   | 139/199 [00:00<00:00, 3193.78it/s, Materializing param=encoder.layer.8.attention.self.key.weight]
6994.7s 2060 Loading weights:  70%|██████▉   | 139/199 [00:00<00:00, 3186.85it/s, Materializing param=encoder.layer.8.attention.self.key.weight]
6994.7s 2061 Loading weights:  70%|███████   | 140/199 [00:00<00:00, 3196.90it/s, Materializing param=encoder.layer.8.attention.self.query.bias]
6994.7s 2062 Loading weights:  70%|███████   | 140/199 [00:00<00:00, 3190.82it/s, Materializing param=encoder.layer.8.attention.self.query.bias]
6994.7s 2063 Loading weights:  71%|███████   | 141/199 [00:00<00:00, 3199.85it/s, Materializing param=encoder.layer.8.attention.self.query.weight]
6994.7s 2064 Loading weights:  71%|███████   | 141/199 [00:00<00:00, 3192.80it/s, Materializing param=encoder.layer.8.attention.self.query.weight]
6994.7s 2065 Loading weights:  71%|███████▏  | 142/199 [00:00<00:00, 3202.52it/s, Materializing param=encoder.layer.8.attention.self.value.bias]
6994.7s 2066 Loading weights:  71%|███████▏  | 142/199 [00:00<00:00, 3196.52it/s, Materializing param=encoder.layer.8.attention.self.value.bias]
6994.7s 2067 Loading weights:  72%|███████▏  | 143/199 [00:00<00:00, 3205.92it/s, Materializing param=encoder.layer.8.attention.self.value.weight]
6994.7s 2068 Loading weights:  72%|███████▏  | 143/199 [00:00<00:00, 3199.81it/s, Materializing param=encoder.layer.8.attention.self.value.weight]
6994.7s 2069 Loading weights:  72%|███████▏  | 144/199 [00:00<00:00, 3209.55it/s, Materializing param=encoder.layer.8.intermediate.dense.bias]
6994.7s 2070 Loading weights:  72%|███████▏  | 144/199 [00:00<00:00, 3203.58it/s, Materializing param=encoder.layer.8.intermediate.dense.bias]
6994.7s 2071 Loading weights:  73%|███████▎  | 145/199 [00:00<00:00, 3211.99it/s, Materializing param=encoder.layer.8.intermediate.dense.weight]
6994.7s 2072 Loading weights:  73%|███████▎  | 145/199 [00:00<00:00, 3205.93it/s, Materializing param=encoder.layer.8.intermediate.dense.weight]
6994.7s 2073 Loading weights:  73%|███████▎  | 146/199 [00:00<00:00, 3215.48it/s, Materializing param=encoder.layer.8.output.LayerNorm.bias]
6994.7s 2074 Loading weights:  73%|███████▎  | 146/199 [00:00<00:00, 3209.63it/s, Materializing param=encoder.layer.8.output.LayerNorm.bias]
6994.7s 2075 Loading weights:  74%|███████▍  | 147/199 [00:00<00:00, 3218.79it/s, Materializing param=encoder.layer.8.output.LayerNorm.weight]
6994.7s 2076 Loading weights:  74%|███████▍  | 147/199 [00:00<00:00, 3212.77it/s, Materializing param=encoder.layer.8.output.LayerNorm.weight]
6994.7s 2077 Loading weights:  74%|███████▍  | 148/199 [00:00<00:00, 3222.47it/s, Materializing param=encoder.layer.8.output.dense.bias]
6994.7s 2078 Loading weights:  74%|███████▍  | 148/199 [00:00<00:00, 3216.76it/s, Materializing param=encoder.layer.8.output.dense.bias]
6994.7s 2079 Loading weights:  75%|███████▍  | 149/199 [00:00<00:00, 3224.67it/s, Materializing param=encoder.layer.8.output.dense.weight]
6994.7s 2080 Loading weights:  75%|███████▍  | 149/199 [00:00<00:00, 3218.59it/s, Materializing param=encoder.layer.8.output.dense.weight]
6994.7s 2081 Loading weights:  75%|███████▌  | 150/199 [00:00<00:00, 3228.16it/s, Materializing param=encoder.layer.9.attention.output.LayerNorm.bias]
6994.7s 2082 Loading weights:  75%|███████▌  | 150/199 [00:00<00:00, 3222.45it/s, Materializing param=encoder.layer.9.attention.output.LayerNorm.bias]
6994.7s 2083 Loading weights:  76%|███████▌  | 151/199 [00:00<00:00, 3229.69it/s, Materializing param=encoder.layer.9.attention.output.LayerNorm.weight]
6994.7s 2084 Loading weights:  76%|███████▌  | 151/199 [00:00<00:00, 3223.66it/s, Materializing param=encoder.layer.9.attention.output.LayerNorm.weight]
6994.7s 2085 Loading weights:  76%|███████▋  | 152/199 [00:00<00:00, 3230.62it/s, Materializing param=encoder.layer.9.attention.output.dense.bias]
6994.7s 2086 Loading weights:  76%|███████▋  | 152/199 [00:00<00:00, 3222.95it/s, Materializing param=encoder.layer.9.attention.output.dense.bias]
6994.7s 2087 Loading weights:  77%|███████▋  | 153/199 [00:00<00:00, 3231.60it/s, Materializing param=encoder.layer.9.attention.output.dense.weight]
6994.7s 2088 Loading weights:  77%|███████▋  | 153/199 [00:00<00:00, 3225.90it/s, Materializing param=encoder.layer.9.attention.output.dense.weight]
6994.7s 2089 Loading weights:  77%|███████▋  | 154/199 [00:00<00:00, 3234.48it/s, Materializing param=encoder.layer.9.attention.self.key.bias]
6994.7s 2090 Loading weights:  77%|███████▋  | 154/199 [00:00<00:00, 3228.86it/s, Materializing param=encoder.layer.9.attention.self.key.bias]
6994.7s 2091 Loading weights:  78%|███████▊  | 155/199 [00:00<00:00, 3237.93it/s, Materializing param=encoder.layer.9.attention.self.key.weight]
6994.7s 2092 Loading weights:  78%|███████▊  | 155/199 [00:00<00:00, 3232.42it/s, Materializing param=encoder.layer.9.attention.self.key.weight]
6994.7s 2093 Loading weights:  78%|███████▊  | 156/199 [00:00<00:00, 3240.40it/s, Materializing param=encoder.layer.9.attention.self.query.bias]
6994.7s 2094 Loading weights:  78%|███████▊  | 156/199 [00:00<00:00, 3234.65it/s, Materializing param=encoder.layer.9.attention.self.query.bias]
6994.7s 2095 Loading weights:  79%|███████▉  | 157/199 [00:00<00:00, 3243.58it/s, Materializing param=encoder.layer.9.attention.self.query.weight]
6994.7s 2096 Loading weights:  79%|███████▉  | 157/199 [00:00<00:00, 3238.10it/s, Materializing param=encoder.layer.9.attention.self.query.weight]
6994.7s 2097 Loading weights:  79%|███████▉  | 158/199 [00:00<00:00, 3244.38it/s, Materializing param=encoder.layer.9.attention.self.value.bias]
6994.7s 2098 Loading weights:  79%|███████▉  | 158/199 [00:00<00:00, 3238.91it/s, Materializing param=encoder.layer.9.attention.self.value.bias]
6994.7s 2099 Loading weights:  80%|███████▉  | 159/199 [00:00<00:00, 3247.71it/s, Materializing param=encoder.layer.9.attention.self.value.weight]
6994.7s 2100 Loading weights:  80%|███████▉  | 159/199 [00:00<00:00, 3241.17it/s, Materializing param=encoder.layer.9.attention.self.value.weight]
6994.7s 2101 Loading weights:  80%|████████  | 160/199 [00:00<00:00, 3248.42it/s, Materializing param=encoder.layer.9.intermediate.dense.bias]
6994.7s 2102 Loading weights:  80%|████████  | 160/199 [00:00<00:00, 3242.91it/s, Materializing param=encoder.layer.9.intermediate.dense.bias]
6994.7s 2103 Loading weights:  81%|████████  | 161/199 [00:00<00:00, 3251.48it/s, Materializing param=encoder.layer.9.intermediate.dense.weight]
6994.7s 2104 Loading weights:  81%|████████  | 161/199 [00:00<00:00, 3245.76it/s, Materializing param=encoder.layer.9.intermediate.dense.weight]
6994.7s 2105 Loading weights:  81%|████████▏ | 162/199 [00:00<00:00, 3254.53it/s, Materializing param=encoder.layer.9.output.LayerNorm.bias]
6994.7s 2106 Loading weights:  81%|████████▏ | 162/199 [00:00<00:00, 3247.25it/s, Materializing param=encoder.layer.9.output.LayerNorm.bias]
6994.7s 2107 Loading weights:  82%|████████▏ | 163/199 [00:00<00:00, 3254.31it/s, Materializing param=encoder.layer.9.output.LayerNorm.weight]
6994.7s 2108 Loading weights:  82%|████████▏ | 163/199 [00:00<00:00, 3248.05it/s, Materializing param=encoder.layer.9.output.LayerNorm.weight]
6994.7s 2109 Loading weights:  82%|████████▏ | 164/199 [00:00<00:00, 3256.02it/s, Materializing param=encoder.layer.9.output.dense.bias]
6994.7s 2110 Loading weights:  82%|████████▏ | 164/199 [00:00<00:00, 3250.52it/s, Materializing param=encoder.layer.9.output.dense.bias]
6994.7s 2111 Loading weights:  83%|████████▎ | 165/199 [00:00<00:00, 3257.64it/s, Materializing param=encoder.layer.9.output.dense.weight]
6994.7s 2112 Loading weights:  83%|████████▎ | 165/199 [00:00<00:00, 3252.47it/s, Materializing param=encoder.layer.9.output.dense.weight]
6994.7s 2113 Loading weights:  83%|████████▎ | 166/199 [00:00<00:00, 3259.21it/s, Materializing param=encoder.layer.10.attention.output.LayerNorm.bias]
6994.7s 2114 Loading weights:  83%|████████▎ | 166/199 [00:00<00:00, 3253.89it/s, Materializing param=encoder.layer.10.attention.output.LayerNorm.bias]
6994.7s 2115 Loading weights:  84%|████████▍ | 167/199 [00:00<00:00, 3260.92it/s, Materializing param=encoder.layer.10.attention.output.LayerNorm.weight]
6994.7s 2116 Loading weights:  84%|████████▍ | 167/199 [00:00<00:00, 3255.66it/s, Materializing param=encoder.layer.10.attention.output.LayerNorm.weight]
6994.7s 2117 Loading weights:  84%|████████▍ | 168/199 [00:00<00:00, 3263.94it/s, Materializing param=encoder.layer.10.attention.output.dense.bias]
6994.7s 2118 Loading weights:  84%|████████▍ | 168/199 [00:00<00:00, 3258.37it/s, Materializing param=encoder.layer.10.attention.output.dense.bias]
6994.7s 2119 Loading weights:  85%|████████▍ | 169/199 [00:00<00:00, 3266.10it/s, Materializing param=encoder.layer.10.attention.output.dense.weight]
6994.7s 2120 Loading weights:  85%|████████▍ | 169/199 [00:00<00:00, 3260.90it/s, Materializing param=encoder.layer.10.attention.output.dense.weight]
6994.7s 2121 Loading weights:  85%|████████▌ | 170/199 [00:00<00:00, 3269.03it/s, Materializing param=encoder.layer.10.attention.self.key.bias]
6994.7s 2122 Loading weights:  85%|████████▌ | 170/199 [00:00<00:00, 3261.15it/s, Materializing param=encoder.layer.10.attention.self.key.bias]
6994.7s 2123 Loading weights:  86%|████████▌ | 171/199 [00:00<00:00, 3269.00it/s, Materializing param=encoder.layer.10.attention.self.key.weight]
6994.7s 2124 Loading weights:  86%|████████▌ | 171/199 [00:00<00:00, 3263.87it/s, Materializing param=encoder.layer.10.attention.self.key.weight]
6994.7s 2125 Loading weights:  86%|████████▋ | 172/199 [00:00<00:00, 3271.78it/s, Materializing param=encoder.layer.10.attention.self.query.bias]
6994.7s 2126 Loading weights:  86%|████████▋ | 172/199 [00:00<00:00, 3266.65it/s, Materializing param=encoder.layer.10.attention.self.query.bias]
6994.7s 2127 Loading weights:  87%|████████▋ | 173/199 [00:00<00:00, 3274.88it/s, Materializing param=encoder.layer.10.attention.self.query.weight]
6994.7s 2128 Loading weights:  87%|████████▋ | 173/199 [00:00<00:00, 3269.93it/s, Materializing param=encoder.layer.10.attention.self.query.weight]
6994.7s 2129 Loading weights:  87%|████████▋ | 174/199 [00:00<00:00, 3276.59it/s, Materializing param=encoder.layer.10.attention.self.value.bias]
6994.7s 2130 Loading weights:  87%|████████▋ | 174/199 [00:00<00:00, 3271.41it/s, Materializing param=encoder.layer.10.attention.self.value.bias]
6994.7s 2131 Loading weights:  88%|████████▊ | 175/199 [00:00<00:00, 3279.32it/s, Materializing param=encoder.layer.10.attention.self.value.weight]
6994.7s 2132 Loading weights:  88%|████████▊ | 175/199 [00:00<00:00, 3274.23it/s, Materializing param=encoder.layer.10.attention.self.value.weight]
6994.7s 2133 Loading weights:  88%|████████▊ | 176/199 [00:00<00:00, 3281.84it/s, Materializing param=encoder.layer.10.intermediate.dense.bias]
6994.7s 2134 Loading weights:  88%|████████▊ | 176/199 [00:00<00:00, 3276.52it/s, Materializing param=encoder.layer.10.intermediate.dense.bias]
6994.7s 2135 Loading weights:  89%|████████▉ | 177/199 [00:00<00:00, 3284.54it/s, Materializing param=encoder.layer.10.intermediate.dense.weight]
6994.7s 2136 Loading weights:  89%|████████▉ | 177/199 [00:00<00:00, 3279.52it/s, Materializing param=encoder.layer.10.intermediate.dense.weight]
6994.7s 2137 Loading weights:  89%|████████▉ | 178/199 [00:00<00:00, 3286.32it/s, Materializing param=encoder.layer.10.output.LayerNorm.bias]
6994.7s 2138 Loading weights:  89%|████████▉ | 178/199 [00:00<00:00, 3281.32it/s, Materializing param=encoder.layer.10.output.LayerNorm.bias]
6994.7s 2139 Loading weights:  90%|████████▉ | 179/199 [00:00<00:00, 3289.33it/s, Materializing param=encoder.layer.10.output.LayerNorm.weight]
6994.7s 2140 Loading weights:  90%|████████▉ | 179/199 [00:00<00:00, 3284.31it/s, Materializing param=encoder.layer.10.output.LayerNorm.weight]
6994.7s 2141 Loading weights:  90%|█████████ | 180/199 [00:00<00:00, 3291.62it/s, Materializing param=encoder.layer.10.output.dense.bias]
6994.7s 2142 Loading weights:  90%|█████████ | 180/199 [00:00<00:00, 3286.39it/s, Materializing param=encoder.layer.10.output.dense.bias]
6994.7s 2143 Loading weights:  91%|█████████ | 181/199 [00:00<00:00, 3294.22it/s, Materializing param=encoder.layer.10.output.dense.weight]
6994.7s 2144 Loading weights:  91%|█████████ | 181/199 [00:00<00:00, 3288.08it/s, Materializing param=encoder.layer.10.output.dense.weight]
6994.7s 2145 Loading weights:  91%|█████████▏| 182/199 [00:00<00:00, 3295.34it/s, Materializing param=encoder.layer.11.attention.output.LayerNorm.bias]
6994.7s 2146 Loading weights:  91%|█████████▏| 182/199 [00:00<00:00, 3291.68it/s, Materializing param=encoder.layer.11.attention.output.LayerNorm.bias]
6994.7s 2147 Loading weights:  92%|█████████▏| 183/199 [00:00<00:00, 3303.61it/s, Materializing param=encoder.layer.11.attention.output.LayerNorm.weight]
6994.7s 2148 Loading weights:  92%|█████████▏| 183/199 [00:00<00:00, 3300.26it/s, Materializing param=encoder.layer.11.attention.output.LayerNorm.weight]
6994.7s 2149 Loading weights:  92%|█████████▏| 184/199 [00:00<00:00, 3312.58it/s, Materializing param=encoder.layer.11.attention.output.dense.bias]
6994.7s 2150 Loading weights:  92%|█████████▏| 184/199 [00:00<00:00, 3308.99it/s, Materializing param=encoder.layer.11.attention.output.dense.bias]
6994.7s 2151 Loading weights:  93%|█████████▎| 185/199 [00:00<00:00, 3321.30it/s, Materializing param=encoder.layer.11.attention.output.dense.weight]
6994.7s 2152 Loading weights:  93%|█████████▎| 185/199 [00:00<00:00, 3318.21it/s, Materializing param=encoder.layer.11.attention.output.dense.weight]
6994.7s 2153 Loading weights:  93%|█████████▎| 186/199 [00:00<00:00, 3330.53it/s, Materializing param=encoder.layer.11.attention.self.key.bias]
6994.7s 2154 Loading weights:  93%|█████████▎| 186/199 [00:00<00:00, 3327.42it/s, Materializing param=encoder.layer.11.attention.self.key.bias]
6994.7s 2155 Loading weights:  94%|█████████▍| 187/199 [00:00<00:00, 3339.84it/s, Materializing param=encoder.layer.11.attention.self.key.weight]
6994.7s 2156 Loading weights:  94%|█████████▍| 187/199 [00:00<00:00, 3333.59it/s, Materializing param=encoder.layer.11.attention.self.key.weight]
6994.7s 2157 Loading weights:  94%|█████████▍| 188/199 [00:00<00:00, 3344.71it/s, Materializing param=encoder.layer.11.attention.self.query.bias]
6994.7s 2158 Loading weights:  94%|█████████▍| 188/199 [00:00<00:00, 3341.62it/s, Materializing param=encoder.layer.11.attention.self.query.bias]
6994.7s 2159 Loading weights:  95%|█████████▍| 189/199 [00:00<00:00, 3353.97it/s, Materializing param=encoder.layer.11.attention.self.query.weight]
6994.7s 2160 Loading weights:  95%|█████████▍| 189/199 [00:00<00:00, 3351.00it/s, Materializing param=encoder.layer.11.attention.self.query.weight]
6994.7s 2161 Loading weights:  95%|█████████▌| 190/199 [00:00<00:00, 3363.42it/s, Materializing param=encoder.layer.11.attention.self.value.bias]
6994.7s 2162 Loading weights:  95%|█████████▌| 190/199 [00:00<00:00, 3360.44it/s, Materializing param=encoder.layer.11.attention.self.value.bias]
6994.7s 2163 Loading weights:  96%|█████████▌| 191/199 [00:00<00:00, 3372.42it/s, Materializing param=encoder.layer.11.attention.self.value.weight]
6994.7s 2164 Loading weights:  96%|█████████▌| 191/199 [00:00<00:00, 3369.44it/s, Materializing param=encoder.layer.11.attention.self.value.weight]
6994.7s 2165 Loading weights:  96%|█████████▋| 192/199 [00:00<00:00, 3381.75it/s, Materializing param=encoder.layer.11.intermediate.dense.bias]
6994.7s 2166 Loading weights:  96%|█████████▋| 192/199 [00:00<00:00, 3378.54it/s, Materializing param=encoder.layer.11.intermediate.dense.bias]
6994.7s 2167 Loading weights:  97%|█████████▋| 193/199 [00:00<00:00, 3390.73it/s, Materializing param=encoder.layer.11.intermediate.dense.weight]
6994.7s 2168 Loading weights:  97%|█████████▋| 193/199 [00:00<00:00, 3387.78it/s, Materializing param=encoder.layer.11.intermediate.dense.weight]
6994.7s 2169 Loading weights:  97%|█████████▋| 194/199 [00:00<00:00, 3399.09it/s, Materializing param=encoder.layer.11.output.LayerNorm.bias]
6994.7s 2170 Loading weights:  97%|█████████▋| 194/199 [00:00<00:00, 3395.98it/s, Materializing param=encoder.layer.11.output.LayerNorm.bias]
6994.7s 2171 Loading weights:  98%|█████████▊| 195/199 [00:00<00:00, 3408.16it/s, Materializing param=encoder.layer.11.output.LayerNorm.weight]
6994.7s 2172 Loading weights:  98%|█████████▊| 195/199 [00:00<00:00, 3405.12it/s, Materializing param=encoder.layer.11.output.LayerNorm.weight]
6994.7s 2173 Loading weights:  98%|█████████▊| 196/199 [00:00<00:00, 3417.39it/s, Materializing param=encoder.layer.11.output.dense.bias]
6994.7s 2174 Loading weights:  98%|█████████▊| 196/199 [00:00<00:00, 3414.45it/s, Materializing param=encoder.layer.11.output.dense.bias]
6994.7s 2175 Loading weights:  99%|█████████▉| 197/199 [00:00<00:00, 3426.70it/s, Materializing param=encoder.layer.11.output.dense.weight]
6994.7s 2176 Loading weights:  99%|█████████▉| 197/199 [00:00<00:00, 3423.78it/s, Materializing param=encoder.layer.11.output.dense.weight]
6994.7s 2177 Loading weights:  99%|█████████▉| 198/199 [00:00<00:00, 3435.48it/s, Materializing param=pooler.dense.bias]
6994.7s 2178 Loading weights:  99%|█████████▉| 198/199 [00:00<00:00, 3432.50it/s, Materializing param=pooler.dense.bias]
6994.7s 2179 Loading weights: 100%|██████████| 199/199 [00:00<00:00, 3444.88it/s, Materializing param=pooler.dense.weight]
6994.7s 2180 Loading weights: 100%|██████████| 199/199 [00:00<00:00, 3442.04it/s, Materializing param=pooler.dense.weight]
6994.7s 2181 Loading weights: 100%|██████████| 199/199 [00:00<00:00, 3435.93it/s, Materializing param=pooler.dense.weight]
6994.7s 2182 BertModel LOAD REPORT from: google/muril-base-cased
6994.7s 2183 Key                                        | Status     |  |
6994.7s 2184 -------------------------------------------+------------+--+-
6994.7s 2185 cls.predictions.decoder.bias               | UNEXPECTED |  |
6994.7s 2186 cls.predictions.transform.LayerNorm.weight | UNEXPECTED |  |
6994.7s 2187 cls.predictions.transform.LayerNorm.bias   | UNEXPECTED |  |
6994.7s 2188 cls.predictions.bias                       | UNEXPECTED |  |
6994.7s 2189 cls.predictions.transform.dense.weight     | UNEXPECTED |  |
6994.7s 2190 cls.seq_relationship.bias                  | UNEXPECTED |  |
6994.7s 2191 cls.predictions.transform.dense.bias       | UNEXPECTED |  |
6994.7s 2192 cls.seq_relationship.weight                | UNEXPECTED |  |
6994.7s 2193 cls.predictions.decoder.weight             | UNEXPECTED |  |
6994.7s 2194 bert.embeddings.position_ids               | UNEXPECTED |  |
6994.7s 2195 
6994.7s 2196 Notes:
6994.7s 2197 - UNEXPECTED	:can be ignored when loading from different task/architecture; not ok if you expect identical arch.
7135.6s 2198 [s42f5] ep1 160/320 loss 0.5630 val 0.6891 * (0.87s/step)
7283.5s 2199 [s42f5] ep1 320/320 loss 0.4391 val 0.7220 * (0.90s/step)
7283.5s 2200 [s42f5] ep1 done 4.8min  best 0.7220
7428.9s 2201 [s42f5] ep2 160/320 loss 0.5711 val 0.7546 * (0.91s/step)
7574.6s 2202 [s42f5] ep2 320/320 loss 0.5039 val 0.7695 * (0.91s/step)
7574.6s 2203 [s42f5] ep2 done 4.9min  best 0.7695
7718.6s 2204 [s42f5] ep3 160/320 loss 0.5769 val 0.7836 * (0.90s/step)
7865.1s 2205 [s42f5] ep3 320/320 loss 0.6803 val 0.7858 * (0.91s/step)
7865.1s 2206 [s42f5] ep3 done 4.8min  best 0.7858
8010.5s 2207 [s42f5] ep4 160/320 loss 0.3907 val 0.7967 * (0.91s/step)
8157.1s 2208 [s42f5] ep4 320/320 loss 0.4992 val 0.8006 * (0.91s/step)
8157.1s 2209 [s42f5] ep4 done 4.9min  best 0.8006
8300.5s 2210 [s42f5] ep5 160/320 loss 0.2809 val 0.8022 * (0.90s/step)
8434.8s 2211 [s42f5] ep5 320/320 loss 0.3799 val 0.7990 (0.87s/step)
8434.8s 2212 [s42f5] ep5 done 4.6min  best 0.8022
8570.0s 2213 [s42f5] ep6 160/320 loss 0.4138 val 0.8006 (0.85s/step)
8713.3s 2214 [s42f5] ep6 320/320 loss 0.6051 val 0.7989 (0.87s/step)
8713.3s 2215 [s42f5] ep6 done 4.6min  best 0.8022
8713.3s 2216 [s42f5] best 0.8022  last 0.7989  (selected: best)
8713.3s 2217 
8713.3s 2218 OOF macro-F1 0.7932 acc 0.7936
8714.1s 2219 threshold-tuned OOF macro-F1 0.7944 at p(Hate) > 0.484
8714.1s 2220 wrote /kaggle/working/hastika/artifacts/runs/task_a_muril_oof/predictions.csv (threshold 0.500)
8716.9s 2221 aligned OOF predictions are ready
8716.9s 2222 $ /usr/bin/python3 -m hastika.models.ensemble --task a --tags task_a_svm_demojized task_a_muril_oof --samples 20000 --seed 42 --out task_a_svm_muril_ensemble
8718.6s 2223 dedupe task A: 6446 -> 6401 rows (39 duplicate, 6 in label-conflict groups)
8745.7s 2224 
8745.7s 2225 individual OOF macro-F1:
8745.7s 2226 task_a_muril_oof 0.7932
8745.7s 2227 task_a_svm_demojized 0.8073
8745.7s 2228 
8745.7s 2229 best blend OOF macro-F1 0.8233  acc 0.8235
8745.7s 2230 task_a_muril_oof 0.43
8745.7s 2231 task_a_svm_demojized 0.57
8745.7s 2232 
8745.7s 2233 nested estimate      0.8230  vs best single 0.8073  -- blending pays
8745.7s 2234 
8745.7s 2235 wrote /kaggle/working/hastika/artifacts/runs/task_a_svm_muril_ensemble/predictions.csv  ({'Non-Hate': 414, 'Hate': 392})
8745.7s 2236 ensemble predictions are ready
8745.7s 2237 $ /usr/bin/python3 -m hastika.common.submission --task a --pred artifacts/runs/task_a_svm_demojized/predictions.csv --out /kaggle/working/task_a_svm_demojized.zip
8746.2s 2238 OK: 806 rows, {'Non-Hate': 418, 'Hate': 388}
8746.2s 2239 wrote /kaggle/working/task_a_svm_demojized.zip
8746.2s 2240 $ /usr/bin/python3 -m hastika.common.submission --task a --pred artifacts/runs/task_a_muril_oof/predictions.csv --out /kaggle/working/task_a_muril_oof.zip
8746.8s 2241 OK: 806 rows, {'Non-Hate': 415, 'Hate': 391}
8746.8s 2242 wrote /kaggle/working/task_a_muril_oof.zip
8746.8s 2243 $ /usr/bin/python3 -m hastika.common.submission --task a --pred artifacts/runs/task_a_svm_muril_ensemble/predictions.csv --out /kaggle/working/task_a_svm_muril_ensemble.zip
8747.3s 2244 OK: 806 rows, {'Non-Hate': 414, 'Hate': 392}
8747.3s 2245 wrote /kaggle/working/task_a_svm_muril_ensemble.zip
8747.3s 2246 all three Task A ZIPs validated
8747.4s 2247 download directory: /kaggle/working/task_a_ensemble_outputs
8747.4s 2248 preferred ensemble candidate: /kaggle/working/task_a_ensemble_outputs/task_a_svm_muril_ensemble.zip
8750.3s 2249 /usr/local/lib/python3.12/dist-packages/mistune.py:435: SyntaxWarning: invalid escape sequence '\|'
8750.3s 2250 cells[i][c] = re.sub('\\\\\|', '|', cell)
8750.5s 2251 /usr/local/lib/python3.12/dist-packages/nbconvert/filters/filter_links.py:36: SyntaxWarning: invalid escape sequence '\_'
8750.5s 2252 text = re.sub(r'_', '\_', text) # Escape underscores in display text
8751.1s 2253 [NbConvertApp] Converting notebook __notebook__.ipynb to notebook
8751.4s 2254 [NbConvertApp] Writing 314378 bytes to __notebook__.ipynb
8753.7s 2255 [NbConvertApp] Converting notebook __notebook__.ipynb to html
8754.5s 2256 [NbConvertApp] Writing 583669 bytes to __results__.html