7.7s 1 0.00s - Debugger warning: It seems that frozen modules are being used, which may
7.7s 2 0.00s - make the debugger miss breakpoints. Please pass -Xfrozen_modules=off
7.7s 3 0.00s - to python to disable frozen modules.
7.7s 4 0.00s - Note: Debugging will proceed. Set PYDEVD_DISABLE_FILE_VALIDATION=1 to disable this validation.
8.4s 5 0.00s - Debugger warning: It seems that frozen modules are being used, which may
8.4s 6 0.00s - make the debugger miss breakpoints. Please pass -Xfrozen_modules=off
8.4s 7 0.00s - to python to disable frozen modules.
8.4s 8 0.00s - Note: Debugging will proceed. Set PYDEVD_DISABLE_FILE_VALIDATION=1 to disable this validation.
10.8s 9 5900aac exp: add full-data Task A ensemble and embedding SVM
11.1s 10 5900aac exp: add full-data Task A ensemble and embedding SVM
13.8s 11 ━━━━━━━━━━━━━━━━━━━━━━━━━━━━━━━━━━━━━━━━ 44.8/44.8 kB 681.7 kB/s eta 0:00:00
14.0s 12 ━━━━━━━━━━━━━━━━━━━━━━━━━━━━━━━━━━━━━━━━ 44.8/44.8 kB 681.7 kB/s eta 0:00:00
21.2s 13 gpu: Tesla T4
21.3s 14 $ /usr/bin/python3 -u -m hastika.models.muril_embeddings_svm --tag task_a_muril_embeddings_svm_rbf --kernel rbf --C 2.0 --batch-size 32 --max-len 128 --valid-size 0.15 --seed 42
46.1s 15 device=cuda model=google/muril-base-cased kernel=rbf C=2.0 pooling=meanmax demojize=True
46.4s 16 dedupe task A: 6446 -> 6401 rows (39 duplicate, 6 in label-conflict groups)
47.2s 17 deduplicated labelled rows: 6401; validation inputs: 806
47.4s 18 Warning: You are sending unauthenticated requests to the HF Hub. Please set a HF_TOKEN to enable higher rate limits and faster downloads.
61.0s 19 
61.0s 20 Loading weights:   0%|          | 0/199 [00:00<?, ?it/s]
61.0s 21 Loading weights:   1%|          | 1/199 [00:00<00:00, 8683.86it/s, Materializing param=embeddings.LayerNorm.bias]
61.0s 22 Loading weights:   1%|          | 1/199 [00:00<00:00, 3724.96it/s, Materializing param=embeddings.LayerNorm.bias]
61.0s 23 Loading weights:   1%|          | 2/199 [00:00<00:00, 3474.98it/s, Materializing param=embeddings.LayerNorm.weight]
61.0s 24 Loading weights:   1%|          | 2/199 [00:00<00:00, 1894.02it/s, Materializing param=embeddings.LayerNorm.weight]
61.0s 25 Loading weights:   2%|▏         | 3/199 [00:00<00:00, 1212.46it/s, Materializing param=embeddings.position_embeddings.weight]
61.0s 26 Loading weights:   2%|▏         | 3/199 [00:00<00:00, 862.91it/s, Materializing param=embeddings.position_embeddings.weight]
61.0s 27 Loading weights:   2%|▏         | 4/199 [00:00<00:00, 619.68it/s, Materializing param=embeddings.token_type_embeddings.weight]
61.0s 28 Loading weights:   2%|▏         | 4/199 [00:00<00:00, 565.23it/s, Materializing param=embeddings.token_type_embeddings.weight]
61.0s 29 Loading weights:   3%|▎         | 5/199 [00:00<00:00, 637.32it/s, Materializing param=embeddings.word_embeddings.weight]
61.0s 30 Loading weights:   3%|▎         | 5/199 [00:00<00:00, 618.43it/s, Materializing param=embeddings.word_embeddings.weight]
61.0s 31 Loading weights:   3%|▎         | 6/199 [00:00<00:00, 718.06it/s, Materializing param=encoder.layer.0.attention.output.LayerNorm.bias]
61.0s 32 Loading weights:   3%|▎         | 6/199 [00:00<00:00, 700.43it/s, Materializing param=encoder.layer.0.attention.output.LayerNorm.bias]
61.0s 33 Loading weights:   4%|▎         | 7/199 [00:00<00:00, 794.72it/s, Materializing param=encoder.layer.0.attention.output.LayerNorm.weight]
61.0s 34 Loading weights:   4%|▎         | 7/199 [00:00<00:00, 774.04it/s, Materializing param=encoder.layer.0.attention.output.LayerNorm.weight]
61.0s 35 Loading weights:   4%|▍         | 8/199 [00:00<00:00, 851.68it/s, Materializing param=encoder.layer.0.attention.output.dense.bias]
61.0s 36 Loading weights:   4%|▍         | 8/199 [00:00<00:00, 833.77it/s, Materializing param=encoder.layer.0.attention.output.dense.bias]
61.0s 37 Loading weights:   5%|▍         | 9/199 [00:00<00:00, 910.22it/s, Materializing param=encoder.layer.0.attention.output.dense.weight]
61.0s 38 Loading weights:   5%|▍         | 9/199 [00:00<00:00, 897.63it/s, Materializing param=encoder.layer.0.attention.output.dense.weight]
61.0s 39 Loading weights:   5%|▌         | 10/199 [00:00<00:00, 974.20it/s, Materializing param=encoder.layer.0.attention.self.key.bias]
61.0s 40 Loading weights:   5%|▌         | 10/199 [00:00<00:00, 954.79it/s, Materializing param=encoder.layer.0.attention.self.key.bias]
61.0s 41 Loading weights:   6%|▌         | 11/199 [00:00<00:00, 915.02it/s, Materializing param=encoder.layer.0.attention.self.key.weight]
61.0s 42 Loading weights:   6%|▌         | 11/199 [00:00<00:00, 890.97it/s, Materializing param=encoder.layer.0.attention.self.key.weight]
61.0s 43 Loading weights:   6%|▌         | 12/199 [00:00<00:00, 935.34it/s, Materializing param=encoder.layer.0.attention.self.query.bias]
61.0s 44 Loading weights:   6%|▌         | 12/199 [00:00<00:00, 923.62it/s, Materializing param=encoder.layer.0.attention.self.query.bias]
61.0s 45 Loading weights:   7%|▋         | 13/199 [00:00<00:00, 960.76it/s, Materializing param=encoder.layer.0.attention.self.query.weight]
61.0s 46 Loading weights:   7%|▋         | 13/199 [00:00<00:00, 945.86it/s, Materializing param=encoder.layer.0.attention.self.query.weight]
61.0s 47 Loading weights:   7%|▋         | 14/199 [00:00<00:00, 984.97it/s, Materializing param=encoder.layer.0.attention.self.value.bias]
61.0s 48 Loading weights:   7%|▋         | 14/199 [00:00<00:00, 976.59it/s, Materializing param=encoder.layer.0.attention.self.value.bias]
61.0s 49 Loading weights:   8%|▊         | 15/199 [00:00<00:00, 1020.61it/s, Materializing param=encoder.layer.0.attention.self.value.weight]
61.0s 50 Loading weights:   8%|▊         | 15/199 [00:00<00:00, 1012.99it/s, Materializing param=encoder.layer.0.attention.self.value.weight]
61.0s 51 Loading weights:   8%|▊         | 16/199 [00:00<00:00, 1059.15it/s, Materializing param=encoder.layer.0.intermediate.dense.bias]
61.0s 52 Loading weights:   8%|▊         | 16/199 [00:00<00:00, 1051.91it/s, Materializing param=encoder.layer.0.intermediate.dense.bias]
61.0s 53 Loading weights:   9%|▊         | 17/199 [00:00<00:00, 1103.00it/s, Materializing param=encoder.layer.0.intermediate.dense.weight]
61.0s 54 Loading weights:   9%|▊         | 17/199 [00:00<00:00, 1089.73it/s, Materializing param=encoder.layer.0.intermediate.dense.weight]
61.0s 55 Loading weights:   9%|▉         | 18/199 [00:00<00:00, 1107.94it/s, Materializing param=encoder.layer.0.output.LayerNorm.bias]
61.0s 56 Loading weights:   9%|▉         | 18/199 [00:00<00:00, 1093.91it/s, Materializing param=encoder.layer.0.output.LayerNorm.bias]
61.0s 57 Loading weights:  10%|▉         | 19/199 [00:00<00:00, 1131.10it/s, Materializing param=encoder.layer.0.output.LayerNorm.weight]
61.0s 58 Loading weights:  10%|▉         | 19/199 [00:00<00:00, 1123.35it/s, Materializing param=encoder.layer.0.output.LayerNorm.weight]
61.0s 59 Loading weights:  10%|█         | 20/199 [00:00<00:00, 1158.01it/s, Materializing param=encoder.layer.0.output.dense.bias]
61.0s 60 Loading weights:  10%|█         | 20/199 [00:00<00:00, 1141.35it/s, Materializing param=encoder.layer.0.output.dense.bias]
61.0s 61 Loading weights:  11%|█         | 21/199 [00:00<00:00, 1181.56it/s, Materializing param=encoder.layer.0.output.dense.weight]
61.0s 62 Loading weights:  11%|█         | 21/199 [00:00<00:00, 1158.91it/s, Materializing param=encoder.layer.0.output.dense.weight]
61.0s 63 Loading weights:  11%|█         | 22/199 [00:00<00:00, 1173.69it/s, Materializing param=encoder.layer.1.attention.output.LayerNorm.bias]
61.0s 64 Loading weights:  11%|█         | 22/199 [00:00<00:00, 1164.19it/s, Materializing param=encoder.layer.1.attention.output.LayerNorm.bias]
61.0s 65 Loading weights:  12%|█▏        | 23/199 [00:00<00:00, 1179.40it/s, Materializing param=encoder.layer.1.attention.output.LayerNorm.weight]
61.0s 66 Loading weights:  12%|█▏        | 23/199 [00:00<00:00, 1170.80it/s, Materializing param=encoder.layer.1.attention.output.LayerNorm.weight]
61.0s 67 Loading weights:  12%|█▏        | 24/199 [00:00<00:00, 1207.15it/s, Materializing param=encoder.layer.1.attention.output.dense.bias]
61.0s 68 Loading weights:  12%|█▏        | 24/199 [00:00<00:00, 1197.83it/s, Materializing param=encoder.layer.1.attention.output.dense.bias]
61.0s 69 Loading weights:  13%|█▎        | 25/199 [00:00<00:00, 1232.59it/s, Materializing param=encoder.layer.1.attention.output.dense.weight]
61.0s 70 Loading weights:  13%|█▎        | 25/199 [00:00<00:00, 1222.42it/s, Materializing param=encoder.layer.1.attention.output.dense.weight]
61.0s 71 Loading weights:  13%|█▎        | 26/199 [00:00<00:00, 1257.04it/s, Materializing param=encoder.layer.1.attention.self.key.bias]
61.0s 72 Loading weights:  13%|█▎        | 26/199 [00:00<00:00, 1248.95it/s, Materializing param=encoder.layer.1.attention.self.key.bias]
61.0s 73 Loading weights:  14%|█▎        | 27/199 [00:00<00:00, 1280.78it/s, Materializing param=encoder.layer.1.attention.self.key.weight]
61.0s 74 Loading weights:  14%|█▎        | 27/199 [00:00<00:00, 1272.34it/s, Materializing param=encoder.layer.1.attention.self.key.weight]
61.0s 75 Loading weights:  14%|█▍        | 28/199 [00:00<00:00, 1302.78it/s, Materializing param=encoder.layer.1.attention.self.query.bias]
61.0s 76 Loading weights:  14%|█▍        | 28/199 [00:00<00:00, 1294.12it/s, Materializing param=encoder.layer.1.attention.self.query.bias]
61.0s 77 Loading weights:  15%|█▍        | 29/199 [00:00<00:00, 1325.00it/s, Materializing param=encoder.layer.1.attention.self.query.weight]
61.0s 78 Loading weights:  15%|█▍        | 29/199 [00:00<00:00, 1315.72it/s, Materializing param=encoder.layer.1.attention.self.query.weight]
61.0s 79 Loading weights:  15%|█▌        | 30/199 [00:00<00:00, 1345.28it/s, Materializing param=encoder.layer.1.attention.self.value.bias]
61.0s 80 Loading weights:  15%|█▌        | 30/199 [00:00<00:00, 1335.64it/s, Materializing param=encoder.layer.1.attention.self.value.bias]
61.0s 81 Loading weights:  16%|█▌        | 31/199 [00:00<00:00, 1365.89it/s, Materializing param=encoder.layer.1.attention.self.value.weight]
61.0s 82 Loading weights:  16%|█▌        | 31/199 [00:00<00:00, 1358.54it/s, Materializing param=encoder.layer.1.attention.self.value.weight]
61.0s 83 Loading weights:  16%|█▌        | 32/199 [00:00<00:00, 1385.29it/s, Materializing param=encoder.layer.1.intermediate.dense.bias]
61.0s 84 Loading weights:  16%|█▌        | 32/199 [00:00<00:00, 1377.31it/s, Materializing param=encoder.layer.1.intermediate.dense.bias]
61.0s 85 Loading weights:  17%|█▋        | 33/199 [00:00<00:00, 1403.15it/s, Materializing param=encoder.layer.1.intermediate.dense.weight]
61.0s 86 Loading weights:  17%|█▋        | 33/199 [00:00<00:00, 1394.85it/s, Materializing param=encoder.layer.1.intermediate.dense.weight]
61.0s 87 Loading weights:  17%|█▋        | 34/199 [00:00<00:00, 1421.91it/s, Materializing param=encoder.layer.1.output.LayerNorm.bias]
61.0s 88 Loading weights:  17%|█▋        | 34/199 [00:00<00:00, 1412.78it/s, Materializing param=encoder.layer.1.output.LayerNorm.bias]
61.0s 89 Loading weights:  18%|█▊        | 35/199 [00:00<00:00, 1437.49it/s, Materializing param=encoder.layer.1.output.LayerNorm.weight]
61.0s 90 Loading weights:  18%|█▊        | 35/199 [00:00<00:00, 1429.90it/s, Materializing param=encoder.layer.1.output.LayerNorm.weight]
61.0s 91 Loading weights:  18%|█▊        | 36/199 [00:00<00:00, 1456.95it/s, Materializing param=encoder.layer.1.output.dense.bias]
61.0s 92 Loading weights:  18%|█▊        | 36/199 [00:00<00:00, 1449.16it/s, Materializing param=encoder.layer.1.output.dense.bias]
61.0s 93 Loading weights:  19%|█▊        | 37/199 [00:00<00:00, 1474.62it/s, Materializing param=encoder.layer.1.output.dense.weight]
61.0s 94 Loading weights:  19%|█▊        | 37/199 [00:00<00:00, 1467.57it/s, Materializing param=encoder.layer.1.output.dense.weight]
61.0s 95 Loading weights:  19%|█▉        | 38/199 [00:00<00:00, 1493.77it/s, Materializing param=encoder.layer.2.attention.output.LayerNorm.bias]
61.0s 96 Loading weights:  19%|█▉        | 38/199 [00:00<00:00, 1484.28it/s, Materializing param=encoder.layer.2.attention.output.LayerNorm.bias]
61.0s 97 Loading weights:  20%|█▉        | 39/199 [00:00<00:00, 1508.70it/s, Materializing param=encoder.layer.2.attention.output.LayerNorm.weight]
61.0s 98 Loading weights:  20%|█▉        | 39/199 [00:00<00:00, 1500.84it/s, Materializing param=encoder.layer.2.attention.output.LayerNorm.weight]
61.0s 99 Loading weights:  20%|██        | 40/199 [00:00<00:00, 1525.24it/s, Materializing param=encoder.layer.2.attention.output.dense.bias]
61.0s 100 Loading weights:  20%|██        | 40/199 [00:00<00:00, 1516.49it/s, Materializing param=encoder.layer.2.attention.output.dense.bias]
61.0s 101 Loading weights:  21%|██        | 41/199 [00:00<00:00, 1539.21it/s, Materializing param=encoder.layer.2.attention.output.dense.weight]
61.0s 102 Loading weights:  21%|██        | 41/199 [00:00<00:00, 1532.80it/s, Materializing param=encoder.layer.2.attention.output.dense.weight]
61.0s 103 Loading weights:  21%|██        | 42/199 [00:00<00:00, 1555.00it/s, Materializing param=encoder.layer.2.attention.self.key.bias]
61.0s 104 Loading weights:  21%|██        | 42/199 [00:00<00:00, 1547.81it/s, Materializing param=encoder.layer.2.attention.self.key.bias]
61.0s 105 Loading weights:  22%|██▏       | 43/199 [00:00<00:00, 1571.57it/s, Materializing param=encoder.layer.2.attention.self.key.weight]
61.0s 106 Loading weights:  22%|██▏       | 43/199 [00:00<00:00, 1563.56it/s, Materializing param=encoder.layer.2.attention.self.key.weight]
61.0s 107 Loading weights:  22%|██▏       | 44/199 [00:00<00:00, 1492.72it/s, Materializing param=encoder.layer.2.attention.self.query.bias]
61.0s 108 Loading weights:  22%|██▏       | 44/199 [00:00<00:00, 1485.08it/s, Materializing param=encoder.layer.2.attention.self.query.bias]
61.0s 109 Loading weights:  23%|██▎       | 45/199 [00:00<00:00, 1506.73it/s, Materializing param=encoder.layer.2.attention.self.query.weight]
61.0s 110 Loading weights:  23%|██▎       | 45/199 [00:00<00:00, 1499.54it/s, Materializing param=encoder.layer.2.attention.self.query.weight]
61.0s 111 Loading weights:  23%|██▎       | 46/199 [00:00<00:00, 1520.51it/s, Materializing param=encoder.layer.2.attention.self.value.bias]
61.0s 112 Loading weights:  23%|██▎       | 46/199 [00:00<00:00, 1515.24it/s, Materializing param=encoder.layer.2.attention.self.value.bias]
61.0s 113 Loading weights:  24%|██▎       | 47/199 [00:00<00:00, 1535.69it/s, Materializing param=encoder.layer.2.attention.self.value.weight]
61.0s 114 Loading weights:  24%|██▎       | 47/199 [00:00<00:00, 1530.51it/s, Materializing param=encoder.layer.2.attention.self.value.weight]
61.0s 115 Loading weights:  24%|██▍       | 48/199 [00:00<00:00, 1549.25it/s, Materializing param=encoder.layer.2.intermediate.dense.bias]
61.0s 116 Loading weights:  24%|██▍       | 48/199 [00:00<00:00, 1543.54it/s, Materializing param=encoder.layer.2.intermediate.dense.bias]
61.0s 117 Loading weights:  25%|██▍       | 49/199 [00:00<00:00, 1564.59it/s, Materializing param=encoder.layer.2.intermediate.dense.weight]
61.0s 118 Loading weights:  25%|██▍       | 49/199 [00:00<00:00, 1558.46it/s, Materializing param=encoder.layer.2.intermediate.dense.weight]
61.0s 119 Loading weights:  25%|██▌       | 50/199 [00:00<00:00, 1578.09it/s, Materializing param=encoder.layer.2.output.LayerNorm.bias]
61.0s 120 Loading weights:  25%|██▌       | 50/199 [00:00<00:00, 1571.14it/s, Materializing param=encoder.layer.2.output.LayerNorm.bias]
61.0s 121 Loading weights:  26%|██▌       | 51/199 [00:00<00:00, 1590.98it/s, Materializing param=encoder.layer.2.output.LayerNorm.weight]
61.0s 122 Loading weights:  26%|██▌       | 51/199 [00:00<00:00, 1584.88it/s, Materializing param=encoder.layer.2.output.LayerNorm.weight]
61.0s 123 Loading weights:  26%|██▌       | 52/199 [00:00<00:00, 1602.83it/s, Materializing param=encoder.layer.2.output.dense.bias]
61.0s 124 Loading weights:  26%|██▌       | 52/199 [00:00<00:00, 1595.92it/s, Materializing param=encoder.layer.2.output.dense.bias]
61.0s 125 Loading weights:  27%|██▋       | 53/199 [00:00<00:00, 1615.09it/s, Materializing param=encoder.layer.2.output.dense.weight]
61.0s 126 Loading weights:  27%|██▋       | 53/199 [00:00<00:00, 1607.11it/s, Materializing param=encoder.layer.2.output.dense.weight]
61.0s 127 Loading weights:  27%|██▋       | 54/199 [00:00<00:00, 1625.89it/s, Materializing param=encoder.layer.3.attention.output.LayerNorm.bias]
61.0s 128 Loading weights:  27%|██▋       | 54/199 [00:00<00:00, 1619.32it/s, Materializing param=encoder.layer.3.attention.output.LayerNorm.bias]
61.0s 129 Loading weights:  28%|██▊       | 55/199 [00:00<00:00, 1637.68it/s, Materializing param=encoder.layer.3.attention.output.LayerNorm.weight]
61.0s 130 Loading weights:  28%|██▊       | 55/199 [00:00<00:00, 1631.46it/s, Materializing param=encoder.layer.3.attention.output.LayerNorm.weight]
61.0s 131 Loading weights:  28%|██▊       | 56/199 [00:00<00:00, 1647.76it/s, Materializing param=encoder.layer.3.attention.output.dense.bias]
61.0s 132 Loading weights:  28%|██▊       | 56/199 [00:00<00:00, 1641.09it/s, Materializing param=encoder.layer.3.attention.output.dense.bias]
61.0s 133 Loading weights:  29%|██▊       | 57/199 [00:00<00:00, 1657.44it/s, Materializing param=encoder.layer.3.attention.output.dense.weight]
61.0s 134 Loading weights:  29%|██▊       | 57/199 [00:00<00:00, 1649.85it/s, Materializing param=encoder.layer.3.attention.output.dense.weight]
61.0s 135 Loading weights:  29%|██▉       | 58/199 [00:00<00:00, 1664.77it/s, Materializing param=encoder.layer.3.attention.self.key.bias]
61.0s 136 Loading weights:  29%|██▉       | 58/199 [00:00<00:00, 1656.39it/s, Materializing param=encoder.layer.3.attention.self.key.bias]
61.0s 137 Loading weights:  30%|██▉       | 59/199 [00:00<00:00, 1671.96it/s, Materializing param=encoder.layer.3.attention.self.key.weight]
61.0s 138 Loading weights:  30%|██▉       | 59/199 [00:00<00:00, 1664.98it/s, Materializing param=encoder.layer.3.attention.self.key.weight]
61.0s 139 Loading weights:  30%|███       | 60/199 [00:00<00:00, 1681.12it/s, Materializing param=encoder.layer.3.attention.self.query.bias]
61.0s 140 Loading weights:  30%|███       | 60/199 [00:00<00:00, 1674.16it/s, Materializing param=encoder.layer.3.attention.self.query.bias]
61.0s 141 Loading weights:  31%|███       | 61/199 [00:00<00:00, 1689.99it/s, Materializing param=encoder.layer.3.attention.self.query.weight]
61.0s 142 Loading weights:  31%|███       | 61/199 [00:00<00:00, 1684.46it/s, Materializing param=encoder.layer.3.attention.self.query.weight]
61.0s 143 Loading weights:  31%|███       | 62/199 [00:00<00:00, 1702.29it/s, Materializing param=encoder.layer.3.attention.self.value.bias]
61.0s 144 Loading weights:  31%|███       | 62/199 [00:00<00:00, 1697.00it/s, Materializing param=encoder.layer.3.attention.self.value.bias]
61.0s 145 Loading weights:  32%|███▏      | 63/199 [00:00<00:00, 1714.17it/s, Materializing param=encoder.layer.3.attention.self.value.weight]
61.0s 146 Loading weights:  32%|███▏      | 63/199 [00:00<00:00, 1708.63it/s, Materializing param=encoder.layer.3.attention.self.value.weight]
61.0s 147 Loading weights:  32%|███▏      | 64/199 [00:00<00:00, 1723.88it/s, Materializing param=encoder.layer.3.intermediate.dense.bias]
61.0s 148 Loading weights:  32%|███▏      | 64/199 [00:00<00:00, 1717.37it/s, Materializing param=encoder.layer.3.intermediate.dense.bias]
61.0s 149 Loading weights:  33%|███▎      | 65/199 [00:00<00:00, 1732.07it/s, Materializing param=encoder.layer.3.intermediate.dense.weight]
61.0s 150 Loading weights:  33%|███▎      | 65/199 [00:00<00:00, 1726.23it/s, Materializing param=encoder.layer.3.intermediate.dense.weight]
61.0s 151 Loading weights:  33%|███▎      | 66/199 [00:00<00:00, 1742.87it/s, Materializing param=encoder.layer.3.output.LayerNorm.bias]
61.0s 152 Loading weights:  33%|███▎      | 66/199 [00:00<00:00, 1736.09it/s, Materializing param=encoder.layer.3.output.LayerNorm.bias]
61.0s 153 Loading weights:  34%|███▎      | 67/199 [00:00<00:00, 1752.40it/s, Materializing param=encoder.layer.3.output.LayerNorm.weight]
61.0s 154 Loading weights:  34%|███▎      | 67/199 [00:00<00:00, 1746.78it/s, Materializing param=encoder.layer.3.output.LayerNorm.weight]
61.0s 155 Loading weights:  34%|███▍      | 68/199 [00:00<00:00, 1762.36it/s, Materializing param=encoder.layer.3.output.dense.bias]
61.0s 156 Loading weights:  34%|███▍      | 68/199 [00:00<00:00, 1756.93it/s, Materializing param=encoder.layer.3.output.dense.bias]
61.0s 157 Loading weights:  35%|███▍      | 69/199 [00:00<00:00, 1774.26it/s, Materializing param=encoder.layer.3.output.dense.weight]
61.0s 158 Loading weights:  35%|███▍      | 69/199 [00:00<00:00, 1767.38it/s, Materializing param=encoder.layer.3.output.dense.weight]
61.0s 159 Loading weights:  35%|███▌      | 70/199 [00:00<00:00, 1782.48it/s, Materializing param=encoder.layer.4.attention.output.LayerNorm.bias]
61.0s 160 Loading weights:  35%|███▌      | 70/199 [00:00<00:00, 1777.33it/s, Materializing param=encoder.layer.4.attention.output.LayerNorm.bias]
61.0s 161 Loading weights:  36%|███▌      | 71/199 [00:00<00:00, 1793.24it/s, Materializing param=encoder.layer.4.attention.output.LayerNorm.weight]
61.0s 162 Loading weights:  36%|███▌      | 71/199 [00:00<00:00, 1788.26it/s, Materializing param=encoder.layer.4.attention.output.LayerNorm.weight]
61.0s 163 Loading weights:  36%|███▌      | 72/199 [00:00<00:00, 1803.68it/s, Materializing param=encoder.layer.4.attention.output.dense.bias]
61.0s 164 Loading weights:  36%|███▌      | 72/199 [00:00<00:00, 1796.81it/s, Materializing param=encoder.layer.4.attention.output.dense.bias]
61.0s 165 Loading weights:  37%|███▋      | 73/199 [00:00<00:00, 1809.58it/s, Materializing param=encoder.layer.4.attention.output.dense.weight]
61.0s 166 Loading weights:  37%|███▋      | 73/199 [00:00<00:00, 1802.11it/s, Materializing param=encoder.layer.4.attention.output.dense.weight]
61.0s 167 Loading weights:  37%|███▋      | 74/199 [00:00<00:00, 1817.01it/s, Materializing param=encoder.layer.4.attention.self.key.bias]
61.0s 168 Loading weights:  37%|███▋      | 74/199 [00:00<00:00, 1813.30it/s, Materializing param=encoder.layer.4.attention.self.key.bias]
61.0s 169 Loading weights:  38%|███▊      | 75/199 [00:00<00:00, 1821.07it/s, Materializing param=encoder.layer.4.attention.self.key.weight]
61.0s 170 Loading weights:  38%|███▊      | 75/199 [00:00<00:00, 1813.42it/s, Materializing param=encoder.layer.4.attention.self.key.weight]
61.0s 171 Loading weights:  38%|███▊      | 76/199 [00:00<00:00, 1830.84it/s, Materializing param=encoder.layer.4.attention.self.query.bias]
61.0s 172 Loading weights:  38%|███▊      | 76/199 [00:00<00:00, 1828.00it/s, Materializing param=encoder.layer.4.attention.self.query.bias]
61.0s 173 Loading weights:  39%|███▊      | 77/199 [00:00<00:00, 1847.05it/s, Materializing param=encoder.layer.4.attention.self.query.weight]
61.0s 174 Loading weights:  39%|███▊      | 77/199 [00:00<00:00, 1844.42it/s, Materializing param=encoder.layer.4.attention.self.query.weight]
61.0s 175 Loading weights:  39%|███▉      | 78/199 [00:00<00:00, 1863.74it/s, Materializing param=encoder.layer.4.attention.self.value.bias]
61.0s 176 Loading weights:  39%|███▉      | 78/199 [00:00<00:00, 1861.21it/s, Materializing param=encoder.layer.4.attention.self.value.bias]
61.0s 177 Loading weights:  40%|███▉      | 79/199 [00:00<00:00, 1875.75it/s, Materializing param=encoder.layer.4.attention.self.value.weight]
61.0s 178 Loading weights:  40%|███▉      | 79/199 [00:00<00:00, 1872.87it/s, Materializing param=encoder.layer.4.attention.self.value.weight]
61.0s 179 Loading weights:  40%|████      | 80/199 [00:00<00:00, 1891.86it/s, Materializing param=encoder.layer.4.intermediate.dense.bias]
61.0s 180 Loading weights:  40%|████      | 80/199 [00:00<00:00, 1889.30it/s, Materializing param=encoder.layer.4.intermediate.dense.bias]
61.0s 181 Loading weights:  41%|████      | 81/199 [00:00<00:00, 1908.27it/s, Materializing param=encoder.layer.4.intermediate.dense.weight]
61.0s 182 Loading weights:  41%|████      | 81/199 [00:00<00:00, 1905.98it/s, Materializing param=encoder.layer.4.intermediate.dense.weight]
61.0s 183 Loading weights:  41%|████      | 82/199 [00:00<00:00, 1922.65it/s, Materializing param=encoder.layer.4.output.LayerNorm.bias]
61.0s 184 Loading weights:  41%|████      | 82/199 [00:00<00:00, 1920.39it/s, Materializing param=encoder.layer.4.output.LayerNorm.bias]
61.0s 185 Loading weights:  42%|████▏     | 83/199 [00:00<00:00, 1937.64it/s, Materializing param=encoder.layer.4.output.LayerNorm.weight]
61.0s 186 Loading weights:  42%|████▏     | 83/199 [00:00<00:00, 1931.71it/s, Materializing param=encoder.layer.4.output.LayerNorm.weight]
61.0s 187 Loading weights:  42%|████▏     | 84/199 [00:00<00:00, 1943.75it/s, Materializing param=encoder.layer.4.output.dense.bias]
61.0s 188 Loading weights:  42%|████▏     | 84/199 [00:00<00:00, 1938.35it/s, Materializing param=encoder.layer.4.output.dense.bias]
61.0s 189 Loading weights:  43%|████▎     | 85/199 [00:00<00:00, 1950.19it/s, Materializing param=encoder.layer.4.output.dense.weight]
61.0s 190 Loading weights:  43%|████▎     | 85/199 [00:00<00:00, 1944.07it/s, Materializing param=encoder.layer.4.output.dense.weight]
61.0s 191 Loading weights:  43%|████▎     | 86/199 [00:00<00:00, 1954.42it/s, Materializing param=encoder.layer.5.attention.output.LayerNorm.bias]
61.0s 192 Loading weights:  43%|████▎     | 86/199 [00:00<00:00, 1947.79it/s, Materializing param=encoder.layer.5.attention.output.LayerNorm.bias]
61.0s 193 Loading weights:  44%|████▎     | 87/199 [00:00<00:00, 1957.73it/s, Materializing param=encoder.layer.5.attention.output.LayerNorm.weight]
61.0s 194 Loading weights:  44%|████▎     | 87/199 [00:00<00:00, 1953.09it/s, Materializing param=encoder.layer.5.attention.output.LayerNorm.weight]
61.0s 195 Loading weights:  44%|████▍     | 88/199 [00:00<00:00, 1967.33it/s, Materializing param=encoder.layer.5.attention.output.dense.bias]
61.0s 196 Loading weights:  44%|████▍     | 88/199 [00:00<00:00, 1962.71it/s, Materializing param=encoder.layer.5.attention.output.dense.bias]
61.0s 197 Loading weights:  45%|████▍     | 89/199 [00:00<00:00, 1975.47it/s, Materializing param=encoder.layer.5.attention.output.dense.weight]
61.0s 198 Loading weights:  45%|████▍     | 89/199 [00:00<00:00, 1971.28it/s, Materializing param=encoder.layer.5.attention.output.dense.weight]
61.0s 199 Loading weights:  45%|████▌     | 90/199 [00:00<00:00, 1970.98it/s, Materializing param=encoder.layer.5.attention.self.key.bias]
61.0s 200 Loading weights:  45%|████▌     | 90/199 [00:00<00:00, 1963.77it/s, Materializing param=encoder.layer.5.attention.self.key.bias]
61.0s 201 Loading weights:  46%|████▌     | 91/199 [00:00<00:00, 1972.33it/s, Materializing param=encoder.layer.5.attention.self.key.weight]
61.0s 202 Loading weights:  46%|████▌     | 91/199 [00:00<00:00, 1967.12it/s, Materializing param=encoder.layer.5.attention.self.key.weight]
61.0s 203 Loading weights:  46%|████▌     | 92/199 [00:00<00:00, 1980.07it/s, Materializing param=encoder.layer.5.attention.self.query.bias]
61.0s 204 Loading weights:  46%|████▌     | 92/199 [00:00<00:00, 1975.51it/s, Materializing param=encoder.layer.5.attention.self.query.bias]
61.0s 205 Loading weights:  47%|████▋     | 93/199 [00:00<00:00, 1988.02it/s, Materializing param=encoder.layer.5.attention.self.query.weight]
61.0s 206 Loading weights:  47%|████▋     | 93/199 [00:00<00:00, 1983.11it/s, Materializing param=encoder.layer.5.attention.self.query.weight]
61.0s 207 Loading weights:  47%|████▋     | 94/199 [00:00<00:00, 1993.80it/s, Materializing param=encoder.layer.5.attention.self.value.bias]
61.0s 208 Loading weights:  47%|████▋     | 94/199 [00:00<00:00, 1988.08it/s, Materializing param=encoder.layer.5.attention.self.value.bias]
61.0s 209 Loading weights:  48%|████▊     | 95/199 [00:00<00:00, 1999.00it/s, Materializing param=encoder.layer.5.attention.self.value.weight]
61.0s 210 Loading weights:  48%|████▊     | 95/199 [00:00<00:00, 1994.10it/s, Materializing param=encoder.layer.5.attention.self.value.weight]
61.0s 211 Loading weights:  48%|████▊     | 96/199 [00:00<00:00, 2006.27it/s, Materializing param=encoder.layer.5.intermediate.dense.bias]
61.0s 212 Loading weights:  48%|████▊     | 96/199 [00:00<00:00, 2000.38it/s, Materializing param=encoder.layer.5.intermediate.dense.bias]
61.0s 213 Loading weights:  49%|████▊     | 97/199 [00:00<00:00, 2012.62it/s, Materializing param=encoder.layer.5.intermediate.dense.weight]
61.0s 214 Loading weights:  49%|████▊     | 97/199 [00:00<00:00, 2008.52it/s, Materializing param=encoder.layer.5.intermediate.dense.weight]
61.0s 215 Loading weights:  49%|████▉     | 98/199 [00:00<00:00, 2021.03it/s, Materializing param=encoder.layer.5.output.LayerNorm.bias]
61.0s 216 Loading weights:  49%|████▉     | 98/199 [00:00<00:00, 2016.72it/s, Materializing param=encoder.layer.5.output.LayerNorm.bias]
61.0s 217 Loading weights:  50%|████▉     | 99/199 [00:00<00:00, 2030.03it/s, Materializing param=encoder.layer.5.output.LayerNorm.weight]
61.0s 218 Loading weights:  50%|████▉     | 99/199 [00:00<00:00, 2025.74it/s, Materializing param=encoder.layer.5.output.LayerNorm.weight]
61.0s 219 Loading weights:  50%|█████     | 100/199 [00:00<00:00, 2035.13it/s, Materializing param=encoder.layer.5.output.dense.bias]
61.0s 220 Loading weights:  50%|█████     | 100/199 [00:00<00:00, 2030.27it/s, Materializing param=encoder.layer.5.output.dense.bias]
61.0s 221 Loading weights:  51%|█████     | 101/199 [00:00<00:00, 2040.67it/s, Materializing param=encoder.layer.5.output.dense.weight]
61.0s 222 Loading weights:  51%|█████     | 101/199 [00:00<00:00, 2035.76it/s, Materializing param=encoder.layer.5.output.dense.weight]
61.0s 223 Loading weights:  51%|█████▏    | 102/199 [00:00<00:00, 2043.29it/s, Materializing param=encoder.layer.6.attention.output.LayerNorm.bias]
61.0s 224 Loading weights:  51%|█████▏    | 102/199 [00:00<00:00, 2037.44it/s, Materializing param=encoder.layer.6.attention.output.LayerNorm.bias]
61.0s 225 Loading weights:  52%|█████▏    | 103/199 [00:00<00:00, 2047.52it/s, Materializing param=encoder.layer.6.attention.output.LayerNorm.weight]
61.0s 226 Loading weights:  52%|█████▏    | 103/199 [00:00<00:00, 2041.57it/s, Materializing param=encoder.layer.6.attention.output.LayerNorm.weight]
61.0s 227 Loading weights:  52%|█████▏    | 104/199 [00:00<00:00, 2050.79it/s, Materializing param=encoder.layer.6.attention.output.dense.bias]
61.0s 228 Loading weights:  52%|█████▏    | 104/199 [00:00<00:00, 2045.36it/s, Materializing param=encoder.layer.6.attention.output.dense.bias]
61.0s 229 Loading weights:  53%|█████▎    | 105/199 [00:00<00:00, 2053.58it/s, Materializing param=encoder.layer.6.attention.output.dense.weight]
61.0s 230 Loading weights:  53%|█████▎    | 105/199 [00:00<00:00, 2047.99it/s, Materializing param=encoder.layer.6.attention.output.dense.weight]
61.0s 231 Loading weights:  53%|█████▎    | 106/199 [00:00<00:00, 2057.57it/s, Materializing param=encoder.layer.6.attention.self.key.bias]
61.0s 232 Loading weights:  53%|█████▎    | 106/199 [00:00<00:00, 2052.19it/s, Materializing param=encoder.layer.6.attention.self.key.bias]
61.0s 233 Loading weights:  54%|█████▍    | 107/199 [00:00<00:00, 2058.46it/s, Materializing param=encoder.layer.6.attention.self.key.weight]
61.0s 234 Loading weights:  54%|█████▍    | 107/199 [00:00<00:00, 2053.29it/s, Materializing param=encoder.layer.6.attention.self.key.weight]
61.0s 235 Loading weights:  54%|█████▍    | 108/199 [00:00<00:00, 2062.73it/s, Materializing param=encoder.layer.6.attention.self.query.bias]
61.0s 236 Loading weights:  54%|█████▍    | 108/199 [00:00<00:00, 2055.70it/s, Materializing param=encoder.layer.6.attention.self.query.bias]
61.0s 237 Loading weights:  55%|█████▍    | 109/199 [00:00<00:00, 2064.83it/s, Materializing param=encoder.layer.6.attention.self.query.weight]
61.0s 238 Loading weights:  55%|█████▍    | 109/199 [00:00<00:00, 2060.26it/s, Materializing param=encoder.layer.6.attention.self.query.weight]
61.0s 239 Loading weights:  55%|█████▌    | 110/199 [00:00<00:00, 2067.97it/s, Materializing param=encoder.layer.6.attention.self.value.bias]
61.0s 240 Loading weights:  55%|█████▌    | 110/199 [00:00<00:00, 2062.58it/s, Materializing param=encoder.layer.6.attention.self.value.bias]
61.0s 241 Loading weights:  56%|█████▌    | 111/199 [00:00<00:00, 2070.25it/s, Materializing param=encoder.layer.6.attention.self.value.weight]
61.0s 242 Loading weights:  56%|█████▌    | 111/199 [00:00<00:00, 2065.26it/s, Materializing param=encoder.layer.6.attention.self.value.weight]
61.0s 243 Loading weights:  56%|█████▋    | 112/199 [00:00<00:00, 2074.42it/s, Materializing param=encoder.layer.6.intermediate.dense.bias]
61.0s 244 Loading weights:  56%|█████▋    | 112/199 [00:00<00:00, 2069.41it/s, Materializing param=encoder.layer.6.intermediate.dense.bias]
61.0s 245 Loading weights:  57%|█████▋    | 113/199 [00:00<00:00, 2079.04it/s, Materializing param=encoder.layer.6.intermediate.dense.weight]
61.0s 246 Loading weights:  57%|█████▋    | 113/199 [00:00<00:00, 2074.38it/s, Materializing param=encoder.layer.6.intermediate.dense.weight]
61.0s 247 Loading weights:  57%|█████▋    | 114/199 [00:00<00:00, 2083.80it/s, Materializing param=encoder.layer.6.output.LayerNorm.bias]
61.0s 248 Loading weights:  57%|█████▋    | 114/199 [00:00<00:00, 2079.87it/s, Materializing param=encoder.layer.6.output.LayerNorm.bias]
61.0s 249 Loading weights:  58%|█████▊    | 115/199 [00:00<00:00, 2089.53it/s, Materializing param=encoder.layer.6.output.LayerNorm.weight]
61.0s 250 Loading weights:  58%|█████▊    | 115/199 [00:00<00:00, 2083.86it/s, Materializing param=encoder.layer.6.output.LayerNorm.weight]
61.0s 251 Loading weights:  58%|█████▊    | 116/199 [00:00<00:00, 2093.30it/s, Materializing param=encoder.layer.6.output.dense.bias]
61.0s 252 Loading weights:  58%|█████▊    | 116/199 [00:00<00:00, 2087.96it/s, Materializing param=encoder.layer.6.output.dense.bias]
61.0s 253 Loading weights:  59%|█████▉    | 117/199 [00:00<00:00, 2098.84it/s, Materializing param=encoder.layer.6.output.dense.weight]
61.0s 254 Loading weights:  59%|█████▉    | 117/199 [00:00<00:00, 2096.24it/s, Materializing param=encoder.layer.6.output.dense.weight]
61.0s 255 Loading weights:  59%|█████▉    | 118/199 [00:00<00:00, 2107.91it/s, Materializing param=encoder.layer.7.attention.output.LayerNorm.bias]
61.0s 256 Loading weights:  59%|█████▉    | 118/199 [00:00<00:00, 2104.71it/s, Materializing param=encoder.layer.7.attention.output.LayerNorm.bias]
61.0s 257 Loading weights:  60%|█████▉    | 119/199 [00:00<00:00, 2115.18it/s, Materializing param=encoder.layer.7.attention.output.LayerNorm.weight]
61.0s 258 Loading weights:  60%|█████▉    | 119/199 [00:00<00:00, 2110.36it/s, Materializing param=encoder.layer.7.attention.output.LayerNorm.weight]
61.0s 259 Loading weights:  60%|██████    | 120/199 [00:00<00:00, 2121.89it/s, Materializing param=encoder.layer.7.attention.output.dense.bias]
61.0s 260 Loading weights:  60%|██████    | 120/199 [00:00<00:00, 2119.47it/s, Materializing param=encoder.layer.7.attention.output.dense.bias]
61.0s 261 Loading weights:  61%|██████    | 121/199 [00:00<00:00, 2132.70it/s, Materializing param=encoder.layer.7.attention.output.dense.weight]
61.0s 262 Loading weights:  61%|██████    | 121/199 [00:00<00:00, 2130.41it/s, Materializing param=encoder.layer.7.attention.output.dense.weight]
61.0s 263 Loading weights:  61%|██████▏   | 122/199 [00:00<00:00, 2143.88it/s, Materializing param=encoder.layer.7.attention.self.key.bias]
61.0s 264 Loading weights:  61%|██████▏   | 122/199 [00:00<00:00, 2139.02it/s, Materializing param=encoder.layer.7.attention.self.key.bias]
61.0s 265 Loading weights:  62%|██████▏   | 123/199 [00:00<00:00, 2151.54it/s, Materializing param=encoder.layer.7.attention.self.key.weight]
61.0s 266 Loading weights:  62%|██████▏   | 123/199 [00:00<00:00, 2149.29it/s, Materializing param=encoder.layer.7.attention.self.key.weight]
61.0s 267 Loading weights:  62%|██████▏   | 124/199 [00:00<00:00, 2162.72it/s, Materializing param=encoder.layer.7.attention.self.query.bias]
61.0s 268 Loading weights:  62%|██████▏   | 124/199 [00:00<00:00, 2159.73it/s, Materializing param=encoder.layer.7.attention.self.query.bias]
61.0s 269 Loading weights:  63%|██████▎   | 125/199 [00:00<00:00, 2172.67it/s, Materializing param=encoder.layer.7.attention.self.query.weight]
61.0s 270 Loading weights:  63%|██████▎   | 125/199 [00:00<00:00, 2168.53it/s, Materializing param=encoder.layer.7.attention.self.query.weight]
61.0s 271 Loading weights:  63%|██████▎   | 126/199 [00:00<00:00, 2179.63it/s, Materializing param=encoder.layer.7.attention.self.value.bias]
61.0s 272 Loading weights:  63%|██████▎   | 126/199 [00:00<00:00, 2177.18it/s, Materializing param=encoder.layer.7.attention.self.value.bias]
61.0s 273 Loading weights:  64%|██████▍   | 127/199 [00:00<00:00, 2186.29it/s, Materializing param=encoder.layer.7.attention.self.value.weight]
61.0s 274 Loading weights:  64%|██████▍   | 127/199 [00:00<00:00, 2181.66it/s, Materializing param=encoder.layer.7.attention.self.value.weight]
61.0s 275 Loading weights:  64%|██████▍   | 128/199 [00:00<00:00, 2193.62it/s, Materializing param=encoder.layer.7.intermediate.dense.bias]
61.0s 276 Loading weights:  64%|██████▍   | 128/199 [00:00<00:00, 2191.30it/s, Materializing param=encoder.layer.7.intermediate.dense.bias]
61.0s 277 Loading weights:  65%|██████▍   | 129/199 [00:00<00:00, 2203.93it/s, Materializing param=encoder.layer.7.intermediate.dense.weight]
61.0s 278 Loading weights:  65%|██████▍   | 129/199 [00:00<00:00, 2201.35it/s, Materializing param=encoder.layer.7.intermediate.dense.weight]
61.0s 279 Loading weights:  65%|██████▌   | 130/199 [00:00<00:00, 2214.58it/s, Materializing param=encoder.layer.7.output.LayerNorm.bias]
61.0s 280 Loading weights:  65%|██████▌   | 130/199 [00:00<00:00, 2212.50it/s, Materializing param=encoder.layer.7.output.LayerNorm.bias]
61.0s 281 Loading weights:  66%|██████▌   | 131/199 [00:00<00:00, 2225.83it/s, Materializing param=encoder.layer.7.output.LayerNorm.weight]
61.0s 282 Loading weights:  66%|██████▌   | 131/199 [00:00<00:00, 2221.03it/s, Materializing param=encoder.layer.7.output.LayerNorm.weight]
61.0s 283 Loading weights:  66%|██████▋   | 132/199 [00:00<00:00, 2231.98it/s, Materializing param=encoder.layer.7.output.dense.bias]
61.0s 284 Loading weights:  66%|██████▋   | 132/199 [00:00<00:00, 2229.71it/s, Materializing param=encoder.layer.7.output.dense.bias]
61.0s 285 Loading weights:  67%|██████▋   | 133/199 [00:00<00:00, 2240.13it/s, Materializing param=encoder.layer.7.output.dense.weight]
61.0s 286 Loading weights:  67%|██████▋   | 133/199 [00:00<00:00, 2234.96it/s, Materializing param=encoder.layer.7.output.dense.weight]
61.0s 287 Loading weights:  67%|██████▋   | 134/199 [00:00<00:00, 2243.00it/s, Materializing param=encoder.layer.8.attention.output.LayerNorm.bias]
61.0s 288 Loading weights:  67%|██████▋   | 134/199 [00:00<00:00, 2238.29it/s, Materializing param=encoder.layer.8.attention.output.LayerNorm.bias]
61.0s 289 Loading weights:  68%|██████▊   | 135/199 [00:00<00:00, 2245.67it/s, Materializing param=encoder.layer.8.attention.output.LayerNorm.weight]
61.0s 290 Loading weights:  68%|██████▊   | 135/199 [00:00<00:00, 2241.22it/s, Materializing param=encoder.layer.8.attention.output.LayerNorm.weight]
61.0s 291 Loading weights:  68%|██████▊   | 136/199 [00:00<00:00, 2249.11it/s, Materializing param=encoder.layer.8.attention.output.dense.bias]
61.0s 292 Loading weights:  68%|██████▊   | 136/199 [00:00<00:00, 2245.42it/s, Materializing param=encoder.layer.8.attention.output.dense.bias]
61.0s 293 Loading weights:  69%|██████▉   | 137/199 [00:00<00:00, 2256.78it/s, Materializing param=encoder.layer.8.attention.output.dense.weight]
61.0s 294 Loading weights:  69%|██████▉   | 137/199 [00:00<00:00, 2254.07it/s, Materializing param=encoder.layer.8.attention.output.dense.weight]
61.0s 295 Loading weights:  69%|██████▉   | 138/199 [00:00<00:00, 2265.83it/s, Materializing param=encoder.layer.8.attention.self.key.bias]
61.0s 296 Loading weights:  69%|██████▉   | 138/199 [00:00<00:00, 2260.45it/s, Materializing param=encoder.layer.8.attention.self.key.bias]
61.0s 297 Loading weights:  70%|██████▉   | 139/199 [00:00<00:00, 2268.66it/s, Materializing param=encoder.layer.8.attention.self.key.weight]
61.0s 298 Loading weights:  70%|██████▉   | 139/199 [00:00<00:00, 2263.74it/s, Materializing param=encoder.layer.8.attention.self.key.weight]
61.0s 299 Loading weights:  70%|███████   | 140/199 [00:00<00:00, 2274.12it/s, Materializing param=encoder.layer.8.attention.self.query.bias]
61.0s 300 Loading weights:  70%|███████   | 140/199 [00:00<00:00, 2271.68it/s, Materializing param=encoder.layer.8.attention.self.query.bias]
61.0s 301 Loading weights:  71%|███████   | 141/199 [00:00<00:00, 2282.68it/s, Materializing param=encoder.layer.8.attention.self.query.weight]
61.0s 302 Loading weights:  71%|███████   | 141/199 [00:00<00:00, 2278.49it/s, Materializing param=encoder.layer.8.attention.self.query.weight]
61.0s 303 Loading weights:  71%|███████▏  | 142/199 [00:00<00:00, 2286.00it/s, Materializing param=encoder.layer.8.attention.self.value.bias]
61.0s 304 Loading weights:  71%|███████▏  | 142/199 [00:00<00:00, 2281.97it/s, Materializing param=encoder.layer.8.attention.self.value.bias]
61.0s 305 Loading weights:  72%|███████▏  | 143/199 [00:00<00:00, 2291.38it/s, Materializing param=encoder.layer.8.attention.self.value.weight]
61.0s 306 Loading weights:  72%|███████▏  | 143/199 [00:00<00:00, 2288.32it/s, Materializing param=encoder.layer.8.attention.self.value.weight]
61.0s 307 Loading weights:  72%|███████▏  | 144/199 [00:00<00:00, 2300.10it/s, Materializing param=encoder.layer.8.intermediate.dense.bias]
61.0s 308 Loading weights:  72%|███████▏  | 144/199 [00:00<00:00, 2298.00it/s, Materializing param=encoder.layer.8.intermediate.dense.bias]
61.0s 309 Loading weights:  73%|███████▎  | 145/199 [00:00<00:00, 2310.17it/s, Materializing param=encoder.layer.8.intermediate.dense.weight]
61.0s 310 Loading weights:  73%|███████▎  | 145/199 [00:00<00:00, 2307.44it/s, Materializing param=encoder.layer.8.intermediate.dense.weight]
61.0s 311 Loading weights:  73%|███████▎  | 146/199 [00:00<00:00, 2317.51it/s, Materializing param=encoder.layer.8.output.LayerNorm.bias]
61.0s 312 Loading weights:  73%|███████▎  | 146/199 [00:00<00:00, 2314.96it/s, Materializing param=encoder.layer.8.output.LayerNorm.bias]
61.0s 313 Loading weights:  74%|███████▍  | 147/199 [00:00<00:00, 2325.45it/s, Materializing param=encoder.layer.8.output.LayerNorm.weight]
61.0s 314 Loading weights:  74%|███████▍  | 147/199 [00:00<00:00, 2321.67it/s, Materializing param=encoder.layer.8.output.LayerNorm.weight]
61.0s 315 Loading weights:  74%|███████▍  | 148/199 [00:00<00:00, 2328.61it/s, Materializing param=encoder.layer.8.output.dense.bias]
61.0s 316 Loading weights:  74%|███████▍  | 148/199 [00:00<00:00, 2324.13it/s, Materializing param=encoder.layer.8.output.dense.bias]
61.0s 317 Loading weights:  75%|███████▍  | 149/199 [00:00<00:00, 2330.26it/s, Materializing param=encoder.layer.8.output.dense.weight]
61.0s 318 Loading weights:  75%|███████▍  | 149/199 [00:00<00:00, 2325.53it/s, Materializing param=encoder.layer.8.output.dense.weight]
61.0s 319 Loading weights:  75%|███████▌  | 150/199 [00:00<00:00, 2331.50it/s, Materializing param=encoder.layer.9.attention.output.LayerNorm.bias]
61.0s 320 Loading weights:  75%|███████▌  | 150/199 [00:00<00:00, 2326.04it/s, Materializing param=encoder.layer.9.attention.output.LayerNorm.bias]
61.0s 321 Loading weights:  76%|███████▌  | 151/199 [00:00<00:00, 2332.94it/s, Materializing param=encoder.layer.9.attention.output.LayerNorm.weight]
61.0s 322 Loading weights:  76%|███████▌  | 151/199 [00:00<00:00, 2328.64it/s, Materializing param=encoder.layer.9.attention.output.LayerNorm.weight]
61.0s 323 Loading weights:  76%|███████▋  | 152/199 [00:00<00:00, 2334.96it/s, Materializing param=encoder.layer.9.attention.output.dense.bias]
61.0s 324 Loading weights:  76%|███████▋  | 152/199 [00:00<00:00, 2331.11it/s, Materializing param=encoder.layer.9.attention.output.dense.bias]
61.0s 325 Loading weights:  77%|███████▋  | 153/199 [00:00<00:00, 2336.29it/s, Materializing param=encoder.layer.9.attention.output.dense.weight]
61.0s 326 Loading weights:  77%|███████▋  | 153/199 [00:00<00:00, 2332.24it/s, Materializing param=encoder.layer.9.attention.output.dense.weight]
61.0s 327 Loading weights:  77%|███████▋  | 154/199 [00:00<00:00, 2339.73it/s, Materializing param=encoder.layer.9.attention.self.key.bias]
61.0s 328 Loading weights:  77%|███████▋  | 154/199 [00:00<00:00, 2334.94it/s, Materializing param=encoder.layer.9.attention.self.key.bias]
61.0s 329 Loading weights:  78%|███████▊  | 155/199 [00:00<00:00, 2343.06it/s, Materializing param=encoder.layer.9.attention.self.key.weight]
61.0s 330 Loading weights:  78%|███████▊  | 155/199 [00:00<00:00, 2340.65it/s, Materializing param=encoder.layer.9.attention.self.key.weight]
61.0s 331 Loading weights:  78%|███████▊  | 156/199 [00:00<00:00, 2351.88it/s, Materializing param=encoder.layer.9.attention.self.query.bias]
61.0s 332 Loading weights:  78%|███████▊  | 156/199 [00:00<00:00, 2349.87it/s, Materializing param=encoder.layer.9.attention.self.query.bias]
61.0s 333 Loading weights:  79%|███████▉  | 157/199 [00:00<00:00, 2360.19it/s, Materializing param=encoder.layer.9.attention.self.query.weight]
61.0s 334 Loading weights:  79%|███████▉  | 157/199 [00:00<00:00, 2358.08it/s, Materializing param=encoder.layer.9.attention.self.query.weight]
61.0s 335 Loading weights:  79%|███████▉  | 158/199 [00:00<00:00, 2368.40it/s, Materializing param=encoder.layer.9.attention.self.value.bias]
61.0s 336 Loading weights:  79%|███████▉  | 158/199 [00:00<00:00, 2363.20it/s, Materializing param=encoder.layer.9.attention.self.value.bias]
61.0s 337 Loading weights:  80%|███████▉  | 159/199 [00:00<00:00, 2368.44it/s, Materializing param=encoder.layer.9.attention.self.value.weight]
61.0s 338 Loading weights:  80%|███████▉  | 159/199 [00:00<00:00, 2363.22it/s, Materializing param=encoder.layer.9.attention.self.value.weight]
61.0s 339 Loading weights:  80%|████████  | 160/199 [00:00<00:00, 2369.78it/s, Materializing param=encoder.layer.9.intermediate.dense.bias]
61.0s 340 Loading weights:  80%|████████  | 160/199 [00:00<00:00, 2367.08it/s, Materializing param=encoder.layer.9.intermediate.dense.bias]
61.0s 341 Loading weights:  81%|████████  | 161/199 [00:00<00:00, 2377.61it/s, Materializing param=encoder.layer.9.intermediate.dense.weight]
61.0s 342 Loading weights:  81%|████████  | 161/199 [00:00<00:00, 2374.41it/s, Materializing param=encoder.layer.9.intermediate.dense.weight]
61.0s 343 Loading weights:  81%|████████▏ | 162/199 [00:00<00:00, 2380.61it/s, Materializing param=encoder.layer.9.output.LayerNorm.bias]
61.0s 344 Loading weights:  81%|████████▏ | 162/199 [00:00<00:00, 2378.04it/s, Materializing param=encoder.layer.9.output.LayerNorm.bias]
61.0s 345 Loading weights:  82%|████████▏ | 163/199 [00:00<00:00, 2384.60it/s, Materializing param=encoder.layer.9.output.LayerNorm.weight]
61.0s 346 Loading weights:  82%|████████▏ | 163/199 [00:00<00:00, 2380.00it/s, Materializing param=encoder.layer.9.output.LayerNorm.weight]
61.0s 347 Loading weights:  82%|████████▏ | 164/199 [00:00<00:00, 2389.41it/s, Materializing param=encoder.layer.9.output.dense.bias]
61.0s 348 Loading weights:  82%|████████▏ | 164/199 [00:00<00:00, 2386.26it/s, Materializing param=encoder.layer.9.output.dense.bias]
61.0s 349 Loading weights:  83%|████████▎ | 165/199 [00:00<00:00, 2393.64it/s, Materializing param=encoder.layer.9.output.dense.weight]
61.0s 350 Loading weights:  83%|████████▎ | 165/199 [00:00<00:00, 2388.44it/s, Materializing param=encoder.layer.9.output.dense.weight]
61.0s 351 Loading weights:  83%|████████▎ | 166/199 [00:00<00:00, 2394.75it/s, Materializing param=encoder.layer.10.attention.output.LayerNorm.bias]
61.0s 352 Loading weights:  83%|████████▎ | 166/199 [00:00<00:00, 2391.27it/s, Materializing param=encoder.layer.10.attention.output.LayerNorm.bias]
61.0s 353 Loading weights:  84%|████████▍ | 167/199 [00:00<00:00, 2397.19it/s, Materializing param=encoder.layer.10.attention.output.LayerNorm.weight]
61.0s 354 Loading weights:  84%|████████▍ | 167/199 [00:00<00:00, 2393.58it/s, Materializing param=encoder.layer.10.attention.output.LayerNorm.weight]
61.0s 355 Loading weights:  84%|████████▍ | 168/199 [00:00<00:00, 2399.73it/s, Materializing param=encoder.layer.10.attention.output.dense.bias]
61.0s 356 Loading weights:  84%|████████▍ | 168/199 [00:00<00:00, 2396.00it/s, Materializing param=encoder.layer.10.attention.output.dense.bias]
61.0s 357 Loading weights:  85%|████████▍ | 169/199 [00:00<00:00, 2403.12it/s, Materializing param=encoder.layer.10.attention.output.dense.weight]
61.0s 358 Loading weights:  85%|████████▍ | 169/199 [00:00<00:00, 2399.70it/s, Materializing param=encoder.layer.10.attention.output.dense.weight]
61.0s 359 Loading weights:  85%|████████▌ | 170/199 [00:00<00:00, 2404.51it/s, Materializing param=encoder.layer.10.attention.self.key.bias]
61.0s 360 Loading weights:  85%|████████▌ | 170/199 [00:00<00:00, 2400.46it/s, Materializing param=encoder.layer.10.attention.self.key.bias]
61.0s 361 Loading weights:  86%|████████▌ | 171/199 [00:00<00:00, 2406.29it/s, Materializing param=encoder.layer.10.attention.self.key.weight]
61.0s 362 Loading weights:  86%|████████▌ | 171/199 [00:00<00:00, 2402.14it/s, Materializing param=encoder.layer.10.attention.self.key.weight]
61.0s 363 Loading weights:  86%|████████▋ | 172/199 [00:00<00:00, 2408.43it/s, Materializing param=encoder.layer.10.attention.self.query.bias]
61.0s 364 Loading weights:  86%|████████▋ | 172/199 [00:00<00:00, 2403.78it/s, Materializing param=encoder.layer.10.attention.self.query.bias]
61.0s 365 Loading weights:  87%|████████▋ | 173/199 [00:00<00:00, 2410.53it/s, Materializing param=encoder.layer.10.attention.self.query.weight]
61.0s 366 Loading weights:  87%|████████▋ | 173/199 [00:00<00:00, 2408.06it/s, Materializing param=encoder.layer.10.attention.self.query.weight]
61.0s 367 Loading weights:  87%|████████▋ | 174/199 [00:00<00:00, 2414.33it/s, Materializing param=encoder.layer.10.attention.self.value.bias]
61.0s 368 Loading weights:  87%|████████▋ | 174/199 [00:00<00:00, 2411.76it/s, Materializing param=encoder.layer.10.attention.self.value.bias]
61.0s 369 Loading weights:  88%|████████▊ | 175/199 [00:00<00:00, 2421.52it/s, Materializing param=encoder.layer.10.attention.self.value.weight]
61.0s 370 Loading weights:  88%|████████▊ | 175/199 [00:00<00:00, 2417.39it/s, Materializing param=encoder.layer.10.attention.self.value.weight]
61.0s 371 Loading weights:  88%|████████▊ | 176/199 [00:00<00:00, 2426.29it/s, Materializing param=encoder.layer.10.intermediate.dense.bias]
61.0s 372 Loading weights:  88%|████████▊ | 176/199 [00:00<00:00, 2424.13it/s, Materializing param=encoder.layer.10.intermediate.dense.bias]
61.0s 373 Loading weights:  89%|████████▉ | 177/199 [00:00<00:00, 2434.01it/s, Materializing param=encoder.layer.10.intermediate.dense.weight]
61.0s 374 Loading weights:  89%|████████▉ | 177/199 [00:00<00:00, 2431.91it/s, Materializing param=encoder.layer.10.intermediate.dense.weight]
61.0s 375 Loading weights:  89%|████████▉ | 178/199 [00:00<00:00, 2442.18it/s, Materializing param=encoder.layer.10.output.LayerNorm.bias]
61.0s 376 Loading weights:  89%|████████▉ | 178/199 [00:00<00:00, 2437.04it/s, Materializing param=encoder.layer.10.output.LayerNorm.bias]
61.0s 377 Loading weights:  90%|████████▉ | 179/199 [00:00<00:00, 2444.23it/s, Materializing param=encoder.layer.10.output.LayerNorm.weight]
61.0s 378 Loading weights:  90%|████████▉ | 179/199 [00:00<00:00, 2440.63it/s, Materializing param=encoder.layer.10.output.LayerNorm.weight]
61.0s 379 Loading weights:  90%|█████████ | 180/199 [00:00<00:00, 2449.28it/s, Materializing param=encoder.layer.10.output.dense.bias]
61.0s 380 Loading weights:  90%|█████████ | 180/199 [00:00<00:00, 2447.12it/s, Materializing param=encoder.layer.10.output.dense.bias]
61.0s 381 Loading weights:  91%|█████████ | 181/199 [00:00<00:00, 2456.96it/s, Materializing param=encoder.layer.10.output.dense.weight]
61.0s 382 Loading weights:  91%|█████████ | 181/199 [00:00<00:00, 2453.82it/s, Materializing param=encoder.layer.10.output.dense.weight]
61.0s 383 Loading weights:  91%|█████████▏| 182/199 [00:00<00:00, 2458.66it/s, Materializing param=encoder.layer.11.attention.output.LayerNorm.bias]
61.0s 384 Loading weights:  91%|█████████▏| 182/199 [00:00<00:00, 2455.24it/s, Materializing param=encoder.layer.11.attention.output.LayerNorm.bias]
61.0s 385 Loading weights:  92%|█████████▏| 183/199 [00:00<00:00, 2460.87it/s, Materializing param=encoder.layer.11.attention.output.LayerNorm.weight]
61.0s 386 Loading weights:  92%|█████████▏| 183/199 [00:00<00:00, 2457.25it/s, Materializing param=encoder.layer.11.attention.output.LayerNorm.weight]
61.0s 387 Loading weights:  92%|█████████▏| 184/199 [00:00<00:00, 2463.05it/s, Materializing param=encoder.layer.11.attention.output.dense.bias]
61.0s 388 Loading weights:  92%|█████████▏| 184/199 [00:00<00:00, 2459.15it/s, Materializing param=encoder.layer.11.attention.output.dense.bias]
61.0s 389 Loading weights:  93%|█████████▎| 185/199 [00:00<00:00, 2464.68it/s, Materializing param=encoder.layer.11.attention.output.dense.weight]
61.0s 390 Loading weights:  93%|█████████▎| 185/199 [00:00<00:00, 2460.77it/s, Materializing param=encoder.layer.11.attention.output.dense.weight]
61.0s 391 Loading weights:  93%|█████████▎| 186/199 [00:00<00:00, 2466.60it/s, Materializing param=encoder.layer.11.attention.self.key.bias]
61.0s 392 Loading weights:  93%|█████████▎| 186/199 [00:00<00:00, 2462.96it/s, Materializing param=encoder.layer.11.attention.self.key.bias]
61.0s 393 Loading weights:  94%|█████████▍| 187/199 [00:00<00:00, 2468.86it/s, Materializing param=encoder.layer.11.attention.self.key.weight]
61.0s 394 Loading weights:  94%|█████████▍| 187/199 [00:00<00:00, 2465.55it/s, Materializing param=encoder.layer.11.attention.self.key.weight]
61.0s 395 Loading weights:  94%|█████████▍| 188/199 [00:00<00:00, 2470.34it/s, Materializing param=encoder.layer.11.attention.self.query.bias]
61.0s 396 Loading weights:  94%|█████████▍| 188/199 [00:00<00:00, 2465.97it/s, Materializing param=encoder.layer.11.attention.self.query.bias]
61.0s 397 Loading weights:  95%|█████████▍| 189/199 [00:00<00:00, 2469.88it/s, Materializing param=encoder.layer.11.attention.self.query.weight]
61.0s 398 Loading weights:  95%|█████████▍| 189/199 [00:00<00:00, 2465.28it/s, Materializing param=encoder.layer.11.attention.self.query.weight]
61.0s 399 Loading weights:  95%|█████████▌| 190/199 [00:00<00:00, 2471.05it/s, Materializing param=encoder.layer.11.attention.self.value.bias]
61.0s 400 Loading weights:  95%|█████████▌| 190/199 [00:00<00:00, 2465.95it/s, Materializing param=encoder.layer.11.attention.self.value.bias]
61.0s 401 Loading weights:  96%|█████████▌| 191/199 [00:00<00:00, 2470.94it/s, Materializing param=encoder.layer.11.attention.self.value.weight]
61.0s 402 Loading weights:  96%|█████████▌| 191/199 [00:00<00:00, 2465.47it/s, Materializing param=encoder.layer.11.attention.self.value.weight]
61.0s 403 Loading weights:  96%|█████████▋| 192/199 [00:00<00:00, 2470.90it/s, Materializing param=encoder.layer.11.intermediate.dense.bias]
61.0s 404 Loading weights:  96%|█████████▋| 192/199 [00:00<00:00, 2467.52it/s, Materializing param=encoder.layer.11.intermediate.dense.bias]
61.0s 405 Loading weights:  97%|█████████▋| 193/199 [00:00<00:00, 2472.94it/s, Materializing param=encoder.layer.11.intermediate.dense.weight]
61.0s 406 Loading weights:  97%|█████████▋| 193/199 [00:00<00:00, 2469.26it/s, Materializing param=encoder.layer.11.intermediate.dense.weight]
61.0s 407 Loading weights:  97%|█████████▋| 194/199 [00:00<00:00, 2475.22it/s, Materializing param=encoder.layer.11.output.LayerNorm.bias]
61.0s 408 Loading weights:  97%|█████████▋| 194/199 [00:00<00:00, 2471.77it/s, Materializing param=encoder.layer.11.output.LayerNorm.bias]
61.0s 409 Loading weights:  98%|█████████▊| 195/199 [00:00<00:00, 2477.43it/s, Materializing param=encoder.layer.11.output.LayerNorm.weight]
61.0s 410 Loading weights:  98%|█████████▊| 195/199 [00:00<00:00, 2473.51it/s, Materializing param=encoder.layer.11.output.LayerNorm.weight]
61.0s 411 Loading weights:  98%|█████████▊| 196/199 [00:00<00:00, 2478.62it/s, Materializing param=encoder.layer.11.output.dense.bias]
61.0s 412 Loading weights:  98%|█████████▊| 196/199 [00:00<00:00, 2475.03it/s, Materializing param=encoder.layer.11.output.dense.bias]
61.0s 413 Loading weights:  99%|█████████▉| 197/199 [00:00<00:00, 2481.03it/s, Materializing param=encoder.layer.11.output.dense.weight]
61.0s 414 Loading weights:  99%|█████████▉| 197/199 [00:00<00:00, 2478.28it/s, Materializing param=encoder.layer.11.output.dense.weight]
61.0s 415 Loading weights:  99%|█████████▉| 198/199 [00:00<00:00, 2487.04it/s, Materializing param=pooler.dense.bias]
61.0s 416 Loading weights:  99%|█████████▉| 198/199 [00:00<00:00, 2485.14it/s, Materializing param=pooler.dense.bias]
61.0s 417 Loading weights: 100%|██████████| 199/199 [00:00<00:00, 2494.32it/s, Materializing param=pooler.dense.weight]
61.0s 418 Loading weights: 100%|██████████| 199/199 [00:00<00:00, 2492.55it/s, Materializing param=pooler.dense.weight]
61.0s 419 Loading weights: 100%|██████████| 199/199 [00:00<00:00, 2486.68it/s, Materializing param=pooler.dense.weight]
61.0s 420 BertModel LOAD REPORT from: google/muril-base-cased
61.0s 421 Key                                        | Status     |  |
61.0s 422 -------------------------------------------+------------+--+-
61.0s 423 cls.predictions.decoder.weight             | UNEXPECTED |  |
61.0s 424 cls.predictions.transform.LayerNorm.bias   | UNEXPECTED |  |
61.0s 425 cls.predictions.transform.dense.weight     | UNEXPECTED |  |
61.0s 426 cls.predictions.transform.dense.bias       | UNEXPECTED |  |
61.0s 427 cls.seq_relationship.bias                  | UNEXPECTED |  |
61.0s 428 bert.embeddings.position_ids               | UNEXPECTED |  |
61.0s 429 cls.seq_relationship.weight                | UNEXPECTED |  |
61.0s 430 cls.predictions.transform.LayerNorm.weight | UNEXPECTED |  |
61.0s 431 cls.predictions.bias                       | UNEXPECTED |  |
61.0s 432 cls.predictions.decoder.bias               | UNEXPECTED |  |
61.0s 433 
61.0s 434 Notes:
61.0s 435 - UNEXPECTED	:can be ignored when loading from different task/architecture; not ok if you expect identical arch.
74.0s 436 
74.0s 437 Loading weights:   0%|          | 0/199 [00:00<?, ?it/s]
74.0s 438 Loading weights:   1%|          | 1/199 [00:00<00:00, 25115.59it/s, Materializing param=embeddings.LayerNorm.bias]
74.0s 439 Loading weights:   1%|          | 1/199 [00:00<00:00, 1453.83it/s, Materializing param=embeddings.LayerNorm.bias]
74.0s 440 Loading weights:   1%|          | 2/199 [00:00<00:00, 1287.98it/s, Materializing param=embeddings.LayerNorm.weight]
74.0s 441 Loading weights:   1%|          | 2/199 [00:00<00:00, 1191.73it/s, Materializing param=embeddings.LayerNorm.weight]
74.0s 442 Loading weights:   2%|▏         | 3/199 [00:00<00:00, 936.51it/s, Materializing param=embeddings.position_embeddings.weight]
74.0s 443 Loading weights:   2%|▏         | 3/199 [00:00<00:00, 904.07it/s, Materializing param=embeddings.position_embeddings.weight]
74.0s 444 Loading weights:   2%|▏         | 4/199 [00:00<00:00, 981.18it/s, Materializing param=embeddings.token_type_embeddings.weight]
74.0s 445 Loading weights:   2%|▏         | 4/199 [00:00<00:00, 891.69it/s, Materializing param=embeddings.token_type_embeddings.weight]
74.0s 446 Loading weights:   3%|▎         | 5/199 [00:00<00:00, 1028.27it/s, Materializing param=embeddings.word_embeddings.weight]
74.0s 447 Loading weights:   3%|▎         | 5/199 [00:00<00:00, 868.93it/s, Materializing param=embeddings.word_embeddings.weight]
74.0s 448 Loading weights:   3%|▎         | 6/199 [00:00<00:00, 869.20it/s, Materializing param=encoder.layer.0.attention.output.LayerNorm.bias]
74.0s 449 Loading weights:   3%|▎         | 6/199 [00:00<00:00, 755.87it/s, Materializing param=encoder.layer.0.attention.output.LayerNorm.bias]
74.0s 450 Loading weights:   4%|▎         | 7/199 [00:00<00:00, 842.23it/s, Materializing param=encoder.layer.0.attention.output.LayerNorm.weight]
74.0s 451 Loading weights:   4%|▎         | 7/199 [00:00<00:00, 833.43it/s, Materializing param=encoder.layer.0.attention.output.LayerNorm.weight]
74.0s 452 Loading weights:   4%|▍         | 8/199 [00:00<00:00, 936.70it/s, Materializing param=encoder.layer.0.attention.output.dense.bias]
74.0s 453 Loading weights:   4%|▍         | 8/199 [00:00<00:00, 929.07it/s, Materializing param=encoder.layer.0.attention.output.dense.bias]
74.0s 454 Loading weights:   5%|▍         | 9/199 [00:00<00:00, 1030.34it/s, Materializing param=encoder.layer.0.attention.output.dense.weight]
74.0s 455 Loading weights:   5%|▍         | 9/199 [00:00<00:00, 1022.28it/s, Materializing param=encoder.layer.0.attention.output.dense.weight]
74.0s 456 Loading weights:   5%|▌         | 10/199 [00:00<00:00, 1121.29it/s, Materializing param=encoder.layer.0.attention.self.key.bias]
74.0s 457 Loading weights:   5%|▌         | 10/199 [00:00<00:00, 1113.34it/s, Materializing param=encoder.layer.0.attention.self.key.bias]
74.0s 458 Loading weights:   6%|▌         | 11/199 [00:00<00:00, 1200.12it/s, Materializing param=encoder.layer.0.attention.self.key.weight]
74.0s 459 Loading weights:   6%|▌         | 11/199 [00:00<00:00, 1191.35it/s, Materializing param=encoder.layer.0.attention.self.key.weight]
74.0s 460 Loading weights:   6%|▌         | 12/199 [00:00<00:00, 1284.92it/s, Materializing param=encoder.layer.0.attention.self.query.bias]
74.0s 461 Loading weights:   6%|▌         | 12/199 [00:00<00:00, 1277.45it/s, Materializing param=encoder.layer.0.attention.self.query.bias]
74.0s 462 Loading weights:   7%|▋         | 13/199 [00:00<00:00, 1369.86it/s, Materializing param=encoder.layer.0.attention.self.query.weight]
74.0s 463 Loading weights:   7%|▋         | 13/199 [00:00<00:00, 1360.84it/s, Materializing param=encoder.layer.0.attention.self.query.weight]
74.0s 464 Loading weights:   7%|▋         | 14/199 [00:00<00:00, 1450.56it/s, Materializing param=encoder.layer.0.attention.self.value.bias]
74.0s 465 Loading weights:   7%|▋         | 14/199 [00:00<00:00, 1345.44it/s, Materializing param=encoder.layer.0.attention.self.value.bias]
74.0s 466 Loading weights:   8%|▊         | 15/199 [00:00<00:00, 1423.60it/s, Materializing param=encoder.layer.0.attention.self.value.weight]
74.0s 467 Loading weights:   8%|▊         | 15/199 [00:00<00:00, 1415.34it/s, Materializing param=encoder.layer.0.attention.self.value.weight]
74.0s 468 Loading weights:   8%|▊         | 16/199 [00:00<00:00, 1495.83it/s, Materializing param=encoder.layer.0.intermediate.dense.bias]
74.0s 469 Loading weights:   8%|▊         | 16/199 [00:00<00:00, 1485.24it/s, Materializing param=encoder.layer.0.intermediate.dense.bias]
74.0s 470 Loading weights:   9%|▊         | 17/199 [00:00<00:00, 1559.83it/s, Materializing param=encoder.layer.0.intermediate.dense.weight]
74.0s 471 Loading weights:   9%|▊         | 17/199 [00:00<00:00, 1550.47it/s, Materializing param=encoder.layer.0.intermediate.dense.weight]
74.0s 472 Loading weights:   9%|▉         | 18/199 [00:00<00:00, 1623.92it/s, Materializing param=encoder.layer.0.output.LayerNorm.bias]
74.0s 473 Loading weights:   9%|▉         | 18/199 [00:00<00:00, 1615.09it/s, Materializing param=encoder.layer.0.output.LayerNorm.bias]
74.0s 474 Loading weights:  10%|▉         | 19/199 [00:00<00:00, 1689.24it/s, Materializing param=encoder.layer.0.output.LayerNorm.weight]
74.0s 475 Loading weights:  10%|▉         | 19/199 [00:00<00:00, 1679.21it/s, Materializing param=encoder.layer.0.output.LayerNorm.weight]
74.0s 476 Loading weights:  10%|█         | 20/199 [00:00<00:00, 1751.68it/s, Materializing param=encoder.layer.0.output.dense.bias]
74.0s 477 Loading weights:  10%|█         | 20/199 [00:00<00:00, 1742.91it/s, Materializing param=encoder.layer.0.output.dense.bias]
74.0s 478 Loading weights:  11%|█         | 21/199 [00:00<00:00, 1812.84it/s, Materializing param=encoder.layer.0.output.dense.weight]
74.0s 479 Loading weights:  11%|█         | 21/199 [00:00<00:00, 1803.71it/s, Materializing param=encoder.layer.0.output.dense.weight]
74.0s 480 Loading weights:  11%|█         | 22/199 [00:00<00:00, 1873.56it/s, Materializing param=encoder.layer.1.attention.output.LayerNorm.bias]
74.0s 481 Loading weights:  11%|█         | 22/199 [00:00<00:00, 1864.32it/s, Materializing param=encoder.layer.1.attention.output.LayerNorm.bias]
74.0s 482 Loading weights:  12%|█▏        | 23/199 [00:00<00:00, 1931.62it/s, Materializing param=encoder.layer.1.attention.output.LayerNorm.weight]
74.0s 483 Loading weights:  12%|█▏        | 23/199 [00:00<00:00, 1920.55it/s, Materializing param=encoder.layer.1.attention.output.LayerNorm.weight]
74.0s 484 Loading weights:  12%|█▏        | 24/199 [00:00<00:00, 1981.37it/s, Materializing param=encoder.layer.1.attention.output.dense.bias]
74.0s 485 Loading weights:  12%|█▏        | 24/199 [00:00<00:00, 1972.36it/s, Materializing param=encoder.layer.1.attention.output.dense.bias]
74.0s 486 Loading weights:  13%|█▎        | 25/199 [00:00<00:00, 2038.60it/s, Materializing param=encoder.layer.1.attention.output.dense.weight]
74.0s 487 Loading weights:  13%|█▎        | 25/199 [00:00<00:00, 2029.84it/s, Materializing param=encoder.layer.1.attention.output.dense.weight]
74.0s 488 Loading weights:  13%|█▎        | 26/199 [00:00<00:00, 2095.26it/s, Materializing param=encoder.layer.1.attention.self.key.bias]
74.0s 489 Loading weights:  13%|█▎        | 26/199 [00:00<00:00, 2084.29it/s, Materializing param=encoder.layer.1.attention.self.key.bias]
74.0s 490 Loading weights:  14%|█▎        | 27/199 [00:00<00:00, 2146.60it/s, Materializing param=encoder.layer.1.attention.self.key.weight]
74.0s 491 Loading weights:  14%|█▎        | 27/199 [00:00<00:00, 2137.41it/s, Materializing param=encoder.layer.1.attention.self.key.weight]
74.0s 492 Loading weights:  14%|█▍        | 28/199 [00:00<00:00, 2200.41it/s, Materializing param=encoder.layer.1.attention.self.query.bias]
74.0s 493 Loading weights:  14%|█▍        | 28/199 [00:00<00:00, 2191.54it/s, Materializing param=encoder.layer.1.attention.self.query.bias]
74.0s 494 Loading weights:  15%|█▍        | 29/199 [00:00<00:00, 2254.00it/s, Materializing param=encoder.layer.1.attention.self.query.weight]
74.0s 495 Loading weights:  15%|█▍        | 29/199 [00:00<00:00, 2244.85it/s, Materializing param=encoder.layer.1.attention.self.query.weight]
74.0s 496 Loading weights:  15%|█▌        | 30/199 [00:00<00:00, 2305.79it/s, Materializing param=encoder.layer.1.attention.self.value.bias]
74.0s 497 Loading weights:  15%|█▌        | 30/199 [00:00<00:00, 2293.22it/s, Materializing param=encoder.layer.1.attention.self.value.bias]
74.0s 498 Loading weights:  16%|█▌        | 31/199 [00:00<00:00, 2347.84it/s, Materializing param=encoder.layer.1.attention.self.value.weight]
74.0s 499 Loading weights:  16%|█▌        | 31/199 [00:00<00:00, 2337.54it/s, Materializing param=encoder.layer.1.attention.self.value.weight]
74.0s 500 Loading weights:  16%|█▌        | 32/199 [00:00<00:00, 2392.52it/s, Materializing param=encoder.layer.1.intermediate.dense.bias]
74.0s 501 Loading weights:  16%|█▌        | 32/199 [00:00<00:00, 2382.28it/s, Materializing param=encoder.layer.1.intermediate.dense.bias]
74.0s 502 Loading weights:  17%|█▋        | 33/199 [00:00<00:00, 2436.87it/s, Materializing param=encoder.layer.1.intermediate.dense.weight]
74.0s 503 Loading weights:  17%|█▋        | 33/199 [00:00<00:00, 2426.37it/s, Materializing param=encoder.layer.1.intermediate.dense.weight]
74.0s 504 Loading weights:  17%|█▋        | 34/199 [00:00<00:00, 2481.66it/s, Materializing param=encoder.layer.1.output.LayerNorm.bias]
74.0s 505 Loading weights:  17%|█▋        | 34/199 [00:00<00:00, 2471.09it/s, Materializing param=encoder.layer.1.output.LayerNorm.bias]
74.0s 506 Loading weights:  18%|█▊        | 35/199 [00:00<00:00, 2525.56it/s, Materializing param=encoder.layer.1.output.LayerNorm.weight]
74.0s 507 Loading weights:  18%|█▊        | 35/199 [00:00<00:00, 2515.35it/s, Materializing param=encoder.layer.1.output.LayerNorm.weight]
74.0s 508 Loading weights:  18%|█▊        | 36/199 [00:00<00:00, 2569.21it/s, Materializing param=encoder.layer.1.output.dense.bias]
74.0s 509 Loading weights:  18%|█▊        | 36/199 [00:00<00:00, 2556.20it/s, Materializing param=encoder.layer.1.output.dense.bias]
74.0s 510 Loading weights:  19%|█▊        | 37/199 [00:00<00:00, 2608.22it/s, Materializing param=encoder.layer.1.output.dense.weight]
74.0s 511 Loading weights:  19%|█▊        | 37/199 [00:00<00:00, 2597.79it/s, Materializing param=encoder.layer.1.output.dense.weight]
74.0s 512 Loading weights:  19%|█▉        | 38/199 [00:00<00:00, 2647.88it/s, Materializing param=encoder.layer.2.attention.output.LayerNorm.bias]
74.0s 513 Loading weights:  19%|█▉        | 38/199 [00:00<00:00, 2637.58it/s, Materializing param=encoder.layer.2.attention.output.LayerNorm.bias]
74.0s 514 Loading weights:  20%|█▉        | 39/199 [00:00<00:00, 2682.13it/s, Materializing param=encoder.layer.2.attention.output.LayerNorm.weight]
74.0s 515 Loading weights:  20%|█▉        | 39/199 [00:00<00:00, 2670.05it/s, Materializing param=encoder.layer.2.attention.output.LayerNorm.weight]
74.0s 516 Loading weights:  20%|██        | 40/199 [00:00<00:00, 2719.16it/s, Materializing param=encoder.layer.2.attention.output.dense.bias]
74.0s 517 Loading weights:  20%|██        | 40/199 [00:00<00:00, 2708.58it/s, Materializing param=encoder.layer.2.attention.output.dense.bias]
74.0s 518 Loading weights:  21%|██        | 41/199 [00:00<00:00, 2756.49it/s, Materializing param=encoder.layer.2.attention.output.dense.weight]
74.0s 519 Loading weights:  21%|██        | 41/199 [00:00<00:00, 2746.06it/s, Materializing param=encoder.layer.2.attention.output.dense.weight]
74.0s 520 Loading weights:  21%|██        | 42/199 [00:00<00:00, 2793.54it/s, Materializing param=encoder.layer.2.attention.self.key.bias]
74.0s 521 Loading weights:  21%|██        | 42/199 [00:00<00:00, 2776.81it/s, Materializing param=encoder.layer.2.attention.self.key.bias]
74.0s 522 Loading weights:  22%|██▏       | 43/199 [00:00<00:00, 2822.86it/s, Materializing param=encoder.layer.2.attention.self.key.weight]
74.0s 523 Loading weights:  22%|██▏       | 43/199 [00:00<00:00, 2811.98it/s, Materializing param=encoder.layer.2.attention.self.key.weight]
74.0s 524 Loading weights:  22%|██▏       | 44/199 [00:00<00:00, 2858.00it/s, Materializing param=encoder.layer.2.attention.self.query.bias]
74.0s 525 Loading weights:  22%|██▏       | 44/199 [00:00<00:00, 2847.37it/s, Materializing param=encoder.layer.2.attention.self.query.bias]
74.0s 526 Loading weights:  23%|██▎       | 45/199 [00:00<00:00, 2891.78it/s, Materializing param=encoder.layer.2.attention.self.query.weight]
74.0s 527 Loading weights:  23%|██▎       | 45/199 [00:00<00:00, 2880.92it/s, Materializing param=encoder.layer.2.attention.self.query.weight]
74.0s 528 Loading weights:  23%|██▎       | 46/199 [00:00<00:00, 2926.23it/s, Materializing param=encoder.layer.2.attention.self.value.bias]
74.0s 529 Loading weights:  23%|██▎       | 46/199 [00:00<00:00, 2915.44it/s, Materializing param=encoder.layer.2.attention.self.value.bias]
74.0s 530 Loading weights:  24%|██▎       | 47/199 [00:00<00:00, 2960.08it/s, Materializing param=encoder.layer.2.attention.self.value.weight]
74.0s 531 Loading weights:  24%|██▎       | 47/199 [00:00<00:00, 2949.54it/s, Materializing param=encoder.layer.2.attention.self.value.weight]
74.0s 532 Loading weights:  24%|██▍       | 48/199 [00:00<00:00, 2993.26it/s, Materializing param=encoder.layer.2.intermediate.dense.bias]
74.0s 533 Loading weights:  24%|██▍       | 48/199 [00:00<00:00, 2979.70it/s, Materializing param=encoder.layer.2.intermediate.dense.bias]
74.0s 534 Loading weights:  25%|██▍       | 49/199 [00:00<00:00, 3020.19it/s, Materializing param=encoder.layer.2.intermediate.dense.weight]
74.0s 535 Loading weights:  25%|██▍       | 49/199 [00:00<00:00, 3007.07it/s, Materializing param=encoder.layer.2.intermediate.dense.weight]
74.0s 536 Loading weights:  25%|██▌       | 50/199 [00:00<00:00, 3050.05it/s, Materializing param=encoder.layer.2.output.LayerNorm.bias]
74.0s 537 Loading weights:  25%|██▌       | 50/199 [00:00<00:00, 3039.79it/s, Materializing param=encoder.layer.2.output.LayerNorm.bias]
74.0s 538 Loading weights:  26%|██▌       | 51/199 [00:00<00:00, 3081.12it/s, Materializing param=encoder.layer.2.output.LayerNorm.weight]
74.0s 539 Loading weights:  26%|██▌       | 51/199 [00:00<00:00, 3070.68it/s, Materializing param=encoder.layer.2.output.LayerNorm.weight]
74.0s 540 Loading weights:  26%|██▌       | 52/199 [00:00<00:00, 3110.70it/s, Materializing param=encoder.layer.2.output.dense.bias]
74.0s 541 Loading weights:  26%|██▌       | 52/199 [00:00<00:00, 3101.10it/s, Materializing param=encoder.layer.2.output.dense.bias]
74.0s 542 Loading weights:  27%|██▋       | 53/199 [00:00<00:00, 3143.71it/s, Materializing param=encoder.layer.2.output.dense.weight]
74.0s 543 Loading weights:  27%|██▋       | 53/199 [00:00<00:00, 3134.14it/s, Materializing param=encoder.layer.2.output.dense.weight]
74.0s 544 Loading weights:  27%|██▋       | 54/199 [00:00<00:00, 3174.56it/s, Materializing param=encoder.layer.3.attention.output.LayerNorm.bias]
74.0s 545 Loading weights:  27%|██▋       | 54/199 [00:00<00:00, 3161.98it/s, Materializing param=encoder.layer.3.attention.output.LayerNorm.bias]
74.0s 546 Loading weights:  28%|██▊       | 55/199 [00:00<00:00, 3201.71it/s, Materializing param=encoder.layer.3.attention.output.LayerNorm.weight]
74.0s 547 Loading weights:  28%|██▊       | 55/199 [00:00<00:00, 3191.75it/s, Materializing param=encoder.layer.3.attention.output.LayerNorm.weight]
74.0s 548 Loading weights:  28%|██▊       | 56/199 [00:00<00:00, 3232.43it/s, Materializing param=encoder.layer.3.attention.output.dense.bias]
74.0s 549 Loading weights:  28%|██▊       | 56/199 [00:00<00:00, 3222.63it/s, Materializing param=encoder.layer.3.attention.output.dense.bias]
74.0s 550 Loading weights:  29%|██▊       | 57/199 [00:00<00:00, 3262.98it/s, Materializing param=encoder.layer.3.attention.output.dense.weight]
74.0s 551 Loading weights:  29%|██▊       | 57/199 [00:00<00:00, 3251.84it/s, Materializing param=encoder.layer.3.attention.output.dense.weight]
74.0s 552 Loading weights:  29%|██▉       | 58/199 [00:00<00:00, 3291.30it/s, Materializing param=encoder.layer.3.attention.self.key.bias]
74.0s 553 Loading weights:  29%|██▉       | 58/199 [00:00<00:00, 3281.09it/s, Materializing param=encoder.layer.3.attention.self.key.bias]
74.0s 554 Loading weights:  30%|██▉       | 59/199 [00:00<00:00, 3320.24it/s, Materializing param=encoder.layer.3.attention.self.key.weight]
74.0s 555 Loading weights:  30%|██▉       | 59/199 [00:00<00:00, 3310.51it/s, Materializing param=encoder.layer.3.attention.self.key.weight]
74.0s 556 Loading weights:  30%|███       | 60/199 [00:00<00:00, 3349.24it/s, Materializing param=encoder.layer.3.attention.self.query.bias]
74.0s 557 Loading weights:  30%|███       | 60/199 [00:00<00:00, 3335.43it/s, Materializing param=encoder.layer.3.attention.self.query.bias]
74.0s 558 Loading weights:  31%|███       | 61/199 [00:00<00:00, 3358.22it/s, Materializing param=encoder.layer.3.attention.self.query.weight]
74.0s 559 Loading weights:  31%|███       | 61/199 [00:00<00:00, 3343.25it/s, Materializing param=encoder.layer.3.attention.self.query.weight]
74.0s 560 Loading weights:  31%|███       | 62/199 [00:00<00:00, 3375.17it/s, Materializing param=encoder.layer.3.attention.self.value.bias]
74.0s 561 Loading weights:  31%|███       | 62/199 [00:00<00:00, 3364.47it/s, Materializing param=encoder.layer.3.attention.self.value.bias]
74.0s 562 Loading weights:  32%|███▏      | 63/199 [00:00<00:00, 3396.98it/s, Materializing param=encoder.layer.3.attention.self.value.weight]
74.0s 563 Loading weights:  32%|███▏      | 63/199 [00:00<00:00, 3387.19it/s, Materializing param=encoder.layer.3.attention.self.value.weight]
74.0s 564 Loading weights:  32%|███▏      | 64/199 [00:00<00:00, 3423.35it/s, Materializing param=encoder.layer.3.intermediate.dense.bias]
74.0s 565 Loading weights:  32%|███▏      | 64/199 [00:00<00:00, 3413.56it/s, Materializing param=encoder.layer.3.intermediate.dense.bias]
74.0s 566 Loading weights:  33%|███▎      | 65/199 [00:00<00:00, 3448.52it/s, Materializing param=encoder.layer.3.intermediate.dense.weight]
74.0s 567 Loading weights:  33%|███▎      | 65/199 [00:00<00:00, 3438.73it/s, Materializing param=encoder.layer.3.intermediate.dense.weight]
74.0s 568 Loading weights:  33%|███▎      | 66/199 [00:00<00:00, 3474.72it/s, Materializing param=encoder.layer.3.output.LayerNorm.bias]
74.0s 569 Loading weights:  33%|███▎      | 66/199 [00:00<00:00, 3461.47it/s, Materializing param=encoder.layer.3.output.LayerNorm.bias]
74.0s 570 Loading weights:  34%|███▎      | 67/199 [00:00<00:00, 3476.96it/s, Materializing param=encoder.layer.3.output.LayerNorm.weight]
74.0s 571 Loading weights:  34%|███▎      | 67/199 [00:00<00:00, 3465.00it/s, Materializing param=encoder.layer.3.output.LayerNorm.weight]
74.0s 572 Loading weights:  34%|███▍      | 68/199 [00:00<00:00, 3495.17it/s, Materializing param=encoder.layer.3.output.dense.bias]
74.0s 573 Loading weights:  34%|███▍      | 68/199 [00:00<00:00, 3483.68it/s, Materializing param=encoder.layer.3.output.dense.bias]
74.0s 574 Loading weights:  35%|███▍      | 69/199 [00:00<00:00, 3516.19it/s, Materializing param=encoder.layer.3.output.dense.weight]
74.0s 575 Loading weights:  35%|███▍      | 69/199 [00:00<00:00, 3505.88it/s, Materializing param=encoder.layer.3.output.dense.weight]
74.0s 576 Loading weights:  35%|███▌      | 70/199 [00:00<00:00, 3538.43it/s, Materializing param=encoder.layer.4.attention.output.LayerNorm.bias]
74.0s 577 Loading weights:  35%|███▌      | 70/199 [00:00<00:00, 3527.55it/s, Materializing param=encoder.layer.4.attention.output.LayerNorm.bias]
74.0s 578 Loading weights:  36%|███▌      | 71/199 [00:00<00:00, 3559.25it/s, Materializing param=encoder.layer.4.attention.output.LayerNorm.weight]
74.0s 579 Loading weights:  36%|███▌      | 71/199 [00:00<00:00, 3548.86it/s, Materializing param=encoder.layer.4.attention.output.LayerNorm.weight]
74.0s 580 Loading weights:  36%|███▌      | 72/199 [00:00<00:00, 3577.36it/s, Materializing param=encoder.layer.4.attention.output.dense.bias]
74.0s 581 Loading weights:  36%|███▌      | 72/199 [00:00<00:00, 3566.71it/s, Materializing param=encoder.layer.4.attention.output.dense.bias]
74.0s 582 Loading weights:  37%|███▋      | 73/199 [00:00<00:00, 3597.89it/s, Materializing param=encoder.layer.4.attention.output.dense.weight]
74.0s 583 Loading weights:  37%|███▋      | 73/199 [00:00<00:00, 3585.97it/s, Materializing param=encoder.layer.4.attention.output.dense.weight]
74.0s 584 Loading weights:  37%|███▋      | 74/199 [00:00<00:00, 3614.18it/s, Materializing param=encoder.layer.4.attention.self.key.bias]
74.0s 585 Loading weights:  37%|███▋      | 74/199 [00:00<00:00, 3603.94it/s, Materializing param=encoder.layer.4.attention.self.key.bias]
74.0s 586 Loading weights:  38%|███▊      | 75/199 [00:00<00:00, 3635.97it/s, Materializing param=encoder.layer.4.attention.self.key.weight]
74.0s 587 Loading weights:  38%|███▊      | 75/199 [00:00<00:00, 3626.74it/s, Materializing param=encoder.layer.4.attention.self.key.weight]
74.0s 588 Loading weights:  38%|███▊      | 76/199 [00:00<00:00, 3658.52it/s, Materializing param=encoder.layer.4.attention.self.query.bias]
74.0s 589 Loading weights:  38%|███▊      | 76/199 [00:00<00:00, 3649.27it/s, Materializing param=encoder.layer.4.attention.self.query.bias]
74.0s 590 Loading weights:  39%|███▊      | 77/199 [00:00<00:00, 3680.85it/s, Materializing param=encoder.layer.4.attention.self.query.weight]
74.0s 591 Loading weights:  39%|███▊      | 77/199 [00:00<00:00, 3671.77it/s, Materializing param=encoder.layer.4.attention.self.query.weight]
74.0s 592 Loading weights:  39%|███▉      | 78/199 [00:00<00:00, 3700.48it/s, Materializing param=encoder.layer.4.attention.self.value.bias]
74.0s 593 Loading weights:  39%|███▉      | 78/199 [00:00<00:00, 3690.92it/s, Materializing param=encoder.layer.4.attention.self.value.bias]
74.0s 594 Loading weights:  40%|███▉      | 79/199 [00:00<00:00, 3720.15it/s, Materializing param=encoder.layer.4.attention.self.value.weight]
74.0s 595 Loading weights:  40%|███▉      | 79/199 [00:00<00:00, 3710.78it/s, Materializing param=encoder.layer.4.attention.self.value.weight]
74.0s 596 Loading weights:  40%|████      | 80/199 [00:00<00:00, 3741.36it/s, Materializing param=encoder.layer.4.intermediate.dense.bias]
74.0s 597 Loading weights:  40%|████      | 80/199 [00:00<00:00, 3728.85it/s, Materializing param=encoder.layer.4.intermediate.dense.bias]
74.0s 598 Loading weights:  41%|████      | 81/199 [00:00<00:00, 3752.44it/s, Materializing param=encoder.layer.4.intermediate.dense.weight]
74.0s 599 Loading weights:  41%|████      | 81/199 [00:00<00:00, 3739.19it/s, Materializing param=encoder.layer.4.intermediate.dense.weight]
74.0s 600 Loading weights:  41%|████      | 82/199 [00:00<00:00, 3768.38it/s, Materializing param=encoder.layer.4.output.LayerNorm.bias]
74.0s 601 Loading weights:  41%|████      | 82/199 [00:00<00:00, 3758.79it/s, Materializing param=encoder.layer.4.output.LayerNorm.bias]
74.0s 602 Loading weights:  42%|████▏     | 83/199 [00:00<00:00, 3787.70it/s, Materializing param=encoder.layer.4.output.LayerNorm.weight]
74.0s 603 Loading weights:  42%|████▏     | 83/199 [00:00<00:00, 3778.08it/s, Materializing param=encoder.layer.4.output.LayerNorm.weight]
74.0s 604 Loading weights:  42%|████▏     | 84/199 [00:00<00:00, 3804.19it/s, Materializing param=encoder.layer.4.output.dense.bias]
74.0s 605 Loading weights:  42%|████▏     | 84/199 [00:00<00:00, 3794.44it/s, Materializing param=encoder.layer.4.output.dense.bias]
74.0s 606 Loading weights:  43%|████▎     | 85/199 [00:00<00:00, 3821.67it/s, Materializing param=encoder.layer.4.output.dense.weight]
74.0s 607 Loading weights:  43%|████▎     | 85/199 [00:00<00:00, 3810.56it/s, Materializing param=encoder.layer.4.output.dense.weight]
74.0s 608 Loading weights:  43%|████▎     | 86/199 [00:00<00:00, 3835.26it/s, Materializing param=encoder.layer.5.attention.output.LayerNorm.bias]
74.0s 609 Loading weights:  43%|████▎     | 86/199 [00:00<00:00, 3821.97it/s, Materializing param=encoder.layer.5.attention.output.LayerNorm.bias]
74.0s 610 Loading weights:  44%|████▎     | 87/199 [00:00<00:00, 3845.23it/s, Materializing param=encoder.layer.5.attention.output.LayerNorm.weight]
74.0s 611 Loading weights:  44%|████▎     | 87/199 [00:00<00:00, 3834.56it/s, Materializing param=encoder.layer.5.attention.output.LayerNorm.weight]
74.0s 612 Loading weights:  44%|████▍     | 88/199 [00:00<00:00, 3860.54it/s, Materializing param=encoder.layer.5.attention.output.dense.bias]
74.0s 613 Loading weights:  44%|████▍     | 88/199 [00:00<00:00, 3850.59it/s, Materializing param=encoder.layer.5.attention.output.dense.bias]
74.0s 614 Loading weights:  45%|████▍     | 89/199 [00:00<00:00, 3876.60it/s, Materializing param=encoder.layer.5.attention.output.dense.weight]
74.0s 615 Loading weights:  45%|████▍     | 89/199 [00:00<00:00, 3866.80it/s, Materializing param=encoder.layer.5.attention.output.dense.weight]
74.0s 616 Loading weights:  45%|████▌     | 90/199 [00:00<00:00, 3890.06it/s, Materializing param=encoder.layer.5.attention.self.key.bias]
74.0s 617 Loading weights:  45%|████▌     | 90/199 [00:00<00:00, 3879.07it/s, Materializing param=encoder.layer.5.attention.self.key.bias]
74.0s 618 Loading weights:  46%|████▌     | 91/199 [00:00<00:00, 3902.32it/s, Materializing param=encoder.layer.5.attention.self.key.weight]
74.0s 619 Loading weights:  46%|████▌     | 91/199 [00:00<00:00, 3892.25it/s, Materializing param=encoder.layer.5.attention.self.key.weight]
74.0s 620 Loading weights:  46%|████▌     | 92/199 [00:00<00:00, 3917.40it/s, Materializing param=encoder.layer.5.attention.self.query.bias]
74.0s 621 Loading weights:  46%|████▌     | 92/199 [00:00<00:00, 3906.46it/s, Materializing param=encoder.layer.5.attention.self.query.bias]
74.0s 622 Loading weights:  47%|████▋     | 93/199 [00:00<00:00, 3931.45it/s, Materializing param=encoder.layer.5.attention.self.query.weight]
74.0s 623 Loading weights:  47%|████▋     | 93/199 [00:00<00:00, 3921.96it/s, Materializing param=encoder.layer.5.attention.self.query.weight]
74.0s 624 Loading weights:  47%|████▋     | 94/199 [00:00<00:00, 3947.50it/s, Materializing param=encoder.layer.5.attention.self.value.bias]
74.0s 625 Loading weights:  47%|████▋     | 94/199 [00:00<00:00, 3938.00it/s, Materializing param=encoder.layer.5.attention.self.value.bias]
74.0s 626 Loading weights:  48%|████▊     | 95/199 [00:00<00:00, 3963.35it/s, Materializing param=encoder.layer.5.attention.self.value.weight]
74.0s 627 Loading weights:  48%|████▊     | 95/199 [00:00<00:00, 3953.79it/s, Materializing param=encoder.layer.5.attention.self.value.weight]
74.0s 628 Loading weights:  48%|████▊     | 96/199 [00:00<00:00, 3975.49it/s, Materializing param=encoder.layer.5.intermediate.dense.bias]
74.0s 629 Loading weights:  48%|████▊     | 96/199 [00:00<00:00, 3965.50it/s, Materializing param=encoder.layer.5.intermediate.dense.bias]
74.0s 630 Loading weights:  49%|████▊     | 97/199 [00:00<00:00, 3989.76it/s, Materializing param=encoder.layer.5.intermediate.dense.weight]
74.0s 631 Loading weights:  49%|████▊     | 97/199 [00:00<00:00, 3980.12it/s, Materializing param=encoder.layer.5.intermediate.dense.weight]
74.0s 632 Loading weights:  49%|████▉     | 98/199 [00:00<00:00, 4003.21it/s, Materializing param=encoder.layer.5.output.LayerNorm.bias]
74.0s 633 Loading weights:  49%|████▉     | 98/199 [00:00<00:00, 3993.76it/s, Materializing param=encoder.layer.5.output.LayerNorm.bias]
74.0s 634 Loading weights:  50%|████▉     | 99/199 [00:00<00:00, 4018.97it/s, Materializing param=encoder.layer.5.output.LayerNorm.weight]
74.0s 635 Loading weights:  50%|████▉     | 99/199 [00:00<00:00, 4005.21it/s, Materializing param=encoder.layer.5.output.LayerNorm.weight]
74.0s 636 Loading weights:  50%|█████     | 100/199 [00:00<00:00, 4031.05it/s, Materializing param=encoder.layer.5.output.dense.bias]
74.0s 637 Loading weights:  50%|█████     | 100/199 [00:00<00:00, 4022.73it/s, Materializing param=encoder.layer.5.output.dense.bias]
74.0s 638 Loading weights:  51%|█████     | 101/199 [00:00<00:00, 4048.52it/s, Materializing param=encoder.layer.5.output.dense.weight]
74.0s 639 Loading weights:  51%|█████     | 101/199 [00:00<00:00, 4037.29it/s, Materializing param=encoder.layer.5.output.dense.weight]
74.0s 640 Loading weights:  51%|█████▏    | 102/199 [00:00<00:00, 4057.96it/s, Materializing param=encoder.layer.6.attention.output.LayerNorm.bias]
74.0s 641 Loading weights:  51%|█████▏    | 102/199 [00:00<00:00, 4048.40it/s, Materializing param=encoder.layer.6.attention.output.LayerNorm.bias]
74.0s 642 Loading weights:  52%|█████▏    | 103/199 [00:00<00:00, 4071.33it/s, Materializing param=encoder.layer.6.attention.output.LayerNorm.weight]
74.0s 643 Loading weights:  52%|█████▏    | 103/199 [00:00<00:00, 4062.11it/s, Materializing param=encoder.layer.6.attention.output.LayerNorm.weight]
74.0s 644 Loading weights:  52%|█████▏    | 104/199 [00:00<00:00, 4085.72it/s, Materializing param=encoder.layer.6.attention.output.dense.bias]
74.0s 645 Loading weights:  52%|█████▏    | 104/199 [00:00<00:00, 4075.83it/s, Materializing param=encoder.layer.6.attention.output.dense.bias]
74.0s 646 Loading weights:  53%|█████▎    | 105/199 [00:00<00:00, 4098.40it/s, Materializing param=encoder.layer.6.attention.output.dense.weight]
74.0s 647 Loading weights:  53%|█████▎    | 105/199 [00:00<00:00, 4089.34it/s, Materializing param=encoder.layer.6.attention.output.dense.weight]
74.0s 648 Loading weights:  53%|█████▎    | 106/199 [00:00<00:00, 4110.58it/s, Materializing param=encoder.layer.6.attention.self.key.bias]
74.0s 649 Loading weights:  53%|█████▎    | 106/199 [00:00<00:00, 4101.52it/s, Materializing param=encoder.layer.6.attention.self.key.bias]
74.0s 650 Loading weights:  54%|█████▍    | 107/199 [00:00<00:00, 4124.38it/s, Materializing param=encoder.layer.6.attention.self.key.weight]
74.0s 651 Loading weights:  54%|█████▍    | 107/199 [00:00<00:00, 4115.49it/s, Materializing param=encoder.layer.6.attention.self.key.weight]
74.0s 652 Loading weights:  54%|█████▍    | 108/199 [00:00<00:00, 4127.20it/s, Materializing param=encoder.layer.6.attention.self.query.bias]
74.0s 653 Loading weights:  54%|█████▍    | 108/199 [00:00<00:00, 4116.62it/s, Materializing param=encoder.layer.6.attention.self.query.bias]
74.0s 654 Loading weights:  55%|█████▍    | 109/199 [00:00<00:00, 4136.77it/s, Materializing param=encoder.layer.6.attention.self.query.weight]
74.0s 655 Loading weights:  55%|█████▍    | 109/199 [00:00<00:00, 4127.28it/s, Materializing param=encoder.layer.6.attention.self.query.weight]
74.0s 656 Loading weights:  55%|█████▌    | 110/199 [00:00<00:00, 4145.76it/s, Materializing param=encoder.layer.6.attention.self.value.bias]
74.0s 657 Loading weights:  55%|█████▌    | 110/199 [00:00<00:00, 4137.28it/s, Materializing param=encoder.layer.6.attention.self.value.bias]
74.0s 658 Loading weights:  56%|█████▌    | 111/199 [00:00<00:00, 4159.97it/s, Materializing param=encoder.layer.6.attention.self.value.weight]
74.0s 659 Loading weights:  56%|█████▌    | 111/199 [00:00<00:00, 4151.81it/s, Materializing param=encoder.layer.6.attention.self.value.weight]
74.0s 660 Loading weights:  56%|█████▋    | 112/199 [00:00<00:00, 4174.10it/s, Materializing param=encoder.layer.6.intermediate.dense.bias]
74.0s 661 Loading weights:  56%|█████▋    | 112/199 [00:00<00:00, 4165.89it/s, Materializing param=encoder.layer.6.intermediate.dense.bias]
74.0s 662 Loading weights:  57%|█████▋    | 113/199 [00:00<00:00, 4188.78it/s, Materializing param=encoder.layer.6.intermediate.dense.weight]
74.0s 663 Loading weights:  57%|█████▋    | 113/199 [00:00<00:00, 4180.76it/s, Materializing param=encoder.layer.6.intermediate.dense.weight]
74.0s 664 Loading weights:  57%|█████▋    | 114/199 [00:00<00:00, 4201.20it/s, Materializing param=encoder.layer.6.output.LayerNorm.bias]
74.0s 665 Loading weights:  57%|█████▋    | 114/199 [00:00<00:00, 4193.02it/s, Materializing param=encoder.layer.6.output.LayerNorm.bias]
74.0s 666 Loading weights:  58%|█████▊    | 115/199 [00:00<00:00, 4215.53it/s, Materializing param=encoder.layer.6.output.LayerNorm.weight]
74.0s 667 Loading weights:  58%|█████▊    | 115/199 [00:00<00:00, 4207.55it/s, Materializing param=encoder.layer.6.output.LayerNorm.weight]
74.0s 668 Loading weights:  58%|█████▊    | 116/199 [00:00<00:00, 4230.04it/s, Materializing param=encoder.layer.6.output.dense.bias]
74.0s 669 Loading weights:  58%|█████▊    | 116/199 [00:00<00:00, 4222.04it/s, Materializing param=encoder.layer.6.output.dense.bias]
74.0s 670 Loading weights:  59%|█████▉    | 117/199 [00:00<00:00, 4243.59it/s, Materializing param=encoder.layer.6.output.dense.weight]
74.0s 671 Loading weights:  59%|█████▉    | 117/199 [00:00<00:00, 4233.67it/s, Materializing param=encoder.layer.6.output.dense.weight]
74.0s 672 Loading weights:  59%|█████▉    | 118/199 [00:00<00:00, 4248.64it/s, Materializing param=encoder.layer.7.attention.output.LayerNorm.bias]
74.0s 673 Loading weights:  59%|█████▉    | 118/199 [00:00<00:00, 4239.43it/s, Materializing param=encoder.layer.7.attention.output.LayerNorm.bias]
74.0s 674 Loading weights:  60%|█████▉    | 119/199 [00:00<00:00, 4259.16it/s, Materializing param=encoder.layer.7.attention.output.LayerNorm.weight]
74.0s 675 Loading weights:  60%|█████▉    | 119/199 [00:00<00:00, 4249.91it/s, Materializing param=encoder.layer.7.attention.output.LayerNorm.weight]
74.0s 676 Loading weights:  60%|██████    | 120/199 [00:00<00:00, 4266.80it/s, Materializing param=encoder.layer.7.attention.output.dense.bias]
74.0s 677 Loading weights:  60%|██████    | 120/199 [00:00<00:00, 4257.49it/s, Materializing param=encoder.layer.7.attention.output.dense.bias]
74.0s 678 Loading weights:  61%|██████    | 121/199 [00:00<00:00, 4276.73it/s, Materializing param=encoder.layer.7.attention.output.dense.weight]
74.0s 679 Loading weights:  61%|██████    | 121/199 [00:00<00:00, 4266.45it/s, Materializing param=encoder.layer.7.attention.output.dense.weight]
74.0s 680 Loading weights:  61%|██████▏   | 122/199 [00:00<00:00, 4285.67it/s, Materializing param=encoder.layer.7.attention.self.key.bias]
74.0s 681 Loading weights:  61%|██████▏   | 122/199 [00:00<00:00, 4275.75it/s, Materializing param=encoder.layer.7.attention.self.key.bias]
74.0s 682 Loading weights:  62%|██████▏   | 123/199 [00:00<00:00, 4294.69it/s, Materializing param=encoder.layer.7.attention.self.key.weight]
74.0s 683 Loading weights:  62%|██████▏   | 123/199 [00:00<00:00, 4285.95it/s, Materializing param=encoder.layer.7.attention.self.key.weight]
74.0s 684 Loading weights:  62%|██████▏   | 124/199 [00:00<00:00, 4305.41it/s, Materializing param=encoder.layer.7.attention.self.query.bias]
74.0s 685 Loading weights:  62%|██████▏   | 124/199 [00:00<00:00, 4296.84it/s, Materializing param=encoder.layer.7.attention.self.query.bias]
74.0s 686 Loading weights:  63%|██████▎   | 125/199 [00:00<00:00, 4313.21it/s, Materializing param=encoder.layer.7.attention.self.query.weight]
74.0s 687 Loading weights:  63%|██████▎   | 125/199 [00:00<00:00, 4305.42it/s, Materializing param=encoder.layer.7.attention.self.query.weight]
74.0s 688 Loading weights:  63%|██████▎   | 126/199 [00:00<00:00, 4323.78it/s, Materializing param=encoder.layer.7.attention.self.value.bias]
74.0s 689 Loading weights:  63%|██████▎   | 126/199 [00:00<00:00, 4315.90it/s, Materializing param=encoder.layer.7.attention.self.value.bias]
74.0s 690 Loading weights:  64%|██████▍   | 127/199 [00:00<00:00, 4336.45it/s, Materializing param=encoder.layer.7.attention.self.value.weight]
74.0s 691 Loading weights:  64%|██████▍   | 127/199 [00:00<00:00, 4328.73it/s, Materializing param=encoder.layer.7.attention.self.value.weight]
74.0s 692 Loading weights:  64%|██████▍   | 128/199 [00:00<00:00, 4349.42it/s, Materializing param=encoder.layer.7.intermediate.dense.bias]
74.0s 693 Loading weights:  64%|██████▍   | 128/199 [00:00<00:00, 4341.72it/s, Materializing param=encoder.layer.7.intermediate.dense.bias]
74.0s 694 Loading weights:  65%|██████▍   | 129/199 [00:00<00:00, 4360.90it/s, Materializing param=encoder.layer.7.intermediate.dense.weight]
74.0s 695 Loading weights:  65%|██████▍   | 129/199 [00:00<00:00, 4353.21it/s, Materializing param=encoder.layer.7.intermediate.dense.weight]
74.0s 696 Loading weights:  65%|██████▌   | 130/199 [00:00<00:00, 4372.96it/s, Materializing param=encoder.layer.7.output.LayerNorm.bias]
74.0s 697 Loading weights:  65%|██████▌   | 130/199 [00:00<00:00, 4361.41it/s, Materializing param=encoder.layer.7.output.LayerNorm.bias]
74.0s 698 Loading weights:  66%|██████▌   | 131/199 [00:00<00:00, 4379.65it/s, Materializing param=encoder.layer.7.output.LayerNorm.weight]
74.0s 699 Loading weights:  66%|██████▌   | 131/199 [00:00<00:00, 4371.33it/s, Materializing param=encoder.layer.7.output.LayerNorm.weight]
74.0s 700 Loading weights:  66%|██████▋   | 132/199 [00:00<00:00, 4387.87it/s, Materializing param=encoder.layer.7.output.dense.bias]
74.0s 701 Loading weights:  66%|██████▋   | 132/199 [00:00<00:00, 4379.33it/s, Materializing param=encoder.layer.7.output.dense.bias]
74.0s 702 Loading weights:  67%|██████▋   | 133/199 [00:00<00:00, 4396.93it/s, Materializing param=encoder.layer.7.output.dense.weight]
74.0s 703 Loading weights:  67%|██████▋   | 133/199 [00:00<00:00, 4388.42it/s, Materializing param=encoder.layer.7.output.dense.weight]
74.0s 704 Loading weights:  67%|██████▋   | 134/199 [00:00<00:00, 4406.47it/s, Materializing param=encoder.layer.8.attention.output.LayerNorm.bias]
74.0s 705 Loading weights:  67%|██████▋   | 134/199 [00:00<00:00, 4397.85it/s, Materializing param=encoder.layer.8.attention.output.LayerNorm.bias]
74.0s 706 Loading weights:  68%|██████▊   | 135/199 [00:00<00:00, 4412.65it/s, Materializing param=encoder.layer.8.attention.output.LayerNorm.weight]
74.0s 707 Loading weights:  68%|██████▊   | 135/199 [00:00<00:00, 4403.28it/s, Materializing param=encoder.layer.8.attention.output.LayerNorm.weight]
74.0s 708 Loading weights:  68%|██████▊   | 136/199 [00:00<00:00, 4420.60it/s, Materializing param=encoder.layer.8.attention.output.dense.bias]
74.0s 709 Loading weights:  68%|██████▊   | 136/199 [00:00<00:00, 4411.92it/s, Materializing param=encoder.layer.8.attention.output.dense.bias]
74.0s 710 Loading weights:  69%|██████▉   | 137/199 [00:00<00:00, 4429.08it/s, Materializing param=encoder.layer.8.attention.output.dense.weight]
74.0s 711 Loading weights:  69%|██████▉   | 137/199 [00:00<00:00, 4420.46it/s, Materializing param=encoder.layer.8.attention.output.dense.weight]
74.0s 712 Loading weights:  69%|██████▉   | 138/199 [00:00<00:00, 4427.65it/s, Materializing param=encoder.layer.8.attention.self.key.bias]
74.0s 713 Loading weights:  69%|██████▉   | 138/199 [00:00<00:00, 4417.48it/s, Materializing param=encoder.layer.8.attention.self.key.bias]
74.0s 714 Loading weights:  70%|██████▉   | 139/199 [00:00<00:00, 4433.83it/s, Materializing param=encoder.layer.8.attention.self.key.weight]
74.0s 715 Loading weights:  70%|██████▉   | 139/199 [00:00<00:00, 4423.77it/s, Materializing param=encoder.layer.8.attention.self.key.weight]
74.0s 716 Loading weights:  70%|███████   | 140/199 [00:00<00:00, 4440.87it/s, Materializing param=encoder.layer.8.attention.self.query.bias]
74.0s 717 Loading weights:  70%|███████   | 140/199 [00:00<00:00, 4433.02it/s, Materializing param=encoder.layer.8.attention.self.query.bias]
74.0s 718 Loading weights:  71%|███████   | 141/199 [00:00<00:00, 4451.18it/s, Materializing param=encoder.layer.8.attention.self.query.weight]
74.0s 719 Loading weights:  71%|███████   | 141/199 [00:00<00:00, 4443.72it/s, Materializing param=encoder.layer.8.attention.self.query.weight]
74.0s 720 Loading weights:  71%|███████▏  | 142/199 [00:00<00:00, 4459.89it/s, Materializing param=encoder.layer.8.attention.self.value.bias]
74.0s 721 Loading weights:  71%|███████▏  | 142/199 [00:00<00:00, 4452.12it/s, Materializing param=encoder.layer.8.attention.self.value.bias]
74.0s 722 Loading weights:  72%|███████▏  | 143/199 [00:00<00:00, 4470.47it/s, Materializing param=encoder.layer.8.attention.self.value.weight]
74.0s 723 Loading weights:  72%|███████▏  | 143/199 [00:00<00:00, 4463.09it/s, Materializing param=encoder.layer.8.attention.self.value.weight]
74.0s 724 Loading weights:  72%|███████▏  | 144/199 [00:00<00:00, 4470.15it/s, Materializing param=encoder.layer.8.intermediate.dense.bias]
74.0s 725 Loading weights:  72%|███████▏  | 144/199 [00:00<00:00, 4462.26it/s, Materializing param=encoder.layer.8.intermediate.dense.bias]
74.0s 726 Loading weights:  73%|███████▎  | 145/199 [00:00<00:00, 4480.24it/s, Materializing param=encoder.layer.8.intermediate.dense.weight]
74.0s 727 Loading weights:  73%|███████▎  | 145/199 [00:00<00:00, 4472.99it/s, Materializing param=encoder.layer.8.intermediate.dense.weight]
74.0s 728 Loading weights:  73%|███████▎  | 146/199 [00:00<00:00, 4490.52it/s, Materializing param=encoder.layer.8.output.LayerNorm.bias]
74.0s 729 Loading weights:  73%|███████▎  | 146/199 [00:00<00:00, 4483.23it/s, Materializing param=encoder.layer.8.output.LayerNorm.bias]
74.0s 730 Loading weights:  74%|███████▍  | 147/199 [00:00<00:00, 4501.11it/s, Materializing param=encoder.layer.8.output.LayerNorm.weight]
74.0s 731 Loading weights:  74%|███████▍  | 147/199 [00:00<00:00, 4493.96it/s, Materializing param=encoder.layer.8.output.LayerNorm.weight]
74.0s 732 Loading weights:  74%|███████▍  | 148/199 [00:00<00:00, 4510.59it/s, Materializing param=encoder.layer.8.output.dense.bias]
74.0s 733 Loading weights:  74%|███████▍  | 148/199 [00:00<00:00, 4503.33it/s, Materializing param=encoder.layer.8.output.dense.bias]
74.0s 734 Loading weights:  75%|███████▍  | 149/199 [00:00<00:00, 4521.20it/s, Materializing param=encoder.layer.8.output.dense.weight]
74.0s 735 Loading weights:  75%|███████▍  | 149/199 [00:00<00:00, 4514.14it/s, Materializing param=encoder.layer.8.output.dense.weight]
74.0s 736 Loading weights:  75%|███████▌  | 150/199 [00:00<00:00, 4529.68it/s, Materializing param=encoder.layer.9.attention.output.LayerNorm.bias]
74.0s 737 Loading weights:  75%|███████▌  | 150/199 [00:00<00:00, 4522.36it/s, Materializing param=encoder.layer.9.attention.output.LayerNorm.bias]
74.0s 738 Loading weights:  76%|███████▌  | 151/199 [00:00<00:00, 4539.32it/s, Materializing param=encoder.layer.9.attention.output.LayerNorm.weight]
74.0s 739 Loading weights:  76%|███████▌  | 151/199 [00:00<00:00, 4531.95it/s, Materializing param=encoder.layer.9.attention.output.LayerNorm.weight]
74.0s 740 Loading weights:  76%|███████▋  | 152/199 [00:00<00:00, 4549.14it/s, Materializing param=encoder.layer.9.attention.output.dense.bias]
74.0s 741 Loading weights:  76%|███████▋  | 152/199 [00:00<00:00, 4541.84it/s, Materializing param=encoder.layer.9.attention.output.dense.bias]
74.0s 742 Loading weights:  77%|███████▋  | 153/199 [00:00<00:00, 4558.22it/s, Materializing param=encoder.layer.9.attention.output.dense.weight]
74.0s 743 Loading weights:  77%|███████▋  | 153/199 [00:00<00:00, 4551.04it/s, Materializing param=encoder.layer.9.attention.output.dense.weight]
74.0s 744 Loading weights:  77%|███████▋  | 154/199 [00:00<00:00, 4566.86it/s, Materializing param=encoder.layer.9.attention.self.key.bias]
74.0s 745 Loading weights:  77%|███████▋  | 154/199 [00:00<00:00, 4559.61it/s, Materializing param=encoder.layer.9.attention.self.key.bias]
74.0s 746 Loading weights:  78%|███████▊  | 155/199 [00:00<00:00, 4573.14it/s, Materializing param=encoder.layer.9.attention.self.key.weight]
74.0s 747 Loading weights:  78%|███████▊  | 155/199 [00:00<00:00, 4562.58it/s, Materializing param=encoder.layer.9.attention.self.key.weight]
74.0s 748 Loading weights:  78%|███████▊  | 156/199 [00:00<00:00, 4575.57it/s, Materializing param=encoder.layer.9.attention.self.query.bias]
74.0s 749 Loading weights:  78%|███████▊  | 156/199 [00:00<00:00, 4567.40it/s, Materializing param=encoder.layer.9.attention.self.query.bias]
74.0s 750 Loading weights:  79%|███████▉  | 157/199 [00:00<00:00, 4582.63it/s, Materializing param=encoder.layer.9.attention.self.query.weight]
74.0s 751 Loading weights:  79%|███████▉  | 157/199 [00:00<00:00, 4574.83it/s, Materializing param=encoder.layer.9.attention.self.query.weight]
74.0s 752 Loading weights:  79%|███████▉  | 158/199 [00:00<00:00, 4590.16it/s, Materializing param=encoder.layer.9.attention.self.value.bias]
74.0s 753 Loading weights:  79%|███████▉  | 158/199 [00:00<00:00, 4582.42it/s, Materializing param=encoder.layer.9.attention.self.value.bias]
74.0s 754 Loading weights:  80%|███████▉  | 159/199 [00:00<00:00, 4596.64it/s, Materializing param=encoder.layer.9.attention.self.value.weight]
74.0s 755 Loading weights:  80%|███████▉  | 159/199 [00:00<00:00, 4588.70it/s, Materializing param=encoder.layer.9.attention.self.value.weight]
74.0s 756 Loading weights:  80%|████████  | 160/199 [00:00<00:00, 4602.77it/s, Materializing param=encoder.layer.9.intermediate.dense.bias]
74.0s 757 Loading weights:  80%|████████  | 160/199 [00:00<00:00, 4595.02it/s, Materializing param=encoder.layer.9.intermediate.dense.bias]
74.0s 758 Loading weights:  81%|████████  | 161/199 [00:00<00:00, 4609.31it/s, Materializing param=encoder.layer.9.intermediate.dense.weight]
74.0s 759 Loading weights:  81%|████████  | 161/199 [00:00<00:00, 4601.59it/s, Materializing param=encoder.layer.9.intermediate.dense.weight]
74.0s 760 Loading weights:  81%|████████▏ | 162/199 [00:00<00:00, 4608.31it/s, Materializing param=encoder.layer.9.output.LayerNorm.bias]
74.0s 761 Loading weights:  81%|████████▏ | 162/199 [00:00<00:00, 4599.27it/s, Materializing param=encoder.layer.9.output.LayerNorm.bias]
74.0s 762 Loading weights:  82%|████████▏ | 163/199 [00:00<00:00, 4613.39it/s, Materializing param=encoder.layer.9.output.LayerNorm.weight]
74.0s 763 Loading weights:  82%|████████▏ | 163/199 [00:00<00:00, 4605.77it/s, Materializing param=encoder.layer.9.output.LayerNorm.weight]
74.0s 764 Loading weights:  82%|████████▏ | 164/199 [00:00<00:00, 4620.70it/s, Materializing param=encoder.layer.9.output.dense.bias]
74.0s 765 Loading weights:  82%|████████▏ | 164/199 [00:00<00:00, 4612.28it/s, Materializing param=encoder.layer.9.output.dense.bias]
74.0s 766 Loading weights:  83%|████████▎ | 165/199 [00:00<00:00, 4627.06it/s, Materializing param=encoder.layer.9.output.dense.weight]
74.0s 767 Loading weights:  83%|████████▎ | 165/199 [00:00<00:00, 4619.74it/s, Materializing param=encoder.layer.9.output.dense.weight]
74.0s 768 Loading weights:  83%|████████▎ | 166/199 [00:00<00:00, 4634.68it/s, Materializing param=encoder.layer.10.attention.output.LayerNorm.bias]
74.0s 769 Loading weights:  83%|████████▎ | 166/199 [00:00<00:00, 4626.95it/s, Materializing param=encoder.layer.10.attention.output.LayerNorm.bias]
74.0s 770 Loading weights:  84%|████████▍ | 167/199 [00:00<00:00, 4639.62it/s, Materializing param=encoder.layer.10.attention.output.LayerNorm.weight]
74.0s 771 Loading weights:  84%|████████▍ | 167/199 [00:00<00:00, 4629.02it/s, Materializing param=encoder.layer.10.attention.output.LayerNorm.weight]
74.0s 772 Loading weights:  84%|████████▍ | 168/199 [00:00<00:00, 4643.81it/s, Materializing param=encoder.layer.10.attention.output.dense.bias]
74.0s 773 Loading weights:  84%|████████▍ | 168/199 [00:00<00:00, 4636.91it/s, Materializing param=encoder.layer.10.attention.output.dense.bias]
74.0s 774 Loading weights:  85%|████████▍ | 169/199 [00:00<00:00, 4652.54it/s, Materializing param=encoder.layer.10.attention.output.dense.weight]
74.0s 775 Loading weights:  85%|████████▍ | 169/199 [00:00<00:00, 4645.71it/s, Materializing param=encoder.layer.10.attention.output.dense.weight]
74.0s 776 Loading weights:  85%|████████▌ | 170/199 [00:00<00:00, 4661.31it/s, Materializing param=encoder.layer.10.attention.self.key.bias]
74.0s 777 Loading weights:  85%|████████▌ | 170/199 [00:00<00:00, 4653.80it/s, Materializing param=encoder.layer.10.attention.self.key.bias]
74.0s 778 Loading weights:  86%|████████▌ | 171/199 [00:00<00:00, 4668.95it/s, Materializing param=encoder.layer.10.attention.self.key.weight]
74.0s 779 Loading weights:  86%|████████▌ | 171/199 [00:00<00:00, 4662.22it/s, Materializing param=encoder.layer.10.attention.self.key.weight]
74.0s 780 Loading weights:  86%|████████▋ | 172/199 [00:00<00:00, 4677.68it/s, Materializing param=encoder.layer.10.attention.self.query.bias]
74.0s 781 Loading weights:  86%|████████▋ | 172/199 [00:00<00:00, 4670.93it/s, Materializing param=encoder.layer.10.attention.self.query.bias]
74.0s 782 Loading weights:  87%|████████▋ | 173/199 [00:00<00:00, 4686.31it/s, Materializing param=encoder.layer.10.attention.self.query.weight]
74.0s 783 Loading weights:  87%|████████▋ | 173/199 [00:00<00:00, 4678.82it/s, Materializing param=encoder.layer.10.attention.self.query.weight]
74.0s 784 Loading weights:  87%|████████▋ | 174/199 [00:00<00:00, 4691.92it/s, Materializing param=encoder.layer.10.attention.self.value.bias]
74.0s 785 Loading weights:  87%|████████▋ | 174/199 [00:00<00:00, 4684.84it/s, Materializing param=encoder.layer.10.attention.self.value.bias]
74.0s 786 Loading weights:  88%|████████▊ | 175/199 [00:00<00:00, 4700.00it/s, Materializing param=encoder.layer.10.attention.self.value.weight]
74.0s 787 Loading weights:  88%|████████▊ | 175/199 [00:00<00:00, 4693.24it/s, Materializing param=encoder.layer.10.attention.self.value.weight]
74.0s 788 Loading weights:  88%|████████▊ | 176/199 [00:00<00:00, 4705.91it/s, Materializing param=encoder.layer.10.intermediate.dense.bias]
74.0s 789 Loading weights:  88%|████████▊ | 176/199 [00:00<00:00, 4698.69it/s, Materializing param=encoder.layer.10.intermediate.dense.bias]
74.0s 790 Loading weights:  89%|████████▉ | 177/199 [00:00<00:00, 4711.50it/s, Materializing param=encoder.layer.10.intermediate.dense.weight]
74.0s 791 Loading weights:  89%|████████▉ | 177/199 [00:00<00:00, 4704.16it/s, Materializing param=encoder.layer.10.intermediate.dense.weight]
74.0s 792 Loading weights:  89%|████████▉ | 178/199 [00:00<00:00, 4718.33it/s, Materializing param=encoder.layer.10.output.LayerNorm.bias]
74.0s 793 Loading weights:  89%|████████▉ | 178/199 [00:00<00:00, 4711.18it/s, Materializing param=encoder.layer.10.output.LayerNorm.bias]
74.0s 794 Loading weights:  90%|████████▉ | 179/199 [00:00<00:00, 4725.31it/s, Materializing param=encoder.layer.10.output.LayerNorm.weight]
74.0s 795 Loading weights:  90%|████████▉ | 179/199 [00:00<00:00, 4716.64it/s, Materializing param=encoder.layer.10.output.LayerNorm.weight]
74.0s 796 Loading weights:  90%|█████████ | 180/199 [00:00<00:00, 4721.84it/s, Materializing param=encoder.layer.10.output.dense.bias]
74.0s 797 Loading weights:  90%|█████████ | 180/199 [00:00<00:00, 4713.94it/s, Materializing param=encoder.layer.10.output.dense.bias]
74.0s 798 Loading weights:  91%|█████████ | 181/199 [00:00<00:00, 4725.90it/s, Materializing param=encoder.layer.10.output.dense.weight]
74.0s 799 Loading weights:  91%|█████████ | 181/199 [00:00<00:00, 4718.56it/s, Materializing param=encoder.layer.10.output.dense.weight]
74.0s 800 Loading weights:  91%|█████████▏| 182/199 [00:00<00:00, 4731.89it/s, Materializing param=encoder.layer.11.attention.output.LayerNorm.bias]
74.0s 801 Loading weights:  91%|█████████▏| 182/199 [00:00<00:00, 4723.61it/s, Materializing param=encoder.layer.11.attention.output.LayerNorm.bias]
74.0s 802 Loading weights:  92%|█████████▏| 183/199 [00:00<00:00, 4736.05it/s, Materializing param=encoder.layer.11.attention.output.LayerNorm.weight]
74.0s 803 Loading weights:  92%|█████████▏| 183/199 [00:00<00:00, 4728.70it/s, Materializing param=encoder.layer.11.attention.output.LayerNorm.weight]
74.0s 804 Loading weights:  92%|█████████▏| 184/199 [00:00<00:00, 4741.86it/s, Materializing param=encoder.layer.11.attention.output.dense.bias]
74.0s 805 Loading weights:  92%|█████████▏| 184/199 [00:00<00:00, 4734.67it/s, Materializing param=encoder.layer.11.attention.output.dense.bias]
74.0s 806 Loading weights:  93%|█████████▎| 185/199 [00:00<00:00, 4747.71it/s, Materializing param=encoder.layer.11.attention.output.dense.weight]
74.0s 807 Loading weights:  93%|█████████▎| 185/199 [00:00<00:00, 4740.57it/s, Materializing param=encoder.layer.11.attention.output.dense.weight]
74.0s 808 Loading weights:  93%|█████████▎| 186/199 [00:00<00:00, 4751.45it/s, Materializing param=encoder.layer.11.attention.self.key.bias]
74.0s 809 Loading weights:  93%|█████████▎| 186/199 [00:00<00:00, 4744.20it/s, Materializing param=encoder.layer.11.attention.self.key.bias]
74.0s 810 Loading weights:  94%|█████████▍| 187/199 [00:00<00:00, 4756.02it/s, Materializing param=encoder.layer.11.attention.self.key.weight]
74.0s 811 Loading weights:  94%|█████████▍| 187/199 [00:00<00:00, 4749.57it/s, Materializing param=encoder.layer.11.attention.self.key.weight]
74.0s 812 Loading weights:  94%|█████████▍| 188/199 [00:00<00:00, 4757.48it/s, Materializing param=encoder.layer.11.attention.self.query.bias]
74.0s 813 Loading weights:  94%|█████████▍| 188/199 [00:00<00:00, 4751.09it/s, Materializing param=encoder.layer.11.attention.self.query.bias]
74.0s 814 Loading weights:  95%|█████████▍| 189/199 [00:00<00:00, 4765.48it/s, Materializing param=encoder.layer.11.attention.self.query.weight]
74.0s 815 Loading weights:  95%|█████████▍| 189/199 [00:00<00:00, 4759.44it/s, Materializing param=encoder.layer.11.attention.self.query.weight]
74.0s 816 Loading weights:  95%|█████████▌| 190/199 [00:00<00:00, 4771.88it/s, Materializing param=encoder.layer.11.attention.self.value.bias]
74.0s 817 Loading weights:  95%|█████████▌| 190/199 [00:00<00:00, 4765.60it/s, Materializing param=encoder.layer.11.attention.self.value.bias]
74.0s 818 Loading weights:  96%|█████████▌| 191/199 [00:00<00:00, 4779.48it/s, Materializing param=encoder.layer.11.attention.self.value.weight]
74.0s 819 Loading weights:  96%|█████████▌| 191/199 [00:00<00:00, 4773.13it/s, Materializing param=encoder.layer.11.attention.self.value.weight]
74.0s 820 Loading weights:  96%|█████████▋| 192/199 [00:00<00:00, 4784.83it/s, Materializing param=encoder.layer.11.intermediate.dense.bias]
74.0s 821 Loading weights:  96%|█████████▋| 192/199 [00:00<00:00, 4778.22it/s, Materializing param=encoder.layer.11.intermediate.dense.bias]
74.0s 822 Loading weights:  97%|█████████▋| 193/199 [00:00<00:00, 4790.91it/s, Materializing param=encoder.layer.11.intermediate.dense.weight]
74.0s 823 Loading weights:  97%|█████████▋| 193/199 [00:00<00:00, 4782.62it/s, Materializing param=encoder.layer.11.intermediate.dense.weight]
74.0s 824 Loading weights:  97%|█████████▋| 194/199 [00:00<00:00, 4796.57it/s, Materializing param=encoder.layer.11.output.LayerNorm.bias]
74.0s 825 Loading weights:  97%|█████████▋| 194/199 [00:00<00:00, 4790.39it/s, Materializing param=encoder.layer.11.output.LayerNorm.bias]
74.0s 826 Loading weights:  98%|█████████▊| 195/199 [00:00<00:00, 4803.20it/s, Materializing param=encoder.layer.11.output.LayerNorm.weight]
74.0s 827 Loading weights:  98%|█████████▊| 195/199 [00:00<00:00, 4797.06it/s, Materializing param=encoder.layer.11.output.LayerNorm.weight]
74.0s 828 Loading weights:  98%|█████████▊| 196/199 [00:00<00:00, 4810.85it/s, Materializing param=encoder.layer.11.output.dense.bias]
74.0s 829 Loading weights:  98%|█████████▊| 196/199 [00:00<00:00, 4804.78it/s, Materializing param=encoder.layer.11.output.dense.bias]
74.0s 830 Loading weights:  99%|█████████▉| 197/199 [00:00<00:00, 4818.73it/s, Materializing param=encoder.layer.11.output.dense.weight]
74.0s 831 Loading weights:  99%|█████████▉| 197/199 [00:00<00:00, 4812.62it/s, Materializing param=encoder.layer.11.output.dense.weight]
74.0s 832 Loading weights:  99%|█████████▉| 198/199 [00:00<00:00, 4826.08it/s, Materializing param=pooler.dense.bias]
74.0s 833 Loading weights:  99%|█████████▉| 198/199 [00:00<00:00, 4817.88it/s, Materializing param=pooler.dense.bias]
74.0s 834 Loading weights: 100%|██████████| 199/199 [00:00<00:00, 4829.24it/s, Materializing param=pooler.dense.weight]
74.0s 835 Loading weights: 100%|██████████| 199/199 [00:00<00:00, 4822.68it/s, Materializing param=pooler.dense.weight]
74.0s 836 Loading weights: 100%|██████████| 199/199 [00:00<00:00, 4808.49it/s, Materializing param=pooler.dense.weight]
74.0s 837 BertModel LOAD REPORT from: google/muril-base-cased
74.0s 838 Key                                        | Status     |  |
74.0s 839 -------------------------------------------+------------+--+-
74.0s 840 cls.predictions.decoder.weight             | UNEXPECTED |  |
74.0s 841 cls.predictions.transform.LayerNorm.bias   | UNEXPECTED |  |
74.0s 842 cls.predictions.transform.dense.weight     | UNEXPECTED |  |
74.0s 843 cls.predictions.transform.dense.bias       | UNEXPECTED |  |
74.0s 844 cls.seq_relationship.bias                  | UNEXPECTED |  |
74.0s 845 bert.embeddings.position_ids               | UNEXPECTED |  |
74.0s 846 cls.seq_relationship.weight                | UNEXPECTED |  |
74.0s 847 cls.predictions.transform.LayerNorm.weight | UNEXPECTED |  |
74.0s 848 cls.predictions.bias                       | UNEXPECTED |  |
74.0s 849 cls.predictions.decoder.bias               | UNEXPECTED |  |
74.0s 850 
74.0s 851 Notes:
74.0s 852 - UNEXPECTED	:can be ignored when loading from different task/architecture; not ok if you expect identical arch.
75.5s 853 embeddings: train=(6401, 1536) validation=(806, 1536)
105.3s 854 holdout macro-F1 0.7045 acc 0.7066
105.3s 855 precision    recall  f1-score   support
105.3s 856 
105.3s 857 Non-Hate      0.765     0.611     0.680       489
105.3s 858 Hate      0.667     0.805     0.729       472
105.3s 859 
105.3s 860 accuracy                          0.707       961
105.3s 861 macro avg      0.716     0.708     0.704       961
105.3s 862 weighted avg      0.717     0.707     0.704       961
105.3s 863 
145.6s 864 full-data SVM fit on 6401 rows
145.6s 865 wrote /kaggle/working/hastika/artifacts/runs/task_a_muril_embeddings_svm_rbf/predictions.csv ({'Hate': 445, 'Non-Hate': 361})
148.1s 866 embedding-SVM experiment completed
148.6s 867 OK: 806 rows, {'Hate': 445, 'Non-Hate': 361}
148.6s 868 wrote /kaggle/working/task_a_muril_embeddings_svm_rbf.zip
148.7s 869 OK: 806 rows, {'Hate': 445, 'Non-Hate': 361}
148.7s 870 wrote /kaggle/working/task_a_muril_embeddings_svm_rbf.zip
148.7s 871 READY TO UPLOAD: /kaggle/working/task_a_muril_embeddings_svm_rbf.zip
148.7s 872 download directory: /kaggle/working/task_a_muril_embeddings_svm_outputs
151.6s 873 /usr/local/lib/python3.12/dist-packages/mistune.py:435: SyntaxWarning: invalid escape sequence '\|'
151.6s 874 cells[i][c] = re.sub('\\\\\|', '|', cell)
151.7s 875 /usr/local/lib/python3.12/dist-packages/nbconvert/filters/filter_links.py:36: SyntaxWarning: invalid escape sequence '\_'
151.7s 876 text = re.sub(r'_', '\_', text) # Escape underscores in display text
152.4s 877 [NbConvertApp] Converting notebook __notebook__.ipynb to notebook
152.7s 878 [NbConvertApp] Writing 126559 bytes to __notebook__.ipynb
155.1s 879 [NbConvertApp] Converting notebook __notebook__.ipynb to html
155.9s 880 [NbConvertApp] Writing 402780 bytes to __results__.html