7.4s 1 0.00s - Debugger warning: It seems that frozen modules are being used, which may
7.4s 2 0.00s - make the debugger miss breakpoints. Please pass -Xfrozen_modules=off
7.4s 3 0.00s - to python to disable frozen modules.
7.4s 4 0.00s - Note: Debugging will proceed. Set PYDEVD_DISABLE_FILE_VALIDATION=1 to disable this validation.
8.0s 5 0.00s - Debugger warning: It seems that frozen modules are being used, which may
8.0s 6 0.00s - make the debugger miss breakpoints. Please pass -Xfrozen_modules=off
8.0s 7 0.00s - to python to disable frozen modules.
8.0s 8 0.00s - Note: Debugging will proceed. Set PYDEVD_DISABLE_FILE_VALIDATION=1 to disable this validation.
12.5s 9 ━━━━━━━━━━━━━━━━━━━━━━━━━━━━━━━━━━━━━━━━ 44.8/44.8 kB 1.7 MB/s eta 0:00:00
12.7s 10 ━━━━━━━━━━━━━━━━━━━━━━━━━━━━━━━━━━━━━━━━ 44.8/44.8 kB 1.7 MB/s eta 0:00:00
22.3s 11 gpu: Tesla T4
22.4s 12 combined labelled rows: 7252
22.4s 13 $ /usr/bin/python3 -u -m hastika.models.baseline_svm --task a --tag a_oof_trainval_svm_compare --demojize
24.3s 14 dedupe task A: 7252 -> 7193 rows (49 duplicate, 10 in label-conflict groups)
33.0s 15 task A  5-fold OOF  macro-F1 0.8111  acc 0.8112  (proba=calibrated)
33.0s 16 precision    recall  f1-score   support
33.0s 17 
33.0s 18 Non-Hate      0.811     0.821     0.816      3663
33.0s 19 Hate      0.812     0.801     0.806      3530
33.0s 20 
33.0s 21 accuracy                          0.811      7193
33.0s 22 macro avg      0.811     0.811     0.811      7193
33.0s 23 weighted avg      0.811     0.811     0.811      7193
33.0s 24 
34.9s 25 wrote /kaggle/working/hastika/artifacts/runs/a_oof_trainval_svm_compare/  ({'Non-Hate': 414, 'Hate': 392})
34.9s 26 $ /usr/bin/python3 -u -m hastika.models.muril --model google/muril-base-cased --folds 5 --seeds 42 --epochs 6 --bs 8 --grad-accum 2 --eval-bs 32 --select last --tag a_oof_trainval_reinit1 --reinit-layers 1
57.4s 27 device=cuda (Tesla T4) model=google/muril-base-cased pooling=meanmax fgm=True ema=True rdrop=0.0 reinit=1 seeds=[42] external=-
57.7s 28 dedupe task A: 7252 -> 7193 rows (49 duplicate, 10 in label-conflict groups)
58.6s 29 Warning: You are sending unauthenticated requests to the HF Hub. Please set a HF_TOKEN to enable higher rate limits and faster downloads.
59.0s 30 ===== seed 42 fold 1/5 =====
72.9s 31 
72.9s 32 Loading weights:   0%|          | 0/199 [00:00<?, ?it/s]
72.9s 33 Loading weights:   1%|          | 1/199 [00:00<00:00, 8322.03it/s, Materializing param=embeddings.LayerNorm.bias]
72.9s 34 Loading weights:   1%|          | 1/199 [00:00<00:00, 3858.61it/s, Materializing param=embeddings.LayerNorm.bias]
72.9s 35 Loading weights:   1%|          | 2/199 [00:00<00:00, 3778.65it/s, Materializing param=embeddings.LayerNorm.weight]
72.9s 36 Loading weights:   1%|          | 2/199 [00:00<00:00, 3108.04it/s, Materializing param=embeddings.LayerNorm.weight]
72.9s 37 Loading weights:   2%|▏         | 3/199 [00:00<00:00, 3293.96it/s, Materializing param=embeddings.position_embeddings.weight]
72.9s 38 Loading weights:   2%|▏         | 3/199 [00:00<00:00, 2907.33it/s, Materializing param=embeddings.position_embeddings.weight]
72.9s 39 Loading weights:   2%|▏         | 4/199 [00:00<00:00, 3214.64it/s, Materializing param=embeddings.token_type_embeddings.weight]
72.9s 40 Loading weights:   2%|▏         | 4/199 [00:00<00:00, 2996.47it/s, Materializing param=embeddings.token_type_embeddings.weight]
72.9s 41 Loading weights:   3%|▎         | 5/199 [00:00<00:00, 3315.66it/s, Materializing param=embeddings.word_embeddings.weight]
72.9s 42 Loading weights:   3%|▎         | 5/199 [00:00<00:00, 3137.10it/s, Materializing param=embeddings.word_embeddings.weight]
72.9s 43 Loading weights:   3%|▎         | 6/199 [00:00<00:00, 3403.09it/s, Materializing param=encoder.layer.0.attention.output.LayerNorm.bias]
72.9s 44 Loading weights:   3%|▎         | 6/199 [00:00<00:00, 3201.35it/s, Materializing param=encoder.layer.0.attention.output.LayerNorm.bias]
72.9s 45 Loading weights:   4%|▎         | 7/199 [00:00<00:00, 3380.56it/s, Materializing param=encoder.layer.0.attention.output.LayerNorm.weight]
72.9s 46 Loading weights:   4%|▎         | 7/199 [00:00<00:00, 3244.21it/s, Materializing param=encoder.layer.0.attention.output.LayerNorm.weight]
72.9s 47 Loading weights:   4%|▍         | 8/199 [00:00<00:00, 3419.73it/s, Materializing param=encoder.layer.0.attention.output.dense.bias]
72.9s 48 Loading weights:   4%|▍         | 8/199 [00:00<00:00, 3297.08it/s, Materializing param=encoder.layer.0.attention.output.dense.bias]
72.9s 49 Loading weights:   5%|▍         | 9/199 [00:00<00:00, 3443.60it/s, Materializing param=encoder.layer.0.attention.output.dense.weight]
72.9s 50 Loading weights:   5%|▍         | 9/199 [00:00<00:00, 3327.05it/s, Materializing param=encoder.layer.0.attention.output.dense.weight]
72.9s 51 Loading weights:   5%|▌         | 10/199 [00:00<00:00, 3431.48it/s, Materializing param=encoder.layer.0.attention.self.key.bias]
72.9s 52 Loading weights:   5%|▌         | 10/199 [00:00<00:00, 3303.64it/s, Materializing param=encoder.layer.0.attention.self.key.bias]
72.9s 53 Loading weights:   6%|▌         | 11/199 [00:00<00:00, 3425.70it/s, Materializing param=encoder.layer.0.attention.self.key.weight]
72.9s 54 Loading weights:   6%|▌         | 11/199 [00:00<00:00, 3338.45it/s, Materializing param=encoder.layer.0.attention.self.key.weight]
72.9s 55 Loading weights:   6%|▌         | 12/199 [00:00<00:00, 3450.92it/s, Materializing param=encoder.layer.0.attention.self.query.bias]
72.9s 56 Loading weights:   6%|▌         | 12/199 [00:00<00:00, 3366.89it/s, Materializing param=encoder.layer.0.attention.self.query.bias]
72.9s 57 Loading weights:   7%|▋         | 13/199 [00:00<00:00, 3452.76it/s, Materializing param=encoder.layer.0.attention.self.query.weight]
72.9s 58 Loading weights:   7%|▋         | 13/199 [00:00<00:00, 3350.08it/s, Materializing param=encoder.layer.0.attention.self.query.weight]
72.9s 59 Loading weights:   7%|▋         | 14/199 [00:00<00:00, 3422.92it/s, Materializing param=encoder.layer.0.attention.self.value.bias]
72.9s 60 Loading weights:   7%|▋         | 14/199 [00:00<00:00, 3346.46it/s, Materializing param=encoder.layer.0.attention.self.value.bias]
72.9s 61 Loading weights:   8%|▊         | 15/199 [00:00<00:00, 3432.14it/s, Materializing param=encoder.layer.0.attention.self.value.weight]
72.9s 62 Loading weights:   8%|▊         | 15/199 [00:00<00:00, 3321.08it/s, Materializing param=encoder.layer.0.attention.self.value.weight]
72.9s 63 Loading weights:   8%|▊         | 16/199 [00:00<00:00, 3399.29it/s, Materializing param=encoder.layer.0.intermediate.dense.bias]
72.9s 64 Loading weights:   8%|▊         | 16/199 [00:00<00:00, 3243.54it/s, Materializing param=encoder.layer.0.intermediate.dense.bias]
72.9s 65 Loading weights:   9%|▊         | 17/199 [00:00<00:00, 3242.38it/s, Materializing param=encoder.layer.0.intermediate.dense.weight]
72.9s 66 Loading weights:   9%|▊         | 17/199 [00:00<00:00, 3155.85it/s, Materializing param=encoder.layer.0.intermediate.dense.weight]
72.9s 67 Loading weights:   9%|▉         | 18/199 [00:00<00:00, 3192.15it/s, Materializing param=encoder.layer.0.output.LayerNorm.bias]
72.9s 68 Loading weights:   9%|▉         | 18/199 [00:00<00:00, 3124.64it/s, Materializing param=encoder.layer.0.output.LayerNorm.bias]
72.9s 69 Loading weights:  10%|▉         | 19/199 [00:00<00:00, 3165.64it/s, Materializing param=encoder.layer.0.output.LayerNorm.weight]
72.9s 70 Loading weights:  10%|▉         | 19/199 [00:00<00:00, 3107.38it/s, Materializing param=encoder.layer.0.output.LayerNorm.weight]
72.9s 71 Loading weights:  10%|█         | 20/199 [00:00<00:00, 3165.39it/s, Materializing param=encoder.layer.0.output.dense.bias]
72.9s 72 Loading weights:  10%|█         | 20/199 [00:00<00:00, 3118.56it/s, Materializing param=encoder.layer.0.output.dense.bias]
72.9s 73 Loading weights:  11%|█         | 21/199 [00:00<00:00, 3173.27it/s, Materializing param=encoder.layer.0.output.dense.weight]
72.9s 74 Loading weights:  11%|█         | 21/199 [00:00<00:00, 3119.77it/s, Materializing param=encoder.layer.0.output.dense.weight]
72.9s 75 Loading weights:  11%|█         | 22/199 [00:00<00:00, 3162.47it/s, Materializing param=encoder.layer.1.attention.output.LayerNorm.bias]
72.9s 76 Loading weights:  11%|█         | 22/199 [00:00<00:00, 3118.23it/s, Materializing param=encoder.layer.1.attention.output.LayerNorm.bias]
72.9s 77 Loading weights:  12%|█▏        | 23/199 [00:00<00:00, 3173.53it/s, Materializing param=encoder.layer.1.attention.output.LayerNorm.weight]
72.9s 78 Loading weights:  12%|█▏        | 23/199 [00:00<00:00, 3108.99it/s, Materializing param=encoder.layer.1.attention.output.LayerNorm.weight]
72.9s 79 Loading weights:  12%|█▏        | 24/199 [00:00<00:00, 3134.76it/s, Materializing param=encoder.layer.1.attention.output.dense.bias]
72.9s 80 Loading weights:  12%|█▏        | 24/199 [00:00<00:00, 3045.33it/s, Materializing param=encoder.layer.1.attention.output.dense.bias]
72.9s 81 Loading weights:  13%|█▎        | 25/199 [00:00<00:00, 3067.18it/s, Materializing param=encoder.layer.1.attention.output.dense.weight]
72.9s 82 Loading weights:  13%|█▎        | 25/199 [00:00<00:00, 3012.89it/s, Materializing param=encoder.layer.1.attention.output.dense.weight]
72.9s 83 Loading weights:  13%|█▎        | 26/199 [00:00<00:00, 2992.97it/s, Materializing param=encoder.layer.1.attention.self.key.bias]
72.9s 84 Loading weights:  13%|█▎        | 26/199 [00:00<00:00, 2891.78it/s, Materializing param=encoder.layer.1.attention.self.key.bias]
72.9s 85 Loading weights:  14%|█▎        | 27/199 [00:00<00:00, 2894.47it/s, Materializing param=encoder.layer.1.attention.self.key.weight]
72.9s 86 Loading weights:  14%|█▎        | 27/199 [00:00<00:00, 2847.60it/s, Materializing param=encoder.layer.1.attention.self.key.weight]
72.9s 87 Loading weights:  14%|█▍        | 28/199 [00:00<00:00, 2856.04it/s, Materializing param=encoder.layer.1.attention.self.query.bias]
72.9s 88 Loading weights:  14%|█▍        | 28/199 [00:00<00:00, 2798.07it/s, Materializing param=encoder.layer.1.attention.self.query.bias]
72.9s 89 Loading weights:  15%|█▍        | 29/199 [00:00<00:00, 2814.97it/s, Materializing param=encoder.layer.1.attention.self.query.weight]
72.9s 90 Loading weights:  15%|█▍        | 29/199 [00:00<00:00, 2764.36it/s, Materializing param=encoder.layer.1.attention.self.query.weight]
72.9s 91 Loading weights:  15%|█▌        | 30/199 [00:00<00:00, 2770.29it/s, Materializing param=encoder.layer.1.attention.self.value.bias]
72.9s 92 Loading weights:  15%|█▌        | 30/199 [00:00<00:00, 2719.10it/s, Materializing param=encoder.layer.1.attention.self.value.bias]
72.9s 93 Loading weights:  16%|█▌        | 31/199 [00:00<00:00, 2723.23it/s, Materializing param=encoder.layer.1.attention.self.value.weight]
72.9s 94 Loading weights:  16%|█▌        | 31/199 [00:00<00:00, 2677.91it/s, Materializing param=encoder.layer.1.attention.self.value.weight]
72.9s 95 Loading weights:  16%|█▌        | 32/199 [00:00<00:00, 2689.36it/s, Materializing param=encoder.layer.1.intermediate.dense.bias]
72.9s 96 Loading weights:  16%|█▌        | 32/199 [00:00<00:00, 2647.19it/s, Materializing param=encoder.layer.1.intermediate.dense.bias]
72.9s 97 Loading weights:  17%|█▋        | 33/199 [00:00<00:00, 2667.41it/s, Materializing param=encoder.layer.1.intermediate.dense.weight]
72.9s 98 Loading weights:  17%|█▋        | 33/199 [00:00<00:00, 2629.31it/s, Materializing param=encoder.layer.1.intermediate.dense.weight]
72.9s 99 Loading weights:  17%|█▋        | 34/199 [00:00<00:00, 2643.50it/s, Materializing param=encoder.layer.1.output.LayerNorm.bias]
72.9s 100 Loading weights:  17%|█▋        | 34/199 [00:00<00:00, 2605.92it/s, Materializing param=encoder.layer.1.output.LayerNorm.bias]
72.9s 101 Loading weights:  18%|█▊        | 35/199 [00:00<00:00, 2624.91it/s, Materializing param=encoder.layer.1.output.LayerNorm.weight]
72.9s 102 Loading weights:  18%|█▊        | 35/199 [00:00<00:00, 2590.17it/s, Materializing param=encoder.layer.1.output.LayerNorm.weight]
72.9s 103 Loading weights:  18%|█▊        | 36/199 [00:00<00:00, 2602.33it/s, Materializing param=encoder.layer.1.output.dense.bias]
72.9s 104 Loading weights:  18%|█▊        | 36/199 [00:00<00:00, 2565.32it/s, Materializing param=encoder.layer.1.output.dense.bias]
72.9s 105 Loading weights:  19%|█▊        | 37/199 [00:00<00:00, 2585.19it/s, Materializing param=encoder.layer.1.output.dense.weight]
72.9s 106 Loading weights:  19%|█▊        | 37/199 [00:00<00:00, 2553.67it/s, Materializing param=encoder.layer.1.output.dense.weight]
72.9s 107 Loading weights:  19%|█▉        | 38/199 [00:00<00:00, 2574.27it/s, Materializing param=encoder.layer.2.attention.output.LayerNorm.bias]
72.9s 108 Loading weights:  19%|█▉        | 38/199 [00:00<00:00, 2533.68it/s, Materializing param=encoder.layer.2.attention.output.LayerNorm.bias]
72.9s 109 Loading weights:  20%|█▉        | 39/199 [00:00<00:00, 2549.53it/s, Materializing param=encoder.layer.2.attention.output.LayerNorm.weight]
72.9s 110 Loading weights:  20%|█▉        | 39/199 [00:00<00:00, 2523.26it/s, Materializing param=encoder.layer.2.attention.output.LayerNorm.weight]
72.9s 111 Loading weights:  20%|██        | 40/199 [00:00<00:00, 2548.10it/s, Materializing param=encoder.layer.2.attention.output.dense.bias]
72.9s 112 Loading weights:  20%|██        | 40/199 [00:00<00:00, 2520.50it/s, Materializing param=encoder.layer.2.attention.output.dense.bias]
72.9s 113 Loading weights:  21%|██        | 41/199 [00:00<00:00, 2537.09it/s, Materializing param=encoder.layer.2.attention.output.dense.weight]
72.9s 114 Loading weights:  21%|██        | 41/199 [00:00<00:00, 2514.06it/s, Materializing param=encoder.layer.2.attention.output.dense.weight]
72.9s 115 Loading weights:  21%|██        | 42/199 [00:00<00:00, 2537.17it/s, Materializing param=encoder.layer.2.attention.self.key.bias]
72.9s 116 Loading weights:  21%|██        | 42/199 [00:00<00:00, 2515.40it/s, Materializing param=encoder.layer.2.attention.self.key.bias]
72.9s 117 Loading weights:  22%|██▏       | 43/199 [00:00<00:00, 2532.37it/s, Materializing param=encoder.layer.2.attention.self.key.weight]
72.9s 118 Loading weights:  22%|██▏       | 43/199 [00:00<00:00, 2510.65it/s, Materializing param=encoder.layer.2.attention.self.key.weight]
72.9s 119 Loading weights:  22%|██▏       | 44/199 [00:00<00:00, 2532.31it/s, Materializing param=encoder.layer.2.attention.self.query.bias]
72.9s 120 Loading weights:  22%|██▏       | 44/199 [00:00<00:00, 2511.70it/s, Materializing param=encoder.layer.2.attention.self.query.bias]
72.9s 121 Loading weights:  23%|██▎       | 45/199 [00:00<00:00, 2533.71it/s, Materializing param=encoder.layer.2.attention.self.query.weight]
72.9s 122 Loading weights:  23%|██▎       | 45/199 [00:00<00:00, 2509.76it/s, Materializing param=encoder.layer.2.attention.self.query.weight]
72.9s 123 Loading weights:  23%|██▎       | 46/199 [00:00<00:00, 2529.87it/s, Materializing param=encoder.layer.2.attention.self.value.bias]
72.9s 124 Loading weights:  23%|██▎       | 46/199 [00:00<00:00, 2510.38it/s, Materializing param=encoder.layer.2.attention.self.value.bias]
72.9s 125 Loading weights:  24%|██▎       | 47/199 [00:00<00:00, 2531.98it/s, Materializing param=encoder.layer.2.attention.self.value.weight]
72.9s 126 Loading weights:  24%|██▎       | 47/199 [00:00<00:00, 2512.49it/s, Materializing param=encoder.layer.2.attention.self.value.weight]
72.9s 127 Loading weights:  24%|██▍       | 48/199 [00:00<00:00, 2521.15it/s, Materializing param=encoder.layer.2.intermediate.dense.bias]
72.9s 128 Loading weights:  24%|██▍       | 48/199 [00:00<00:00, 2496.73it/s, Materializing param=encoder.layer.2.intermediate.dense.bias]
72.9s 129 Loading weights:  25%|██▍       | 49/199 [00:00<00:00, 2509.96it/s, Materializing param=encoder.layer.2.intermediate.dense.weight]
72.9s 130 Loading weights:  25%|██▍       | 49/199 [00:00<00:00, 2486.49it/s, Materializing param=encoder.layer.2.intermediate.dense.weight]
72.9s 131 Loading weights:  25%|██▌       | 50/199 [00:00<00:00, 2493.29it/s, Materializing param=encoder.layer.2.output.LayerNorm.bias]
72.9s 132 Loading weights:  25%|██▌       | 50/199 [00:00<00:00, 2470.03it/s, Materializing param=encoder.layer.2.output.LayerNorm.bias]
72.9s 133 Loading weights:  26%|██▌       | 51/199 [00:00<00:00, 2479.82it/s, Materializing param=encoder.layer.2.output.LayerNorm.weight]
72.9s 134 Loading weights:  26%|██▌       | 51/199 [00:00<00:00, 2457.01it/s, Materializing param=encoder.layer.2.output.LayerNorm.weight]
72.9s 135 Loading weights:  26%|██▌       | 52/199 [00:00<00:00, 2466.43it/s, Materializing param=encoder.layer.2.output.dense.bias]
72.9s 136 Loading weights:  26%|██▌       | 52/199 [00:00<00:00, 2445.49it/s, Materializing param=encoder.layer.2.output.dense.bias]
72.9s 137 Loading weights:  27%|██▋       | 53/199 [00:00<00:00, 2459.70it/s, Materializing param=encoder.layer.2.output.dense.weight]
72.9s 138 Loading weights:  27%|██▋       | 53/199 [00:00<00:00, 2438.28it/s, Materializing param=encoder.layer.2.output.dense.weight]
72.9s 139 Loading weights:  27%|██▋       | 54/199 [00:00<00:00, 2446.24it/s, Materializing param=encoder.layer.3.attention.output.LayerNorm.bias]
72.9s 140 Loading weights:  27%|██▋       | 54/199 [00:00<00:00, 2425.36it/s, Materializing param=encoder.layer.3.attention.output.LayerNorm.bias]
72.9s 141 Loading weights:  28%|██▊       | 55/199 [00:00<00:00, 2438.32it/s, Materializing param=encoder.layer.3.attention.output.LayerNorm.weight]
72.9s 142 Loading weights:  28%|██▊       | 55/199 [00:00<00:00, 2417.54it/s, Materializing param=encoder.layer.3.attention.output.LayerNorm.weight]
72.9s 143 Loading weights:  28%|██▊       | 56/199 [00:00<00:00, 2426.88it/s, Materializing param=encoder.layer.3.attention.output.dense.bias]
72.9s 144 Loading weights:  28%|██▊       | 56/199 [00:00<00:00, 2407.97it/s, Materializing param=encoder.layer.3.attention.output.dense.bias]
72.9s 145 Loading weights:  29%|██▊       | 57/199 [00:00<00:00, 2419.82it/s, Materializing param=encoder.layer.3.attention.output.dense.weight]
72.9s 146 Loading weights:  29%|██▊       | 57/199 [00:00<00:00, 2400.67it/s, Materializing param=encoder.layer.3.attention.output.dense.weight]
72.9s 147 Loading weights:  29%|██▉       | 58/199 [00:00<00:00, 2408.94it/s, Materializing param=encoder.layer.3.attention.self.key.bias]
72.9s 148 Loading weights:  29%|██▉       | 58/199 [00:00<00:00, 2390.67it/s, Materializing param=encoder.layer.3.attention.self.key.bias]
72.9s 149 Loading weights:  30%|██▉       | 59/199 [00:00<00:00, 2401.51it/s, Materializing param=encoder.layer.3.attention.self.key.weight]
72.9s 150 Loading weights:  30%|██▉       | 59/199 [00:00<00:00, 2385.01it/s, Materializing param=encoder.layer.3.attention.self.key.weight]
72.9s 151 Loading weights:  30%|███       | 60/199 [00:00<00:00, 2393.17it/s, Materializing param=encoder.layer.3.attention.self.query.bias]
72.9s 152 Loading weights:  30%|███       | 60/199 [00:00<00:00, 2375.50it/s, Materializing param=encoder.layer.3.attention.self.query.bias]
72.9s 153 Loading weights:  31%|███       | 61/199 [00:00<00:00, 2384.62it/s, Materializing param=encoder.layer.3.attention.self.query.weight]
72.9s 154 Loading weights:  31%|███       | 61/199 [00:00<00:00, 2362.18it/s, Materializing param=encoder.layer.3.attention.self.query.weight]
72.9s 155 Loading weights:  31%|███       | 62/199 [00:00<00:00, 2367.55it/s, Materializing param=encoder.layer.3.attention.self.value.bias]
72.9s 156 Loading weights:  31%|███       | 62/199 [00:00<00:00, 2350.47it/s, Materializing param=encoder.layer.3.attention.self.value.bias]
72.9s 157 Loading weights:  32%|███▏      | 63/199 [00:00<00:00, 2362.92it/s, Materializing param=encoder.layer.3.attention.self.value.weight]
72.9s 158 Loading weights:  32%|███▏      | 63/199 [00:00<00:00, 2343.83it/s, Materializing param=encoder.layer.3.attention.self.value.weight]
72.9s 159 Loading weights:  32%|███▏      | 64/199 [00:00<00:00, 2355.40it/s, Materializing param=encoder.layer.3.intermediate.dense.bias]
72.9s 160 Loading weights:  32%|███▏      | 64/199 [00:00<00:00, 2339.76it/s, Materializing param=encoder.layer.3.intermediate.dense.bias]
72.9s 161 Loading weights:  33%|███▎      | 65/199 [00:00<00:00, 2352.06it/s, Materializing param=encoder.layer.3.intermediate.dense.weight]
72.9s 162 Loading weights:  33%|███▎      | 65/199 [00:00<00:00, 2335.22it/s, Materializing param=encoder.layer.3.intermediate.dense.weight]
72.9s 163 Loading weights:  33%|███▎      | 66/199 [00:00<00:00, 2343.21it/s, Materializing param=encoder.layer.3.output.LayerNorm.bias]
72.9s 164 Loading weights:  33%|███▎      | 66/199 [00:00<00:00, 2328.33it/s, Materializing param=encoder.layer.3.output.LayerNorm.bias]
72.9s 165 Loading weights:  34%|███▎      | 67/199 [00:00<00:00, 2342.25it/s, Materializing param=encoder.layer.3.output.LayerNorm.weight]
72.9s 166 Loading weights:  34%|███▎      | 67/199 [00:00<00:00, 2326.29it/s, Materializing param=encoder.layer.3.output.LayerNorm.weight]
72.9s 167 Loading weights:  34%|███▍      | 68/199 [00:00<00:00, 2334.65it/s, Materializing param=encoder.layer.3.output.dense.bias]
72.9s 168 Loading weights:  34%|███▍      | 68/199 [00:00<00:00, 2320.46it/s, Materializing param=encoder.layer.3.output.dense.bias]
72.9s 169 Loading weights:  35%|███▍      | 69/199 [00:00<00:00, 2332.42it/s, Materializing param=encoder.layer.3.output.dense.weight]
72.9s 170 Loading weights:  35%|███▍      | 69/199 [00:00<00:00, 2318.35it/s, Materializing param=encoder.layer.3.output.dense.weight]
72.9s 171 Loading weights:  35%|███▌      | 70/199 [00:00<00:00, 2327.29it/s, Materializing param=encoder.layer.4.attention.output.LayerNorm.bias]
72.9s 172 Loading weights:  35%|███▌      | 70/199 [00:00<00:00, 2313.92it/s, Materializing param=encoder.layer.4.attention.output.LayerNorm.bias]
72.9s 173 Loading weights:  36%|███▌      | 71/199 [00:00<00:00, 2324.20it/s, Materializing param=encoder.layer.4.attention.output.LayerNorm.weight]
72.9s 174 Loading weights:  36%|███▌      | 71/199 [00:00<00:00, 2310.00it/s, Materializing param=encoder.layer.4.attention.output.LayerNorm.weight]
72.9s 175 Loading weights:  36%|███▌      | 72/199 [00:00<00:00, 2317.38it/s, Materializing param=encoder.layer.4.attention.output.dense.bias]
72.9s 176 Loading weights:  36%|███▌      | 72/199 [00:00<00:00, 2303.60it/s, Materializing param=encoder.layer.4.attention.output.dense.bias]
72.9s 177 Loading weights:  37%|███▋      | 73/199 [00:00<00:00, 2314.23it/s, Materializing param=encoder.layer.4.attention.output.dense.weight]
72.9s 178 Loading weights:  37%|███▋      | 73/199 [00:00<00:00, 2300.67it/s, Materializing param=encoder.layer.4.attention.output.dense.weight]
72.9s 179 Loading weights:  37%|███▋      | 74/199 [00:00<00:00, 2309.04it/s, Materializing param=encoder.layer.4.attention.self.key.bias]
72.9s 180 Loading weights:  37%|███▋      | 74/199 [00:00<00:00, 2295.85it/s, Materializing param=encoder.layer.4.attention.self.key.bias]
72.9s 181 Loading weights:  38%|███▊      | 75/199 [00:00<00:00, 2304.66it/s, Materializing param=encoder.layer.4.attention.self.key.weight]
72.9s 182 Loading weights:  38%|███▊      | 75/199 [00:00<00:00, 2289.30it/s, Materializing param=encoder.layer.4.attention.self.key.weight]
72.9s 183 Loading weights:  38%|███▊      | 76/199 [00:00<00:00, 2294.06it/s, Materializing param=encoder.layer.4.attention.self.query.bias]
72.9s 184 Loading weights:  38%|███▊      | 76/199 [00:00<00:00, 2279.66it/s, Materializing param=encoder.layer.4.attention.self.query.bias]
72.9s 185 Loading weights:  39%|███▊      | 77/199 [00:00<00:00, 2285.95it/s, Materializing param=encoder.layer.4.attention.self.query.weight]
72.9s 186 Loading weights:  39%|███▊      | 77/199 [00:00<00:00, 2268.74it/s, Materializing param=encoder.layer.4.attention.self.query.weight]
72.9s 187 Loading weights:  39%|███▉      | 78/199 [00:00<00:00, 2275.42it/s, Materializing param=encoder.layer.4.attention.self.value.bias]
72.9s 188 Loading weights:  39%|███▉      | 78/199 [00:00<00:00, 2261.72it/s, Materializing param=encoder.layer.4.attention.self.value.bias]
72.9s 189 Loading weights:  40%|███▉      | 79/199 [00:00<00:00, 2270.06it/s, Materializing param=encoder.layer.4.attention.self.value.weight]
72.9s 190 Loading weights:  40%|███▉      | 79/199 [00:00<00:00, 2256.81it/s, Materializing param=encoder.layer.4.attention.self.value.weight]
72.9s 191 Loading weights:  40%|████      | 80/199 [00:00<00:00, 2266.49it/s, Materializing param=encoder.layer.4.intermediate.dense.bias]
72.9s 192 Loading weights:  40%|████      | 80/199 [00:00<00:00, 2255.08it/s, Materializing param=encoder.layer.4.intermediate.dense.bias]
72.9s 193 Loading weights:  41%|████      | 81/199 [00:00<00:00, 2265.59it/s, Materializing param=encoder.layer.4.intermediate.dense.weight]
72.9s 194 Loading weights:  41%|████      | 81/199 [00:00<00:00, 2252.37it/s, Materializing param=encoder.layer.4.intermediate.dense.weight]
72.9s 195 Loading weights:  41%|████      | 82/199 [00:00<00:00, 2261.97it/s, Materializing param=encoder.layer.4.output.LayerNorm.bias]
72.9s 196 Loading weights:  41%|████      | 82/199 [00:00<00:00, 2250.66it/s, Materializing param=encoder.layer.4.output.LayerNorm.bias]
72.9s 197 Loading weights:  42%|████▏     | 83/199 [00:00<00:00, 2261.87it/s, Materializing param=encoder.layer.4.output.LayerNorm.weight]
72.9s 198 Loading weights:  42%|████▏     | 83/199 [00:00<00:00, 2248.85it/s, Materializing param=encoder.layer.4.output.LayerNorm.weight]
72.9s 199 Loading weights:  42%|████▏     | 84/199 [00:00<00:00, 2258.07it/s, Materializing param=encoder.layer.4.output.dense.bias]
72.9s 200 Loading weights:  42%|████▏     | 84/199 [00:00<00:00, 2247.59it/s, Materializing param=encoder.layer.4.output.dense.bias]
72.9s 201 Loading weights:  43%|████▎     | 85/199 [00:00<00:00, 2257.04it/s, Materializing param=encoder.layer.4.output.dense.weight]
72.9s 202 Loading weights:  43%|████▎     | 85/199 [00:00<00:00, 2244.26it/s, Materializing param=encoder.layer.4.output.dense.weight]
72.9s 203 Loading weights:  43%|████▎     | 86/199 [00:00<00:00, 2252.68it/s, Materializing param=encoder.layer.5.attention.output.LayerNorm.bias]
72.9s 204 Loading weights:  43%|████▎     | 86/199 [00:00<00:00, 2241.83it/s, Materializing param=encoder.layer.5.attention.output.LayerNorm.bias]
72.9s 205 Loading weights:  44%|████▎     | 87/199 [00:00<00:00, 2250.36it/s, Materializing param=encoder.layer.5.attention.output.LayerNorm.weight]
72.9s 206 Loading weights:  44%|████▎     | 87/199 [00:00<00:00, 2237.15it/s, Materializing param=encoder.layer.5.attention.output.LayerNorm.weight]
72.9s 207 Loading weights:  44%|████▍     | 88/199 [00:00<00:00, 2244.65it/s, Materializing param=encoder.layer.5.attention.output.dense.bias]
72.9s 208 Loading weights:  44%|████▍     | 88/199 [00:00<00:00, 2234.17it/s, Materializing param=encoder.layer.5.attention.output.dense.bias]
72.9s 209 Loading weights:  45%|████▍     | 89/199 [00:00<00:00, 2242.94it/s, Materializing param=encoder.layer.5.attention.output.dense.weight]
72.9s 210 Loading weights:  45%|████▍     | 89/199 [00:00<00:00, 2230.49it/s, Materializing param=encoder.layer.5.attention.output.dense.weight]
72.9s 211 Loading weights:  45%|████▌     | 90/199 [00:00<00:00, 2238.29it/s, Materializing param=encoder.layer.5.attention.self.key.bias]
72.9s 212 Loading weights:  45%|████▌     | 90/199 [00:00<00:00, 2226.38it/s, Materializing param=encoder.layer.5.attention.self.key.bias]
72.9s 213 Loading weights:  46%|████▌     | 91/199 [00:00<00:00, 2235.13it/s, Materializing param=encoder.layer.5.attention.self.key.weight]
72.9s 214 Loading weights:  46%|████▌     | 91/199 [00:00<00:00, 2223.79it/s, Materializing param=encoder.layer.5.attention.self.key.weight]
72.9s 215 Loading weights:  46%|████▌     | 92/199 [00:00<00:00, 2231.97it/s, Materializing param=encoder.layer.5.attention.self.query.bias]
72.9s 216 Loading weights:  46%|████▌     | 92/199 [00:00<00:00, 2222.22it/s, Materializing param=encoder.layer.5.attention.self.query.bias]
72.9s 217 Loading weights:  47%|████▋     | 93/199 [00:00<00:00, 2230.67it/s, Materializing param=encoder.layer.5.attention.self.query.weight]
72.9s 218 Loading weights:  47%|████▋     | 93/199 [00:00<00:00, 2216.93it/s, Materializing param=encoder.layer.5.attention.self.query.weight]
72.9s 219 Loading weights:  47%|████▋     | 94/199 [00:00<00:00, 2219.11it/s, Materializing param=encoder.layer.5.attention.self.value.bias]
72.9s 220 Loading weights:  47%|████▋     | 94/199 [00:00<00:00, 2209.78it/s, Materializing param=encoder.layer.5.attention.self.value.bias]
72.9s 221 Loading weights:  48%|████▊     | 95/199 [00:00<00:00, 2218.10it/s, Materializing param=encoder.layer.5.attention.self.value.weight]
72.9s 222 Loading weights:  48%|████▊     | 95/199 [00:00<00:00, 2207.42it/s, Materializing param=encoder.layer.5.attention.self.value.weight]
72.9s 223 Loading weights:  48%|████▊     | 96/199 [00:00<00:00, 2214.12it/s, Materializing param=encoder.layer.5.intermediate.dense.bias]
72.9s 224 Loading weights:  48%|████▊     | 96/199 [00:00<00:00, 2204.52it/s, Materializing param=encoder.layer.5.intermediate.dense.bias]
72.9s 225 Loading weights:  49%|████▊     | 97/199 [00:00<00:00, 2210.65it/s, Materializing param=encoder.layer.5.intermediate.dense.weight]
72.9s 226 Loading weights:  49%|████▊     | 97/199 [00:00<00:00, 2200.82it/s, Materializing param=encoder.layer.5.intermediate.dense.weight]
72.9s 227 Loading weights:  49%|████▉     | 98/199 [00:00<00:00, 2208.13it/s, Materializing param=encoder.layer.5.output.LayerNorm.bias]
72.9s 228 Loading weights:  49%|████▉     | 98/199 [00:00<00:00, 2198.54it/s, Materializing param=encoder.layer.5.output.LayerNorm.bias]
72.9s 229 Loading weights:  50%|████▉     | 99/199 [00:00<00:00, 2204.66it/s, Materializing param=encoder.layer.5.output.LayerNorm.weight]
72.9s 230 Loading weights:  50%|████▉     | 99/199 [00:00<00:00, 2194.67it/s, Materializing param=encoder.layer.5.output.LayerNorm.weight]
72.9s 231 Loading weights:  50%|█████     | 100/199 [00:00<00:00, 2202.94it/s, Materializing param=encoder.layer.5.output.dense.bias]
72.9s 232 Loading weights:  50%|█████     | 100/199 [00:00<00:00, 2194.35it/s, Materializing param=encoder.layer.5.output.dense.bias]
72.9s 233 Loading weights:  51%|█████     | 101/199 [00:00<00:00, 2200.41it/s, Materializing param=encoder.layer.5.output.dense.weight]
72.9s 234 Loading weights:  51%|█████     | 101/199 [00:00<00:00, 2191.22it/s, Materializing param=encoder.layer.5.output.dense.weight]
72.9s 235 Loading weights:  51%|█████▏    | 102/199 [00:00<00:00, 2199.05it/s, Materializing param=encoder.layer.6.attention.output.LayerNorm.bias]
72.9s 236 Loading weights:  51%|█████▏    | 102/199 [00:00<00:00, 2189.92it/s, Materializing param=encoder.layer.6.attention.output.LayerNorm.bias]
72.9s 237 Loading weights:  52%|█████▏    | 103/199 [00:00<00:00, 2195.32it/s, Materializing param=encoder.layer.6.attention.output.LayerNorm.weight]
72.9s 238 Loading weights:  52%|█████▏    | 103/199 [00:00<00:00, 2185.56it/s, Materializing param=encoder.layer.6.attention.output.LayerNorm.weight]
72.9s 239 Loading weights:  52%|█████▏    | 104/199 [00:00<00:00, 2192.42it/s, Materializing param=encoder.layer.6.attention.output.dense.bias]
72.9s 240 Loading weights:  52%|█████▏    | 104/199 [00:00<00:00, 2183.75it/s, Materializing param=encoder.layer.6.attention.output.dense.bias]
72.9s 241 Loading weights:  53%|█████▎    | 105/199 [00:00<00:00, 2186.71it/s, Materializing param=encoder.layer.6.attention.output.dense.weight]
72.9s 242 Loading weights:  53%|█████▎    | 105/199 [00:00<00:00, 2178.04it/s, Materializing param=encoder.layer.6.attention.output.dense.weight]
72.9s 243 Loading weights:  53%|█████▎    | 106/199 [00:00<00:00, 2185.65it/s, Materializing param=encoder.layer.6.attention.self.key.bias]
72.9s 244 Loading weights:  53%|█████▎    | 106/199 [00:00<00:00, 2177.19it/s, Materializing param=encoder.layer.6.attention.self.key.bias]
72.9s 245 Loading weights:  54%|█████▍    | 107/199 [00:00<00:00, 2181.68it/s, Materializing param=encoder.layer.6.attention.self.key.weight]
72.9s 246 Loading weights:  54%|█████▍    | 107/199 [00:00<00:00, 2172.72it/s, Materializing param=encoder.layer.6.attention.self.key.weight]
72.9s 247 Loading weights:  54%|█████▍    | 108/199 [00:00<00:00, 2179.79it/s, Materializing param=encoder.layer.6.attention.self.query.bias]
72.9s 248 Loading weights:  54%|█████▍    | 108/199 [00:00<00:00, 2171.79it/s, Materializing param=encoder.layer.6.attention.self.query.bias]
72.9s 249 Loading weights:  55%|█████▍    | 109/199 [00:00<00:00, 2177.52it/s, Materializing param=encoder.layer.6.attention.self.query.weight]
72.9s 250 Loading weights:  55%|█████▍    | 109/199 [00:00<00:00, 2169.50it/s, Materializing param=encoder.layer.6.attention.self.query.weight]
72.9s 251 Loading weights:  55%|█████▌    | 110/199 [00:00<00:00, 2177.28it/s, Materializing param=encoder.layer.6.attention.self.value.bias]
72.9s 252 Loading weights:  55%|█████▌    | 110/199 [00:00<00:00, 2163.01it/s, Materializing param=encoder.layer.6.attention.self.value.bias]
72.9s 253 Loading weights:  56%|█████▌    | 111/199 [00:00<00:00, 2168.95it/s, Materializing param=encoder.layer.6.attention.self.value.weight]
72.9s 254 Loading weights:  56%|█████▌    | 111/199 [00:00<00:00, 2161.06it/s, Materializing param=encoder.layer.6.attention.self.value.weight]
72.9s 255 Loading weights:  56%|█████▋    | 112/199 [00:00<00:00, 2168.14it/s, Materializing param=encoder.layer.6.intermediate.dense.bias]
72.9s 256 Loading weights:  56%|█████▋    | 112/199 [00:00<00:00, 2158.20it/s, Materializing param=encoder.layer.6.intermediate.dense.bias]
72.9s 257 Loading weights:  57%|█████▋    | 113/199 [00:00<00:00, 2163.50it/s, Materializing param=encoder.layer.6.intermediate.dense.weight]
72.9s 258 Loading weights:  57%|█████▋    | 113/199 [00:00<00:00, 2154.69it/s, Materializing param=encoder.layer.6.intermediate.dense.weight]
72.9s 259 Loading weights:  57%|█████▋    | 114/199 [00:00<00:00, 2161.18it/s, Materializing param=encoder.layer.6.output.LayerNorm.bias]
72.9s 260 Loading weights:  57%|█████▋    | 114/199 [00:00<00:00, 2151.50it/s, Materializing param=encoder.layer.6.output.LayerNorm.bias]
72.9s 261 Loading weights:  58%|█████▊    | 115/199 [00:00<00:00, 2157.27it/s, Materializing param=encoder.layer.6.output.LayerNorm.weight]
72.9s 262 Loading weights:  58%|█████▊    | 115/199 [00:00<00:00, 2149.26it/s, Materializing param=encoder.layer.6.output.LayerNorm.weight]
72.9s 263 Loading weights:  58%|█████▊    | 116/199 [00:00<00:00, 2151.64it/s, Materializing param=encoder.layer.6.output.dense.bias]
72.9s 264 Loading weights:  58%|█████▊    | 116/199 [00:00<00:00, 2142.47it/s, Materializing param=encoder.layer.6.output.dense.bias]
72.9s 265 Loading weights:  59%|█████▉    | 117/199 [00:00<00:00, 2149.76it/s, Materializing param=encoder.layer.6.output.dense.weight]
72.9s 266 Loading weights:  59%|█████▉    | 117/199 [00:00<00:00, 2143.19it/s, Materializing param=encoder.layer.6.output.dense.weight]
72.9s 267 Loading weights:  59%|█████▉    | 118/199 [00:00<00:00, 2149.31it/s, Materializing param=encoder.layer.7.attention.output.LayerNorm.bias]
72.9s 268 Loading weights:  59%|█████▉    | 118/199 [00:00<00:00, 2141.87it/s, Materializing param=encoder.layer.7.attention.output.LayerNorm.bias]
72.9s 269 Loading weights:  60%|█████▉    | 119/199 [00:00<00:00, 2148.56it/s, Materializing param=encoder.layer.7.attention.output.LayerNorm.weight]
72.9s 270 Loading weights:  60%|█████▉    | 119/199 [00:00<00:00, 2139.82it/s, Materializing param=encoder.layer.7.attention.output.LayerNorm.weight]
72.9s 271 Loading weights:  60%|██████    | 120/199 [00:00<00:00, 2144.66it/s, Materializing param=encoder.layer.7.attention.output.dense.bias]
72.9s 272 Loading weights:  60%|██████    | 120/199 [00:00<00:00, 2137.26it/s, Materializing param=encoder.layer.7.attention.output.dense.bias]
72.9s 273 Loading weights:  61%|██████    | 121/199 [00:00<00:00, 2143.91it/s, Materializing param=encoder.layer.7.attention.output.dense.weight]
72.9s 274 Loading weights:  61%|██████    | 121/199 [00:00<00:00, 2137.46it/s, Materializing param=encoder.layer.7.attention.output.dense.weight]
72.9s 275 Loading weights:  61%|██████▏   | 122/199 [00:00<00:00, 2138.19it/s, Materializing param=encoder.layer.7.attention.self.key.bias]
72.9s 276 Loading weights:  61%|██████▏   | 122/199 [00:00<00:00, 2131.04it/s, Materializing param=encoder.layer.7.attention.self.key.bias]
72.9s 277 Loading weights:  62%|██████▏   | 123/199 [00:00<00:00, 2134.21it/s, Materializing param=encoder.layer.7.attention.self.key.weight]
72.9s 278 Loading weights:  62%|██████▏   | 123/199 [00:00<00:00, 2126.71it/s, Materializing param=encoder.layer.7.attention.self.key.weight]
72.9s 279 Loading weights:  62%|██████▏   | 124/199 [00:00<00:00, 2131.78it/s, Materializing param=encoder.layer.7.attention.self.query.bias]
72.9s 280 Loading weights:  62%|██████▏   | 124/199 [00:00<00:00, 2125.00it/s, Materializing param=encoder.layer.7.attention.self.query.bias]
72.9s 281 Loading weights:  63%|██████▎   | 125/199 [00:00<00:00, 2125.81it/s, Materializing param=encoder.layer.7.attention.self.query.weight]
72.9s 282 Loading weights:  63%|██████▎   | 125/199 [00:00<00:00, 2117.27it/s, Materializing param=encoder.layer.7.attention.self.query.weight]
72.9s 283 Loading weights:  63%|██████▎   | 126/199 [00:00<00:00, 2123.14it/s, Materializing param=encoder.layer.7.attention.self.value.bias]
72.9s 284 Loading weights:  63%|██████▎   | 126/199 [00:00<00:00, 2116.04it/s, Materializing param=encoder.layer.7.attention.self.value.bias]
72.9s 285 Loading weights:  64%|██████▍   | 127/199 [00:00<00:00, 2115.57it/s, Materializing param=encoder.layer.7.attention.self.value.weight]
72.9s 286 Loading weights:  64%|██████▍   | 127/199 [00:00<00:00, 2107.48it/s, Materializing param=encoder.layer.7.attention.self.value.weight]
72.9s 287 Loading weights:  64%|██████▍   | 128/199 [00:00<00:00, 2112.68it/s, Materializing param=encoder.layer.7.intermediate.dense.bias]
72.9s 288 Loading weights:  64%|██████▍   | 128/199 [00:00<00:00, 2102.27it/s, Materializing param=encoder.layer.7.intermediate.dense.bias]
72.9s 289 Loading weights:  65%|██████▍   | 129/199 [00:00<00:00, 2105.30it/s, Materializing param=encoder.layer.7.intermediate.dense.weight]
72.9s 290 Loading weights:  65%|██████▍   | 129/199 [00:00<00:00, 2098.29it/s, Materializing param=encoder.layer.7.intermediate.dense.weight]
72.9s 291 Loading weights:  65%|██████▌   | 130/199 [00:00<00:00, 2103.58it/s, Materializing param=encoder.layer.7.output.LayerNorm.bias]
72.9s 292 Loading weights:  65%|██████▌   | 130/199 [00:00<00:00, 2096.23it/s, Materializing param=encoder.layer.7.output.LayerNorm.bias]
72.9s 293 Loading weights:  66%|██████▌   | 131/199 [00:00<00:00, 2102.38it/s, Materializing param=encoder.layer.7.output.LayerNorm.weight]
72.9s 294 Loading weights:  66%|██████▌   | 131/199 [00:00<00:00, 2096.25it/s, Materializing param=encoder.layer.7.output.LayerNorm.weight]
72.9s 295 Loading weights:  66%|██████▋   | 132/199 [00:00<00:00, 2102.22it/s, Materializing param=encoder.layer.7.output.dense.bias]
72.9s 296 Loading weights:  66%|██████▋   | 132/199 [00:00<00:00, 2095.54it/s, Materializing param=encoder.layer.7.output.dense.bias]
72.9s 297 Loading weights:  67%|██████▋   | 133/199 [00:00<00:00, 2103.49it/s, Materializing param=encoder.layer.7.output.dense.weight]
72.9s 298 Loading weights:  67%|██████▋   | 133/199 [00:00<00:00, 2098.36it/s, Materializing param=encoder.layer.7.output.dense.weight]
72.9s 299 Loading weights:  67%|██████▋   | 134/199 [00:00<00:00, 2106.32it/s, Materializing param=encoder.layer.8.attention.output.LayerNorm.bias]
72.9s 300 Loading weights:  67%|██████▋   | 134/199 [00:00<00:00, 2097.69it/s, Materializing param=encoder.layer.8.attention.output.LayerNorm.bias]
72.9s 301 Loading weights:  68%|██████▊   | 135/199 [00:00<00:00, 2101.33it/s, Materializing param=encoder.layer.8.attention.output.LayerNorm.weight]
72.9s 302 Loading weights:  68%|██████▊   | 135/199 [00:00<00:00, 2095.05it/s, Materializing param=encoder.layer.8.attention.output.LayerNorm.weight]
72.9s 303 Loading weights:  68%|██████▊   | 136/199 [00:00<00:00, 2102.03it/s, Materializing param=encoder.layer.8.attention.output.dense.bias]
72.9s 304 Loading weights:  68%|██████▊   | 136/199 [00:00<00:00, 2094.90it/s, Materializing param=encoder.layer.8.attention.output.dense.bias]
72.9s 305 Loading weights:  69%|██████▉   | 137/199 [00:00<00:00, 2104.49it/s, Materializing param=encoder.layer.8.attention.output.dense.weight]
72.9s 306 Loading weights:  69%|██████▉   | 137/199 [00:00<00:00, 2102.33it/s, Materializing param=encoder.layer.8.attention.output.dense.weight]
72.9s 307 Loading weights:  69%|██████▉   | 138/199 [00:00<00:00, 2114.27it/s, Materializing param=encoder.layer.8.attention.self.key.bias]
72.9s 308 Loading weights:  69%|██████▉   | 138/199 [00:00<00:00, 2112.41it/s, Materializing param=encoder.layer.8.attention.self.key.bias]
72.9s 309 Loading weights:  70%|██████▉   | 139/199 [00:00<00:00, 2124.50it/s, Materializing param=encoder.layer.8.attention.self.key.weight]
72.9s 310 Loading weights:  70%|██████▉   | 139/199 [00:00<00:00, 2122.77it/s, Materializing param=encoder.layer.8.attention.self.key.weight]
72.9s 311 Loading weights:  70%|███████   | 140/199 [00:00<00:00, 2134.71it/s, Materializing param=encoder.layer.8.attention.self.query.bias]
72.9s 312 Loading weights:  70%|███████   | 140/199 [00:00<00:00, 2133.01it/s, Materializing param=encoder.layer.8.attention.self.query.bias]
72.9s 313 Loading weights:  71%|███████   | 141/199 [00:00<00:00, 2145.18it/s, Materializing param=encoder.layer.8.attention.self.query.weight]
72.9s 314 Loading weights:  71%|███████   | 141/199 [00:00<00:00, 2143.50it/s, Materializing param=encoder.layer.8.attention.self.query.weight]
72.9s 315 Loading weights:  71%|███████▏  | 142/199 [00:00<00:00, 2153.59it/s, Materializing param=encoder.layer.8.attention.self.value.bias]
72.9s 316 Loading weights:  71%|███████▏  | 142/199 [00:00<00:00, 2151.33it/s, Materializing param=encoder.layer.8.attention.self.value.bias]
72.9s 317 Loading weights:  72%|███████▏  | 143/199 [00:00<00:00, 2163.11it/s, Materializing param=encoder.layer.8.attention.self.value.weight]
72.9s 318 Loading weights:  72%|███████▏  | 143/199 [00:00<00:00, 2161.37it/s, Materializing param=encoder.layer.8.attention.self.value.weight]
72.9s 319 Loading weights:  72%|███████▏  | 144/199 [00:00<00:00, 2173.36it/s, Materializing param=encoder.layer.8.intermediate.dense.bias]
72.9s 320 Loading weights:  72%|███████▏  | 144/199 [00:00<00:00, 2171.68it/s, Materializing param=encoder.layer.8.intermediate.dense.bias]
72.9s 321 Loading weights:  73%|███████▎  | 145/199 [00:00<00:00, 2183.69it/s, Materializing param=encoder.layer.8.intermediate.dense.weight]
72.9s 322 Loading weights:  73%|███████▎  | 145/199 [00:00<00:00, 2182.01it/s, Materializing param=encoder.layer.8.intermediate.dense.weight]
72.9s 323 Loading weights:  73%|███████▎  | 146/199 [00:00<00:00, 2190.86it/s, Materializing param=encoder.layer.8.output.LayerNorm.bias]
72.9s 324 Loading weights:  73%|███████▎  | 146/199 [00:00<00:00, 2188.45it/s, Materializing param=encoder.layer.8.output.LayerNorm.bias]
72.9s 325 Loading weights:  74%|███████▍  | 147/199 [00:00<00:00, 2199.63it/s, Materializing param=encoder.layer.8.output.LayerNorm.weight]
72.9s 326 Loading weights:  74%|███████▍  | 147/199 [00:00<00:00, 2190.71it/s, Materializing param=encoder.layer.8.output.LayerNorm.weight]
72.9s 327 Loading weights:  74%|███████▍  | 148/199 [00:00<00:00, 2201.06it/s, Materializing param=encoder.layer.8.output.dense.bias]
72.9s 328 Loading weights:  74%|███████▍  | 148/199 [00:00<00:00, 2199.13it/s, Materializing param=encoder.layer.8.output.dense.bias]
72.9s 329 Loading weights:  75%|███████▍  | 149/199 [00:00<00:00, 2203.64it/s, Materializing param=encoder.layer.8.output.dense.weight]
72.9s 330 Loading weights:  75%|███████▍  | 149/199 [00:00<00:00, 2199.96it/s, Materializing param=encoder.layer.8.output.dense.weight]
72.9s 331 Loading weights:  75%|███████▌  | 150/199 [00:00<00:00, 2205.01it/s, Materializing param=encoder.layer.9.attention.output.LayerNorm.bias]
72.9s 332 Loading weights:  75%|███████▌  | 150/199 [00:00<00:00, 2194.21it/s, Materializing param=encoder.layer.9.attention.output.LayerNorm.bias]
72.9s 333 Loading weights:  76%|███████▌  | 151/199 [00:00<00:00, 2199.49it/s, Materializing param=encoder.layer.9.attention.output.LayerNorm.weight]
72.9s 334 Loading weights:  76%|███████▌  | 151/199 [00:00<00:00, 2195.05it/s, Materializing param=encoder.layer.9.attention.output.LayerNorm.weight]
72.9s 335 Loading weights:  76%|███████▋  | 152/199 [00:00<00:00, 2189.48it/s, Materializing param=encoder.layer.9.attention.output.dense.bias]
72.9s 336 Loading weights:  76%|███████▋  | 152/199 [00:00<00:00, 2172.66it/s, Materializing param=encoder.layer.9.attention.output.dense.bias]
72.9s 337 Loading weights:  77%|███████▋  | 153/199 [00:00<00:00, 2176.01it/s, Materializing param=encoder.layer.9.attention.output.dense.weight]
72.9s 338 Loading weights:  77%|███████▋  | 153/199 [00:00<00:00, 2170.73it/s, Materializing param=encoder.layer.9.attention.output.dense.weight]
72.9s 339 Loading weights:  77%|███████▋  | 154/199 [00:00<00:00, 2163.03it/s, Materializing param=encoder.layer.9.attention.self.key.bias]
72.9s 340 Loading weights:  77%|███████▋  | 154/199 [00:00<00:00, 2152.77it/s, Materializing param=encoder.layer.9.attention.self.key.bias]
72.9s 341 Loading weights:  78%|███████▊  | 155/199 [00:00<00:00, 2148.30it/s, Materializing param=encoder.layer.9.attention.self.key.weight]
72.9s 342 Loading weights:  78%|███████▊  | 155/199 [00:00<00:00, 2143.80it/s, Materializing param=encoder.layer.9.attention.self.key.weight]
72.9s 343 Loading weights:  78%|███████▊  | 156/199 [00:00<00:00, 2150.54it/s, Materializing param=encoder.layer.9.attention.self.query.bias]
72.9s 344 Loading weights:  78%|███████▊  | 156/199 [00:00<00:00, 2146.12it/s, Materializing param=encoder.layer.9.attention.self.query.bias]
72.9s 345 Loading weights:  79%|███████▉  | 157/199 [00:00<00:00, 2152.54it/s, Materializing param=encoder.layer.9.attention.self.query.weight]
72.9s 346 Loading weights:  79%|███████▉  | 157/199 [00:00<00:00, 2149.70it/s, Materializing param=encoder.layer.9.attention.self.query.weight]
72.9s 347 Loading weights:  79%|███████▉  | 158/199 [00:00<00:00, 2157.24it/s, Materializing param=encoder.layer.9.attention.self.value.bias]
72.9s 348 Loading weights:  79%|███████▉  | 158/199 [00:00<00:00, 2153.62it/s, Materializing param=encoder.layer.9.attention.self.value.bias]
72.9s 349 Loading weights:  80%|███████▉  | 159/199 [00:00<00:00, 2160.92it/s, Materializing param=encoder.layer.9.attention.self.value.weight]
72.9s 350 Loading weights:  80%|███████▉  | 159/199 [00:00<00:00, 2158.19it/s, Materializing param=encoder.layer.9.attention.self.value.weight]
72.9s 351 Loading weights:  80%|████████  | 160/199 [00:00<00:00, 2165.58it/s, Materializing param=encoder.layer.9.intermediate.dense.bias]
72.9s 352 Loading weights:  80%|████████  | 160/199 [00:00<00:00, 2162.44it/s, Materializing param=encoder.layer.9.intermediate.dense.bias]
72.9s 353 Loading weights:  81%|████████  | 161/199 [00:00<00:00, 2170.31it/s, Materializing param=encoder.layer.9.intermediate.dense.weight]
72.9s 354 Loading weights:  81%|████████  | 161/199 [00:00<00:00, 2167.71it/s, Materializing param=encoder.layer.9.intermediate.dense.weight]
72.9s 355 Loading weights:  81%|████████▏ | 162/199 [00:00<00:00, 2175.77it/s, Materializing param=encoder.layer.9.output.LayerNorm.bias]
72.9s 356 Loading weights:  81%|████████▏ | 162/199 [00:00<00:00, 2172.99it/s, Materializing param=encoder.layer.9.output.LayerNorm.bias]
72.9s 357 Loading weights:  82%|████████▏ | 163/199 [00:00<00:00, 2180.56it/s, Materializing param=encoder.layer.9.output.LayerNorm.weight]
72.9s 358 Loading weights:  82%|████████▏ | 163/199 [00:00<00:00, 2178.07it/s, Materializing param=encoder.layer.9.output.LayerNorm.weight]
72.9s 359 Loading weights:  82%|████████▏ | 164/199 [00:00<00:00, 2183.66it/s, Materializing param=encoder.layer.9.output.dense.bias]
72.9s 360 Loading weights:  82%|████████▏ | 164/199 [00:00<00:00, 2180.31it/s, Materializing param=encoder.layer.9.output.dense.bias]
72.9s 361 Loading weights:  83%|████████▎ | 165/199 [00:00<00:00, 2187.80it/s, Materializing param=encoder.layer.9.output.dense.weight]
72.9s 362 Loading weights:  83%|████████▎ | 165/199 [00:00<00:00, 2186.04it/s, Materializing param=encoder.layer.9.output.dense.weight]
72.9s 363 Loading weights:  83%|████████▎ | 166/199 [00:00<00:00, 2194.49it/s, Materializing param=encoder.layer.10.attention.output.LayerNorm.bias]
72.9s 364 Loading weights:  83%|████████▎ | 166/199 [00:00<00:00, 2190.69it/s, Materializing param=encoder.layer.10.attention.output.LayerNorm.bias]
72.9s 365 Loading weights:  84%|████████▍ | 167/199 [00:00<00:00, 2195.46it/s, Materializing param=encoder.layer.10.attention.output.LayerNorm.weight]
72.9s 366 Loading weights:  84%|████████▍ | 167/199 [00:00<00:00, 2187.79it/s, Materializing param=encoder.layer.10.attention.output.LayerNorm.weight]
72.9s 367 Loading weights:  84%|████████▍ | 168/199 [00:00<00:00, 2194.31it/s, Materializing param=encoder.layer.10.attention.output.dense.bias]
72.9s 368 Loading weights:  84%|████████▍ | 168/199 [00:00<00:00, 2191.12it/s, Materializing param=encoder.layer.10.attention.output.dense.bias]
72.9s 369 Loading weights:  85%|████████▍ | 169/199 [00:00<00:00, 2198.14it/s, Materializing param=encoder.layer.10.attention.output.dense.weight]
72.9s 370 Loading weights:  85%|████████▍ | 169/199 [00:00<00:00, 2194.74it/s, Materializing param=encoder.layer.10.attention.output.dense.weight]
72.9s 371 Loading weights:  85%|████████▌ | 170/199 [00:00<00:00, 2202.39it/s, Materializing param=encoder.layer.10.attention.self.key.bias]
72.9s 372 Loading weights:  85%|████████▌ | 170/199 [00:00<00:00, 2199.78it/s, Materializing param=encoder.layer.10.attention.self.key.bias]
72.9s 373 Loading weights:  86%|████████▌ | 171/199 [00:00<00:00, 2207.62it/s, Materializing param=encoder.layer.10.attention.self.key.weight]
72.9s 374 Loading weights:  86%|████████▌ | 171/199 [00:00<00:00, 2205.02it/s, Materializing param=encoder.layer.10.attention.self.key.weight]
72.9s 375 Loading weights:  86%|████████▋ | 172/199 [00:00<00:00, 2212.63it/s, Materializing param=encoder.layer.10.attention.self.query.bias]
72.9s 376 Loading weights:  86%|████████▋ | 172/199 [00:00<00:00, 2210.20it/s, Materializing param=encoder.layer.10.attention.self.query.bias]
72.9s 377 Loading weights:  87%|████████▋ | 173/199 [00:00<00:00, 2217.26it/s, Materializing param=encoder.layer.10.attention.self.query.weight]
72.9s 378 Loading weights:  87%|████████▋ | 173/199 [00:00<00:00, 2214.82it/s, Materializing param=encoder.layer.10.attention.self.query.weight]
72.9s 379 Loading weights:  87%|████████▋ | 174/199 [00:00<00:00, 2222.43it/s, Materializing param=encoder.layer.10.attention.self.value.bias]
72.9s 380 Loading weights:  87%|████████▋ | 174/199 [00:00<00:00, 2220.03it/s, Materializing param=encoder.layer.10.attention.self.value.bias]
72.9s 381 Loading weights:  88%|████████▊ | 175/199 [00:00<00:00, 2227.16it/s, Materializing param=encoder.layer.10.attention.self.value.weight]
72.9s 382 Loading weights:  88%|████████▊ | 175/199 [00:00<00:00, 2224.63it/s, Materializing param=encoder.layer.10.attention.self.value.weight]
72.9s 383 Loading weights:  88%|████████▊ | 176/199 [00:00<00:00, 2231.10it/s, Materializing param=encoder.layer.10.intermediate.dense.bias]
72.9s 384 Loading weights:  88%|████████▊ | 176/199 [00:00<00:00, 2227.71it/s, Materializing param=encoder.layer.10.intermediate.dense.bias]
72.9s 385 Loading weights:  89%|████████▉ | 177/199 [00:00<00:00, 2228.60it/s, Materializing param=encoder.layer.10.intermediate.dense.weight]
72.9s 386 Loading weights:  89%|████████▉ | 177/199 [00:00<00:00, 2225.89it/s, Materializing param=encoder.layer.10.intermediate.dense.weight]
72.9s 387 Loading weights:  89%|████████▉ | 178/199 [00:00<00:00, 2223.98it/s, Materializing param=encoder.layer.10.output.LayerNorm.bias]
72.9s 388 Loading weights:  89%|████████▉ | 178/199 [00:00<00:00, 2217.96it/s, Materializing param=encoder.layer.10.output.LayerNorm.bias]
72.9s 389 Loading weights:  90%|████████▉ | 179/199 [00:00<00:00, 2215.90it/s, Materializing param=encoder.layer.10.output.LayerNorm.weight]
72.9s 390 Loading weights:  90%|████████▉ | 179/199 [00:00<00:00, 2207.13it/s, Materializing param=encoder.layer.10.output.LayerNorm.weight]
72.9s 391 Loading weights:  90%|█████████ | 180/199 [00:00<00:00, 2213.16it/s, Materializing param=encoder.layer.10.output.dense.bias]
72.9s 392 Loading weights:  90%|█████████ | 180/199 [00:00<00:00, 2203.13it/s, Materializing param=encoder.layer.10.output.dense.bias]
72.9s 393 Loading weights:  91%|█████████ | 181/199 [00:00<00:00, 2208.48it/s, Materializing param=encoder.layer.10.output.dense.weight]
72.9s 394 Loading weights:  91%|█████████ | 181/199 [00:00<00:00, 2205.26it/s, Materializing param=encoder.layer.10.output.dense.weight]
72.9s 395 Loading weights:  91%|█████████▏| 182/199 [00:00<00:00, 2209.16it/s, Materializing param=encoder.layer.11.attention.output.LayerNorm.bias]
72.9s 396 Loading weights:  91%|█████████▏| 182/199 [00:00<00:00, 2205.67it/s, Materializing param=encoder.layer.11.attention.output.LayerNorm.bias]
72.9s 397 Loading weights:  92%|█████████▏| 183/199 [00:00<00:00, 2207.70it/s, Materializing param=encoder.layer.11.attention.output.LayerNorm.weight]
72.9s 398 Loading weights:  92%|█████████▏| 183/199 [00:00<00:00, 2204.43it/s, Materializing param=encoder.layer.11.attention.output.LayerNorm.weight]
72.9s 399 Loading weights:  92%|█████████▏| 184/199 [00:00<00:00, 2201.21it/s, Materializing param=encoder.layer.11.attention.output.dense.bias]
72.9s 400 Loading weights:  92%|█████████▏| 184/199 [00:00<00:00, 2192.17it/s, Materializing param=encoder.layer.11.attention.output.dense.bias]
72.9s 401 Loading weights:  93%|█████████▎| 185/199 [00:00<00:00, 2185.38it/s, Materializing param=encoder.layer.11.attention.output.dense.weight]
72.9s 402 Loading weights:  93%|█████████▎| 185/199 [00:00<00:00, 2182.09it/s, Materializing param=encoder.layer.11.attention.output.dense.weight]
72.9s 403 Loading weights:  93%|█████████▎| 186/199 [00:00<00:00, 2187.53it/s, Materializing param=encoder.layer.11.attention.self.key.bias]
72.9s 404 Loading weights:  93%|█████████▎| 186/199 [00:00<00:00, 2185.32it/s, Materializing param=encoder.layer.11.attention.self.key.bias]
72.9s 405 Loading weights:  94%|█████████▍| 187/199 [00:00<00:00, 2193.99it/s, Materializing param=encoder.layer.11.attention.self.key.weight]
72.9s 406 Loading weights:  94%|█████████▍| 187/199 [00:00<00:00, 2190.93it/s, Materializing param=encoder.layer.11.attention.self.key.weight]
72.9s 407 Loading weights:  94%|█████████▍| 188/199 [00:00<00:00, 2194.83it/s, Materializing param=encoder.layer.11.attention.self.query.bias]
72.9s 408 Loading weights:  94%|█████████▍| 188/199 [00:00<00:00, 2190.61it/s, Materializing param=encoder.layer.11.attention.self.query.bias]
72.9s 409 Loading weights:  95%|█████████▍| 189/199 [00:00<00:00, 2195.05it/s, Materializing param=encoder.layer.11.attention.self.query.weight]
72.9s 410 Loading weights:  95%|█████████▍| 189/199 [00:00<00:00, 2190.86it/s, Materializing param=encoder.layer.11.attention.self.query.weight]
72.9s 411 Loading weights:  95%|█████████▌| 190/199 [00:00<00:00, 2196.13it/s, Materializing param=encoder.layer.11.attention.self.value.bias]
72.9s 412 Loading weights:  95%|█████████▌| 190/199 [00:00<00:00, 2191.72it/s, Materializing param=encoder.layer.11.attention.self.value.bias]
72.9s 413 Loading weights:  96%|█████████▌| 191/199 [00:00<00:00, 2197.15it/s, Materializing param=encoder.layer.11.attention.self.value.weight]
72.9s 414 Loading weights:  96%|█████████▌| 191/199 [00:00<00:00, 2193.10it/s, Materializing param=encoder.layer.11.attention.self.value.weight]
72.9s 415 Loading weights:  96%|█████████▋| 192/199 [00:00<00:00, 2198.84it/s, Materializing param=encoder.layer.11.intermediate.dense.bias]
72.9s 416 Loading weights:  96%|█████████▋| 192/199 [00:00<00:00, 2195.08it/s, Materializing param=encoder.layer.11.intermediate.dense.bias]
72.9s 417 Loading weights:  97%|█████████▋| 193/199 [00:00<00:00, 2199.55it/s, Materializing param=encoder.layer.11.intermediate.dense.weight]
72.9s 418 Loading weights:  97%|█████████▋| 193/199 [00:00<00:00, 2195.67it/s, Materializing param=encoder.layer.11.intermediate.dense.weight]
72.9s 419 Loading weights:  97%|█████████▋| 194/199 [00:00<00:00, 2201.11it/s, Materializing param=encoder.layer.11.output.LayerNorm.bias]
72.9s 420 Loading weights:  97%|█████████▋| 194/199 [00:00<00:00, 2197.22it/s, Materializing param=encoder.layer.11.output.LayerNorm.bias]
72.9s 421 Loading weights:  98%|█████████▊| 195/199 [00:00<00:00, 2202.20it/s, Materializing param=encoder.layer.11.output.LayerNorm.weight]
72.9s 422 Loading weights:  98%|█████████▊| 195/199 [00:00<00:00, 2199.90it/s, Materializing param=encoder.layer.11.output.LayerNorm.weight]
72.9s 423 Loading weights:  98%|█████████▊| 196/199 [00:00<00:00, 2208.26it/s, Materializing param=encoder.layer.11.output.dense.bias]
72.9s 424 Loading weights:  98%|█████████▊| 196/199 [00:00<00:00, 2206.72it/s, Materializing param=encoder.layer.11.output.dense.bias]
72.9s 425 Loading weights:  99%|█████████▉| 197/199 [00:00<00:00, 2213.71it/s, Materializing param=encoder.layer.11.output.dense.weight]
72.9s 426 Loading weights:  99%|█████████▉| 197/199 [00:00<00:00, 2212.25it/s, Materializing param=encoder.layer.11.output.dense.weight]
72.9s 427 Loading weights:  99%|█████████▉| 198/199 [00:00<00:00, 2221.05it/s, Materializing param=pooler.dense.bias]
72.9s 428 Loading weights:  99%|█████████▉| 198/199 [00:00<00:00, 2219.84it/s, Materializing param=pooler.dense.bias]
72.9s 429 Loading weights: 100%|██████████| 199/199 [00:00<00:00, 2228.94it/s, Materializing param=pooler.dense.weight]
72.9s 430 Loading weights: 100%|██████████| 199/199 [00:00<00:00, 2227.12it/s, Materializing param=pooler.dense.weight]
72.9s 431 Loading weights: 100%|██████████| 199/199 [00:00<00:00, 2221.72it/s, Materializing param=pooler.dense.weight]
72.9s 432 BertModel LOAD REPORT from: google/muril-base-cased
72.9s 433 Key                                        | Status     |  |
72.9s 434 -------------------------------------------+------------+--+-
72.9s 435 bert.embeddings.position_ids               | UNEXPECTED |  |
72.9s 436 cls.predictions.transform.LayerNorm.bias   | UNEXPECTED |  |
72.9s 437 cls.predictions.decoder.bias               | UNEXPECTED |  |
72.9s 438 cls.seq_relationship.bias                  | UNEXPECTED |  |
72.9s 439 cls.predictions.transform.dense.bias       | UNEXPECTED |  |
72.9s 440 cls.predictions.bias                       | UNEXPECTED |  |
72.9s 441 cls.seq_relationship.weight                | UNEXPECTED |  |
72.9s 442 cls.predictions.decoder.weight             | UNEXPECTED |  |
72.9s 443 cls.predictions.transform.dense.weight     | UNEXPECTED |  |
72.9s 444 cls.predictions.transform.LayerNorm.weight | UNEXPECTED |  |
72.9s 445 
72.9s 446 Notes:
72.9s 447 - UNEXPECTED	:can be ignored when loading from different task/architecture; not ok if you expect identical arch.
222.9s 448 [s42f1] ep1 359/719 loss 0.5142 val 0.6947 * (0.41s/step)
367.4s 449 [s42f1] ep1 718/719 loss 0.4273 val 0.7244 * (0.41s/step)
379.1s 450 [s42f1] ep1 719/719 loss 0.4411 val 0.7244 (0.42s/step)
379.1s 451 [s42f1] ep1 done 5.1min  best 0.7244
523.0s 452 [s42f1] ep2 359/719 loss 0.5033 val 0.7436 * (0.40s/step)
670.6s 453 [s42f1] ep2 718/719 loss 0.4171 val 0.7657 * (0.41s/step)
682.3s 454 [s42f1] ep2 719/719 loss 0.3121 val 0.7657 (0.42s/step)
682.3s 455 [s42f1] ep2 done 5.1min  best 0.7657
829.5s 456 [s42f1] ep3 359/719 loss 0.4613 val 0.7753 * (0.41s/step)
974.5s 457 [s42f1] ep3 718/719 loss 0.6382 val 0.7821 * (0.41s/step)
986.1s 458 [s42f1] ep3 719/719 loss 0.5279 val 0.7821 (0.42s/step)
986.1s 459 [s42f1] ep3 done 5.1min  best 0.7821
1129.8s 460 [s42f1] ep4 359/719 loss 0.4287 val 0.7855 * (0.40s/step)
1278.8s 461 [s42f1] ep4 718/719 loss 0.5959 val 0.7869 * (0.41s/step)
1290.5s 462 [s42f1] ep4 719/719 loss 0.4686 val 0.7869 (0.42s/step)
1290.5s 463 [s42f1] ep4 done 5.1min  best 0.7869
1436.4s 464 [s42f1] ep5 359/719 loss 0.6120 val 0.7959 * (0.41s/step)
1583.4s 465 [s42f1] ep5 718/719 loss 0.2932 val 0.7993 * (0.41s/step)
1595.1s 466 [s42f1] ep5 719/719 loss 0.3848 val 0.7993 (0.42s/step)
1595.1s 467 [s42f1] ep5 done 5.1min  best 0.7993
1743.9s 468 [s42f1] ep6 359/719 loss 0.3959 val 0.8014 * (0.41s/step)
1888.1s 469 [s42f1] ep6 718/719 loss 0.5612 val 0.8062 * (0.41s/step)
1906.8s 470 [s42f1] ep6 719/719 loss 0.2658 val 0.8062 (0.43s/step)
1906.8s 471 [s42f1] ep6 done 5.2min  best 0.8062
1906.8s 472 [s42f1] best 0.8062  last 0.8062  (selected: last)
1906.8s 473 ===== seed 42 fold 2/5 =====
1908.1s 474 
1908.1s 475 Loading weights:   0%|          | 0/199 [00:00<?, ?it/s]
1908.1s 476 Loading weights:   1%|          | 1/199 [00:00<00:00, 39568.91it/s, Materializing param=embeddings.LayerNorm.bias]
1908.1s 477 Loading weights:   1%|          | 1/199 [00:00<00:00, 8338.58it/s, Materializing param=embeddings.LayerNorm.bias]
1908.1s 478 Loading weights:   1%|          | 2/199 [00:00<00:00, 5059.47it/s, Materializing param=embeddings.LayerNorm.weight]
1908.1s 479 Loading weights:   1%|          | 2/199 [00:00<00:00, 3986.98it/s, Materializing param=embeddings.LayerNorm.weight]
1908.1s 480 Loading weights:   2%|▏         | 3/199 [00:00<00:00, 4020.10it/s, Materializing param=embeddings.position_embeddings.weight]
1908.1s 481 Loading weights:   2%|▏         | 3/199 [00:00<00:00, 3470.19it/s, Materializing param=embeddings.position_embeddings.weight]
1908.1s 482 Loading weights:   2%|▏         | 4/199 [00:00<00:00, 2514.57it/s, Materializing param=embeddings.token_type_embeddings.weight]
1908.1s 483 Loading weights:   2%|▏         | 4/199 [00:00<00:00, 2382.11it/s, Materializing param=embeddings.token_type_embeddings.weight]
1908.1s 484 Loading weights:   3%|▎         | 5/199 [00:00<00:00, 2665.42it/s, Materializing param=embeddings.word_embeddings.weight]
1908.1s 485 Loading weights:   3%|▎         | 5/199 [00:00<00:00, 2547.56it/s, Materializing param=embeddings.word_embeddings.weight]
1908.1s 486 Loading weights:   3%|▎         | 6/199 [00:00<00:00, 2802.74it/s, Materializing param=encoder.layer.0.attention.output.LayerNorm.bias]
1908.1s 487 Loading weights:   3%|▎         | 6/199 [00:00<00:00, 2693.84it/s, Materializing param=encoder.layer.0.attention.output.LayerNorm.bias]
1908.1s 488 Loading weights:   4%|▎         | 7/199 [00:00<00:00, 2886.37it/s, Materializing param=encoder.layer.0.attention.output.LayerNorm.weight]
1908.1s 489 Loading weights:   4%|▎         | 7/199 [00:00<00:00, 2787.71it/s, Materializing param=encoder.layer.0.attention.output.LayerNorm.weight]
1908.1s 490 Loading weights:   4%|▍         | 8/199 [00:00<00:00, 2954.52it/s, Materializing param=encoder.layer.0.attention.output.dense.bias]
1908.1s 491 Loading weights:   4%|▍         | 8/199 [00:00<00:00, 2535.47it/s, Materializing param=encoder.layer.0.attention.output.dense.bias]
1908.1s 492 Loading weights:   5%|▍         | 9/199 [00:00<00:00, 2636.82it/s, Materializing param=encoder.layer.0.attention.output.dense.weight]
1908.1s 493 Loading weights:   5%|▍         | 9/199 [00:00<00:00, 2305.41it/s, Materializing param=encoder.layer.0.attention.output.dense.weight]
1908.1s 494 Loading weights:   5%|▌         | 10/199 [00:00<00:00, 2002.63it/s, Materializing param=encoder.layer.0.attention.self.key.bias]
1908.1s 495 Loading weights:   5%|▌         | 10/199 [00:00<00:00, 1669.97it/s, Materializing param=encoder.layer.0.attention.self.key.bias]
1908.1s 496 Loading weights:   6%|▌         | 11/199 [00:00<00:00, 1753.67it/s, Materializing param=encoder.layer.0.attention.self.key.weight]
1908.1s 497 Loading weights:   6%|▌         | 11/199 [00:00<00:00, 1643.36it/s, Materializing param=encoder.layer.0.attention.self.key.weight]
1908.1s 498 Loading weights:   6%|▌         | 12/199 [00:00<00:00, 1694.04it/s, Materializing param=encoder.layer.0.attention.self.query.bias]
1908.1s 499 Loading weights:   6%|▌         | 12/199 [00:00<00:00, 1410.80it/s, Materializing param=encoder.layer.0.attention.self.query.bias]
1908.1s 500 Loading weights:   7%|▋         | 13/199 [00:00<00:00, 1440.39it/s, Materializing param=encoder.layer.0.attention.self.query.weight]
1908.1s 501 Loading weights:   7%|▋         | 13/199 [00:00<00:00, 1184.16it/s, Materializing param=encoder.layer.0.attention.self.query.weight]
1908.1s 502 Loading weights:   7%|▋         | 14/199 [00:00<00:00, 1256.91it/s, Materializing param=encoder.layer.0.attention.self.value.bias]
1908.1s 503 Loading weights:   7%|▋         | 14/199 [00:00<00:00, 1249.58it/s, Materializing param=encoder.layer.0.attention.self.value.bias]
1908.1s 504 Loading weights:   8%|▊         | 15/199 [00:00<00:00, 1322.62it/s, Materializing param=encoder.layer.0.attention.self.value.weight]
1908.1s 505 Loading weights:   8%|▊         | 15/199 [00:00<00:00, 1314.86it/s, Materializing param=encoder.layer.0.attention.self.value.weight]
1908.1s 506 Loading weights:   8%|▊         | 16/199 [00:00<00:00, 1387.35it/s, Materializing param=encoder.layer.0.intermediate.dense.bias]
1908.1s 507 Loading weights:   8%|▊         | 16/199 [00:00<00:00, 1379.54it/s, Materializing param=encoder.layer.0.intermediate.dense.bias]
1908.1s 508 Loading weights:   9%|▊         | 17/199 [00:00<00:00, 1451.46it/s, Materializing param=encoder.layer.0.intermediate.dense.weight]
1908.1s 509 Loading weights:   9%|▊         | 17/199 [00:00<00:00, 1442.74it/s, Materializing param=encoder.layer.0.intermediate.dense.weight]
1908.1s 510 Loading weights:   9%|▉         | 18/199 [00:00<00:00, 1503.42it/s, Materializing param=encoder.layer.0.output.LayerNorm.bias]
1908.1s 511 Loading weights:   9%|▉         | 18/199 [00:00<00:00, 1494.97it/s, Materializing param=encoder.layer.0.output.LayerNorm.bias]
1908.1s 512 Loading weights:  10%|▉         | 19/199 [00:00<00:00, 1563.47it/s, Materializing param=encoder.layer.0.output.LayerNorm.weight]
1908.1s 513 Loading weights:  10%|▉         | 19/199 [00:00<00:00, 1555.69it/s, Materializing param=encoder.layer.0.output.LayerNorm.weight]
1908.1s 514 Loading weights:  10%|█         | 20/199 [00:00<00:00, 1623.28it/s, Materializing param=encoder.layer.0.output.dense.bias]
1908.1s 515 Loading weights:  10%|█         | 20/199 [00:00<00:00, 1615.46it/s, Materializing param=encoder.layer.0.output.dense.bias]
1908.1s 516 Loading weights:  11%|█         | 21/199 [00:00<00:00, 1680.28it/s, Materializing param=encoder.layer.0.output.dense.weight]
1908.1s 517 Loading weights:  11%|█         | 21/199 [00:00<00:00, 1670.69it/s, Materializing param=encoder.layer.0.output.dense.weight]
1908.1s 518 Loading weights:  11%|█         | 22/199 [00:00<00:00, 1737.33it/s, Materializing param=encoder.layer.1.attention.output.LayerNorm.bias]
1908.1s 519 Loading weights:  11%|█         | 22/199 [00:00<00:00, 1730.10it/s, Materializing param=encoder.layer.1.attention.output.LayerNorm.bias]
1908.1s 520 Loading weights:  12%|█▏        | 23/199 [00:00<00:00, 1794.74it/s, Materializing param=encoder.layer.1.attention.output.LayerNorm.weight]
1908.1s 521 Loading weights:  12%|█▏        | 23/199 [00:00<00:00, 1785.44it/s, Materializing param=encoder.layer.1.attention.output.LayerNorm.weight]
1908.1s 522 Loading weights:  12%|█▏        | 24/199 [00:00<00:00, 1849.41it/s, Materializing param=encoder.layer.1.attention.output.dense.bias]
1908.1s 523 Loading weights:  12%|█▏        | 24/199 [00:00<00:00, 1842.03it/s, Materializing param=encoder.layer.1.attention.output.dense.bias]
1908.1s 524 Loading weights:  13%|█▎        | 25/199 [00:00<00:00, 1905.32it/s, Materializing param=encoder.layer.1.attention.output.dense.weight]
1908.1s 525 Loading weights:  13%|█▎        | 25/199 [00:00<00:00, 1897.91it/s, Materializing param=encoder.layer.1.attention.output.dense.weight]
1908.1s 526 Loading weights:  13%|█▎        | 26/199 [00:00<00:00, 1960.41it/s, Materializing param=encoder.layer.1.attention.self.key.bias]
1908.1s 527 Loading weights:  13%|█▎        | 26/199 [00:00<00:00, 1952.97it/s, Materializing param=encoder.layer.1.attention.self.key.bias]
1908.1s 528 Loading weights:  14%|█▎        | 27/199 [00:00<00:00, 2013.95it/s, Materializing param=encoder.layer.1.attention.self.key.weight]
1908.1s 529 Loading weights:  14%|█▎        | 27/199 [00:00<00:00, 2006.38it/s, Materializing param=encoder.layer.1.attention.self.key.weight]
1908.1s 530 Loading weights:  14%|█▍        | 28/199 [00:00<00:00, 2065.47it/s, Materializing param=encoder.layer.1.attention.self.query.bias]
1908.1s 531 Loading weights:  14%|█▍        | 28/199 [00:00<00:00, 2057.58it/s, Materializing param=encoder.layer.1.attention.self.query.bias]
1908.1s 532 Loading weights:  15%|█▍        | 29/199 [00:00<00:00, 2116.82it/s, Materializing param=encoder.layer.1.attention.self.query.weight]
1908.1s 533 Loading weights:  15%|█▍        | 29/199 [00:00<00:00, 2109.15it/s, Materializing param=encoder.layer.1.attention.self.query.weight]
1908.1s 534 Loading weights:  15%|█▌        | 30/199 [00:00<00:00, 2165.70it/s, Materializing param=encoder.layer.1.attention.self.value.bias]
1908.1s 535 Loading weights:  15%|█▌        | 30/199 [00:00<00:00, 2157.75it/s, Materializing param=encoder.layer.1.attention.self.value.bias]
1908.1s 536 Loading weights:  16%|█▌        | 31/199 [00:00<00:00, 2214.03it/s, Materializing param=encoder.layer.1.attention.self.value.weight]
1908.1s 537 Loading weights:  16%|█▌        | 31/199 [00:00<00:00, 2206.29it/s, Materializing param=encoder.layer.1.attention.self.value.weight]
1908.1s 538 Loading weights:  16%|█▌        | 32/199 [00:00<00:00, 2263.33it/s, Materializing param=encoder.layer.1.intermediate.dense.bias]
1908.1s 539 Loading weights:  16%|█▌        | 32/199 [00:00<00:00, 2255.46it/s, Materializing param=encoder.layer.1.intermediate.dense.bias]
1908.1s 540 Loading weights:  17%|█▋        | 33/199 [00:00<00:00, 2311.99it/s, Materializing param=encoder.layer.1.intermediate.dense.weight]
1908.1s 541 Loading weights:  17%|█▋        | 33/199 [00:00<00:00, 2304.06it/s, Materializing param=encoder.layer.1.intermediate.dense.weight]
1908.1s 542 Loading weights:  17%|█▋        | 34/199 [00:00<00:00, 2359.74it/s, Materializing param=encoder.layer.1.output.LayerNorm.bias]
1908.1s 543 Loading weights:  17%|█▋        | 34/199 [00:00<00:00, 2351.80it/s, Materializing param=encoder.layer.1.output.LayerNorm.bias]
1908.1s 544 Loading weights:  18%|█▊        | 35/199 [00:00<00:00, 2405.27it/s, Materializing param=encoder.layer.1.output.LayerNorm.weight]
1908.1s 545 Loading weights:  18%|█▊        | 35/199 [00:00<00:00, 2397.10it/s, Materializing param=encoder.layer.1.output.LayerNorm.weight]
1908.1s 546 Loading weights:  18%|█▊        | 36/199 [00:00<00:00, 2450.82it/s, Materializing param=encoder.layer.1.output.dense.bias]
1908.1s 547 Loading weights:  18%|█▊        | 36/199 [00:00<00:00, 2442.69it/s, Materializing param=encoder.layer.1.output.dense.bias]
1908.1s 548 Loading weights:  19%|█▊        | 37/199 [00:00<00:00, 2493.64it/s, Materializing param=encoder.layer.1.output.dense.weight]
1908.1s 549 Loading weights:  19%|█▊        | 37/199 [00:00<00:00, 2485.21it/s, Materializing param=encoder.layer.1.output.dense.weight]
1908.1s 550 Loading weights:  19%|█▉        | 38/199 [00:00<00:00, 2537.15it/s, Materializing param=encoder.layer.2.attention.output.LayerNorm.bias]
1908.1s 551 Loading weights:  19%|█▉        | 38/199 [00:00<00:00, 2528.49it/s, Materializing param=encoder.layer.2.attention.output.LayerNorm.bias]
1908.1s 552 Loading weights:  20%|█▉        | 39/199 [00:00<00:00, 2579.28it/s, Materializing param=encoder.layer.2.attention.output.LayerNorm.weight]
1908.1s 553 Loading weights:  20%|█▉        | 39/199 [00:00<00:00, 2570.89it/s, Materializing param=encoder.layer.2.attention.output.LayerNorm.weight]
1908.1s 554 Loading weights:  20%|██        | 40/199 [00:00<00:00, 2621.52it/s, Materializing param=encoder.layer.2.attention.output.dense.bias]
1908.1s 555 Loading weights:  20%|██        | 40/199 [00:00<00:00, 2612.99it/s, Materializing param=encoder.layer.2.attention.output.dense.bias]
1908.1s 556 Loading weights:  21%|██        | 41/199 [00:00<00:00, 2662.76it/s, Materializing param=encoder.layer.2.attention.output.dense.weight]
1908.1s 557 Loading weights:  21%|██        | 41/199 [00:00<00:00, 2654.21it/s, Materializing param=encoder.layer.2.attention.output.dense.weight]
1908.1s 558 Loading weights:  21%|██        | 42/199 [00:00<00:00, 2702.47it/s, Materializing param=encoder.layer.2.attention.self.key.bias]
1908.1s 559 Loading weights:  21%|██        | 42/199 [00:00<00:00, 2693.84it/s, Materializing param=encoder.layer.2.attention.self.key.bias]
1908.1s 560 Loading weights:  22%|██▏       | 43/199 [00:00<00:00, 2741.83it/s, Materializing param=encoder.layer.2.attention.self.key.weight]
1908.1s 561 Loading weights:  22%|██▏       | 43/199 [00:00<00:00, 2733.27it/s, Materializing param=encoder.layer.2.attention.self.key.weight]
1908.1s 562 Loading weights:  22%|██▏       | 44/199 [00:00<00:00, 2779.02it/s, Materializing param=encoder.layer.2.attention.self.query.bias]
1908.1s 563 Loading weights:  22%|██▏       | 44/199 [00:00<00:00, 2770.06it/s, Materializing param=encoder.layer.2.attention.self.query.bias]
1908.1s 564 Loading weights:  23%|██▎       | 45/199 [00:00<00:00, 2816.19it/s, Materializing param=encoder.layer.2.attention.self.query.weight]
1908.1s 565 Loading weights:  23%|██▎       | 45/199 [00:00<00:00, 2807.10it/s, Materializing param=encoder.layer.2.attention.self.query.weight]
1908.1s 566 Loading weights:  23%|██▎       | 46/199 [00:00<00:00, 2853.23it/s, Materializing param=encoder.layer.2.attention.self.value.bias]
1908.1s 567 Loading weights:  23%|██▎       | 46/199 [00:00<00:00, 2844.48it/s, Materializing param=encoder.layer.2.attention.self.value.bias]
1908.1s 568 Loading weights:  24%|██▎       | 47/199 [00:00<00:00, 2890.59it/s, Materializing param=encoder.layer.2.attention.self.value.weight]
1908.1s 569 Loading weights:  24%|██▎       | 47/199 [00:00<00:00, 2881.80it/s, Materializing param=encoder.layer.2.attention.self.value.weight]
1908.1s 570 Loading weights:  24%|██▍       | 48/199 [00:00<00:00, 2926.98it/s, Materializing param=encoder.layer.2.intermediate.dense.bias]
1908.1s 571 Loading weights:  24%|██▍       | 48/199 [00:00<00:00, 2918.20it/s, Materializing param=encoder.layer.2.intermediate.dense.bias]
1908.1s 572 Loading weights:  25%|██▍       | 49/199 [00:00<00:00, 2960.97it/s, Materializing param=encoder.layer.2.intermediate.dense.weight]
1908.1s 573 Loading weights:  25%|██▍       | 49/199 [00:00<00:00, 2951.91it/s, Materializing param=encoder.layer.2.intermediate.dense.weight]
1908.1s 574 Loading weights:  25%|██▌       | 50/199 [00:00<00:00, 2995.97it/s, Materializing param=encoder.layer.2.output.LayerNorm.bias]
1908.1s 575 Loading weights:  25%|██▌       | 50/199 [00:00<00:00, 2987.14it/s, Materializing param=encoder.layer.2.output.LayerNorm.bias]
1908.1s 576 Loading weights:  26%|██▌       | 51/199 [00:00<00:00, 3028.55it/s, Materializing param=encoder.layer.2.output.LayerNorm.weight]
1908.1s 577 Loading weights:  26%|██▌       | 51/199 [00:00<00:00, 3019.36it/s, Materializing param=encoder.layer.2.output.LayerNorm.weight]
1908.1s 578 Loading weights:  26%|██▌       | 52/199 [00:00<00:00, 3061.45it/s, Materializing param=encoder.layer.2.output.dense.bias]
1908.1s 579 Loading weights:  26%|██▌       | 52/199 [00:00<00:00, 3052.45it/s, Materializing param=encoder.layer.2.output.dense.bias]
1908.1s 580 Loading weights:  27%|██▋       | 53/199 [00:00<00:00, 3094.78it/s, Materializing param=encoder.layer.2.output.dense.weight]
1908.1s 581 Loading weights:  27%|██▋       | 53/199 [00:00<00:00, 3085.93it/s, Materializing param=encoder.layer.2.output.dense.weight]
1908.1s 582 Loading weights:  27%|██▋       | 54/199 [00:00<00:00, 3128.05it/s, Materializing param=encoder.layer.3.attention.output.LayerNorm.bias]
1908.1s 583 Loading weights:  27%|██▋       | 54/199 [00:00<00:00, 3118.91it/s, Materializing param=encoder.layer.3.attention.output.LayerNorm.bias]
1908.1s 584 Loading weights:  28%|██▊       | 55/199 [00:00<00:00, 3159.44it/s, Materializing param=encoder.layer.3.attention.output.LayerNorm.weight]
1908.1s 585 Loading weights:  28%|██▊       | 55/199 [00:00<00:00, 3150.21it/s, Materializing param=encoder.layer.3.attention.output.LayerNorm.weight]
1908.1s 586 Loading weights:  28%|██▊       | 56/199 [00:00<00:00, 3189.89it/s, Materializing param=encoder.layer.3.attention.output.dense.bias]
1908.1s 587 Loading weights:  28%|██▊       | 56/199 [00:00<00:00, 3180.47it/s, Materializing param=encoder.layer.3.attention.output.dense.bias]
1908.1s 588 Loading weights:  29%|██▊       | 57/199 [00:00<00:00, 3220.48it/s, Materializing param=encoder.layer.3.attention.output.dense.weight]
1908.1s 589 Loading weights:  29%|██▊       | 57/199 [00:00<00:00, 3211.44it/s, Materializing param=encoder.layer.3.attention.output.dense.weight]
1908.1s 590 Loading weights:  29%|██▉       | 58/199 [00:00<00:00, 3249.31it/s, Materializing param=encoder.layer.3.attention.self.key.bias]
1908.1s 591 Loading weights:  29%|██▉       | 58/199 [00:00<00:00, 3239.92it/s, Materializing param=encoder.layer.3.attention.self.key.bias]
1908.1s 592 Loading weights:  30%|██▉       | 59/199 [00:00<00:00, 3278.88it/s, Materializing param=encoder.layer.3.attention.self.key.weight]
1908.1s 593 Loading weights:  30%|██▉       | 59/199 [00:00<00:00, 3269.44it/s, Materializing param=encoder.layer.3.attention.self.key.weight]
1908.1s 594 Loading weights:  30%|███       | 60/199 [00:00<00:00, 3308.12it/s, Materializing param=encoder.layer.3.attention.self.query.bias]
1908.1s 595 Loading weights:  30%|███       | 60/199 [00:00<00:00, 3299.01it/s, Materializing param=encoder.layer.3.attention.self.query.bias]
1908.1s 596 Loading weights:  31%|███       | 61/199 [00:00<00:00, 3337.45it/s, Materializing param=encoder.layer.3.attention.self.query.weight]
1908.1s 597 Loading weights:  31%|███       | 61/199 [00:00<00:00, 3328.42it/s, Materializing param=encoder.layer.3.attention.self.query.weight]
1908.1s 598 Loading weights:  31%|███       | 62/199 [00:00<00:00, 3366.74it/s, Materializing param=encoder.layer.3.attention.self.value.bias]
1908.1s 599 Loading weights:  31%|███       | 62/199 [00:00<00:00, 3357.74it/s, Materializing param=encoder.layer.3.attention.self.value.bias]
1908.1s 600 Loading weights:  32%|███▏      | 63/199 [00:00<00:00, 3394.37it/s, Materializing param=encoder.layer.3.attention.self.value.weight]
1908.1s 601 Loading weights:  32%|███▏      | 63/199 [00:00<00:00, 3384.97it/s, Materializing param=encoder.layer.3.attention.self.value.weight]
1908.1s 602 Loading weights:  32%|███▏      | 64/199 [00:00<00:00, 3421.87it/s, Materializing param=encoder.layer.3.intermediate.dense.bias]
1908.1s 603 Loading weights:  32%|███▏      | 64/199 [00:00<00:00, 3412.69it/s, Materializing param=encoder.layer.3.intermediate.dense.bias]
1908.1s 604 Loading weights:  33%|███▎      | 65/199 [00:00<00:00, 3447.08it/s, Materializing param=encoder.layer.3.intermediate.dense.weight]
1908.1s 605 Loading weights:  33%|███▎      | 65/199 [00:00<00:00, 3437.65it/s, Materializing param=encoder.layer.3.intermediate.dense.weight]
1908.1s 606 Loading weights:  33%|███▎      | 66/199 [00:00<00:00, 3473.85it/s, Materializing param=encoder.layer.3.output.LayerNorm.bias]
1908.1s 607 Loading weights:  33%|███▎      | 66/199 [00:00<00:00, 3464.72it/s, Materializing param=encoder.layer.3.output.LayerNorm.bias]
1908.1s 608 Loading weights:  34%|███▎      | 67/199 [00:00<00:00, 3500.87it/s, Materializing param=encoder.layer.3.output.LayerNorm.weight]
1908.1s 609 Loading weights:  34%|███▎      | 67/199 [00:00<00:00, 3491.91it/s, Materializing param=encoder.layer.3.output.LayerNorm.weight]
1908.1s 610 Loading weights:  34%|███▍      | 68/199 [00:00<00:00, 3528.07it/s, Materializing param=encoder.layer.3.output.dense.bias]
1908.1s 611 Loading weights:  34%|███▍      | 68/199 [00:00<00:00, 3519.28it/s, Materializing param=encoder.layer.3.output.dense.bias]
1908.1s 612 Loading weights:  35%|███▍      | 69/199 [00:00<00:00, 3555.11it/s, Materializing param=encoder.layer.3.output.dense.weight]
1908.1s 613 Loading weights:  35%|███▍      | 69/199 [00:00<00:00, 3546.22it/s, Materializing param=encoder.layer.3.output.dense.weight]
1908.1s 614 Loading weights:  35%|███▌      | 70/199 [00:00<00:00, 3580.42it/s, Materializing param=encoder.layer.4.attention.output.LayerNorm.bias]
1908.1s 615 Loading weights:  35%|███▌      | 70/199 [00:00<00:00, 3570.88it/s, Materializing param=encoder.layer.4.attention.output.LayerNorm.bias]
1908.1s 616 Loading weights:  36%|███▌      | 71/199 [00:00<00:00, 3604.97it/s, Materializing param=encoder.layer.4.attention.output.LayerNorm.weight]
1908.1s 617 Loading weights:  36%|███▌      | 71/199 [00:00<00:00, 3595.74it/s, Materializing param=encoder.layer.4.attention.output.LayerNorm.weight]
1908.1s 618 Loading weights:  36%|███▌      | 72/199 [00:00<00:00, 3627.46it/s, Materializing param=encoder.layer.4.attention.output.dense.bias]
1908.1s 619 Loading weights:  36%|███▌      | 72/199 [00:00<00:00, 3618.21it/s, Materializing param=encoder.layer.4.attention.output.dense.bias]
1908.1s 620 Loading weights:  37%|███▋      | 73/199 [00:00<00:00, 3651.48it/s, Materializing param=encoder.layer.4.attention.output.dense.weight]
1908.1s 621 Loading weights:  37%|███▋      | 73/199 [00:00<00:00, 3636.35it/s, Materializing param=encoder.layer.4.attention.output.dense.weight]
1908.1s 622 Loading weights:  37%|███▋      | 74/199 [00:00<00:00, 3669.73it/s, Materializing param=encoder.layer.4.attention.self.key.bias]
1908.1s 623 Loading weights:  37%|███▋      | 74/199 [00:00<00:00, 3660.68it/s, Materializing param=encoder.layer.4.attention.self.key.bias]
1908.1s 624 Loading weights:  38%|███▊      | 75/199 [00:00<00:00, 3693.73it/s, Materializing param=encoder.layer.4.attention.self.key.weight]
1908.1s 625 Loading weights:  38%|███▊      | 75/199 [00:00<00:00, 3681.28it/s, Materializing param=encoder.layer.4.attention.self.key.weight]
1908.1s 626 Loading weights:  38%|███▊      | 76/199 [00:00<00:00, 3713.59it/s, Materializing param=encoder.layer.4.attention.self.query.bias]
1908.1s 627 Loading weights:  38%|███▊      | 76/199 [00:00<00:00, 3703.28it/s, Materializing param=encoder.layer.4.attention.self.query.bias]
1908.1s 628 Loading weights:  39%|███▊      | 77/199 [00:00<00:00, 3734.61it/s, Materializing param=encoder.layer.4.attention.self.query.weight]
1908.1s 629 Loading weights:  39%|███▊      | 77/199 [00:00<00:00, 3725.13it/s, Materializing param=encoder.layer.4.attention.self.query.weight]
1908.1s 630 Loading weights:  39%|███▉      | 78/199 [00:00<00:00, 3756.48it/s, Materializing param=encoder.layer.4.attention.self.value.bias]
1908.1s 631 Loading weights:  39%|███▉      | 78/199 [00:00<00:00, 3738.03it/s, Materializing param=encoder.layer.4.attention.self.value.bias]
1908.1s 632 Loading weights:  40%|███▉      | 79/199 [00:00<00:00, 3763.33it/s, Materializing param=encoder.layer.4.attention.self.value.weight]
1908.1s 633 Loading weights:  40%|███▉      | 79/199 [00:00<00:00, 3753.91it/s, Materializing param=encoder.layer.4.attention.self.value.weight]
1908.1s 634 Loading weights:  40%|████      | 80/199 [00:00<00:00, 3784.36it/s, Materializing param=encoder.layer.4.intermediate.dense.bias]
1908.1s 635 Loading weights:  40%|████      | 80/199 [00:00<00:00, 3775.12it/s, Materializing param=encoder.layer.4.intermediate.dense.bias]
1908.1s 636 Loading weights:  41%|████      | 81/199 [00:00<00:00, 3805.91it/s, Materializing param=encoder.layer.4.intermediate.dense.weight]
1908.1s 637 Loading weights:  41%|████      | 81/199 [00:00<00:00, 3796.81it/s, Materializing param=encoder.layer.4.intermediate.dense.weight]
1908.1s 638 Loading weights:  41%|████      | 82/199 [00:00<00:00, 3827.77it/s, Materializing param=encoder.layer.4.output.LayerNorm.bias]
1908.1s 639 Loading weights:  41%|████      | 82/199 [00:00<00:00, 3818.85it/s, Materializing param=encoder.layer.4.output.LayerNorm.bias]
1908.1s 640 Loading weights:  42%|████▏     | 83/199 [00:00<00:00, 3848.16it/s, Materializing param=encoder.layer.4.output.LayerNorm.weight]
1908.1s 641 Loading weights:  42%|████▏     | 83/199 [00:00<00:00, 3839.16it/s, Materializing param=encoder.layer.4.output.LayerNorm.weight]
1908.1s 642 Loading weights:  42%|████▏     | 84/199 [00:00<00:00, 3869.58it/s, Materializing param=encoder.layer.4.output.dense.bias]
1908.1s 643 Loading weights:  42%|████▏     | 84/199 [00:00<00:00, 3860.89it/s, Materializing param=encoder.layer.4.output.dense.bias]
1908.1s 644 Loading weights:  43%|████▎     | 85/199 [00:00<00:00, 3888.10it/s, Materializing param=encoder.layer.4.output.dense.weight]
1908.1s 645 Loading weights:  43%|████▎     | 85/199 [00:00<00:00, 3878.88it/s, Materializing param=encoder.layer.4.output.dense.weight]
1908.1s 646 Loading weights:  43%|████▎     | 86/199 [00:00<00:00, 3908.36it/s, Materializing param=encoder.layer.5.attention.output.LayerNorm.bias]
1908.1s 647 Loading weights:  43%|████▎     | 86/199 [00:00<00:00, 3899.02it/s, Materializing param=encoder.layer.5.attention.output.LayerNorm.bias]
1908.1s 648 Loading weights:  44%|████▎     | 87/199 [00:00<00:00, 3927.72it/s, Materializing param=encoder.layer.5.attention.output.LayerNorm.weight]
1908.1s 649 Loading weights:  44%|████▎     | 87/199 [00:00<00:00, 3918.82it/s, Materializing param=encoder.layer.5.attention.output.LayerNorm.weight]
1908.1s 650 Loading weights:  44%|████▍     | 88/199 [00:00<00:00, 3947.71it/s, Materializing param=encoder.layer.5.attention.output.dense.bias]
1908.1s 651 Loading weights:  44%|████▍     | 88/199 [00:00<00:00, 3938.73it/s, Materializing param=encoder.layer.5.attention.output.dense.bias]
1908.1s 652 Loading weights:  45%|████▍     | 89/199 [00:00<00:00, 3967.45it/s, Materializing param=encoder.layer.5.attention.output.dense.weight]
1908.1s 653 Loading weights:  45%|████▍     | 89/199 [00:00<00:00, 3958.44it/s, Materializing param=encoder.layer.5.attention.output.dense.weight]
1908.1s 654 Loading weights:  45%|████▌     | 90/199 [00:00<00:00, 3985.84it/s, Materializing param=encoder.layer.5.attention.self.key.bias]
1908.1s 655 Loading weights:  45%|████▌     | 90/199 [00:00<00:00, 3976.77it/s, Materializing param=encoder.layer.5.attention.self.key.bias]
1908.1s 656 Loading weights:  46%|████▌     | 91/199 [00:00<00:00, 4004.72it/s, Materializing param=encoder.layer.5.attention.self.key.weight]
1908.1s 657 Loading weights:  46%|████▌     | 91/199 [00:00<00:00, 3995.91it/s, Materializing param=encoder.layer.5.attention.self.key.weight]
1908.1s 658 Loading weights:  46%|████▌     | 92/199 [00:00<00:00, 4012.94it/s, Materializing param=encoder.layer.5.attention.self.query.bias]
1908.1s 659 Loading weights:  46%|████▌     | 92/199 [00:00<00:00, 4002.28it/s, Materializing param=encoder.layer.5.attention.self.query.bias]
1908.1s 660 Loading weights:  47%|████▋     | 93/199 [00:00<00:00, 4028.61it/s, Materializing param=encoder.layer.5.attention.self.query.weight]
1908.1s 661 Loading weights:  47%|████▋     | 93/199 [00:00<00:00, 4019.60it/s, Materializing param=encoder.layer.5.attention.self.query.weight]
1908.1s 662 Loading weights:  47%|████▋     | 94/199 [00:00<00:00, 4046.23it/s, Materializing param=encoder.layer.5.attention.self.value.bias]
1908.1s 663 Loading weights:  47%|████▋     | 94/199 [00:00<00:00, 4025.04it/s, Materializing param=encoder.layer.5.attention.self.value.bias]
1908.1s 664 Loading weights:  48%|████▊     | 95/199 [00:00<00:00, 4029.23it/s, Materializing param=encoder.layer.5.attention.self.value.weight]
1908.1s 665 Loading weights:  48%|████▊     | 95/199 [00:00<00:00, 4014.46it/s, Materializing param=encoder.layer.5.attention.self.value.weight]
1908.1s 666 Loading weights:  48%|████▊     | 96/199 [00:00<00:00, 4022.35it/s, Materializing param=encoder.layer.5.intermediate.dense.bias]
1908.1s 667 Loading weights:  48%|████▊     | 96/199 [00:00<00:00, 4005.58it/s, Materializing param=encoder.layer.5.intermediate.dense.bias]
1908.1s 668 Loading weights:  49%|████▊     | 97/199 [00:00<00:00, 4011.20it/s, Materializing param=encoder.layer.5.intermediate.dense.weight]
1908.1s 669 Loading weights:  49%|████▊     | 97/199 [00:00<00:00, 3996.54it/s, Materializing param=encoder.layer.5.intermediate.dense.weight]
1908.1s 670 Loading weights:  49%|████▉     | 98/199 [00:00<00:00, 4008.64it/s, Materializing param=encoder.layer.5.output.LayerNorm.bias]
1908.1s 671 Loading weights:  49%|████▉     | 98/199 [00:00<00:00, 3994.03it/s, Materializing param=encoder.layer.5.output.LayerNorm.bias]
1908.1s 672 Loading weights:  50%|████▉     | 99/199 [00:00<00:00, 4005.67it/s, Materializing param=encoder.layer.5.output.LayerNorm.weight]
1908.1s 673 Loading weights:  50%|████▉     | 99/199 [00:00<00:00, 3991.81it/s, Materializing param=encoder.layer.5.output.LayerNorm.weight]
1908.1s 674 Loading weights:  50%|█████     | 100/199 [00:00<00:00, 3999.22it/s, Materializing param=encoder.layer.5.output.dense.bias]
1908.1s 675 Loading weights:  50%|█████     | 100/199 [00:00<00:00, 3984.59it/s, Materializing param=encoder.layer.5.output.dense.bias]
1908.1s 676 Loading weights:  51%|█████     | 101/199 [00:00<00:00, 3996.46it/s, Materializing param=encoder.layer.5.output.dense.weight]
1908.1s 677 Loading weights:  51%|█████     | 101/199 [00:00<00:00, 3983.64it/s, Materializing param=encoder.layer.5.output.dense.weight]
1908.1s 678 Loading weights:  51%|█████▏    | 102/199 [00:00<00:00, 3995.21it/s, Materializing param=encoder.layer.6.attention.output.LayerNorm.bias]
1908.1s 679 Loading weights:  51%|█████▏    | 102/199 [00:00<00:00, 3981.64it/s, Materializing param=encoder.layer.6.attention.output.LayerNorm.bias]
1908.1s 680 Loading weights:  52%|█████▏    | 103/199 [00:00<00:00, 3992.25it/s, Materializing param=encoder.layer.6.attention.output.LayerNorm.weight]
1908.1s 681 Loading weights:  52%|█████▏    | 103/199 [00:00<00:00, 3972.46it/s, Materializing param=encoder.layer.6.attention.output.LayerNorm.weight]
1908.1s 682 Loading weights:  52%|█████▏    | 104/199 [00:00<00:00, 3982.32it/s, Materializing param=encoder.layer.6.attention.output.dense.bias]
1908.1s 683 Loading weights:  52%|█████▏    | 104/199 [00:00<00:00, 3969.20it/s, Materializing param=encoder.layer.6.attention.output.dense.bias]
1908.1s 684 Loading weights:  53%|█████▎    | 105/199 [00:00<00:00, 3977.01it/s, Materializing param=encoder.layer.6.attention.output.dense.weight]
1908.1s 685 Loading weights:  53%|█████▎    | 105/199 [00:00<00:00, 3963.91it/s, Materializing param=encoder.layer.6.attention.output.dense.weight]
1908.1s 686 Loading weights:  53%|█████▎    | 106/199 [00:00<00:00, 3973.30it/s, Materializing param=encoder.layer.6.attention.self.key.bias]
1908.1s 687 Loading weights:  53%|█████▎    | 106/199 [00:00<00:00, 3960.80it/s, Materializing param=encoder.layer.6.attention.self.key.bias]
1908.1s 688 Loading weights:  54%|█████▍    | 107/199 [00:00<00:00, 3967.63it/s, Materializing param=encoder.layer.6.attention.self.key.weight]
1908.1s 689 Loading weights:  54%|█████▍    | 107/199 [00:00<00:00, 3954.87it/s, Materializing param=encoder.layer.6.attention.self.key.weight]
1908.1s 690 Loading weights:  54%|█████▍    | 108/199 [00:00<00:00, 3964.54it/s, Materializing param=encoder.layer.6.attention.self.query.bias]
1908.1s 691 Loading weights:  54%|█████▍    | 108/199 [00:00<00:00, 3952.09it/s, Materializing param=encoder.layer.6.attention.self.query.bias]
1908.1s 692 Loading weights:  55%|█████▍    | 109/199 [00:00<00:00, 3962.79it/s, Materializing param=encoder.layer.6.attention.self.query.weight]
1908.1s 693 Loading weights:  55%|█████▍    | 109/199 [00:00<00:00, 3948.82it/s, Materializing param=encoder.layer.6.attention.self.query.weight]
1908.1s 694 Loading weights:  55%|█████▌    | 110/199 [00:00<00:00, 3958.49it/s, Materializing param=encoder.layer.6.attention.self.value.bias]
1908.1s 695 Loading weights:  55%|█████▌    | 110/199 [00:00<00:00, 3941.71it/s, Materializing param=encoder.layer.6.attention.self.value.bias]
1908.1s 696 Loading weights:  56%|█████▌    | 111/199 [00:00<00:00, 3951.68it/s, Materializing param=encoder.layer.6.attention.self.value.weight]
1908.1s 697 Loading weights:  56%|█████▌    | 111/199 [00:00<00:00, 3939.71it/s, Materializing param=encoder.layer.6.attention.self.value.weight]
1908.1s 698 Loading weights:  56%|█████▋    | 112/199 [00:00<00:00, 3950.14it/s, Materializing param=encoder.layer.6.intermediate.dense.bias]
1908.1s 699 Loading weights:  56%|█████▋    | 112/199 [00:00<00:00, 3938.18it/s, Materializing param=encoder.layer.6.intermediate.dense.bias]
1908.1s 700 Loading weights:  57%|█████▋    | 113/199 [00:00<00:00, 3948.22it/s, Materializing param=encoder.layer.6.intermediate.dense.weight]
1908.1s 701 Loading weights:  57%|█████▋    | 113/199 [00:00<00:00, 3936.55it/s, Materializing param=encoder.layer.6.intermediate.dense.weight]
1908.1s 702 Loading weights:  57%|█████▋    | 114/199 [00:00<00:00, 3945.01it/s, Materializing param=encoder.layer.6.output.LayerNorm.bias]
1908.1s 703 Loading weights:  57%|█████▋    | 114/199 [00:00<00:00, 3932.65it/s, Materializing param=encoder.layer.6.output.LayerNorm.bias]
1908.1s 704 Loading weights:  58%|█████▊    | 115/199 [00:00<00:00, 3940.98it/s, Materializing param=encoder.layer.6.output.LayerNorm.weight]
1908.1s 705 Loading weights:  58%|█████▊    | 115/199 [00:00<00:00, 3929.30it/s, Materializing param=encoder.layer.6.output.LayerNorm.weight]
1908.1s 706 Loading weights:  58%|█████▊    | 116/199 [00:00<00:00, 3940.00it/s, Materializing param=encoder.layer.6.output.dense.bias]
1908.1s 707 Loading weights:  58%|█████▊    | 116/199 [00:00<00:00, 3926.97it/s, Materializing param=encoder.layer.6.output.dense.bias]
1908.1s 708 Loading weights:  59%|█████▉    | 117/199 [00:00<00:00, 3936.23it/s, Materializing param=encoder.layer.6.output.dense.weight]
1908.1s 709 Loading weights:  59%|█████▉    | 117/199 [00:00<00:00, 3925.02it/s, Materializing param=encoder.layer.6.output.dense.weight]
1908.1s 710 Loading weights:  59%|█████▉    | 118/199 [00:00<00:00, 3930.53it/s, Materializing param=encoder.layer.7.attention.output.LayerNorm.bias]
1908.1s 711 Loading weights:  59%|█████▉    | 118/199 [00:00<00:00, 3918.79it/s, Materializing param=encoder.layer.7.attention.output.LayerNorm.bias]
1908.1s 712 Loading weights:  60%|█████▉    | 119/199 [00:00<00:00, 3927.28it/s, Materializing param=encoder.layer.7.attention.output.LayerNorm.weight]
1908.1s 713 Loading weights:  60%|█████▉    | 119/199 [00:00<00:00, 3915.64it/s, Materializing param=encoder.layer.7.attention.output.LayerNorm.weight]
1908.1s 714 Loading weights:  60%|██████    | 120/199 [00:00<00:00, 3923.00it/s, Materializing param=encoder.layer.7.attention.output.dense.bias]
1908.1s 715 Loading weights:  60%|██████    | 120/199 [00:00<00:00, 3911.56it/s, Materializing param=encoder.layer.7.attention.output.dense.bias]
1908.1s 716 Loading weights:  61%|██████    | 121/199 [00:00<00:00, 3917.79it/s, Materializing param=encoder.layer.7.attention.output.dense.weight]
1908.1s 717 Loading weights:  61%|██████    | 121/199 [00:00<00:00, 3904.44it/s, Materializing param=encoder.layer.7.attention.output.dense.weight]
1908.1s 718 Loading weights:  61%|██████▏   | 122/199 [00:00<00:00, 3912.42it/s, Materializing param=encoder.layer.7.attention.self.key.bias]
1908.1s 719 Loading weights:  61%|██████▏   | 122/199 [00:00<00:00, 3901.17it/s, Materializing param=encoder.layer.7.attention.self.key.bias]
1908.1s 720 Loading weights:  62%|██████▏   | 123/199 [00:00<00:00, 3909.93it/s, Materializing param=encoder.layer.7.attention.self.key.weight]
1908.1s 721 Loading weights:  62%|██████▏   | 123/199 [00:00<00:00, 3898.02it/s, Materializing param=encoder.layer.7.attention.self.key.weight]
1908.1s 722 Loading weights:  62%|██████▏   | 124/199 [00:00<00:00, 3903.14it/s, Materializing param=encoder.layer.7.attention.self.query.bias]
1908.1s 723 Loading weights:  62%|██████▏   | 124/199 [00:00<00:00, 3890.12it/s, Materializing param=encoder.layer.7.attention.self.query.bias]
1908.1s 724 Loading weights:  63%|██████▎   | 125/199 [00:00<00:00, 3899.27it/s, Materializing param=encoder.layer.7.attention.self.query.weight]
1908.1s 725 Loading weights:  63%|██████▎   | 125/199 [00:00<00:00, 3888.97it/s, Materializing param=encoder.layer.7.attention.self.query.weight]
1908.1s 726 Loading weights:  63%|██████▎   | 126/199 [00:00<00:00, 3898.48it/s, Materializing param=encoder.layer.7.attention.self.value.bias]
1908.1s 727 Loading weights:  63%|██████▎   | 126/199 [00:00<00:00, 3888.36it/s, Materializing param=encoder.layer.7.attention.self.value.bias]
1908.1s 728 Loading weights:  64%|██████▍   | 127/199 [00:00<00:00, 3897.48it/s, Materializing param=encoder.layer.7.attention.self.value.weight]
1908.1s 729 Loading weights:  64%|██████▍   | 127/199 [00:00<00:00, 3887.24it/s, Materializing param=encoder.layer.7.attention.self.value.weight]
1908.1s 730 Loading weights:  64%|██████▍   | 128/199 [00:00<00:00, 3888.57it/s, Materializing param=encoder.layer.7.intermediate.dense.bias]
1908.1s 731 Loading weights:  64%|██████▍   | 128/199 [00:00<00:00, 3877.75it/s, Materializing param=encoder.layer.7.intermediate.dense.bias]
1908.1s 732 Loading weights:  65%|██████▍   | 129/199 [00:00<00:00, 3886.26it/s, Materializing param=encoder.layer.7.intermediate.dense.weight]
1908.1s 733 Loading weights:  65%|██████▍   | 129/199 [00:00<00:00, 3876.16it/s, Materializing param=encoder.layer.7.intermediate.dense.weight]
1908.1s 734 Loading weights:  65%|██████▌   | 130/199 [00:00<00:00, 3885.05it/s, Materializing param=encoder.layer.7.output.LayerNorm.bias]
1908.1s 735 Loading weights:  65%|██████▌   | 130/199 [00:00<00:00, 3874.21it/s, Materializing param=encoder.layer.7.output.LayerNorm.bias]
1908.1s 736 Loading weights:  66%|██████▌   | 131/199 [00:00<00:00, 3882.90it/s, Materializing param=encoder.layer.7.output.LayerNorm.weight]
1908.1s 737 Loading weights:  66%|██████▌   | 131/199 [00:00<00:00, 3872.56it/s, Materializing param=encoder.layer.7.output.LayerNorm.weight]
1908.1s 738 Loading weights:  66%|██████▋   | 132/199 [00:00<00:00, 3875.95it/s, Materializing param=encoder.layer.7.output.dense.bias]
1908.1s 739 Loading weights:  66%|██████▋   | 132/199 [00:00<00:00, 3865.91it/s, Materializing param=encoder.layer.7.output.dense.bias]
1908.1s 740 Loading weights:  67%|██████▋   | 133/199 [00:00<00:00, 3874.39it/s, Materializing param=encoder.layer.7.output.dense.weight]
1908.1s 741 Loading weights:  67%|██████▋   | 133/199 [00:00<00:00, 3864.81it/s, Materializing param=encoder.layer.7.output.dense.weight]
1908.1s 742 Loading weights:  67%|██████▋   | 134/199 [00:00<00:00, 3873.04it/s, Materializing param=encoder.layer.8.attention.output.LayerNorm.bias]
1908.1s 743 Loading weights:  67%|██████▋   | 134/199 [00:00<00:00, 3862.11it/s, Materializing param=encoder.layer.8.attention.output.LayerNorm.bias]
1908.1s 744 Loading weights:  68%|██████▊   | 135/199 [00:00<00:00, 3868.99it/s, Materializing param=encoder.layer.8.attention.output.LayerNorm.weight]
1908.1s 745 Loading weights:  68%|██████▊   | 135/199 [00:00<00:00, 3858.53it/s, Materializing param=encoder.layer.8.attention.output.LayerNorm.weight]
1908.1s 746 Loading weights:  68%|██████▊   | 136/199 [00:00<00:00, 3867.26it/s, Materializing param=encoder.layer.8.attention.output.dense.bias]
1908.1s 747 Loading weights:  68%|██████▊   | 136/199 [00:00<00:00, 3858.08it/s, Materializing param=encoder.layer.8.attention.output.dense.bias]
1908.1s 748 Loading weights:  69%|██████▉   | 137/199 [00:00<00:00, 3867.15it/s, Materializing param=encoder.layer.8.attention.output.dense.weight]
1908.1s 749 Loading weights:  69%|██████▉   | 137/199 [00:00<00:00, 3858.19it/s, Materializing param=encoder.layer.8.attention.output.dense.weight]
1908.1s 750 Loading weights:  69%|██████▉   | 138/199 [00:00<00:00, 3866.57it/s, Materializing param=encoder.layer.8.attention.self.key.bias]
1908.1s 751 Loading weights:  69%|██████▉   | 138/199 [00:00<00:00, 3857.73it/s, Materializing param=encoder.layer.8.attention.self.key.bias]
1908.1s 752 Loading weights:  70%|██████▉   | 139/199 [00:00<00:00, 3863.98it/s, Materializing param=encoder.layer.8.attention.self.key.weight]
1908.1s 753 Loading weights:  70%|██████▉   | 139/199 [00:00<00:00, 3854.78it/s, Materializing param=encoder.layer.8.attention.self.key.weight]
1908.1s 754 Loading weights:  70%|███████   | 140/199 [00:00<00:00, 3863.84it/s, Materializing param=encoder.layer.8.attention.self.query.bias]
1908.1s 755 Loading weights:  70%|███████   | 140/199 [00:00<00:00, 3852.86it/s, Materializing param=encoder.layer.8.attention.self.query.bias]
1908.1s 756 Loading weights:  71%|███████   | 141/199 [00:00<00:00, 3860.12it/s, Materializing param=encoder.layer.8.attention.self.query.weight]
1908.1s 757 Loading weights:  71%|███████   | 141/199 [00:00<00:00, 3850.64it/s, Materializing param=encoder.layer.8.attention.self.query.weight]
1908.1s 758 Loading weights:  71%|███████▏  | 142/199 [00:00<00:00, 3858.28it/s, Materializing param=encoder.layer.8.attention.self.value.bias]
1908.1s 759 Loading weights:  71%|███████▏  | 142/199 [00:00<00:00, 3842.33it/s, Materializing param=encoder.layer.8.attention.self.value.bias]
1908.1s 760 Loading weights:  72%|███████▏  | 143/199 [00:00<00:00, 3848.08it/s, Materializing param=encoder.layer.8.attention.self.value.weight]
1908.1s 761 Loading weights:  72%|███████▏  | 143/199 [00:00<00:00, 3838.87it/s, Materializing param=encoder.layer.8.attention.self.value.weight]
1908.1s 762 Loading weights:  72%|███████▏  | 144/199 [00:00<00:00, 3846.44it/s, Materializing param=encoder.layer.8.intermediate.dense.bias]
1908.1s 763 Loading weights:  72%|███████▏  | 144/199 [00:00<00:00, 3836.89it/s, Materializing param=encoder.layer.8.intermediate.dense.bias]
1908.1s 764 Loading weights:  73%|███████▎  | 145/199 [00:00<00:00, 3843.95it/s, Materializing param=encoder.layer.8.intermediate.dense.weight]
1908.1s 765 Loading weights:  73%|███████▎  | 145/199 [00:00<00:00, 3834.67it/s, Materializing param=encoder.layer.8.intermediate.dense.weight]
1908.1s 766 Loading weights:  73%|███████▎  | 146/199 [00:00<00:00, 3839.69it/s, Materializing param=encoder.layer.8.output.LayerNorm.bias]
1908.1s 767 Loading weights:  73%|███████▎  | 146/199 [00:00<00:00, 3831.21it/s, Materializing param=encoder.layer.8.output.LayerNorm.bias]
1908.1s 768 Loading weights:  74%|███████▍  | 147/199 [00:00<00:00, 3839.48it/s, Materializing param=encoder.layer.8.output.LayerNorm.weight]
1908.1s 769 Loading weights:  74%|███████▍  | 147/199 [00:00<00:00, 3831.30it/s, Materializing param=encoder.layer.8.output.LayerNorm.weight]
1908.1s 770 Loading weights:  74%|███████▍  | 148/199 [00:00<00:00, 3839.84it/s, Materializing param=encoder.layer.8.output.dense.bias]
1908.1s 771 Loading weights:  74%|███████▍  | 148/199 [00:00<00:00, 3831.74it/s, Materializing param=encoder.layer.8.output.dense.bias]
1908.1s 772 Loading weights:  75%|███████▍  | 149/199 [00:00<00:00, 3840.65it/s, Materializing param=encoder.layer.8.output.dense.weight]
1908.1s 773 Loading weights:  75%|███████▍  | 149/199 [00:00<00:00, 3828.75it/s, Materializing param=encoder.layer.8.output.dense.weight]
1908.1s 774 Loading weights:  75%|███████▌  | 150/199 [00:00<00:00, 3837.28it/s, Materializing param=encoder.layer.9.attention.output.LayerNorm.bias]
1908.1s 775 Loading weights:  75%|███████▌  | 150/199 [00:00<00:00, 3828.81it/s, Materializing param=encoder.layer.9.attention.output.LayerNorm.bias]
1908.1s 776 Loading weights:  76%|███████▌  | 151/199 [00:00<00:00, 3837.01it/s, Materializing param=encoder.layer.9.attention.output.LayerNorm.weight]
1908.1s 777 Loading weights:  76%|███████▌  | 151/199 [00:00<00:00, 3828.82it/s, Materializing param=encoder.layer.9.attention.output.LayerNorm.weight]
1908.1s 778 Loading weights:  76%|███████▋  | 152/199 [00:00<00:00, 3836.45it/s, Materializing param=encoder.layer.9.attention.output.dense.bias]
1908.1s 779 Loading weights:  76%|███████▋  | 152/199 [00:00<00:00, 3826.23it/s, Materializing param=encoder.layer.9.attention.output.dense.bias]
1908.1s 780 Loading weights:  77%|███████▋  | 153/199 [00:00<00:00, 3831.76it/s, Materializing param=encoder.layer.9.attention.output.dense.weight]
1908.1s 781 Loading weights:  77%|███████▋  | 153/199 [00:00<00:00, 3823.20it/s, Materializing param=encoder.layer.9.attention.output.dense.weight]
1908.1s 782 Loading weights:  77%|███████▋  | 154/199 [00:00<00:00, 3830.26it/s, Materializing param=encoder.layer.9.attention.self.key.bias]
1908.1s 783 Loading weights:  77%|███████▋  | 154/199 [00:00<00:00, 3822.03it/s, Materializing param=encoder.layer.9.attention.self.key.bias]
1908.1s 784 Loading weights:  78%|███████▊  | 155/199 [00:00<00:00, 3829.29it/s, Materializing param=encoder.layer.9.attention.self.key.weight]
1908.1s 785 Loading weights:  78%|███████▊  | 155/199 [00:00<00:00, 3820.26it/s, Materializing param=encoder.layer.9.attention.self.key.weight]
1908.1s 786 Loading weights:  78%|███████▊  | 156/199 [00:00<00:00, 3827.48it/s, Materializing param=encoder.layer.9.attention.self.query.bias]
1908.1s 787 Loading weights:  78%|███████▊  | 156/199 [00:00<00:00, 3817.32it/s, Materializing param=encoder.layer.9.attention.self.query.bias]
1908.1s 788 Loading weights:  79%|███████▉  | 157/199 [00:00<00:00, 3824.39it/s, Materializing param=encoder.layer.9.attention.self.query.weight]
1908.1s 789 Loading weights:  79%|███████▉  | 157/199 [00:00<00:00, 3816.63it/s, Materializing param=encoder.layer.9.attention.self.query.weight]
1908.1s 790 Loading weights:  79%|███████▉  | 158/199 [00:00<00:00, 3824.67it/s, Materializing param=encoder.layer.9.attention.self.value.bias]
1908.1s 791 Loading weights:  79%|███████▉  | 158/199 [00:00<00:00, 3817.04it/s, Materializing param=encoder.layer.9.attention.self.value.bias]
1908.1s 792 Loading weights:  80%|███████▉  | 159/199 [00:00<00:00, 3824.64it/s, Materializing param=encoder.layer.9.attention.self.value.weight]
1908.1s 793 Loading weights:  80%|███████▉  | 159/199 [00:00<00:00, 3817.13it/s, Materializing param=encoder.layer.9.attention.self.value.weight]
1908.1s 794 Loading weights:  80%|████████  | 160/199 [00:00<00:00, 3821.91it/s, Materializing param=encoder.layer.9.intermediate.dense.bias]
1908.1s 795 Loading weights:  80%|████████  | 160/199 [00:00<00:00, 3812.68it/s, Materializing param=encoder.layer.9.intermediate.dense.bias]
1908.1s 796 Loading weights:  81%|████████  | 161/199 [00:00<00:00, 3820.36it/s, Materializing param=encoder.layer.9.intermediate.dense.weight]
1908.1s 797 Loading weights:  81%|████████  | 161/199 [00:00<00:00, 3812.94it/s, Materializing param=encoder.layer.9.intermediate.dense.weight]
1908.1s 798 Loading weights:  81%|████████▏ | 162/199 [00:00<00:00, 3821.02it/s, Materializing param=encoder.layer.9.output.LayerNorm.bias]
1908.1s 799 Loading weights:  81%|████████▏ | 162/199 [00:00<00:00, 3813.11it/s, Materializing param=encoder.layer.9.output.LayerNorm.bias]
1908.1s 800 Loading weights:  82%|████████▏ | 163/199 [00:00<00:00, 3820.42it/s, Materializing param=encoder.layer.9.output.LayerNorm.weight]
1908.1s 801 Loading weights:  82%|████████▏ | 163/199 [00:00<00:00, 3813.17it/s, Materializing param=encoder.layer.9.output.LayerNorm.weight]
1908.1s 802 Loading weights:  82%|████████▏ | 164/199 [00:00<00:00, 3819.63it/s, Materializing param=encoder.layer.9.output.dense.bias]
1908.1s 803 Loading weights:  82%|████████▏ | 164/199 [00:00<00:00, 3812.22it/s, Materializing param=encoder.layer.9.output.dense.bias]
1908.1s 804 Loading weights:  83%|████████▎ | 165/199 [00:00<00:00, 3820.20it/s, Materializing param=encoder.layer.9.output.dense.weight]
1908.1s 805 Loading weights:  83%|████████▎ | 165/199 [00:00<00:00, 3813.05it/s, Materializing param=encoder.layer.9.output.dense.weight]
1908.1s 806 Loading weights:  83%|████████▎ | 166/199 [00:00<00:00, 3821.08it/s, Materializing param=encoder.layer.10.attention.output.LayerNorm.bias]
1908.1s 807 Loading weights:  83%|████████▎ | 166/199 [00:00<00:00, 3813.40it/s, Materializing param=encoder.layer.10.attention.output.LayerNorm.bias]
1908.1s 808 Loading weights:  84%|████████▍ | 167/199 [00:00<00:00, 3817.95it/s, Materializing param=encoder.layer.10.attention.output.LayerNorm.weight]
1908.1s 809 Loading weights:  84%|████████▍ | 167/199 [00:00<00:00, 3810.10it/s, Materializing param=encoder.layer.10.attention.output.LayerNorm.weight]
1908.1s 810 Loading weights:  84%|████████▍ | 168/199 [00:00<00:00, 3814.22it/s, Materializing param=encoder.layer.10.attention.output.dense.bias]
1908.1s 811 Loading weights:  84%|████████▍ | 168/199 [00:00<00:00, 3806.47it/s, Materializing param=encoder.layer.10.attention.output.dense.bias]
1908.1s 812 Loading weights:  85%|████████▍ | 169/199 [00:00<00:00, 3812.84it/s, Materializing param=encoder.layer.10.attention.output.dense.weight]
1908.1s 813 Loading weights:  85%|████████▍ | 169/199 [00:00<00:00, 3804.43it/s, Materializing param=encoder.layer.10.attention.output.dense.weight]
1908.1s 814 Loading weights:  85%|████████▌ | 170/199 [00:00<00:00, 3810.80it/s, Materializing param=encoder.layer.10.attention.self.key.bias]
1908.1s 815 Loading weights:  85%|████████▌ | 170/199 [00:00<00:00, 3802.98it/s, Materializing param=encoder.layer.10.attention.self.key.bias]
1908.1s 816 Loading weights:  86%|████████▌ | 171/199 [00:00<00:00, 3804.13it/s, Materializing param=encoder.layer.10.attention.self.key.weight]
1908.1s 817 Loading weights:  86%|████████▌ | 171/199 [00:00<00:00, 3796.88it/s, Materializing param=encoder.layer.10.attention.self.key.weight]
1908.1s 818 Loading weights:  86%|████████▋ | 172/199 [00:00<00:00, 3804.16it/s, Materializing param=encoder.layer.10.attention.self.query.bias]
1908.1s 819 Loading weights:  86%|████████▋ | 172/199 [00:00<00:00, 3797.35it/s, Materializing param=encoder.layer.10.attention.self.query.bias]
1908.1s 820 Loading weights:  87%|████████▋ | 173/199 [00:00<00:00, 3804.85it/s, Materializing param=encoder.layer.10.attention.self.query.weight]
1908.1s 821 Loading weights:  87%|████████▋ | 173/199 [00:00<00:00, 3797.44it/s, Materializing param=encoder.layer.10.attention.self.query.weight]
1908.1s 822 Loading weights:  87%|████████▋ | 174/199 [00:00<00:00, 3804.58it/s, Materializing param=encoder.layer.10.attention.self.value.bias]
1908.1s 823 Loading weights:  87%|████████▋ | 174/199 [00:00<00:00, 3797.59it/s, Materializing param=encoder.layer.10.attention.self.value.bias]
1908.1s 824 Loading weights:  88%|████████▊ | 175/199 [00:00<00:00, 3800.17it/s, Materializing param=encoder.layer.10.attention.self.value.weight]
1908.1s 825 Loading weights:  88%|████████▊ | 175/199 [00:00<00:00, 3793.34it/s, Materializing param=encoder.layer.10.attention.self.value.weight]
1908.1s 826 Loading weights:  88%|████████▊ | 176/199 [00:00<00:00, 3800.38it/s, Materializing param=encoder.layer.10.intermediate.dense.bias]
1908.1s 827 Loading weights:  88%|████████▊ | 176/199 [00:00<00:00, 3793.64it/s, Materializing param=encoder.layer.10.intermediate.dense.bias]
1908.1s 828 Loading weights:  89%|████████▉ | 177/199 [00:00<00:00, 3800.71it/s, Materializing param=encoder.layer.10.intermediate.dense.weight]
1908.1s 829 Loading weights:  89%|████████▉ | 177/199 [00:00<00:00, 3794.04it/s, Materializing param=encoder.layer.10.intermediate.dense.weight]
1908.1s 830 Loading weights:  89%|████████▉ | 178/199 [00:00<00:00, 3798.42it/s, Materializing param=encoder.layer.10.output.LayerNorm.bias]
1908.1s 831 Loading weights:  89%|████████▉ | 178/199 [00:00<00:00, 3789.60it/s, Materializing param=encoder.layer.10.output.LayerNorm.bias]
1908.1s 832 Loading weights:  90%|████████▉ | 179/199 [00:00<00:00, 3796.52it/s, Materializing param=encoder.layer.10.output.LayerNorm.weight]
1908.1s 833 Loading weights:  90%|████████▉ | 179/199 [00:00<00:00, 3789.83it/s, Materializing param=encoder.layer.10.output.LayerNorm.weight]
1908.1s 834 Loading weights:  90%|█████████ | 180/199 [00:00<00:00, 3797.09it/s, Materializing param=encoder.layer.10.output.dense.bias]
1908.1s 835 Loading weights:  90%|█████████ | 180/199 [00:00<00:00, 3790.57it/s, Materializing param=encoder.layer.10.output.dense.bias]
1908.1s 836 Loading weights:  91%|█████████ | 181/199 [00:00<00:00, 3797.33it/s, Materializing param=encoder.layer.10.output.dense.weight]
1908.1s 837 Loading weights:  91%|█████████ | 181/199 [00:00<00:00, 3790.77it/s, Materializing param=encoder.layer.10.output.dense.weight]
1908.1s 838 Loading weights:  91%|█████████▏| 182/199 [00:00<00:00, 3797.02it/s, Materializing param=encoder.layer.11.attention.output.LayerNorm.bias]
1908.1s 839 Loading weights:  91%|█████████▏| 182/199 [00:00<00:00, 3790.23it/s, Materializing param=encoder.layer.11.attention.output.LayerNorm.bias]
1908.1s 840 Loading weights:  92%|█████████▏| 183/199 [00:00<00:00, 3795.94it/s, Materializing param=encoder.layer.11.attention.output.LayerNorm.weight]
1908.1s 841 Loading weights:  92%|█████████▏| 183/199 [00:00<00:00, 3789.17it/s, Materializing param=encoder.layer.11.attention.output.LayerNorm.weight]
1908.1s 842 Loading weights:  92%|█████████▏| 184/199 [00:00<00:00, 3796.12it/s, Materializing param=encoder.layer.11.attention.output.dense.bias]
1908.1s 843 Loading weights:  92%|█████████▏| 184/199 [00:00<00:00, 3789.19it/s, Materializing param=encoder.layer.11.attention.output.dense.bias]
1908.1s 844 Loading weights:  93%|█████████▎| 185/199 [00:00<00:00, 3796.10it/s, Materializing param=encoder.layer.11.attention.output.dense.weight]
1908.1s 845 Loading weights:  93%|█████████▎| 185/199 [00:00<00:00, 3789.67it/s, Materializing param=encoder.layer.11.attention.output.dense.weight]
1908.1s 846 Loading weights:  93%|█████████▎| 186/199 [00:00<00:00, 3795.05it/s, Materializing param=encoder.layer.11.attention.self.key.bias]
1908.1s 847 Loading weights:  93%|█████████▎| 186/199 [00:00<00:00, 3788.67it/s, Materializing param=encoder.layer.11.attention.self.key.bias]
1908.1s 848 Loading weights:  94%|█████████▍| 187/199 [00:00<00:00, 3795.58it/s, Materializing param=encoder.layer.11.attention.self.key.weight]
1908.1s 849 Loading weights:  94%|█████████▍| 187/199 [00:00<00:00, 3789.39it/s, Materializing param=encoder.layer.11.attention.self.key.weight]
1908.1s 850 Loading weights:  94%|█████████▍| 188/199 [00:00<00:00, 3795.06it/s, Materializing param=encoder.layer.11.attention.self.query.bias]
1908.1s 851 Loading weights:  94%|█████████▍| 188/199 [00:00<00:00, 3788.69it/s, Materializing param=encoder.layer.11.attention.self.query.bias]
1908.1s 852 Loading weights:  95%|█████████▍| 189/199 [00:00<00:00, 3795.51it/s, Materializing param=encoder.layer.11.attention.self.query.weight]
1908.1s 853 Loading weights:  95%|█████████▍| 189/199 [00:00<00:00, 3785.74it/s, Materializing param=encoder.layer.11.attention.self.query.weight]
1908.1s 854 Loading weights:  95%|█████████▌| 190/199 [00:00<00:00, 3792.23it/s, Materializing param=encoder.layer.11.attention.self.value.bias]
1908.1s 855 Loading weights:  95%|█████████▌| 190/199 [00:00<00:00, 3786.05it/s, Materializing param=encoder.layer.11.attention.self.value.bias]
1908.1s 856 Loading weights:  96%|█████████▌| 191/199 [00:00<00:00, 3792.77it/s, Materializing param=encoder.layer.11.attention.self.value.weight]
1908.1s 857 Loading weights:  96%|█████████▌| 191/199 [00:00<00:00, 3786.65it/s, Materializing param=encoder.layer.11.attention.self.value.weight]
1908.1s 858 Loading weights:  96%|█████████▋| 192/199 [00:00<00:00, 3793.10it/s, Materializing param=encoder.layer.11.intermediate.dense.bias]
1908.1s 859 Loading weights:  96%|█████████▋| 192/199 [00:00<00:00, 3786.27it/s, Materializing param=encoder.layer.11.intermediate.dense.bias]
1908.1s 860 Loading weights:  97%|█████████▋| 193/199 [00:00<00:00, 3791.54it/s, Materializing param=encoder.layer.11.intermediate.dense.weight]
1908.1s 861 Loading weights:  97%|█████████▋| 193/199 [00:00<00:00, 3785.05it/s, Materializing param=encoder.layer.11.intermediate.dense.weight]
1908.1s 862 Loading weights:  97%|█████████▋| 194/199 [00:00<00:00, 3791.52it/s, Materializing param=encoder.layer.11.output.LayerNorm.bias]
1908.1s 863 Loading weights:  97%|█████████▋| 194/199 [00:00<00:00, 3785.49it/s, Materializing param=encoder.layer.11.output.LayerNorm.bias]
1908.1s 864 Loading weights:  98%|█████████▊| 195/199 [00:00<00:00, 3792.20it/s, Materializing param=encoder.layer.11.output.LayerNorm.weight]
1908.1s 865 Loading weights:  98%|█████████▊| 195/199 [00:00<00:00, 3786.26it/s, Materializing param=encoder.layer.11.output.LayerNorm.weight]
1908.1s 866 Loading weights:  98%|█████████▊| 196/199 [00:00<00:00, 3792.56it/s, Materializing param=encoder.layer.11.output.dense.bias]
1908.1s 867 Loading weights:  98%|█████████▊| 196/199 [00:00<00:00, 3786.27it/s, Materializing param=encoder.layer.11.output.dense.bias]
1908.1s 868 Loading weights:  99%|█████████▉| 197/199 [00:00<00:00, 3791.03it/s, Materializing param=encoder.layer.11.output.dense.weight]
1908.1s 869 Loading weights:  99%|█████████▉| 197/199 [00:00<00:00, 3784.00it/s, Materializing param=encoder.layer.11.output.dense.weight]
1908.1s 870 Loading weights:  99%|█████████▉| 198/199 [00:00<00:00, 3790.55it/s, Materializing param=pooler.dense.bias]
1908.1s 871 Loading weights:  99%|█████████▉| 198/199 [00:00<00:00, 3784.71it/s, Materializing param=pooler.dense.bias]
1908.1s 872 Loading weights: 100%|██████████| 199/199 [00:00<00:00, 3792.03it/s, Materializing param=pooler.dense.weight]
1908.1s 873 Loading weights: 100%|██████████| 199/199 [00:00<00:00, 3785.90it/s, Materializing param=pooler.dense.weight]
1908.1s 874 Loading weights: 100%|██████████| 199/199 [00:00<00:00, 3772.56it/s, Materializing param=pooler.dense.weight]
1908.1s 875 BertModel LOAD REPORT from: google/muril-base-cased
1908.1s 876 Key                                        | Status     |  |
1908.1s 877 -------------------------------------------+------------+--+-
1908.1s 878 bert.embeddings.position_ids               | UNEXPECTED |  |
1908.1s 879 cls.predictions.transform.LayerNorm.bias   | UNEXPECTED |  |
1908.1s 880 cls.predictions.decoder.bias               | UNEXPECTED |  |
1908.1s 881 cls.seq_relationship.bias                  | UNEXPECTED |  |
1908.1s 882 cls.predictions.transform.dense.bias       | UNEXPECTED |  |
1908.1s 883 cls.predictions.bias                       | UNEXPECTED |  |
1908.1s 884 cls.seq_relationship.weight                | UNEXPECTED |  |
1908.1s 885 cls.predictions.decoder.weight             | UNEXPECTED |  |
1908.1s 886 cls.predictions.transform.dense.weight     | UNEXPECTED |  |
1908.1s 887 cls.predictions.transform.LayerNorm.weight | UNEXPECTED |  |
1908.1s 888 
1908.1s 889 Notes:
1908.1s 890 - UNEXPECTED	:can be ignored when loading from different task/architecture; not ok if you expect identical arch.
2055.4s 891 [s42f2] ep1 359/719 loss 0.7362 val 0.6646 * (0.41s/step)
2200.2s 892 [s42f2] ep1 718/719 loss 0.6608 val 0.7095 * (0.41s/step)
2212.7s 893 [s42f2] ep1 719/719 loss 0.5293 val 0.7095 (0.42s/step)
2212.7s 894 [s42f2] ep1 done 5.1min  best 0.7095
2360.3s 895 [s42f2] ep2 359/719 loss 0.4294 val 0.7337 * (0.41s/step)
2505.8s 896 [s42f2] ep2 718/719 loss 0.2536 val 0.7538 * (0.41s/step)
2518.2s 897 [s42f2] ep2 719/719 loss 0.3587 val 0.7538 (0.42s/step)
2518.2s 898 [s42f2] ep2 done 5.1min  best 0.7538
2664.1s 899 [s42f2] ep3 359/719 loss 0.4356 val 0.7569 * (0.41s/step)
2802.9s 900 [s42f2] ep3 718/719 loss 0.5025 val 0.7559 (0.40s/step)
2815.3s 901 [s42f2] ep3 719/719 loss 0.4375 val 0.7559 (0.41s/step)
2815.3s 902 [s42f2] ep3 done 5.0min  best 0.7569
2960.0s 903 [s42f2] ep4 359/719 loss 0.3057 val 0.7629 * (0.40s/step)
3107.7s 904 [s42f2] ep4 718/719 loss 0.3945 val 0.7717 * (0.41s/step)
3120.0s 905 [s42f2] ep4 719/719 loss 0.4209 val 0.7717 (0.42s/step)
3120.0s 906 [s42f2] ep4 done 5.1min  best 0.7717
3267.4s 907 [s42f2] ep5 359/719 loss 0.5448 val 0.7731 * (0.41s/step)
3411.9s 908 [s42f2] ep5 718/719 loss 0.6634 val 0.7745 * (0.41s/step)
3424.4s 909 [s42f2] ep5 719/719 loss 0.3251 val 0.7745 (0.42s/step)
3424.4s 910 [s42f2] ep5 done 5.1min  best 0.7745
3570.0s 911 [s42f2] ep6 359/719 loss 0.4515 val 0.7759 * (0.41s/step)
3716.1s 912 [s42f2] ep6 718/719 loss 0.1810 val 0.7773 * (0.41s/step)
3735.7s 913 [s42f2] ep6 719/719 loss 0.6494 val 0.7773 (0.43s/step)
3735.7s 914 [s42f2] ep6 done 5.2min  best 0.7773
3735.7s 915 [s42f2] best 0.7773  last 0.7773  (selected: last)
3735.7s 916 ===== seed 42 fold 3/5 =====
3736.8s 917 
3736.8s 918 Loading weights:   0%|          | 0/199 [00:00<?, ?it/s]
3736.8s 919 Loading weights:   1%|          | 1/199 [00:00<00:00, 30840.47it/s, Materializing param=embeddings.LayerNorm.bias]
3736.8s 920 Loading weights:   1%|          | 1/199 [00:00<00:00, 8388.61it/s, Materializing param=embeddings.LayerNorm.bias]
3736.8s 921 Loading weights:   1%|          | 2/199 [00:00<00:00, 5781.26it/s, Materializing param=embeddings.LayerNorm.weight]
3736.8s 922 Loading weights:   1%|          | 2/199 [00:00<00:00, 4387.35it/s, Materializing param=embeddings.LayerNorm.weight]
3736.8s 923 Loading weights:   2%|▏         | 3/199 [00:00<00:00, 4549.14it/s, Materializing param=embeddings.position_embeddings.weight]
3736.8s 924 Loading weights:   2%|▏         | 3/199 [00:00<00:00, 4006.02it/s, Materializing param=embeddings.position_embeddings.weight]
3736.8s 925 Loading weights:   2%|▏         | 4/199 [00:00<00:00, 4306.27it/s, Materializing param=embeddings.token_type_embeddings.weight]
3736.8s 926 Loading weights:   2%|▏         | 4/199 [00:00<00:00, 3893.53it/s, Materializing param=embeddings.token_type_embeddings.weight]
3736.8s 927 Loading weights:   3%|▎         | 5/199 [00:00<00:00, 3957.64it/s, Materializing param=embeddings.word_embeddings.weight]
3736.8s 928 Loading weights:   3%|▎         | 5/199 [00:00<00:00, 3659.95it/s, Materializing param=embeddings.word_embeddings.weight]
3736.8s 929 Loading weights:   3%|▎         | 6/199 [00:00<00:00, 3823.43it/s, Materializing param=encoder.layer.0.attention.output.LayerNorm.bias]
3736.8s 930 Loading weights:   3%|▎         | 6/199 [00:00<00:00, 3597.17it/s, Materializing param=encoder.layer.0.attention.output.LayerNorm.bias]
3736.8s 931 Loading weights:   4%|▎         | 7/199 [00:00<00:00, 3698.68it/s, Materializing param=encoder.layer.0.attention.output.LayerNorm.weight]
3736.8s 932 Loading weights:   4%|▎         | 7/199 [00:00<00:00, 3514.92it/s, Materializing param=encoder.layer.0.attention.output.LayerNorm.weight]
3736.8s 933 Loading weights:   4%|▍         | 8/199 [00:00<00:00, 3563.93it/s, Materializing param=encoder.layer.0.attention.output.dense.bias]
3736.8s 934 Loading weights:   4%|▍         | 8/199 [00:00<00:00, 3408.62it/s, Materializing param=encoder.layer.0.attention.output.dense.bias]
3736.8s 935 Loading weights:   5%|▍         | 9/199 [00:00<00:00, 3497.52it/s, Materializing param=encoder.layer.0.attention.output.dense.weight]
3736.8s 936 Loading weights:   5%|▍         | 9/199 [00:00<00:00, 3365.61it/s, Materializing param=encoder.layer.0.attention.output.dense.weight]
3736.8s 937 Loading weights:   5%|▌         | 10/199 [00:00<00:00, 2178.63it/s, Materializing param=encoder.layer.0.attention.self.key.bias]
3736.8s 938 Loading weights:   5%|▌         | 10/199 [00:00<00:00, 2126.17it/s, Materializing param=encoder.layer.0.attention.self.key.bias]
3736.8s 939 Loading weights:   6%|▌         | 11/199 [00:00<00:00, 2220.92it/s, Materializing param=encoder.layer.0.attention.self.key.weight]
3736.8s 940 Loading weights:   6%|▌         | 11/199 [00:00<00:00, 2179.79it/s, Materializing param=encoder.layer.0.attention.self.key.weight]
3736.8s 941 Loading weights:   6%|▌         | 12/199 [00:00<00:00, 2123.88it/s, Materializing param=encoder.layer.0.attention.self.query.bias]
3736.8s 942 Loading weights:   6%|▌         | 12/199 [00:00<00:00, 2086.55it/s, Materializing param=encoder.layer.0.attention.self.query.bias]
3736.8s 943 Loading weights:   7%|▋         | 13/199 [00:00<00:00, 2077.02it/s, Materializing param=encoder.layer.0.attention.self.query.weight]
3736.8s 944 Loading weights:   7%|▋         | 13/199 [00:00<00:00, 2045.39it/s, Materializing param=encoder.layer.0.attention.self.query.weight]
3736.8s 945 Loading weights:   7%|▋         | 14/199 [00:00<00:00, 2065.00it/s, Materializing param=encoder.layer.0.attention.self.value.bias]
3736.8s 946 Loading weights:   7%|▋         | 14/199 [00:00<00:00, 2034.31it/s, Materializing param=encoder.layer.0.attention.self.value.bias]
3736.8s 947 Loading weights:   8%|▊         | 15/199 [00:00<00:00, 1992.80it/s, Materializing param=encoder.layer.0.attention.self.value.weight]
3736.8s 948 Loading weights:   8%|▊         | 15/199 [00:00<00:00, 1960.57it/s, Materializing param=encoder.layer.0.attention.self.value.weight]
3736.8s 949 Loading weights:   8%|▊         | 16/199 [00:00<00:00, 2008.65it/s, Materializing param=encoder.layer.0.intermediate.dense.bias]
3736.8s 950 Loading weights:   8%|▊         | 16/199 [00:00<00:00, 1985.00it/s, Materializing param=encoder.layer.0.intermediate.dense.bias]
3736.8s 951 Loading weights:   9%|▊         | 17/199 [00:00<00:00, 2043.71it/s, Materializing param=encoder.layer.0.intermediate.dense.weight]
3736.8s 952 Loading weights:   9%|▊         | 17/199 [00:00<00:00, 1989.49it/s, Materializing param=encoder.layer.0.intermediate.dense.weight]
3736.8s 953 Loading weights:   9%|▉         | 18/199 [00:00<00:00, 2021.03it/s, Materializing param=encoder.layer.0.output.LayerNorm.bias]
3736.8s 954 Loading weights:   9%|▉         | 18/199 [00:00<00:00, 1884.66it/s, Materializing param=encoder.layer.0.output.LayerNorm.bias]
3736.8s 955 Loading weights:  10%|▉         | 19/199 [00:00<00:00, 1840.75it/s, Materializing param=encoder.layer.0.output.LayerNorm.weight]
3736.8s 956 Loading weights:  10%|▉         | 19/199 [00:00<00:00, 1804.66it/s, Materializing param=encoder.layer.0.output.LayerNorm.weight]
3736.8s 957 Loading weights:  10%|█         | 20/199 [00:00<00:00, 1855.89it/s, Materializing param=encoder.layer.0.output.dense.bias]
3736.8s 958 Loading weights:  10%|█         | 20/199 [00:00<00:00, 1786.90it/s, Materializing param=encoder.layer.0.output.dense.bias]
3736.8s 959 Loading weights:  11%|█         | 21/199 [00:00<00:00, 1805.04it/s, Materializing param=encoder.layer.0.output.dense.weight]
3736.8s 960 Loading weights:  11%|█         | 21/199 [00:00<00:00, 1789.45it/s, Materializing param=encoder.layer.0.output.dense.weight]
3736.8s 961 Loading weights:  11%|█         | 22/199 [00:00<00:00, 1815.64it/s, Materializing param=encoder.layer.1.attention.output.LayerNorm.bias]
3736.8s 962 Loading weights:  11%|█         | 22/199 [00:00<00:00, 1628.34it/s, Materializing param=encoder.layer.1.attention.output.LayerNorm.bias]
3736.8s 963 Loading weights:  12%|█▏        | 23/199 [00:00<00:00, 1670.83it/s, Materializing param=encoder.layer.1.attention.output.LayerNorm.weight]
3736.8s 964 Loading weights:  12%|█▏        | 23/199 [00:00<00:00, 1629.63it/s, Materializing param=encoder.layer.1.attention.output.LayerNorm.weight]
3736.8s 965 Loading weights:  12%|█▏        | 24/199 [00:00<00:00, 1657.04it/s, Materializing param=encoder.layer.1.attention.output.dense.bias]
3736.8s 966 Loading weights:  12%|█▏        | 24/199 [00:00<00:00, 1644.85it/s, Materializing param=encoder.layer.1.attention.output.dense.bias]
3736.8s 967 Loading weights:  13%|█▎        | 25/199 [00:00<00:00, 1590.99it/s, Materializing param=encoder.layer.1.attention.output.dense.weight]
3736.8s 968 Loading weights:  13%|█▎        | 25/199 [00:00<00:00, 1578.97it/s, Materializing param=encoder.layer.1.attention.output.dense.weight]
3736.8s 969 Loading weights:  13%|█▎        | 26/199 [00:00<00:00, 1628.95it/s, Materializing param=encoder.layer.1.attention.self.key.bias]
3736.8s 970 Loading weights:  13%|█▎        | 26/199 [00:00<00:00, 1622.84it/s, Materializing param=encoder.layer.1.attention.self.key.bias]
3736.8s 971 Loading weights:  14%|█▎        | 27/199 [00:00<00:00, 1674.65it/s, Materializing param=encoder.layer.1.attention.self.key.weight]
3736.8s 972 Loading weights:  14%|█▎        | 27/199 [00:00<00:00, 1665.39it/s, Materializing param=encoder.layer.1.attention.self.key.weight]
3736.8s 973 Loading weights:  14%|█▍        | 28/199 [00:00<00:00, 1714.06it/s, Materializing param=encoder.layer.1.attention.self.query.bias]
3736.8s 974 Loading weights:  14%|█▍        | 28/199 [00:00<00:00, 1708.40it/s, Materializing param=encoder.layer.1.attention.self.query.bias]
3736.8s 975 Loading weights:  15%|█▍        | 29/199 [00:00<00:00, 1759.36it/s, Materializing param=encoder.layer.1.attention.self.query.weight]
3736.8s 976 Loading weights:  15%|█▍        | 29/199 [00:00<00:00, 1753.90it/s, Materializing param=encoder.layer.1.attention.self.query.weight]
3736.8s 977 Loading weights:  15%|█▌        | 30/199 [00:00<00:00, 1804.49it/s, Materializing param=encoder.layer.1.attention.self.value.bias]
3736.8s 978 Loading weights:  15%|█▌        | 30/199 [00:00<00:00, 1799.13it/s, Materializing param=encoder.layer.1.attention.self.value.bias]
3736.8s 979 Loading weights:  16%|█▌        | 31/199 [00:00<00:00, 1849.39it/s, Materializing param=encoder.layer.1.attention.self.value.weight]
3736.8s 980 Loading weights:  16%|█▌        | 31/199 [00:00<00:00, 1844.02it/s, Materializing param=encoder.layer.1.attention.self.value.weight]
3736.8s 981 Loading weights:  16%|█▌        | 32/199 [00:00<00:00, 1892.02it/s, Materializing param=encoder.layer.1.intermediate.dense.bias]
3736.8s 982 Loading weights:  16%|█▌        | 32/199 [00:00<00:00, 1886.35it/s, Materializing param=encoder.layer.1.intermediate.dense.bias]
3736.8s 983 Loading weights:  17%|█▋        | 33/199 [00:00<00:00, 1935.37it/s, Materializing param=encoder.layer.1.intermediate.dense.weight]
3736.8s 984 Loading weights:  17%|█▋        | 33/199 [00:00<00:00, 1929.92it/s, Materializing param=encoder.layer.1.intermediate.dense.weight]
3736.8s 985 Loading weights:  17%|█▋        | 34/199 [00:00<00:00, 1975.40it/s, Materializing param=encoder.layer.1.output.LayerNorm.bias]
3736.8s 986 Loading weights:  17%|█▋        | 34/199 [00:00<00:00, 1969.27it/s, Materializing param=encoder.layer.1.output.LayerNorm.bias]
3736.8s 987 Loading weights:  18%|█▊        | 35/199 [00:00<00:00, 2016.80it/s, Materializing param=encoder.layer.1.output.LayerNorm.weight]
3736.8s 988 Loading weights:  18%|█▊        | 35/199 [00:00<00:00, 2011.16it/s, Materializing param=encoder.layer.1.output.LayerNorm.weight]
3736.8s 989 Loading weights:  18%|█▊        | 36/199 [00:00<00:00, 2058.67it/s, Materializing param=encoder.layer.1.output.dense.bias]
3736.8s 990 Loading weights:  18%|█▊        | 36/199 [00:00<00:00, 2053.12it/s, Materializing param=encoder.layer.1.output.dense.bias]
3736.8s 991 Loading weights:  19%|█▊        | 37/199 [00:00<00:00, 2100.02it/s, Materializing param=encoder.layer.1.output.dense.weight]
3736.8s 992 Loading weights:  19%|█▊        | 37/199 [00:00<00:00, 2094.24it/s, Materializing param=encoder.layer.1.output.dense.weight]
3736.8s 993 Loading weights:  19%|█▉        | 38/199 [00:00<00:00, 2140.58it/s, Materializing param=encoder.layer.2.attention.output.LayerNorm.bias]
3736.8s 994 Loading weights:  19%|█▉        | 38/199 [00:00<00:00, 2134.36it/s, Materializing param=encoder.layer.2.attention.output.LayerNorm.bias]
3736.8s 995 Loading weights:  20%|█▉        | 39/199 [00:00<00:00, 2178.19it/s, Materializing param=encoder.layer.2.attention.output.LayerNorm.weight]
3736.8s 996 Loading weights:  20%|█▉        | 39/199 [00:00<00:00, 2171.89it/s, Materializing param=encoder.layer.2.attention.output.LayerNorm.weight]
3736.8s 997 Loading weights:  20%|██        | 40/199 [00:00<00:00, 2216.51it/s, Materializing param=encoder.layer.2.attention.output.dense.bias]
3736.8s 998 Loading weights:  20%|██        | 40/199 [00:00<00:00, 2210.52it/s, Materializing param=encoder.layer.2.attention.output.dense.bias]
3736.8s 999 Loading weights:  21%|██        | 41/199 [00:00<00:00, 2248.90it/s, Materializing param=encoder.layer.2.attention.output.dense.weight]
3736.8s 1000 Loading weights:  21%|██        | 41/199 [00:00<00:00, 2242.48it/s, Materializing param=encoder.layer.2.attention.output.dense.weight]
3736.8s 1001 Loading weights:  21%|██        | 42/199 [00:00<00:00, 2285.93it/s, Materializing param=encoder.layer.2.attention.self.key.bias]
3736.8s 1002 Loading weights:  21%|██        | 42/199 [00:00<00:00, 2279.84it/s, Materializing param=encoder.layer.2.attention.self.key.bias]
3736.8s 1003 Loading weights:  22%|██▏       | 43/199 [00:00<00:00, 2323.24it/s, Materializing param=encoder.layer.2.attention.self.key.weight]
3736.8s 1004 Loading weights:  22%|██▏       | 43/199 [00:00<00:00, 2317.18it/s, Materializing param=encoder.layer.2.attention.self.key.weight]
3736.8s 1005 Loading weights:  22%|██▏       | 44/199 [00:00<00:00, 2360.09it/s, Materializing param=encoder.layer.2.attention.self.query.bias]
3736.8s 1006 Loading weights:  22%|██▏       | 44/199 [00:00<00:00, 2353.95it/s, Materializing param=encoder.layer.2.attention.self.query.bias]
3736.8s 1007 Loading weights:  23%|██▎       | 45/199 [00:00<00:00, 2396.44it/s, Materializing param=encoder.layer.2.attention.self.query.weight]
3736.8s 1008 Loading weights:  23%|██▎       | 45/199 [00:00<00:00, 2390.28it/s, Materializing param=encoder.layer.2.attention.self.query.weight]
3736.8s 1009 Loading weights:  23%|██▎       | 46/199 [00:00<00:00, 2431.24it/s, Materializing param=encoder.layer.2.attention.self.value.bias]
3736.8s 1010 Loading weights:  23%|██▎       | 46/199 [00:00<00:00, 2424.88it/s, Materializing param=encoder.layer.2.attention.self.value.bias]
3736.8s 1011 Loading weights:  24%|██▎       | 47/199 [00:00<00:00, 2465.85it/s, Materializing param=encoder.layer.2.attention.self.value.weight]
3736.8s 1012 Loading weights:  24%|██▎       | 47/199 [00:00<00:00, 2458.68it/s, Materializing param=encoder.layer.2.attention.self.value.weight]
3736.8s 1013 Loading weights:  24%|██▍       | 48/199 [00:00<00:00, 2497.60it/s, Materializing param=encoder.layer.2.intermediate.dense.bias]
3736.8s 1014 Loading weights:  24%|██▍       | 48/199 [00:00<00:00, 2490.99it/s, Materializing param=encoder.layer.2.intermediate.dense.bias]
3736.8s 1015 Loading weights:  25%|██▍       | 49/199 [00:00<00:00, 2531.05it/s, Materializing param=encoder.layer.2.intermediate.dense.weight]
3736.8s 1016 Loading weights:  25%|██▍       | 49/199 [00:00<00:00, 2524.67it/s, Materializing param=encoder.layer.2.intermediate.dense.weight]
3736.8s 1017 Loading weights:  25%|██▌       | 50/199 [00:00<00:00, 2564.92it/s, Materializing param=encoder.layer.2.output.LayerNorm.bias]
3736.8s 1018 Loading weights:  25%|██▌       | 50/199 [00:00<00:00, 2558.59it/s, Materializing param=encoder.layer.2.output.LayerNorm.bias]
3736.8s 1019 Loading weights:  26%|██▌       | 51/199 [00:00<00:00, 2598.29it/s, Materializing param=encoder.layer.2.output.LayerNorm.weight]
3736.8s 1020 Loading weights:  26%|██▌       | 51/199 [00:00<00:00, 2591.87it/s, Materializing param=encoder.layer.2.output.LayerNorm.weight]
3736.8s 1021 Loading weights:  26%|██▌       | 52/199 [00:00<00:00, 2631.43it/s, Materializing param=encoder.layer.2.output.dense.bias]
3736.8s 1022 Loading weights:  26%|██▌       | 52/199 [00:00<00:00, 2625.07it/s, Materializing param=encoder.layer.2.output.dense.bias]
3736.8s 1023 Loading weights:  27%|██▋       | 53/199 [00:00<00:00, 2663.05it/s, Materializing param=encoder.layer.2.output.dense.weight]
3736.8s 1024 Loading weights:  27%|██▋       | 53/199 [00:00<00:00, 2656.40it/s, Materializing param=encoder.layer.2.output.dense.weight]
3736.8s 1025 Loading weights:  27%|██▋       | 54/199 [00:00<00:00, 2695.12it/s, Materializing param=encoder.layer.3.attention.output.LayerNorm.bias]
3736.8s 1026 Loading weights:  27%|██▋       | 54/199 [00:00<00:00, 2688.34it/s, Materializing param=encoder.layer.3.attention.output.LayerNorm.bias]
3736.8s 1027 Loading weights:  28%|██▊       | 55/199 [00:00<00:00, 2724.25it/s, Materializing param=encoder.layer.3.attention.output.LayerNorm.weight]
3736.8s 1028 Loading weights:  28%|██▊       | 55/199 [00:00<00:00, 2717.29it/s, Materializing param=encoder.layer.3.attention.output.LayerNorm.weight]
3736.8s 1029 Loading weights:  28%|██▊       | 56/199 [00:00<00:00, 2754.30it/s, Materializing param=encoder.layer.3.attention.output.dense.bias]
3736.8s 1030 Loading weights:  28%|██▊       | 56/199 [00:00<00:00, 2746.50it/s, Materializing param=encoder.layer.3.attention.output.dense.bias]
3736.8s 1031 Loading weights:  29%|██▊       | 57/199 [00:00<00:00, 2783.54it/s, Materializing param=encoder.layer.3.attention.output.dense.weight]
3736.8s 1032 Loading weights:  29%|██▊       | 57/199 [00:00<00:00, 2776.85it/s, Materializing param=encoder.layer.3.attention.output.dense.weight]
3736.8s 1033 Loading weights:  29%|██▉       | 58/199 [00:00<00:00, 2813.76it/s, Materializing param=encoder.layer.3.attention.self.key.bias]
3736.8s 1034 Loading weights:  29%|██▉       | 58/199 [00:00<00:00, 2807.14it/s, Materializing param=encoder.layer.3.attention.self.key.bias]
3736.8s 1035 Loading weights:  30%|██▉       | 59/199 [00:00<00:00, 2843.60it/s, Materializing param=encoder.layer.3.attention.self.key.weight]
3736.8s 1036 Loading weights:  30%|██▉       | 59/199 [00:00<00:00, 2836.98it/s, Materializing param=encoder.layer.3.attention.self.key.weight]
3736.8s 1037 Loading weights:  30%|███       | 60/199 [00:00<00:00, 2872.22it/s, Materializing param=encoder.layer.3.attention.self.query.bias]
3736.8s 1038 Loading weights:  30%|███       | 60/199 [00:00<00:00, 2865.42it/s, Materializing param=encoder.layer.3.attention.self.query.bias]
3736.8s 1039 Loading weights:  31%|███       | 61/199 [00:00<00:00, 2901.15it/s, Materializing param=encoder.layer.3.attention.self.query.weight]
3736.8s 1040 Loading weights:  31%|███       | 61/199 [00:00<00:00, 2894.46it/s, Materializing param=encoder.layer.3.attention.self.query.weight]
3736.8s 1041 Loading weights:  31%|███       | 62/199 [00:00<00:00, 2930.14it/s, Materializing param=encoder.layer.3.attention.self.value.bias]
3736.8s 1042 Loading weights:  31%|███       | 62/199 [00:00<00:00, 2921.61it/s, Materializing param=encoder.layer.3.attention.self.value.bias]
3736.8s 1043 Loading weights:  32%|███▏      | 63/199 [00:00<00:00, 2956.51it/s, Materializing param=encoder.layer.3.attention.self.value.weight]
3736.8s 1044 Loading weights:  32%|███▏      | 63/199 [00:00<00:00, 2949.81it/s, Materializing param=encoder.layer.3.attention.self.value.weight]
3736.8s 1045 Loading weights:  32%|███▏      | 64/199 [00:00<00:00, 2984.67it/s, Materializing param=encoder.layer.3.intermediate.dense.bias]
3736.8s 1046 Loading weights:  32%|███▏      | 64/199 [00:00<00:00, 2977.79it/s, Materializing param=encoder.layer.3.intermediate.dense.bias]
3736.8s 1047 Loading weights:  33%|███▎      | 65/199 [00:00<00:00, 3012.42it/s, Materializing param=encoder.layer.3.intermediate.dense.weight]
3736.8s 1048 Loading weights:  33%|███▎      | 65/199 [00:00<00:00, 3005.68it/s, Materializing param=encoder.layer.3.intermediate.dense.weight]
3736.8s 1049 Loading weights:  33%|███▎      | 66/199 [00:00<00:00, 3040.09it/s, Materializing param=encoder.layer.3.output.LayerNorm.bias]
3736.8s 1050 Loading weights:  33%|███▎      | 66/199 [00:00<00:00, 3033.06it/s, Materializing param=encoder.layer.3.output.LayerNorm.bias]
3736.8s 1051 Loading weights:  34%|███▎      | 67/199 [00:00<00:00, 3066.85it/s, Materializing param=encoder.layer.3.output.LayerNorm.weight]
3736.8s 1052 Loading weights:  34%|███▎      | 67/199 [00:00<00:00, 3058.77it/s, Materializing param=encoder.layer.3.output.LayerNorm.weight]
3736.8s 1053 Loading weights:  34%|███▍      | 68/199 [00:00<00:00, 3091.70it/s, Materializing param=encoder.layer.3.output.dense.bias]
3736.8s 1054 Loading weights:  34%|███▍      | 68/199 [00:00<00:00, 3084.65it/s, Materializing param=encoder.layer.3.output.dense.bias]
3736.8s 1055 Loading weights:  35%|███▍      | 69/199 [00:00<00:00, 3117.77it/s, Materializing param=encoder.layer.3.output.dense.weight]
3736.8s 1056 Loading weights:  35%|███▍      | 69/199 [00:00<00:00, 3109.16it/s, Materializing param=encoder.layer.3.output.dense.weight]
3736.8s 1057 Loading weights:  35%|███▌      | 70/199 [00:00<00:00, 3141.26it/s, Materializing param=encoder.layer.4.attention.output.LayerNorm.bias]
3736.8s 1058 Loading weights:  35%|███▌      | 70/199 [00:00<00:00, 3134.02it/s, Materializing param=encoder.layer.4.attention.output.LayerNorm.bias]
3736.8s 1059 Loading weights:  36%|███▌      | 71/199 [00:00<00:00, 3165.58it/s, Materializing param=encoder.layer.4.attention.output.LayerNorm.weight]
3736.8s 1060 Loading weights:  36%|███▌      | 71/199 [00:00<00:00, 3158.50it/s, Materializing param=encoder.layer.4.attention.output.LayerNorm.weight]
3736.8s 1061 Loading weights:  36%|███▌      | 72/199 [00:00<00:00, 3190.16it/s, Materializing param=encoder.layer.4.attention.output.dense.bias]
3736.8s 1062 Loading weights:  36%|███▌      | 72/199 [00:00<00:00, 3183.00it/s, Materializing param=encoder.layer.4.attention.output.dense.bias]
3736.8s 1063 Loading weights:  37%|███▋      | 73/199 [00:00<00:00, 3214.26it/s, Materializing param=encoder.layer.4.attention.output.dense.weight]
3736.8s 1064 Loading weights:  37%|███▋      | 73/199 [00:00<00:00, 3207.09it/s, Materializing param=encoder.layer.4.attention.output.dense.weight]
3736.8s 1065 Loading weights:  37%|███▋      | 74/199 [00:00<00:00, 3238.74it/s, Materializing param=encoder.layer.4.attention.self.key.bias]
3736.8s 1066 Loading weights:  37%|███▋      | 74/199 [00:00<00:00, 3229.48it/s, Materializing param=encoder.layer.4.attention.self.key.bias]
3736.8s 1067 Loading weights:  38%|███▊      | 75/199 [00:00<00:00, 3258.23it/s, Materializing param=encoder.layer.4.attention.self.key.weight]
3736.8s 1068 Loading weights:  38%|███▊      | 75/199 [00:00<00:00, 3248.24it/s, Materializing param=encoder.layer.4.attention.self.key.weight]
3736.8s 1069 Loading weights:  38%|███▊      | 76/199 [00:00<00:00, 3276.36it/s, Materializing param=encoder.layer.4.attention.self.query.bias]
3736.8s 1070 Loading weights:  38%|███▊      | 76/199 [00:00<00:00, 3268.84it/s, Materializing param=encoder.layer.4.attention.self.query.bias]
3736.8s 1071 Loading weights:  39%|███▊      | 77/199 [00:00<00:00, 3298.12it/s, Materializing param=encoder.layer.4.attention.self.query.weight]
3736.8s 1072 Loading weights:  39%|███▊      | 77/199 [00:00<00:00, 3290.79it/s, Materializing param=encoder.layer.4.attention.self.query.weight]
3736.8s 1073 Loading weights:  39%|███▉      | 78/199 [00:00<00:00, 3320.30it/s, Materializing param=encoder.layer.4.attention.self.value.bias]
3736.8s 1074 Loading weights:  39%|███▉      | 78/199 [00:00<00:00, 3312.84it/s, Materializing param=encoder.layer.4.attention.self.value.bias]
3736.8s 1075 Loading weights:  40%|███▉      | 79/199 [00:00<00:00, 3341.97it/s, Materializing param=encoder.layer.4.attention.self.value.weight]
3736.8s 1076 Loading weights:  40%|███▉      | 79/199 [00:00<00:00, 3332.96it/s, Materializing param=encoder.layer.4.attention.self.value.weight]
3736.8s 1077 Loading weights:  40%|████      | 80/199 [00:00<00:00, 3362.67it/s, Materializing param=encoder.layer.4.intermediate.dense.bias]
3736.8s 1078 Loading weights:  40%|████      | 80/199 [00:00<00:00, 3355.61it/s, Materializing param=encoder.layer.4.intermediate.dense.bias]
3736.8s 1079 Loading weights:  41%|████      | 81/199 [00:00<00:00, 3384.12it/s, Materializing param=encoder.layer.4.intermediate.dense.weight]
3736.8s 1080 Loading weights:  41%|████      | 81/199 [00:00<00:00, 3377.16it/s, Materializing param=encoder.layer.4.intermediate.dense.weight]
3736.8s 1081 Loading weights:  41%|████      | 82/199 [00:00<00:00, 3406.79it/s, Materializing param=encoder.layer.4.output.LayerNorm.bias]
3736.8s 1082 Loading weights:  41%|████      | 82/199 [00:00<00:00, 3399.86it/s, Materializing param=encoder.layer.4.output.LayerNorm.bias]
3736.8s 1083 Loading weights:  42%|████▏     | 83/199 [00:00<00:00, 3427.02it/s, Materializing param=encoder.layer.4.output.LayerNorm.weight]
3736.8s 1084 Loading weights:  42%|████▏     | 83/199 [00:00<00:00, 3419.89it/s, Materializing param=encoder.layer.4.output.LayerNorm.weight]
3736.8s 1085 Loading weights:  42%|████▏     | 84/199 [00:00<00:00, 3449.03it/s, Materializing param=encoder.layer.4.output.dense.bias]
3736.8s 1086 Loading weights:  42%|████▏     | 84/199 [00:00<00:00, 3442.29it/s, Materializing param=encoder.layer.4.output.dense.bias]
3736.8s 1087 Loading weights:  43%|████▎     | 85/199 [00:00<00:00, 3471.29it/s, Materializing param=encoder.layer.4.output.dense.weight]
3736.8s 1088 Loading weights:  43%|████▎     | 85/199 [00:00<00:00, 3464.51it/s, Materializing param=encoder.layer.4.output.dense.weight]
3736.8s 1089 Loading weights:  43%|████▎     | 86/199 [00:00<00:00, 3492.48it/s, Materializing param=encoder.layer.5.attention.output.LayerNorm.bias]
3736.8s 1090 Loading weights:  43%|████▎     | 86/199 [00:00<00:00, 3485.53it/s, Materializing param=encoder.layer.5.attention.output.LayerNorm.bias]
3736.8s 1091 Loading weights:  44%|████▎     | 87/199 [00:00<00:00, 3513.63it/s, Materializing param=encoder.layer.5.attention.output.LayerNorm.weight]
3736.8s 1092 Loading weights:  44%|████▎     | 87/199 [00:00<00:00, 3506.51it/s, Materializing param=encoder.layer.5.attention.output.LayerNorm.weight]
3736.8s 1093 Loading weights:  44%|████▍     | 88/199 [00:00<00:00, 3533.16it/s, Materializing param=encoder.layer.5.attention.output.dense.bias]
3736.8s 1094 Loading weights:  44%|████▍     | 88/199 [00:00<00:00, 3526.07it/s, Materializing param=encoder.layer.5.attention.output.dense.bias]
3736.8s 1095 Loading weights:  45%|████▍     | 89/199 [00:00<00:00, 3553.51it/s, Materializing param=encoder.layer.5.attention.output.dense.weight]
3736.8s 1096 Loading weights:  45%|████▍     | 89/199 [00:00<00:00, 3546.63it/s, Materializing param=encoder.layer.5.attention.output.dense.weight]
3736.8s 1097 Loading weights:  45%|████▌     | 90/199 [00:00<00:00, 3572.22it/s, Materializing param=encoder.layer.5.attention.self.key.bias]
3736.8s 1098 Loading weights:  45%|████▌     | 90/199 [00:00<00:00, 3565.00it/s, Materializing param=encoder.layer.5.attention.self.key.bias]
3736.8s 1099 Loading weights:  46%|████▌     | 91/199 [00:00<00:00, 3591.89it/s, Materializing param=encoder.layer.5.attention.self.key.weight]
3736.8s 1100 Loading weights:  46%|████▌     | 91/199 [00:00<00:00, 3584.91it/s, Materializing param=encoder.layer.5.attention.self.key.weight]
3736.8s 1101 Loading weights:  46%|████▌     | 92/199 [00:00<00:00, 3611.85it/s, Materializing param=encoder.layer.5.attention.self.query.bias]
3736.8s 1102 Loading weights:  46%|████▌     | 92/199 [00:00<00:00, 3604.53it/s, Materializing param=encoder.layer.5.attention.self.query.bias]
3736.8s 1103 Loading weights:  47%|████▋     | 93/199 [00:00<00:00, 3631.30it/s, Materializing param=encoder.layer.5.attention.self.query.weight]
3736.8s 1104 Loading weights:  47%|████▋     | 93/199 [00:00<00:00, 3624.38it/s, Materializing param=encoder.layer.5.attention.self.query.weight]
3736.8s 1105 Loading weights:  47%|████▋     | 94/199 [00:00<00:00, 3650.67it/s, Materializing param=encoder.layer.5.attention.self.value.bias]
3736.8s 1106 Loading weights:  47%|████▋     | 94/199 [00:00<00:00, 3643.75it/s, Materializing param=encoder.layer.5.attention.self.value.bias]
3736.8s 1107 Loading weights:  48%|████▊     | 95/199 [00:00<00:00, 3668.51it/s, Materializing param=encoder.layer.5.attention.self.value.weight]
3736.8s 1108 Loading weights:  48%|████▊     | 95/199 [00:00<00:00, 3661.40it/s, Materializing param=encoder.layer.5.attention.self.value.weight]
3736.8s 1109 Loading weights:  48%|████▊     | 96/199 [00:00<00:00, 3687.57it/s, Materializing param=encoder.layer.5.intermediate.dense.bias]
3736.8s 1110 Loading weights:  48%|████▊     | 96/199 [00:00<00:00, 3680.69it/s, Materializing param=encoder.layer.5.intermediate.dense.bias]
3736.8s 1111 Loading weights:  49%|████▊     | 97/199 [00:00<00:00, 3706.94it/s, Materializing param=encoder.layer.5.intermediate.dense.weight]
3736.8s 1112 Loading weights:  49%|████▊     | 97/199 [00:00<00:00, 3698.18it/s, Materializing param=encoder.layer.5.intermediate.dense.weight]
3736.8s 1113 Loading weights:  49%|████▉     | 98/199 [00:00<00:00, 3723.71it/s, Materializing param=encoder.layer.5.output.LayerNorm.bias]
3736.8s 1114 Loading weights:  49%|████▉     | 98/199 [00:00<00:00, 3716.74it/s, Materializing param=encoder.layer.5.output.LayerNorm.bias]
3736.8s 1115 Loading weights:  50%|████▉     | 99/199 [00:00<00:00, 3741.98it/s, Materializing param=encoder.layer.5.output.LayerNorm.weight]
3736.8s 1116 Loading weights:  50%|████▉     | 99/199 [00:00<00:00, 3735.01it/s, Materializing param=encoder.layer.5.output.LayerNorm.weight]
3736.8s 1117 Loading weights:  50%|█████     | 100/199 [00:00<00:00, 3760.56it/s, Materializing param=encoder.layer.5.output.dense.bias]
3736.8s 1118 Loading weights:  50%|█████     | 100/199 [00:00<00:00, 3753.80it/s, Materializing param=encoder.layer.5.output.dense.bias]
3736.8s 1119 Loading weights:  51%|█████     | 101/199 [00:00<00:00, 3779.26it/s, Materializing param=encoder.layer.5.output.dense.weight]
3736.8s 1120 Loading weights:  51%|█████     | 101/199 [00:00<00:00, 3772.49it/s, Materializing param=encoder.layer.5.output.dense.weight]
3736.8s 1121 Loading weights:  51%|█████▏    | 102/199 [00:00<00:00, 3797.00it/s, Materializing param=encoder.layer.6.attention.output.LayerNorm.bias]
3736.8s 1122 Loading weights:  51%|█████▏    | 102/199 [00:00<00:00, 3789.87it/s, Materializing param=encoder.layer.6.attention.output.LayerNorm.bias]
3736.8s 1123 Loading weights:  52%|█████▏    | 103/199 [00:00<00:00, 3814.11it/s, Materializing param=encoder.layer.6.attention.output.LayerNorm.weight]
3736.8s 1124 Loading weights:  52%|█████▏    | 103/199 [00:00<00:00, 3807.09it/s, Materializing param=encoder.layer.6.attention.output.LayerNorm.weight]
3736.8s 1125 Loading weights:  52%|█████▏    | 104/199 [00:00<00:00, 3831.73it/s, Materializing param=encoder.layer.6.attention.output.dense.bias]
3736.8s 1126 Loading weights:  52%|█████▏    | 104/199 [00:00<00:00, 3822.36it/s, Materializing param=encoder.layer.6.attention.output.dense.bias]
3736.8s 1127 Loading weights:  53%|█████▎    | 105/199 [00:00<00:00, 3846.07it/s, Materializing param=encoder.layer.6.attention.output.dense.weight]
3736.8s 1128 Loading weights:  53%|█████▎    | 105/199 [00:00<00:00, 3839.16it/s, Materializing param=encoder.layer.6.attention.output.dense.weight]
3736.8s 1129 Loading weights:  53%|█████▎    | 106/199 [00:00<00:00, 3863.33it/s, Materializing param=encoder.layer.6.attention.self.key.bias]
3736.8s 1130 Loading weights:  53%|█████▎    | 106/199 [00:00<00:00, 3856.43it/s, Materializing param=encoder.layer.6.attention.self.key.bias]
3736.8s 1131 Loading weights:  54%|█████▍    | 107/199 [00:00<00:00, 3880.32it/s, Materializing param=encoder.layer.6.attention.self.key.weight]
3736.8s 1132 Loading weights:  54%|█████▍    | 107/199 [00:00<00:00, 3873.09it/s, Materializing param=encoder.layer.6.attention.self.key.weight]
3736.8s 1133 Loading weights:  54%|█████▍    | 108/199 [00:00<00:00, 3896.58it/s, Materializing param=encoder.layer.6.attention.self.query.bias]
3736.8s 1134 Loading weights:  54%|█████▍    | 108/199 [00:00<00:00, 3889.55it/s, Materializing param=encoder.layer.6.attention.self.query.bias]
3736.8s 1135 Loading weights:  55%|█████▍    | 109/199 [00:00<00:00, 3912.26it/s, Materializing param=encoder.layer.6.attention.self.query.weight]
3736.8s 1136 Loading weights:  55%|█████▍    | 109/199 [00:00<00:00, 3905.24it/s, Materializing param=encoder.layer.6.attention.self.query.weight]
3736.8s 1137 Loading weights:  55%|█████▌    | 110/199 [00:00<00:00, 3928.49it/s, Materializing param=encoder.layer.6.attention.self.value.bias]
3736.8s 1138 Loading weights:  55%|█████▌    | 110/199 [00:00<00:00, 3921.51it/s, Materializing param=encoder.layer.6.attention.self.value.bias]
3736.8s 1139 Loading weights:  56%|█████▌    | 111/199 [00:00<00:00, 3944.29it/s, Materializing param=encoder.layer.6.attention.self.value.weight]
3736.8s 1140 Loading weights:  56%|█████▌    | 111/199 [00:00<00:00, 3935.65it/s, Materializing param=encoder.layer.6.attention.self.value.weight]
3736.8s 1141 Loading weights:  56%|█████▋    | 112/199 [00:00<00:00, 3958.26it/s, Materializing param=encoder.layer.6.intermediate.dense.bias]
3736.8s 1142 Loading weights:  56%|█████▋    | 112/199 [00:00<00:00, 3951.40it/s, Materializing param=encoder.layer.6.intermediate.dense.bias]
3736.8s 1143 Loading weights:  57%|█████▋    | 113/199 [00:00<00:00, 3974.38it/s, Materializing param=encoder.layer.6.intermediate.dense.weight]
3736.8s 1144 Loading weights:  57%|█████▋    | 113/199 [00:00<00:00, 3967.76it/s, Materializing param=encoder.layer.6.intermediate.dense.weight]
3736.8s 1145 Loading weights:  57%|█████▋    | 114/199 [00:00<00:00, 3990.71it/s, Materializing param=encoder.layer.6.output.LayerNorm.bias]
3736.8s 1146 Loading weights:  57%|█████▋    | 114/199 [00:00<00:00, 3983.99it/s, Materializing param=encoder.layer.6.output.LayerNorm.bias]
3736.8s 1147 Loading weights:  58%|█████▊    | 115/199 [00:00<00:00, 4006.75it/s, Materializing param=encoder.layer.6.output.LayerNorm.weight]
3736.8s 1148 Loading weights:  58%|█████▊    | 115/199 [00:00<00:00, 3999.78it/s, Materializing param=encoder.layer.6.output.LayerNorm.weight]
3736.8s 1149 Loading weights:  58%|█████▊    | 116/199 [00:00<00:00, 4022.42it/s, Materializing param=encoder.layer.6.output.dense.bias]
3736.8s 1150 Loading weights:  58%|█████▊    | 116/199 [00:00<00:00, 4013.03it/s, Materializing param=encoder.layer.6.output.dense.bias]
3736.8s 1151 Loading weights:  59%|█████▉    | 117/199 [00:00<00:00, 4034.61it/s, Materializing param=encoder.layer.6.output.dense.weight]
3736.8s 1152 Loading weights:  59%|█████▉    | 117/199 [00:00<00:00, 4027.39it/s, Materializing param=encoder.layer.6.output.dense.weight]
3736.8s 1153 Loading weights:  59%|█████▉    | 118/199 [00:00<00:00, 4049.68it/s, Materializing param=encoder.layer.7.attention.output.LayerNorm.bias]
3736.8s 1154 Loading weights:  59%|█████▉    | 118/199 [00:00<00:00, 4040.99it/s, Materializing param=encoder.layer.7.attention.output.LayerNorm.bias]
3736.8s 1155 Loading weights:  60%|█████▉    | 119/199 [00:00<00:00, 4061.73it/s, Materializing param=encoder.layer.7.attention.output.LayerNorm.weight]
3736.8s 1156 Loading weights:  60%|█████▉    | 119/199 [00:00<00:00, 4054.57it/s, Materializing param=encoder.layer.7.attention.output.LayerNorm.weight]
3736.8s 1157 Loading weights:  60%|██████    | 120/199 [00:00<00:00, 4076.26it/s, Materializing param=encoder.layer.7.attention.output.dense.bias]
3736.8s 1158 Loading weights:  60%|██████    | 120/199 [00:00<00:00, 4069.41it/s, Materializing param=encoder.layer.7.attention.output.dense.bias]
3736.8s 1159 Loading weights:  61%|██████    | 121/199 [00:00<00:00, 4091.05it/s, Materializing param=encoder.layer.7.attention.output.dense.weight]
3736.8s 1160 Loading weights:  61%|██████    | 121/199 [00:00<00:00, 4084.36it/s, Materializing param=encoder.layer.7.attention.output.dense.weight]
3736.8s 1161 Loading weights:  61%|██████▏   | 122/199 [00:00<00:00, 4105.99it/s, Materializing param=encoder.layer.7.attention.self.key.bias]
3736.8s 1162 Loading weights:  61%|██████▏   | 122/199 [00:00<00:00, 4099.31it/s, Materializing param=encoder.layer.7.attention.self.key.bias]
3736.8s 1163 Loading weights:  62%|██████▏   | 123/199 [00:00<00:00, 4120.87it/s, Materializing param=encoder.layer.7.attention.self.key.weight]
3736.8s 1164 Loading weights:  62%|██████▏   | 123/199 [00:00<00:00, 4113.34it/s, Materializing param=encoder.layer.7.attention.self.key.weight]
3736.8s 1165 Loading weights:  62%|██████▏   | 124/199 [00:00<00:00, 4134.49it/s, Materializing param=encoder.layer.7.attention.self.query.bias]
3736.8s 1166 Loading weights:  62%|██████▏   | 124/199 [00:00<00:00, 4127.89it/s, Materializing param=encoder.layer.7.attention.self.query.bias]
3736.8s 1167 Loading weights:  63%|██████▎   | 125/199 [00:00<00:00, 4149.19it/s, Materializing param=encoder.layer.7.attention.self.query.weight]
3736.8s 1168 Loading weights:  63%|██████▎   | 125/199 [00:00<00:00, 4140.90it/s, Materializing param=encoder.layer.7.attention.self.query.weight]
3736.8s 1169 Loading weights:  63%|██████▎   | 126/199 [00:00<00:00, 4161.31it/s, Materializing param=encoder.layer.7.attention.self.value.bias]
3736.8s 1170 Loading weights:  63%|██████▎   | 126/199 [00:00<00:00, 4154.31it/s, Materializing param=encoder.layer.7.attention.self.value.bias]
3736.8s 1171 Loading weights:  64%|██████▍   | 127/199 [00:00<00:00, 4175.24it/s, Materializing param=encoder.layer.7.attention.self.value.weight]
3736.8s 1172 Loading weights:  64%|██████▍   | 127/199 [00:00<00:00, 4168.57it/s, Materializing param=encoder.layer.7.attention.self.value.weight]
3736.8s 1173 Loading weights:  64%|██████▍   | 128/199 [00:00<00:00, 4189.56it/s, Materializing param=encoder.layer.7.intermediate.dense.bias]
3736.8s 1174 Loading weights:  64%|██████▍   | 128/199 [00:00<00:00, 4182.96it/s, Materializing param=encoder.layer.7.intermediate.dense.bias]
3736.8s 1175 Loading weights:  65%|██████▍   | 129/199 [00:00<00:00, 4203.98it/s, Materializing param=encoder.layer.7.intermediate.dense.weight]
3736.8s 1176 Loading weights:  65%|██████▍   | 129/199 [00:00<00:00, 4197.40it/s, Materializing param=encoder.layer.7.intermediate.dense.weight]
3736.8s 1177 Loading weights:  65%|██████▌   | 130/199 [00:00<00:00, 4218.38it/s, Materializing param=encoder.layer.7.output.LayerNorm.bias]
3736.8s 1178 Loading weights:  65%|██████▌   | 130/199 [00:00<00:00, 4210.99it/s, Materializing param=encoder.layer.7.output.LayerNorm.bias]
3736.8s 1179 Loading weights:  66%|██████▌   | 131/199 [00:00<00:00, 4231.32it/s, Materializing param=encoder.layer.7.output.LayerNorm.weight]
3736.8s 1180 Loading weights:  66%|██████▌   | 131/199 [00:00<00:00, 4224.75it/s, Materializing param=encoder.layer.7.output.LayerNorm.weight]
3736.8s 1181 Loading weights:  66%|██████▋   | 132/199 [00:00<00:00, 4245.47it/s, Materializing param=encoder.layer.7.output.dense.bias]
3736.8s 1182 Loading weights:  66%|██████▋   | 132/199 [00:00<00:00, 4238.91it/s, Materializing param=encoder.layer.7.output.dense.bias]
3736.8s 1183 Loading weights:  67%|██████▋   | 133/199 [00:00<00:00, 4257.46it/s, Materializing param=encoder.layer.7.output.dense.weight]
3736.8s 1184 Loading weights:  67%|██████▋   | 133/199 [00:00<00:00, 4250.81it/s, Materializing param=encoder.layer.7.output.dense.weight]
3736.8s 1185 Loading weights:  67%|██████▋   | 134/199 [00:00<00:00, 4271.02it/s, Materializing param=encoder.layer.8.attention.output.LayerNorm.bias]
3736.8s 1186 Loading weights:  67%|██████▋   | 134/199 [00:00<00:00, 4264.35it/s, Materializing param=encoder.layer.8.attention.output.LayerNorm.bias]
3736.8s 1187 Loading weights:  68%|██████▊   | 135/199 [00:00<00:00, 4283.85it/s, Materializing param=encoder.layer.8.attention.output.LayerNorm.weight]
3736.8s 1188 Loading weights:  68%|██████▊   | 135/199 [00:00<00:00, 4277.15it/s, Materializing param=encoder.layer.8.attention.output.LayerNorm.weight]
3736.8s 1189 Loading weights:  68%|██████▊   | 136/199 [00:00<00:00, 4296.96it/s, Materializing param=encoder.layer.8.attention.output.dense.bias]
3736.8s 1190 Loading weights:  68%|██████▊   | 136/199 [00:00<00:00, 4290.11it/s, Materializing param=encoder.layer.8.attention.output.dense.bias]
3736.8s 1191 Loading weights:  69%|██████▉   | 137/199 [00:00<00:00, 4309.59it/s, Materializing param=encoder.layer.8.attention.output.dense.weight]
3736.8s 1192 Loading weights:  69%|██████▉   | 137/199 [00:00<00:00, 4302.98it/s, Materializing param=encoder.layer.8.attention.output.dense.weight]
3736.8s 1193 Loading weights:  69%|██████▉   | 138/199 [00:00<00:00, 4321.44it/s, Materializing param=encoder.layer.8.attention.self.key.bias]
3736.8s 1194 Loading weights:  69%|██████▉   | 138/199 [00:00<00:00, 4314.65it/s, Materializing param=encoder.layer.8.attention.self.key.bias]
3736.8s 1195 Loading weights:  70%|██████▉   | 139/199 [00:00<00:00, 4333.92it/s, Materializing param=encoder.layer.8.attention.self.key.weight]
3736.8s 1196 Loading weights:  70%|██████▉   | 139/199 [00:00<00:00, 4327.33it/s, Materializing param=encoder.layer.8.attention.self.key.weight]
3736.8s 1197 Loading weights:  70%|███████   | 140/199 [00:00<00:00, 4344.53it/s, Materializing param=encoder.layer.8.attention.self.query.bias]
3736.8s 1198 Loading weights:  70%|███████   | 140/199 [00:00<00:00, 4337.76it/s, Materializing param=encoder.layer.8.attention.self.query.bias]
3736.8s 1199 Loading weights:  71%|███████   | 141/199 [00:00<00:00, 4355.87it/s, Materializing param=encoder.layer.8.attention.self.query.weight]
3736.8s 1200 Loading weights:  71%|███████   | 141/199 [00:00<00:00, 4349.11it/s, Materializing param=encoder.layer.8.attention.self.query.weight]
3736.8s 1201 Loading weights:  71%|███████▏  | 142/199 [00:00<00:00, 4368.11it/s, Materializing param=encoder.layer.8.attention.self.value.bias]
3736.8s 1202 Loading weights:  71%|███████▏  | 142/199 [00:00<00:00, 4361.55it/s, Materializing param=encoder.layer.8.attention.self.value.bias]
3736.8s 1203 Loading weights:  72%|███████▏  | 143/199 [00:00<00:00, 4380.62it/s, Materializing param=encoder.layer.8.attention.self.value.weight]
3736.8s 1204 Loading weights:  72%|███████▏  | 143/199 [00:00<00:00, 4374.13it/s, Materializing param=encoder.layer.8.attention.self.value.weight]
3736.8s 1205 Loading weights:  72%|███████▏  | 144/199 [00:00<00:00, 4393.09it/s, Materializing param=encoder.layer.8.intermediate.dense.bias]
3736.8s 1206 Loading weights:  72%|███████▏  | 144/199 [00:00<00:00, 4386.55it/s, Materializing param=encoder.layer.8.intermediate.dense.bias]
3736.8s 1207 Loading weights:  73%|███████▎  | 145/199 [00:00<00:00, 4404.38it/s, Materializing param=encoder.layer.8.intermediate.dense.weight]
3736.8s 1208 Loading weights:  73%|███████▎  | 145/199 [00:00<00:00, 4397.75it/s, Materializing param=encoder.layer.8.intermediate.dense.weight]
3736.8s 1209 Loading weights:  73%|███████▎  | 146/199 [00:00<00:00, 4416.49it/s, Materializing param=encoder.layer.8.output.LayerNorm.bias]
3736.8s 1210 Loading weights:  73%|███████▎  | 146/199 [00:00<00:00, 4409.97it/s, Materializing param=encoder.layer.8.output.LayerNorm.bias]
3736.8s 1211 Loading weights:  74%|███████▍  | 147/199 [00:00<00:00, 4426.82it/s, Materializing param=encoder.layer.8.output.LayerNorm.weight]
3736.8s 1212 Loading weights:  74%|███████▍  | 147/199 [00:00<00:00, 4420.06it/s, Materializing param=encoder.layer.8.output.LayerNorm.weight]
3736.8s 1213 Loading weights:  74%|███████▍  | 148/199 [00:00<00:00, 4438.35it/s, Materializing param=encoder.layer.8.output.dense.bias]
3736.8s 1214 Loading weights:  74%|███████▍  | 148/199 [00:00<00:00, 4431.86it/s, Materializing param=encoder.layer.8.output.dense.bias]
3736.8s 1215 Loading weights:  75%|███████▍  | 149/199 [00:00<00:00, 4450.43it/s, Materializing param=encoder.layer.8.output.dense.weight]
3736.8s 1216 Loading weights:  75%|███████▍  | 149/199 [00:00<00:00, 4444.07it/s, Materializing param=encoder.layer.8.output.dense.weight]
3736.8s 1217 Loading weights:  75%|███████▌  | 150/199 [00:00<00:00, 4462.79it/s, Materializing param=encoder.layer.9.attention.output.LayerNorm.bias]
3736.8s 1218 Loading weights:  75%|███████▌  | 150/199 [00:00<00:00, 4456.27it/s, Materializing param=encoder.layer.9.attention.output.LayerNorm.bias]
3736.8s 1219 Loading weights:  76%|███████▌  | 151/199 [00:00<00:00, 4474.13it/s, Materializing param=encoder.layer.9.attention.output.LayerNorm.weight]
3736.8s 1220 Loading weights:  76%|███████▌  | 151/199 [00:00<00:00, 4467.50it/s, Materializing param=encoder.layer.9.attention.output.LayerNorm.weight]
3736.8s 1221 Loading weights:  76%|███████▋  | 152/199 [00:00<00:00, 4484.62it/s, Materializing param=encoder.layer.9.attention.output.dense.bias]
3736.8s 1222 Loading weights:  76%|███████▋  | 152/199 [00:00<00:00, 4477.92it/s, Materializing param=encoder.layer.9.attention.output.dense.bias]
3736.8s 1223 Loading weights:  77%|███████▋  | 153/199 [00:00<00:00, 4495.25it/s, Materializing param=encoder.layer.9.attention.output.dense.weight]
3736.8s 1224 Loading weights:  77%|███████▋  | 153/199 [00:00<00:00, 4488.55it/s, Materializing param=encoder.layer.9.attention.output.dense.weight]
3736.8s 1225 Loading weights:  77%|███████▋  | 154/199 [00:00<00:00, 4504.44it/s, Materializing param=encoder.layer.9.attention.self.key.bias]
3736.8s 1226 Loading weights:  77%|███████▋  | 154/199 [00:00<00:00, 4497.66it/s, Materializing param=encoder.layer.9.attention.self.key.bias]
3736.8s 1227 Loading weights:  78%|███████▊  | 155/199 [00:00<00:00, 4514.73it/s, Materializing param=encoder.layer.9.attention.self.key.weight]
3736.8s 1228 Loading weights:  78%|███████▊  | 155/199 [00:00<00:00, 4508.13it/s, Materializing param=encoder.layer.9.attention.self.key.weight]
3736.8s 1229 Loading weights:  78%|███████▊  | 156/199 [00:00<00:00, 4525.35it/s, Materializing param=encoder.layer.9.attention.self.query.bias]
3736.8s 1230 Loading weights:  78%|███████▊  | 156/199 [00:00<00:00, 4518.91it/s, Materializing param=encoder.layer.9.attention.self.query.bias]
3736.8s 1231 Loading weights:  79%|███████▉  | 157/199 [00:00<00:00, 4536.44it/s, Materializing param=encoder.layer.9.attention.self.query.weight]
3736.8s 1232 Loading weights:  79%|███████▉  | 157/199 [00:00<00:00, 4530.02it/s, Materializing param=encoder.layer.9.attention.self.query.weight]
3736.8s 1233 Loading weights:  79%|███████▉  | 158/199 [00:00<00:00, 4547.29it/s, Materializing param=encoder.layer.9.attention.self.value.bias]
3736.8s 1234 Loading weights:  79%|███████▉  | 158/199 [00:00<00:00, 4540.81it/s, Materializing param=encoder.layer.9.attention.self.value.bias]
3736.8s 1235 Loading weights:  80%|███████▉  | 159/199 [00:00<00:00, 4557.22it/s, Materializing param=encoder.layer.9.attention.self.value.weight]
3736.8s 1236 Loading weights:  80%|███████▉  | 159/199 [00:00<00:00, 4550.66it/s, Materializing param=encoder.layer.9.attention.self.value.weight]
3736.8s 1237 Loading weights:  80%|████████  | 160/199 [00:00<00:00, 4567.62it/s, Materializing param=encoder.layer.9.intermediate.dense.bias]
3736.8s 1238 Loading weights:  80%|████████  | 160/199 [00:00<00:00, 4561.23it/s, Materializing param=encoder.layer.9.intermediate.dense.bias]
3736.8s 1239 Loading weights:  81%|████████  | 161/199 [00:00<00:00, 4578.28it/s, Materializing param=encoder.layer.9.intermediate.dense.weight]
3736.8s 1240 Loading weights:  81%|████████  | 161/199 [00:00<00:00, 4570.04it/s, Materializing param=encoder.layer.9.intermediate.dense.weight]
3736.8s 1241 Loading weights:  81%|████████▏ | 162/199 [00:00<00:00, 4586.72it/s, Materializing param=encoder.layer.9.output.LayerNorm.bias]
3736.8s 1242 Loading weights:  81%|████████▏ | 162/199 [00:00<00:00, 4580.39it/s, Materializing param=encoder.layer.9.output.LayerNorm.bias]
3736.8s 1243 Loading weights:  82%|████████▏ | 163/199 [00:00<00:00, 4596.98it/s, Materializing param=encoder.layer.9.output.LayerNorm.weight]
3736.8s 1244 Loading weights:  82%|████████▏ | 163/199 [00:00<00:00, 4590.53it/s, Materializing param=encoder.layer.9.output.LayerNorm.weight]
3736.8s 1245 Loading weights:  82%|████████▏ | 164/199 [00:00<00:00, 4607.52it/s, Materializing param=encoder.layer.9.output.dense.bias]
3736.8s 1246 Loading weights:  82%|████████▏ | 164/199 [00:00<00:00, 4601.23it/s, Materializing param=encoder.layer.9.output.dense.bias]
3736.8s 1247 Loading weights:  83%|████████▎ | 165/199 [00:00<00:00, 4618.32it/s, Materializing param=encoder.layer.9.output.dense.weight]
3736.8s 1248 Loading weights:  83%|████████▎ | 165/199 [00:00<00:00, 4612.10it/s, Materializing param=encoder.layer.9.output.dense.weight]
3736.8s 1249 Loading weights:  83%|████████▎ | 166/199 [00:00<00:00, 4628.27it/s, Materializing param=encoder.layer.10.attention.output.LayerNorm.bias]
3736.8s 1250 Loading weights:  83%|████████▎ | 166/199 [00:00<00:00, 4621.76it/s, Materializing param=encoder.layer.10.attention.output.LayerNorm.bias]
3736.8s 1251 Loading weights:  84%|████████▍ | 167/199 [00:00<00:00, 4637.75it/s, Materializing param=encoder.layer.10.attention.output.LayerNorm.weight]
3736.8s 1252 Loading weights:  84%|████████▍ | 167/199 [00:00<00:00, 4631.13it/s, Materializing param=encoder.layer.10.attention.output.LayerNorm.weight]
3736.8s 1253 Loading weights:  84%|████████▍ | 168/199 [00:00<00:00, 4647.37it/s, Materializing param=encoder.layer.10.attention.output.dense.bias]
3736.8s 1254 Loading weights:  84%|████████▍ | 168/199 [00:00<00:00, 4639.32it/s, Materializing param=encoder.layer.10.attention.output.dense.bias]
3736.8s 1255 Loading weights:  85%|████████▍ | 169/199 [00:00<00:00, 4655.10it/s, Materializing param=encoder.layer.10.attention.output.dense.weight]
3736.8s 1256 Loading weights:  85%|████████▍ | 169/199 [00:00<00:00, 4648.72it/s, Materializing param=encoder.layer.10.attention.output.dense.weight]
3736.8s 1257 Loading weights:  85%|████████▌ | 170/199 [00:00<00:00, 4664.94it/s, Materializing param=encoder.layer.10.attention.self.key.bias]
3736.8s 1258 Loading weights:  85%|████████▌ | 170/199 [00:00<00:00, 4658.72it/s, Materializing param=encoder.layer.10.attention.self.key.bias]
3736.8s 1259 Loading weights:  86%|████████▌ | 171/199 [00:00<00:00, 4674.95it/s, Materializing param=encoder.layer.10.attention.self.key.weight]
3736.8s 1260 Loading weights:  86%|████████▌ | 171/199 [00:00<00:00, 4668.71it/s, Materializing param=encoder.layer.10.attention.self.key.weight]
3736.8s 1261 Loading weights:  86%|████████▋ | 172/199 [00:00<00:00, 4684.76it/s, Materializing param=encoder.layer.10.attention.self.query.bias]
3736.8s 1262 Loading weights:  86%|████████▋ | 172/199 [00:00<00:00, 4677.89it/s, Materializing param=encoder.layer.10.attention.self.query.bias]
3736.8s 1263 Loading weights:  87%|████████▋ | 173/199 [00:00<00:00, 4693.19it/s, Materializing param=encoder.layer.10.attention.self.query.weight]
3736.8s 1264 Loading weights:  87%|████████▋ | 173/199 [00:00<00:00, 4686.80it/s, Materializing param=encoder.layer.10.attention.self.query.weight]
3736.8s 1265 Loading weights:  87%|████████▋ | 174/199 [00:00<00:00, 4702.53it/s, Materializing param=encoder.layer.10.attention.self.value.bias]
3736.8s 1266 Loading weights:  87%|████████▋ | 174/199 [00:00<00:00, 4696.36it/s, Materializing param=encoder.layer.10.attention.self.value.bias]
3736.8s 1267 Loading weights:  88%|████████▊ | 175/199 [00:00<00:00, 4712.25it/s, Materializing param=encoder.layer.10.attention.self.value.weight]
3736.8s 1268 Loading weights:  88%|████████▊ | 175/199 [00:00<00:00, 4704.30it/s, Materializing param=encoder.layer.10.attention.self.value.weight]
3736.8s 1269 Loading weights:  88%|████████▊ | 176/199 [00:00<00:00, 4719.63it/s, Materializing param=encoder.layer.10.intermediate.dense.bias]
3736.8s 1270 Loading weights:  88%|████████▊ | 176/199 [00:00<00:00, 4713.42it/s, Materializing param=encoder.layer.10.intermediate.dense.bias]
3736.8s 1271 Loading weights:  89%|████████▉ | 177/199 [00:00<00:00, 4729.03it/s, Materializing param=encoder.layer.10.intermediate.dense.weight]
3736.8s 1272 Loading weights:  89%|████████▉ | 177/199 [00:00<00:00, 4722.89it/s, Materializing param=encoder.layer.10.intermediate.dense.weight]
3736.8s 1273 Loading weights:  89%|████████▉ | 178/199 [00:00<00:00, 4738.57it/s, Materializing param=encoder.layer.10.output.LayerNorm.bias]
3736.8s 1274 Loading weights:  89%|████████▉ | 178/199 [00:00<00:00, 4732.36it/s, Materializing param=encoder.layer.10.output.LayerNorm.bias]
3736.8s 1275 Loading weights:  90%|████████▉ | 179/199 [00:00<00:00, 4747.87it/s, Materializing param=encoder.layer.10.output.LayerNorm.weight]
3736.8s 1276 Loading weights:  90%|████████▉ | 179/199 [00:00<00:00, 4741.69it/s, Materializing param=encoder.layer.10.output.LayerNorm.weight]
3736.8s 1277 Loading weights:  90%|█████████ | 180/199 [00:00<00:00, 4757.27it/s, Materializing param=encoder.layer.10.output.dense.bias]
3736.8s 1278 Loading weights:  90%|█████████ | 180/199 [00:00<00:00, 4750.45it/s, Materializing param=encoder.layer.10.output.dense.bias]
3736.8s 1279 Loading weights:  91%|█████████ | 181/199 [00:00<00:00, 4765.72it/s, Materializing param=encoder.layer.10.output.dense.weight]
3736.8s 1280 Loading weights:  91%|█████████ | 181/199 [00:00<00:00, 4759.68it/s, Materializing param=encoder.layer.10.output.dense.weight]
3736.8s 1281 Loading weights:  91%|█████████▏| 182/199 [00:00<00:00, 4775.38it/s, Materializing param=encoder.layer.11.attention.output.LayerNorm.bias]
3736.8s 1282 Loading weights:  91%|█████████▏| 182/199 [00:00<00:00, 4769.14it/s, Materializing param=encoder.layer.11.attention.output.LayerNorm.bias]
3736.8s 1283 Loading weights:  92%|█████████▏| 183/199 [00:00<00:00, 4781.81it/s, Materializing param=encoder.layer.11.attention.output.LayerNorm.weight]
3736.8s 1284 Loading weights:  92%|█████████▏| 183/199 [00:00<00:00, 4775.48it/s, Materializing param=encoder.layer.11.attention.output.LayerNorm.weight]
3736.8s 1285 Loading weights:  92%|█████████▏| 184/199 [00:00<00:00, 4790.37it/s, Materializing param=encoder.layer.11.attention.output.dense.bias]
3736.8s 1286 Loading weights:  92%|█████████▏| 184/199 [00:00<00:00, 4784.22it/s, Materializing param=encoder.layer.11.attention.output.dense.bias]
3736.8s 1287 Loading weights:  93%|█████████▎| 185/199 [00:00<00:00, 4796.72it/s, Materializing param=encoder.layer.11.attention.output.dense.weight]
3736.8s 1288 Loading weights:  93%|█████████▎| 185/199 [00:00<00:00, 4788.79it/s, Materializing param=encoder.layer.11.attention.output.dense.weight]
3736.8s 1289 Loading weights:  93%|█████████▎| 186/199 [00:00<00:00, 4803.47it/s, Materializing param=encoder.layer.11.attention.self.key.bias]
3736.8s 1290 Loading weights:  93%|█████████▎| 186/199 [00:00<00:00, 4797.35it/s, Materializing param=encoder.layer.11.attention.self.key.bias]
3736.8s 1291 Loading weights:  94%|█████████▍| 187/199 [00:00<00:00, 4811.34it/s, Materializing param=encoder.layer.11.attention.self.key.weight]
3736.8s 1292 Loading weights:  94%|█████████▍| 187/199 [00:00<00:00, 4805.15it/s, Materializing param=encoder.layer.11.attention.self.key.weight]
3736.8s 1293 Loading weights:  94%|█████████▍| 188/199 [00:00<00:00, 4819.77it/s, Materializing param=encoder.layer.11.attention.self.query.bias]
3736.8s 1294 Loading weights:  94%|█████████▍| 188/199 [00:00<00:00, 4813.33it/s, Materializing param=encoder.layer.11.attention.self.query.bias]
3736.8s 1295 Loading weights:  95%|█████████▍| 189/199 [00:00<00:00, 4822.62it/s, Materializing param=encoder.layer.11.attention.self.query.weight]
3736.8s 1296 Loading weights:  95%|█████████▍| 189/199 [00:00<00:00, 4815.77it/s, Materializing param=encoder.layer.11.attention.self.query.weight]
3736.8s 1297 Loading weights:  95%|█████████▌| 190/199 [00:00<00:00, 4829.34it/s, Materializing param=encoder.layer.11.attention.self.value.bias]
3736.8s 1298 Loading weights:  95%|█████████▌| 190/199 [00:00<00:00, 4821.48it/s, Materializing param=encoder.layer.11.attention.self.value.bias]
3736.8s 1299 Loading weights:  96%|█████████▌| 191/199 [00:00<00:00, 4835.85it/s, Materializing param=encoder.layer.11.attention.self.value.weight]
3736.8s 1300 Loading weights:  96%|█████████▌| 191/199 [00:00<00:00, 4829.85it/s, Materializing param=encoder.layer.11.attention.self.value.weight]
3736.8s 1301 Loading weights:  96%|█████████▋| 192/199 [00:00<00:00, 4844.53it/s, Materializing param=encoder.layer.11.intermediate.dense.bias]
3736.8s 1302 Loading weights:  96%|█████████▋| 192/199 [00:00<00:00, 4838.51it/s, Materializing param=encoder.layer.11.intermediate.dense.bias]
3736.8s 1303 Loading weights:  97%|█████████▋| 193/199 [00:00<00:00, 4853.15it/s, Materializing param=encoder.layer.11.intermediate.dense.weight]
3736.8s 1304 Loading weights:  97%|█████████▋| 193/199 [00:00<00:00, 4847.22it/s, Materializing param=encoder.layer.11.intermediate.dense.weight]
3736.8s 1305 Loading weights:  97%|█████████▋| 194/199 [00:00<00:00, 4858.40it/s, Materializing param=encoder.layer.11.output.LayerNorm.bias]
3736.8s 1306 Loading weights:  97%|█████████▋| 194/199 [00:00<00:00, 4851.91it/s, Materializing param=encoder.layer.11.output.LayerNorm.bias]
3736.8s 1307 Loading weights:  98%|█████████▊| 195/199 [00:00<00:00, 4865.55it/s, Materializing param=encoder.layer.11.output.LayerNorm.weight]
3736.8s 1308 Loading weights:  98%|█████████▊| 195/199 [00:00<00:00, 4859.08it/s, Materializing param=encoder.layer.11.output.LayerNorm.weight]
3736.8s 1309 Loading weights:  98%|█████████▊| 196/199 [00:00<00:00, 4870.86it/s, Materializing param=encoder.layer.11.output.dense.bias]
3736.8s 1310 Loading weights:  98%|█████████▊| 196/199 [00:00<00:00, 4861.75it/s, Materializing param=encoder.layer.11.output.dense.bias]
3736.8s 1311 Loading weights:  99%|█████████▉| 197/199 [00:00<00:00, 4876.06it/s, Materializing param=encoder.layer.11.output.dense.weight]
3736.8s 1312 Loading weights:  99%|█████████▉| 197/199 [00:00<00:00, 4870.14it/s, Materializing param=encoder.layer.11.output.dense.weight]
3736.8s 1313 Loading weights:  99%|█████████▉| 198/199 [00:00<00:00, 4884.50it/s, Materializing param=pooler.dense.bias]
3736.8s 1314 Loading weights:  99%|█████████▉| 198/199 [00:00<00:00, 4878.82it/s, Materializing param=pooler.dense.bias]
3736.8s 1315 Loading weights: 100%|██████████| 199/199 [00:00<00:00, 4891.16it/s, Materializing param=pooler.dense.weight]
3736.8s 1316 Loading weights: 100%|██████████| 199/199 [00:00<00:00, 4885.20it/s, Materializing param=pooler.dense.weight]
3736.8s 1317 Loading weights: 100%|██████████| 199/199 [00:00<00:00, 4872.71it/s, Materializing param=pooler.dense.weight]
3736.8s 1318 BertModel LOAD REPORT from: google/muril-base-cased
3736.8s 1319 Key                                        | Status     |  |
3736.8s 1320 -------------------------------------------+------------+--+-
3736.8s 1321 bert.embeddings.position_ids               | UNEXPECTED |  |
3736.8s 1322 cls.predictions.transform.LayerNorm.bias   | UNEXPECTED |  |
3736.8s 1323 cls.predictions.decoder.bias               | UNEXPECTED |  |
3736.8s 1324 cls.seq_relationship.bias                  | UNEXPECTED |  |
3736.8s 1325 cls.predictions.transform.dense.bias       | UNEXPECTED |  |
3736.8s 1326 cls.predictions.bias                       | UNEXPECTED |  |
3736.8s 1327 cls.seq_relationship.weight                | UNEXPECTED |  |
3736.8s 1328 cls.predictions.decoder.weight             | UNEXPECTED |  |
3736.8s 1329 cls.predictions.transform.dense.weight     | UNEXPECTED |  |
3736.8s 1330 cls.predictions.transform.LayerNorm.weight | UNEXPECTED |  |
3736.8s 1331 
3736.8s 1332 Notes:
3736.8s 1333 - UNEXPECTED	:can be ignored when loading from different task/architecture; not ok if you expect identical arch.
3882.2s 1334 [s42f3] ep1 359/719 loss 0.6032 val 0.6974 * (0.40s/step)
4030.7s 1335 [s42f3] ep1 718/719 loss 0.4458 val 0.7345 * (0.41s/step)
4043.3s 1336 [s42f3] ep1 719/719 loss 0.6103 val 0.7345 (0.43s/step)
4043.3s 1337 [s42f3] ep1 done 5.1min  best 0.7345
4190.3s 1338 [s42f3] ep2 359/719 loss 0.5137 val 0.7580 * (0.41s/step)
4334.9s 1339 [s42f3] ep2 718/719 loss 0.5042 val 0.7713 * (0.41s/step)
4347.2s 1340 [s42f3] ep2 719/719 loss 0.6833 val 0.7713 (0.42s/step)
4347.2s 1341 [s42f3] ep2 done 5.1min  best 0.7713
4491.1s 1342 [s42f3] ep3 359/719 loss 0.4936 val 0.7852 * (0.40s/step)
4639.3s 1343 [s42f3] ep3 718/719 loss 0.4128 val 0.7853 * (0.41s/step)
4651.7s 1344 [s42f3] ep3 719/719 loss 0.5641 val 0.7853 (0.42s/step)
4651.7s 1345 [s42f3] ep3 done 5.1min  best 0.7853
4800.1s 1346 [s42f3] ep4 359/719 loss 0.4874 val 0.7880 * (0.41s/step)
4945.0s 1347 [s42f3] ep4 718/719 loss 0.3210 val 0.7908 * (0.41s/step)
4957.2s 1348 [s42f3] ep4 719/719 loss 0.4992 val 0.7908 (0.42s/step)
4957.2s 1349 [s42f3] ep4 done 5.1min  best 0.7908
5096.8s 1350 [s42f3] ep5 359/719 loss 0.2933 val 0.7887 (0.39s/step)
5245.7s 1351 [s42f3] ep5 718/719 loss 0.4032 val 0.7928 * (0.40s/step)
5258.0s 1352 [s42f3] ep5 719/719 loss 0.4655 val 0.7928 (0.42s/step)
5258.0s 1353 [s42f3] ep5 done 5.0min  best 0.7928
5399.2s 1354 [s42f3] ep6 359/719 loss 0.3465 val 0.7921 (0.39s/step)
5544.7s 1355 [s42f3] ep6 718/719 loss 0.4282 val 0.7970 * (0.40s/step)
5564.0s 1356 [s42f3] ep6 719/719 loss 0.2588 val 0.7970 (0.43s/step)
5564.0s 1357 [s42f3] ep6 done 5.1min  best 0.7970
5564.0s 1358 [s42f3] best 0.7970  last 0.7970  (selected: last)
5564.0s 1359 ===== seed 42 fold 4/5 =====
5565.1s 1360 
5565.1s 1361 Loading weights:   0%|          | 0/199 [00:00<?, ?it/s]
5565.1s 1362 Loading weights:   1%|          | 1/199 [00:00<00:00, 29537.35it/s, Materializing param=embeddings.LayerNorm.bias]
5565.1s 1363 Loading weights:   1%|          | 1/199 [00:00<00:00, 5035.18it/s, Materializing param=embeddings.LayerNorm.bias]
5565.1s 1364 Loading weights:   1%|          | 2/199 [00:00<00:00, 4750.06it/s, Materializing param=embeddings.LayerNorm.weight]
5565.1s 1365 Loading weights:   1%|          | 2/199 [00:00<00:00, 1706.04it/s, Materializing param=embeddings.LayerNorm.weight]
5565.1s 1366 Loading weights:   2%|▏         | 3/199 [00:00<00:00, 1812.06it/s, Materializing param=embeddings.position_embeddings.weight]
5565.1s 1367 Loading weights:   2%|▏         | 3/199 [00:00<00:00, 1699.47it/s, Materializing param=embeddings.position_embeddings.weight]
5565.1s 1368 Loading weights:   2%|▏         | 4/199 [00:00<00:00, 1853.22it/s, Materializing param=embeddings.token_type_embeddings.weight]
5565.1s 1369 Loading weights:   2%|▏         | 4/199 [00:00<00:00, 1701.20it/s, Materializing param=embeddings.token_type_embeddings.weight]
5565.1s 1370 Loading weights:   3%|▎         | 5/199 [00:00<00:00, 1868.45it/s, Materializing param=embeddings.word_embeddings.weight]
5565.1s 1371 Loading weights:   3%|▎         | 5/199 [00:00<00:00, 1810.70it/s, Materializing param=embeddings.word_embeddings.weight]
5565.1s 1372 Loading weights:   3%|▎         | 6/199 [00:00<00:00, 2015.68it/s, Materializing param=encoder.layer.0.attention.output.LayerNorm.bias]
5565.1s 1373 Loading weights:   3%|▎         | 6/199 [00:00<00:00, 1945.56it/s, Materializing param=encoder.layer.0.attention.output.LayerNorm.bias]
5565.1s 1374 Loading weights:   4%|▎         | 7/199 [00:00<00:00, 2139.33it/s, Materializing param=encoder.layer.0.attention.output.LayerNorm.weight]
5565.1s 1375 Loading weights:   4%|▎         | 7/199 [00:00<00:00, 2095.36it/s, Materializing param=encoder.layer.0.attention.output.LayerNorm.weight]
5565.1s 1376 Loading weights:   4%|▍         | 8/199 [00:00<00:00, 1895.20it/s, Materializing param=encoder.layer.0.attention.output.dense.bias]
5565.1s 1377 Loading weights:   4%|▍         | 8/199 [00:00<00:00, 1677.22it/s, Materializing param=encoder.layer.0.attention.output.dense.bias]
5565.1s 1378 Loading weights:   5%|▍         | 9/199 [00:00<00:00, 1730.01it/s, Materializing param=encoder.layer.0.attention.output.dense.weight]
5565.1s 1379 Loading weights:   5%|▍         | 9/199 [00:00<00:00, 1550.19it/s, Materializing param=encoder.layer.0.attention.output.dense.weight]
5565.1s 1380 Loading weights:   5%|▌         | 10/199 [00:00<00:00, 1565.62it/s, Materializing param=encoder.layer.0.attention.self.key.bias]
5565.1s 1381 Loading weights:   5%|▌         | 10/199 [00:00<00:00, 1515.78it/s, Materializing param=encoder.layer.0.attention.self.key.bias]
5565.1s 1382 Loading weights:   6%|▌         | 11/199 [00:00<00:00, 1608.13it/s, Materializing param=encoder.layer.0.attention.self.key.weight]
5565.1s 1383 Loading weights:   6%|▌         | 11/199 [00:00<00:00, 1582.38it/s, Materializing param=encoder.layer.0.attention.self.key.weight]
5565.1s 1384 Loading weights:   6%|▌         | 12/199 [00:00<00:00, 1522.57it/s, Materializing param=encoder.layer.0.attention.self.query.bias]
5565.1s 1385 Loading weights:   6%|▌         | 12/199 [00:00<00:00, 1498.55it/s, Materializing param=encoder.layer.0.attention.self.query.bias]
5565.1s 1386 Loading weights:   7%|▋         | 13/199 [00:00<00:00, 1573.39it/s, Materializing param=encoder.layer.0.attention.self.query.weight]
5565.1s 1387 Loading weights:   7%|▋         | 13/199 [00:00<00:00, 1551.28it/s, Materializing param=encoder.layer.0.attention.self.query.weight]
5565.1s 1388 Loading weights:   7%|▋         | 14/199 [00:00<00:00, 1608.60it/s, Materializing param=encoder.layer.0.attention.self.value.bias]
5565.1s 1389 Loading weights:   7%|▋         | 14/199 [00:00<00:00, 1532.45it/s, Materializing param=encoder.layer.0.attention.self.value.bias]
5565.1s 1390 Loading weights:   8%|▊         | 15/199 [00:00<00:00, 1289.42it/s, Materializing param=encoder.layer.0.attention.self.value.weight]
5565.1s 1391 Loading weights:   8%|▊         | 15/199 [00:00<00:00, 1280.08it/s, Materializing param=encoder.layer.0.attention.self.value.weight]
5565.1s 1392 Loading weights:   8%|▊         | 16/199 [00:00<00:00, 1352.18it/s, Materializing param=encoder.layer.0.intermediate.dense.bias]
5565.1s 1393 Loading weights:   8%|▊         | 16/199 [00:00<00:00, 1345.49it/s, Materializing param=encoder.layer.0.intermediate.dense.bias]
5565.1s 1394 Loading weights:   9%|▊         | 17/199 [00:00<00:00, 1410.55it/s, Materializing param=encoder.layer.0.intermediate.dense.weight]
5565.1s 1395 Loading weights:   9%|▊         | 17/199 [00:00<00:00, 1403.03it/s, Materializing param=encoder.layer.0.intermediate.dense.weight]
5565.1s 1396 Loading weights:   9%|▉         | 18/199 [00:00<00:00, 1472.92it/s, Materializing param=encoder.layer.0.output.LayerNorm.bias]
5565.1s 1397 Loading weights:   9%|▉         | 18/199 [00:00<00:00, 1466.43it/s, Materializing param=encoder.layer.0.output.LayerNorm.bias]
5565.1s 1398 Loading weights:  10%|▉         | 19/199 [00:00<00:00, 1536.11it/s, Materializing param=encoder.layer.0.output.LayerNorm.weight]
5565.1s 1399 Loading weights:  10%|▉         | 19/199 [00:00<00:00, 1529.74it/s, Materializing param=encoder.layer.0.output.LayerNorm.weight]
5565.1s 1400 Loading weights:  10%|█         | 20/199 [00:00<00:00, 1598.74it/s, Materializing param=encoder.layer.0.output.dense.bias]
5565.1s 1401 Loading weights:  10%|█         | 20/199 [00:00<00:00, 1592.40it/s, Materializing param=encoder.layer.0.output.dense.bias]
5565.1s 1402 Loading weights:  11%|█         | 21/199 [00:00<00:00, 1660.20it/s, Materializing param=encoder.layer.0.output.dense.weight]
5565.1s 1403 Loading weights:  11%|█         | 21/199 [00:00<00:00, 1652.60it/s, Materializing param=encoder.layer.0.output.dense.weight]
5565.1s 1404 Loading weights:  11%|█         | 22/199 [00:00<00:00, 1718.50it/s, Materializing param=encoder.layer.1.attention.output.LayerNorm.bias]
5565.1s 1405 Loading weights:  11%|█         | 22/199 [00:00<00:00, 1711.64it/s, Materializing param=encoder.layer.1.attention.output.LayerNorm.bias]
5565.1s 1406 Loading weights:  12%|█▏        | 23/199 [00:00<00:00, 1775.74it/s, Materializing param=encoder.layer.1.attention.output.LayerNorm.weight]
5565.1s 1407 Loading weights:  12%|█▏        | 23/199 [00:00<00:00, 1766.22it/s, Materializing param=encoder.layer.1.attention.output.LayerNorm.weight]
5565.1s 1408 Loading weights:  12%|█▏        | 24/199 [00:00<00:00, 1829.51it/s, Materializing param=encoder.layer.1.attention.output.dense.bias]
5565.1s 1409 Loading weights:  12%|█▏        | 24/199 [00:00<00:00, 1822.42it/s, Materializing param=encoder.layer.1.attention.output.dense.bias]
5565.1s 1410 Loading weights:  13%|█▎        | 25/199 [00:00<00:00, 1885.52it/s, Materializing param=encoder.layer.1.attention.output.dense.weight]
5565.1s 1411 Loading weights:  13%|█▎        | 25/199 [00:00<00:00, 1878.46it/s, Materializing param=encoder.layer.1.attention.output.dense.weight]
5565.1s 1412 Loading weights:  13%|█▎        | 26/199 [00:00<00:00, 1940.67it/s, Materializing param=encoder.layer.1.attention.self.key.bias]
5565.1s 1413 Loading weights:  13%|█▎        | 26/199 [00:00<00:00, 1932.96it/s, Materializing param=encoder.layer.1.attention.self.key.bias]
5565.1s 1414 Loading weights:  14%|█▎        | 27/199 [00:00<00:00, 1993.74it/s, Materializing param=encoder.layer.1.attention.self.key.weight]
5565.1s 1415 Loading weights:  14%|█▎        | 27/199 [00:00<00:00, 1986.01it/s, Materializing param=encoder.layer.1.attention.self.key.weight]
5565.1s 1416 Loading weights:  14%|█▍        | 28/199 [00:00<00:00, 2045.40it/s, Materializing param=encoder.layer.1.attention.self.query.bias]
5565.1s 1417 Loading weights:  14%|█▍        | 28/199 [00:00<00:00, 2037.84it/s, Materializing param=encoder.layer.1.attention.self.query.bias]
5565.1s 1418 Loading weights:  15%|█▍        | 29/199 [00:00<00:00, 2097.12it/s, Materializing param=encoder.layer.1.attention.self.query.weight]
5565.1s 1419 Loading weights:  15%|█▍        | 29/199 [00:00<00:00, 2089.55it/s, Materializing param=encoder.layer.1.attention.self.query.weight]
5565.1s 1420 Loading weights:  15%|█▌        | 30/199 [00:00<00:00, 2144.62it/s, Materializing param=encoder.layer.1.attention.self.value.bias]
5565.1s 1421 Loading weights:  15%|█▌        | 30/199 [00:00<00:00, 2136.46it/s, Materializing param=encoder.layer.1.attention.self.value.bias]
5565.1s 1422 Loading weights:  16%|█▌        | 31/199 [00:00<00:00, 2192.71it/s, Materializing param=encoder.layer.1.attention.self.value.weight]
5565.1s 1423 Loading weights:  16%|█▌        | 31/199 [00:00<00:00, 2185.01it/s, Materializing param=encoder.layer.1.attention.self.value.weight]
5565.1s 1424 Loading weights:  16%|█▌        | 32/199 [00:00<00:00, 2241.41it/s, Materializing param=encoder.layer.1.intermediate.dense.bias]
5565.1s 1425 Loading weights:  16%|█▌        | 32/199 [00:00<00:00, 2233.46it/s, Materializing param=encoder.layer.1.intermediate.dense.bias]
5565.1s 1426 Loading weights:  17%|█▋        | 33/199 [00:00<00:00, 2289.20it/s, Materializing param=encoder.layer.1.intermediate.dense.weight]
5565.1s 1427 Loading weights:  17%|█▋        | 33/199 [00:00<00:00, 2281.32it/s, Materializing param=encoder.layer.1.intermediate.dense.weight]
5565.1s 1428 Loading weights:  17%|█▋        | 34/199 [00:00<00:00, 2336.24it/s, Materializing param=encoder.layer.1.output.LayerNorm.bias]
5565.1s 1429 Loading weights:  17%|█▋        | 34/199 [00:00<00:00, 2328.34it/s, Materializing param=encoder.layer.1.output.LayerNorm.bias]
5565.1s 1430 Loading weights:  18%|█▊        | 35/199 [00:00<00:00, 2378.96it/s, Materializing param=encoder.layer.1.output.LayerNorm.weight]
5565.1s 1431 Loading weights:  18%|█▊        | 35/199 [00:00<00:00, 2370.31it/s, Materializing param=encoder.layer.1.output.LayerNorm.weight]
5565.1s 1432 Loading weights:  18%|█▊        | 36/199 [00:00<00:00, 2423.01it/s, Materializing param=encoder.layer.1.output.dense.bias]
5565.1s 1433 Loading weights:  18%|█▊        | 36/199 [00:00<00:00, 2413.06it/s, Materializing param=encoder.layer.1.output.dense.bias]
5565.1s 1434 Loading weights:  19%|█▊        | 37/199 [00:00<00:00, 2461.21it/s, Materializing param=encoder.layer.1.output.dense.weight]
5565.1s 1435 Loading weights:  19%|█▊        | 37/199 [00:00<00:00, 2452.65it/s, Materializing param=encoder.layer.1.output.dense.weight]
5565.1s 1436 Loading weights:  19%|█▉        | 38/199 [00:00<00:00, 2501.04it/s, Materializing param=encoder.layer.2.attention.output.LayerNorm.bias]
5565.1s 1437 Loading weights:  19%|█▉        | 38/199 [00:00<00:00, 2492.12it/s, Materializing param=encoder.layer.2.attention.output.LayerNorm.bias]
5565.1s 1438 Loading weights:  20%|█▉        | 39/199 [00:00<00:00, 2541.53it/s, Materializing param=encoder.layer.2.attention.output.LayerNorm.weight]
5565.1s 1439 Loading weights:  20%|█▉        | 39/199 [00:00<00:00, 2532.56it/s, Materializing param=encoder.layer.2.attention.output.LayerNorm.weight]
5565.1s 1440 Loading weights:  20%|██        | 40/199 [00:00<00:00, 2581.51it/s, Materializing param=encoder.layer.2.attention.output.dense.bias]
5565.1s 1441 Loading weights:  20%|██        | 40/199 [00:00<00:00, 2572.72it/s, Materializing param=encoder.layer.2.attention.output.dense.bias]
5565.1s 1442 Loading weights:  21%|██        | 41/199 [00:00<00:00, 2621.00it/s, Materializing param=encoder.layer.2.attention.output.dense.weight]
5565.1s 1443 Loading weights:  21%|██        | 41/199 [00:00<00:00, 2611.53it/s, Materializing param=encoder.layer.2.attention.output.dense.weight]
5565.1s 1444 Loading weights:  21%|██        | 42/199 [00:00<00:00, 2658.03it/s, Materializing param=encoder.layer.2.attention.self.key.bias]
5565.1s 1445 Loading weights:  21%|██        | 42/199 [00:00<00:00, 2647.68it/s, Materializing param=encoder.layer.2.attention.self.key.bias]
5565.1s 1446 Loading weights:  22%|██▏       | 43/199 [00:00<00:00, 2693.27it/s, Materializing param=encoder.layer.2.attention.self.key.weight]
5565.1s 1447 Loading weights:  22%|██▏       | 43/199 [00:00<00:00, 2678.83it/s, Materializing param=encoder.layer.2.attention.self.key.weight]
5565.1s 1448 Loading weights:  22%|██▏       | 44/199 [00:00<00:00, 2723.45it/s, Materializing param=encoder.layer.2.attention.self.query.bias]
5565.1s 1449 Loading weights:  22%|██▏       | 44/199 [00:00<00:00, 2714.12it/s, Materializing param=encoder.layer.2.attention.self.query.bias]
5565.1s 1450 Loading weights:  23%|██▎       | 45/199 [00:00<00:00, 2758.60it/s, Materializing param=encoder.layer.2.attention.self.query.weight]
5565.1s 1451 Loading weights:  23%|██▎       | 45/199 [00:00<00:00, 2749.60it/s, Materializing param=encoder.layer.2.attention.self.query.weight]
5565.1s 1452 Loading weights:  23%|██▎       | 46/199 [00:00<00:00, 2794.02it/s, Materializing param=encoder.layer.2.attention.self.value.bias]
5565.1s 1453 Loading weights:  23%|██▎       | 46/199 [00:00<00:00, 2785.14it/s, Materializing param=encoder.layer.2.attention.self.value.bias]
5565.1s 1454 Loading weights:  24%|██▎       | 47/199 [00:00<00:00, 2829.60it/s, Materializing param=encoder.layer.2.attention.self.value.weight]
5565.1s 1455 Loading weights:  24%|██▎       | 47/199 [00:00<00:00, 2820.65it/s, Materializing param=encoder.layer.2.attention.self.value.weight]
5565.1s 1456 Loading weights:  24%|██▍       | 48/199 [00:00<00:00, 2863.62it/s, Materializing param=encoder.layer.2.intermediate.dense.bias]
5565.1s 1457 Loading weights:  24%|██▍       | 48/199 [00:00<00:00, 2854.68it/s, Materializing param=encoder.layer.2.intermediate.dense.bias]
5565.1s 1458 Loading weights:  25%|██▍       | 49/199 [00:00<00:00, 2898.21it/s, Materializing param=encoder.layer.2.intermediate.dense.weight]
5565.1s 1459 Loading weights:  25%|██▍       | 49/199 [00:00<00:00, 2887.22it/s, Materializing param=encoder.layer.2.intermediate.dense.weight]
5565.1s 1460 Loading weights:  25%|██▌       | 50/199 [00:00<00:00, 2913.03it/s, Materializing param=encoder.layer.2.output.LayerNorm.bias]
5565.1s 1461 Loading weights:  25%|██▌       | 50/199 [00:00<00:00, 2903.40it/s, Materializing param=encoder.layer.2.output.LayerNorm.bias]
5565.1s 1462 Loading weights:  26%|██▌       | 51/199 [00:00<00:00, 2945.48it/s, Materializing param=encoder.layer.2.output.LayerNorm.weight]
5565.1s 1463 Loading weights:  26%|██▌       | 51/199 [00:00<00:00, 2936.78it/s, Materializing param=encoder.layer.2.output.LayerNorm.weight]
5565.1s 1464 Loading weights:  26%|██▌       | 52/199 [00:00<00:00, 2979.15it/s, Materializing param=encoder.layer.2.output.dense.bias]
5565.1s 1465 Loading weights:  26%|██▌       | 52/199 [00:00<00:00, 2970.63it/s, Materializing param=encoder.layer.2.output.dense.bias]
5565.1s 1466 Loading weights:  27%|██▋       | 53/199 [00:00<00:00, 3012.66it/s, Materializing param=encoder.layer.2.output.dense.weight]
5565.1s 1467 Loading weights:  27%|██▋       | 53/199 [00:00<00:00, 3004.35it/s, Materializing param=encoder.layer.2.output.dense.weight]
5565.1s 1468 Loading weights:  27%|██▋       | 54/199 [00:00<00:00, 3045.15it/s, Materializing param=encoder.layer.3.attention.output.LayerNorm.bias]
5565.1s 1469 Loading weights:  27%|██▋       | 54/199 [00:00<00:00, 3036.17it/s, Materializing param=encoder.layer.3.attention.output.LayerNorm.bias]
5565.1s 1470 Loading weights:  28%|██▊       | 55/199 [00:00<00:00, 3076.40it/s, Materializing param=encoder.layer.3.attention.output.LayerNorm.weight]
5565.1s 1471 Loading weights:  28%|██▊       | 55/199 [00:00<00:00, 3066.66it/s, Materializing param=encoder.layer.3.attention.output.LayerNorm.weight]
5565.1s 1472 Loading weights:  28%|██▊       | 56/199 [00:00<00:00, 3095.88it/s, Materializing param=encoder.layer.3.attention.output.dense.bias]
5565.1s 1473 Loading weights:  28%|██▊       | 56/199 [00:00<00:00, 3085.91it/s, Materializing param=encoder.layer.3.attention.output.dense.bias]
5565.1s 1474 Loading weights:  29%|██▊       | 57/199 [00:00<00:00, 3124.60it/s, Materializing param=encoder.layer.3.attention.output.dense.weight]
5565.1s 1475 Loading weights:  29%|██▊       | 57/199 [00:00<00:00, 3115.48it/s, Materializing param=encoder.layer.3.attention.output.dense.weight]
5565.1s 1476 Loading weights:  29%|██▉       | 58/199 [00:00<00:00, 3154.31it/s, Materializing param=encoder.layer.3.attention.self.key.bias]
5565.1s 1477 Loading weights:  29%|██▉       | 58/199 [00:00<00:00, 3145.82it/s, Materializing param=encoder.layer.3.attention.self.key.bias]
5565.1s 1478 Loading weights:  30%|██▉       | 59/199 [00:00<00:00, 3184.50it/s, Materializing param=encoder.layer.3.attention.self.key.weight]
5565.1s 1479 Loading weights:  30%|██▉       | 59/199 [00:00<00:00, 3175.91it/s, Materializing param=encoder.layer.3.attention.self.key.weight]
5565.1s 1480 Loading weights:  30%|███       | 60/199 [00:00<00:00, 3214.19it/s, Materializing param=encoder.layer.3.attention.self.query.bias]
5565.1s 1481 Loading weights:  30%|███       | 60/199 [00:00<00:00, 3205.22it/s, Materializing param=encoder.layer.3.attention.self.query.bias]
5565.1s 1482 Loading weights:  31%|███       | 61/199 [00:00<00:00, 3242.95it/s, Materializing param=encoder.layer.3.attention.self.query.weight]
5565.1s 1483 Loading weights:  31%|███       | 61/199 [00:00<00:00, 3234.46it/s, Materializing param=encoder.layer.3.attention.self.query.weight]
5565.1s 1484 Loading weights:  31%|███       | 62/199 [00:00<00:00, 3270.82it/s, Materializing param=encoder.layer.3.attention.self.value.bias]
5565.1s 1485 Loading weights:  31%|███       | 62/199 [00:00<00:00, 3259.84it/s, Materializing param=encoder.layer.3.attention.self.value.bias]
5565.1s 1486 Loading weights:  32%|███▏      | 63/199 [00:00<00:00, 3296.13it/s, Materializing param=encoder.layer.3.attention.self.value.weight]
5565.1s 1487 Loading weights:  32%|███▏      | 63/199 [00:00<00:00, 3287.64it/s, Materializing param=encoder.layer.3.attention.self.value.weight]
5565.1s 1488 Loading weights:  32%|███▏      | 64/199 [00:00<00:00, 3324.44it/s, Materializing param=encoder.layer.3.intermediate.dense.bias]
5565.1s 1489 Loading weights:  32%|███▏      | 64/199 [00:00<00:00, 3315.94it/s, Materializing param=encoder.layer.3.intermediate.dense.bias]
5565.1s 1490 Loading weights:  33%|███▎      | 65/199 [00:00<00:00, 3352.60it/s, Materializing param=encoder.layer.3.intermediate.dense.weight]
5565.1s 1491 Loading weights:  33%|███▎      | 65/199 [00:00<00:00, 3344.21it/s, Materializing param=encoder.layer.3.intermediate.dense.weight]
5565.1s 1492 Loading weights:  33%|███▎      | 66/199 [00:00<00:00, 3380.48it/s, Materializing param=encoder.layer.3.output.LayerNorm.bias]
5565.1s 1493 Loading weights:  33%|███▎      | 66/199 [00:00<00:00, 3372.16it/s, Materializing param=encoder.layer.3.output.LayerNorm.bias]
5565.1s 1494 Loading weights:  34%|███▎      | 67/199 [00:00<00:00, 3408.06it/s, Materializing param=encoder.layer.3.output.LayerNorm.weight]
5565.1s 1495 Loading weights:  34%|███▎      | 67/199 [00:00<00:00, 3399.20it/s, Materializing param=encoder.layer.3.output.LayerNorm.weight]
5565.1s 1496 Loading weights:  34%|███▍      | 68/199 [00:00<00:00, 3434.68it/s, Materializing param=encoder.layer.3.output.dense.bias]
5565.1s 1497 Loading weights:  34%|███▍      | 68/199 [00:00<00:00, 3426.22it/s, Materializing param=encoder.layer.3.output.dense.bias]
5565.1s 1498 Loading weights:  35%|███▍      | 69/199 [00:00<00:00, 3460.69it/s, Materializing param=encoder.layer.3.output.dense.weight]
5565.1s 1499 Loading weights:  35%|███▍      | 69/199 [00:00<00:00, 3449.59it/s, Materializing param=encoder.layer.3.output.dense.weight]
5565.1s 1500 Loading weights:  35%|███▌      | 70/199 [00:00<00:00, 3483.72it/s, Materializing param=encoder.layer.4.attention.output.LayerNorm.bias]
5565.1s 1501 Loading weights:  35%|███▌      | 70/199 [00:00<00:00, 3474.86it/s, Materializing param=encoder.layer.4.attention.output.LayerNorm.bias]
5565.1s 1502 Loading weights:  36%|███▌      | 71/199 [00:00<00:00, 3508.39it/s, Materializing param=encoder.layer.4.attention.output.LayerNorm.weight]
5565.1s 1503 Loading weights:  36%|███▌      | 71/199 [00:00<00:00, 3499.28it/s, Materializing param=encoder.layer.4.attention.output.LayerNorm.weight]
5565.1s 1504 Loading weights:  36%|███▌      | 72/199 [00:00<00:00, 3532.33it/s, Materializing param=encoder.layer.4.attention.output.dense.bias]
5565.1s 1505 Loading weights:  36%|███▌      | 72/199 [00:00<00:00, 3523.51it/s, Materializing param=encoder.layer.4.attention.output.dense.bias]
5565.1s 1506 Loading weights:  37%|███▋      | 73/199 [00:00<00:00, 3556.56it/s, Materializing param=encoder.layer.4.attention.output.dense.weight]
5565.1s 1507 Loading weights:  37%|███▋      | 73/199 [00:00<00:00, 3547.45it/s, Materializing param=encoder.layer.4.attention.output.dense.weight]
5565.1s 1508 Loading weights:  37%|███▋      | 74/199 [00:00<00:00, 3579.79it/s, Materializing param=encoder.layer.4.attention.self.key.bias]
5565.1s 1509 Loading weights:  37%|███▋      | 74/199 [00:00<00:00, 3567.98it/s, Materializing param=encoder.layer.4.attention.self.key.bias]
5565.1s 1510 Loading weights:  38%|███▊      | 75/199 [00:00<00:00, 3599.73it/s, Materializing param=encoder.layer.4.attention.self.key.weight]
5565.1s 1511 Loading weights:  38%|███▊      | 75/199 [00:00<00:00, 3591.10it/s, Materializing param=encoder.layer.4.attention.self.key.weight]
5565.1s 1512 Loading weights:  38%|███▊      | 76/199 [00:00<00:00, 3619.39it/s, Materializing param=encoder.layer.4.attention.self.query.bias]
5565.1s 1513 Loading weights:  38%|███▊      | 76/199 [00:00<00:00, 3610.41it/s, Materializing param=encoder.layer.4.attention.self.query.bias]
5565.1s 1514 Loading weights:  39%|███▊      | 77/199 [00:00<00:00, 3642.00it/s, Materializing param=encoder.layer.4.attention.self.query.weight]
5565.1s 1515 Loading weights:  39%|███▊      | 77/199 [00:00<00:00, 3633.43it/s, Materializing param=encoder.layer.4.attention.self.query.weight]
5565.1s 1516 Loading weights:  39%|███▉      | 78/199 [00:00<00:00, 3664.87it/s, Materializing param=encoder.layer.4.attention.self.value.bias]
5565.1s 1517 Loading weights:  39%|███▉      | 78/199 [00:00<00:00, 3656.27it/s, Materializing param=encoder.layer.4.attention.self.value.bias]
5565.1s 1518 Loading weights:  40%|███▉      | 79/199 [00:00<00:00, 3687.65it/s, Materializing param=encoder.layer.4.attention.self.value.weight]
5565.1s 1519 Loading weights:  40%|███▉      | 79/199 [00:00<00:00, 3679.13it/s, Materializing param=encoder.layer.4.attention.self.value.weight]
5565.1s 1520 Loading weights:  40%|████      | 80/199 [00:00<00:00, 3710.50it/s, Materializing param=encoder.layer.4.intermediate.dense.bias]
5565.1s 1521 Loading weights:  40%|████      | 80/199 [00:00<00:00, 3701.99it/s, Materializing param=encoder.layer.4.intermediate.dense.bias]
5565.1s 1522 Loading weights:  41%|████      | 81/199 [00:00<00:00, 3732.82it/s, Materializing param=encoder.layer.4.intermediate.dense.weight]
5565.1s 1523 Loading weights:  41%|████      | 81/199 [00:00<00:00, 3724.35it/s, Materializing param=encoder.layer.4.intermediate.dense.weight]
5565.1s 1524 Loading weights:  41%|████      | 82/199 [00:00<00:00, 3755.14it/s, Materializing param=encoder.layer.4.output.LayerNorm.bias]
5565.1s 1525 Loading weights:  41%|████      | 82/199 [00:00<00:00, 3746.91it/s, Materializing param=encoder.layer.4.output.LayerNorm.bias]
5565.1s 1526 Loading weights:  42%|████▏     | 83/199 [00:00<00:00, 3774.06it/s, Materializing param=encoder.layer.4.output.LayerNorm.weight]
5565.1s 1527 Loading weights:  42%|████▏     | 83/199 [00:00<00:00, 3765.33it/s, Materializing param=encoder.layer.4.output.LayerNorm.weight]
5565.1s 1528 Loading weights:  42%|████▏     | 84/199 [00:00<00:00, 3795.63it/s, Materializing param=encoder.layer.4.output.dense.bias]
5565.1s 1529 Loading weights:  42%|████▏     | 84/199 [00:00<00:00, 3787.34it/s, Materializing param=encoder.layer.4.output.dense.bias]
5565.1s 1530 Loading weights:  43%|████▎     | 85/199 [00:00<00:00, 3817.45it/s, Materializing param=encoder.layer.4.output.dense.weight]
5565.1s 1531 Loading weights:  43%|████▎     | 85/199 [00:00<00:00, 3809.17it/s, Materializing param=encoder.layer.4.output.dense.weight]
5565.1s 1532 Loading weights:  43%|████▎     | 86/199 [00:00<00:00, 3839.10it/s, Materializing param=encoder.layer.5.attention.output.LayerNorm.bias]
5565.1s 1533 Loading weights:  43%|████▎     | 86/199 [00:00<00:00, 3830.50it/s, Materializing param=encoder.layer.5.attention.output.LayerNorm.bias]
5565.1s 1534 Loading weights:  44%|████▎     | 87/199 [00:00<00:00, 3859.54it/s, Materializing param=encoder.layer.5.attention.output.LayerNorm.weight]
5565.1s 1535 Loading weights:  44%|████▎     | 87/199 [00:00<00:00, 3850.91it/s, Materializing param=encoder.layer.5.attention.output.LayerNorm.weight]
5565.1s 1536 Loading weights:  44%|████▍     | 88/199 [00:00<00:00, 3879.13it/s, Materializing param=encoder.layer.5.attention.output.dense.bias]
5565.1s 1537 Loading weights:  44%|████▍     | 88/199 [00:00<00:00, 3870.34it/s, Materializing param=encoder.layer.5.attention.output.dense.bias]
5565.1s 1538 Loading weights:  45%|████▍     | 89/199 [00:00<00:00, 3898.30it/s, Materializing param=encoder.layer.5.attention.output.dense.weight]
5565.1s 1539 Loading weights:  45%|████▍     | 89/199 [00:00<00:00, 3889.77it/s, Materializing param=encoder.layer.5.attention.output.dense.weight]
5565.1s 1540 Loading weights:  45%|████▌     | 90/199 [00:00<00:00, 3914.67it/s, Materializing param=encoder.layer.5.attention.self.key.bias]
5565.1s 1541 Loading weights:  45%|████▌     | 90/199 [00:00<00:00, 3905.80it/s, Materializing param=encoder.layer.5.attention.self.key.bias]
5565.1s 1542 Loading weights:  46%|████▌     | 91/199 [00:00<00:00, 3933.40it/s, Materializing param=encoder.layer.5.attention.self.key.weight]
5565.1s 1543 Loading weights:  46%|████▌     | 91/199 [00:00<00:00, 3925.03it/s, Materializing param=encoder.layer.5.attention.self.key.weight]
5565.1s 1544 Loading weights:  46%|████▌     | 92/199 [00:00<00:00, 3952.84it/s, Materializing param=encoder.layer.5.attention.self.query.bias]
5565.1s 1545 Loading weights:  46%|████▌     | 92/199 [00:00<00:00, 3944.43it/s, Materializing param=encoder.layer.5.attention.self.query.bias]
5565.1s 1546 Loading weights:  47%|████▋     | 93/199 [00:00<00:00, 3972.12it/s, Materializing param=encoder.layer.5.attention.self.query.weight]
5565.1s 1547 Loading weights:  47%|████▋     | 93/199 [00:00<00:00, 3963.73it/s, Materializing param=encoder.layer.5.attention.self.query.weight]
5565.1s 1548 Loading weights:  47%|████▋     | 94/199 [00:00<00:00, 3991.06it/s, Materializing param=encoder.layer.5.attention.self.value.bias]
5565.1s 1549 Loading weights:  47%|████▋     | 94/199 [00:00<00:00, 3982.63it/s, Materializing param=encoder.layer.5.attention.self.value.bias]
5565.1s 1550 Loading weights:  48%|████▊     | 95/199 [00:00<00:00, 4009.57it/s, Materializing param=encoder.layer.5.attention.self.value.weight]
5565.1s 1551 Loading weights:  48%|████▊     | 95/199 [00:00<00:00, 4000.91it/s, Materializing param=encoder.layer.5.attention.self.value.weight]
5565.1s 1552 Loading weights:  48%|████▊     | 96/199 [00:00<00:00, 4027.46it/s, Materializing param=encoder.layer.5.intermediate.dense.bias]
5565.1s 1553 Loading weights:  48%|████▊     | 96/199 [00:00<00:00, 4019.02it/s, Materializing param=encoder.layer.5.intermediate.dense.bias]
5565.1s 1554 Loading weights:  49%|████▊     | 97/199 [00:00<00:00, 4042.12it/s, Materializing param=encoder.layer.5.intermediate.dense.weight]
5565.1s 1555 Loading weights:  49%|████▊     | 97/199 [00:00<00:00, 4033.26it/s, Materializing param=encoder.layer.5.intermediate.dense.weight]
5565.1s 1556 Loading weights:  49%|████▉     | 98/199 [00:00<00:00, 4059.63it/s, Materializing param=encoder.layer.5.output.LayerNorm.bias]
5565.1s 1557 Loading weights:  49%|████▉     | 98/199 [00:00<00:00, 4051.47it/s, Materializing param=encoder.layer.5.output.LayerNorm.bias]
5565.1s 1558 Loading weights:  50%|████▉     | 99/199 [00:00<00:00, 4078.10it/s, Materializing param=encoder.layer.5.output.LayerNorm.weight]
5565.1s 1559 Loading weights:  50%|████▉     | 99/199 [00:00<00:00, 4069.86it/s, Materializing param=encoder.layer.5.output.LayerNorm.weight]
5565.1s 1560 Loading weights:  50%|█████     | 100/199 [00:00<00:00, 4096.56it/s, Materializing param=encoder.layer.5.output.dense.bias]
5565.1s 1561 Loading weights:  50%|█████     | 100/199 [00:00<00:00, 4088.37it/s, Materializing param=encoder.layer.5.output.dense.bias]
5565.1s 1562 Loading weights:  51%|█████     | 101/199 [00:00<00:00, 4114.86it/s, Materializing param=encoder.layer.5.output.dense.weight]
5565.1s 1563 Loading weights:  51%|█████     | 101/199 [00:00<00:00, 4106.80it/s, Materializing param=encoder.layer.5.output.dense.weight]
5565.1s 1564 Loading weights:  51%|█████▏    | 102/199 [00:00<00:00, 4133.16it/s, Materializing param=encoder.layer.6.attention.output.LayerNorm.bias]
5565.1s 1565 Loading weights:  51%|█████▏    | 102/199 [00:00<00:00, 4124.07it/s, Materializing param=encoder.layer.6.attention.output.LayerNorm.bias]
5565.1s 1566 Loading weights:  52%|█████▏    | 103/199 [00:00<00:00, 4148.67it/s, Materializing param=encoder.layer.6.attention.output.LayerNorm.weight]
5565.1s 1567 Loading weights:  52%|█████▏    | 103/199 [00:00<00:00, 4139.84it/s, Materializing param=encoder.layer.6.attention.output.LayerNorm.weight]
5565.1s 1568 Loading weights:  52%|█████▏    | 104/199 [00:00<00:00, 4161.17it/s, Materializing param=encoder.layer.6.attention.output.dense.bias]
5565.1s 1569 Loading weights:  52%|█████▏    | 104/199 [00:00<00:00, 4152.38it/s, Materializing param=encoder.layer.6.attention.output.dense.bias]
5565.1s 1570 Loading weights:  53%|█████▎    | 105/199 [00:00<00:00, 4176.76it/s, Materializing param=encoder.layer.6.attention.output.dense.weight]
5565.1s 1571 Loading weights:  53%|█████▎    | 105/199 [00:00<00:00, 4167.83it/s, Materializing param=encoder.layer.6.attention.output.dense.weight]
5565.1s 1572 Loading weights:  53%|█████▎    | 106/199 [00:00<00:00, 4192.09it/s, Materializing param=encoder.layer.6.attention.self.key.bias]
5565.1s 1573 Loading weights:  53%|█████▎    | 106/199 [00:00<00:00, 4183.77it/s, Materializing param=encoder.layer.6.attention.self.key.bias]
5565.1s 1574 Loading weights:  54%|█████▍    | 107/199 [00:00<00:00, 4203.61it/s, Materializing param=encoder.layer.6.attention.self.key.weight]
5565.1s 1575 Loading weights:  54%|█████▍    | 107/199 [00:00<00:00, 4194.85it/s, Materializing param=encoder.layer.6.attention.self.key.weight]
5565.1s 1576 Loading weights:  54%|█████▍    | 108/199 [00:00<00:00, 4218.29it/s, Materializing param=encoder.layer.6.attention.self.query.bias]
5565.1s 1577 Loading weights:  54%|█████▍    | 108/199 [00:00<00:00, 4209.50it/s, Materializing param=encoder.layer.6.attention.self.query.bias]
5565.1s 1578 Loading weights:  55%|█████▍    | 109/199 [00:00<00:00, 4231.53it/s, Materializing param=encoder.layer.6.attention.self.query.weight]
5565.1s 1579 Loading weights:  55%|█████▍    | 109/199 [00:00<00:00, 4222.43it/s, Materializing param=encoder.layer.6.attention.self.query.weight]
5565.1s 1580 Loading weights:  55%|█████▌    | 110/199 [00:00<00:00, 4245.17it/s, Materializing param=encoder.layer.6.attention.self.value.bias]
5565.1s 1581 Loading weights:  55%|█████▌    | 110/199 [00:00<00:00, 4235.08it/s, Materializing param=encoder.layer.6.attention.self.value.bias]
5565.1s 1582 Loading weights:  56%|█████▌    | 111/199 [00:00<00:00, 4254.48it/s, Materializing param=encoder.layer.6.attention.self.value.weight]
5565.1s 1583 Loading weights:  56%|█████▌    | 111/199 [00:00<00:00, 4245.79it/s, Materializing param=encoder.layer.6.attention.self.value.weight]
5565.1s 1584 Loading weights:  56%|█████▋    | 112/199 [00:00<00:00, 4268.39it/s, Materializing param=encoder.layer.6.intermediate.dense.bias]
5565.1s 1585 Loading weights:  56%|█████▋    | 112/199 [00:00<00:00, 4259.80it/s, Materializing param=encoder.layer.6.intermediate.dense.bias]
5565.1s 1586 Loading weights:  57%|█████▋    | 113/199 [00:00<00:00, 4282.57it/s, Materializing param=encoder.layer.6.intermediate.dense.weight]
5565.1s 1587 Loading weights:  57%|█████▋    | 113/199 [00:00<00:00, 4274.04it/s, Materializing param=encoder.layer.6.intermediate.dense.weight]
5565.1s 1588 Loading weights:  57%|█████▋    | 114/199 [00:00<00:00, 4296.63it/s, Materializing param=encoder.layer.6.output.LayerNorm.bias]
5565.1s 1589 Loading weights:  57%|█████▋    | 114/199 [00:00<00:00, 4288.23it/s, Materializing param=encoder.layer.6.output.LayerNorm.bias]
5565.1s 1590 Loading weights:  58%|█████▊    | 115/199 [00:00<00:00, 4308.54it/s, Materializing param=encoder.layer.6.output.LayerNorm.weight]
5565.1s 1591 Loading weights:  58%|█████▊    | 115/199 [00:00<00:00, 4300.05it/s, Materializing param=encoder.layer.6.output.LayerNorm.weight]
5565.1s 1592 Loading weights:  58%|█████▊    | 116/199 [00:00<00:00, 4322.87it/s, Materializing param=encoder.layer.6.output.dense.bias]
5565.1s 1593 Loading weights:  58%|█████▊    | 116/199 [00:00<00:00, 4315.05it/s, Materializing param=encoder.layer.6.output.dense.bias]
5565.1s 1594 Loading weights:  59%|█████▉    | 117/199 [00:00<00:00, 4335.10it/s, Materializing param=encoder.layer.6.output.dense.weight]
5565.1s 1595 Loading weights:  59%|█████▉    | 117/199 [00:00<00:00, 4326.69it/s, Materializing param=encoder.layer.6.output.dense.weight]
5565.1s 1596 Loading weights:  59%|█████▉    | 118/199 [00:00<00:00, 4349.10it/s, Materializing param=encoder.layer.7.attention.output.LayerNorm.bias]
5565.1s 1597 Loading weights:  59%|█████▉    | 118/199 [00:00<00:00, 4340.90it/s, Materializing param=encoder.layer.7.attention.output.LayerNorm.bias]
5565.1s 1598 Loading weights:  60%|█████▉    | 119/199 [00:00<00:00, 4362.88it/s, Materializing param=encoder.layer.7.attention.output.LayerNorm.weight]
5565.1s 1599 Loading weights:  60%|█████▉    | 119/199 [00:00<00:00, 4354.81it/s, Materializing param=encoder.layer.7.attention.output.LayerNorm.weight]
5565.1s 1600 Loading weights:  60%|██████    | 120/199 [00:00<00:00, 4377.24it/s, Materializing param=encoder.layer.7.attention.output.dense.bias]
5565.1s 1601 Loading weights:  60%|██████    | 120/199 [00:00<00:00, 4369.26it/s, Materializing param=encoder.layer.7.attention.output.dense.bias]
5565.1s 1602 Loading weights:  61%|██████    | 121/199 [00:00<00:00, 4390.84it/s, Materializing param=encoder.layer.7.attention.output.dense.weight]
5565.1s 1603 Loading weights:  61%|██████    | 121/199 [00:00<00:00, 4382.65it/s, Materializing param=encoder.layer.7.attention.output.dense.weight]
5565.1s 1604 Loading weights:  61%|██████▏   | 122/199 [00:00<00:00, 4404.00it/s, Materializing param=encoder.layer.7.attention.self.key.bias]
5565.1s 1605 Loading weights:  61%|██████▏   | 122/199 [00:00<00:00, 4395.98it/s, Materializing param=encoder.layer.7.attention.self.key.bias]
5565.1s 1606 Loading weights:  62%|██████▏   | 123/199 [00:00<00:00, 4417.93it/s, Materializing param=encoder.layer.7.attention.self.key.weight]
5565.1s 1607 Loading weights:  62%|██████▏   | 123/199 [00:00<00:00, 4410.19it/s, Materializing param=encoder.layer.7.attention.self.key.weight]
5565.1s 1608 Loading weights:  62%|██████▏   | 124/199 [00:00<00:00, 4428.03it/s, Materializing param=encoder.layer.7.attention.self.query.bias]
5565.1s 1609 Loading weights:  62%|██████▏   | 124/199 [00:00<00:00, 4419.41it/s, Materializing param=encoder.layer.7.attention.self.query.bias]
5565.1s 1610 Loading weights:  63%|██████▎   | 125/199 [00:00<00:00, 4440.63it/s, Materializing param=encoder.layer.7.attention.self.query.weight]
5565.1s 1611 Loading weights:  63%|██████▎   | 125/199 [00:00<00:00, 4432.75it/s, Materializing param=encoder.layer.7.attention.self.query.weight]
5565.1s 1612 Loading weights:  63%|██████▎   | 126/199 [00:00<00:00, 4454.32it/s, Materializing param=encoder.layer.7.attention.self.value.bias]
5565.1s 1613 Loading weights:  63%|██████▎   | 126/199 [00:00<00:00, 4446.60it/s, Materializing param=encoder.layer.7.attention.self.value.bias]
5565.1s 1614 Loading weights:  64%|██████▍   | 127/199 [00:00<00:00, 4468.24it/s, Materializing param=encoder.layer.7.attention.self.value.weight]
5565.1s 1615 Loading weights:  64%|██████▍   | 127/199 [00:00<00:00, 4460.46it/s, Materializing param=encoder.layer.7.attention.self.value.weight]
5565.1s 1616 Loading weights:  64%|██████▍   | 128/199 [00:00<00:00, 4481.73it/s, Materializing param=encoder.layer.7.intermediate.dense.bias]
5565.1s 1617 Loading weights:  64%|██████▍   | 128/199 [00:00<00:00, 4474.11it/s, Materializing param=encoder.layer.7.intermediate.dense.bias]
5565.1s 1618 Loading weights:  65%|██████▍   | 129/199 [00:00<00:00, 4494.98it/s, Materializing param=encoder.layer.7.intermediate.dense.weight]
5565.1s 1619 Loading weights:  65%|██████▍   | 129/199 [00:00<00:00, 4487.11it/s, Materializing param=encoder.layer.7.intermediate.dense.weight]
5565.1s 1620 Loading weights:  65%|██████▌   | 130/199 [00:00<00:00, 4508.03it/s, Materializing param=encoder.layer.7.output.LayerNorm.bias]
5565.1s 1621 Loading weights:  65%|██████▌   | 130/199 [00:00<00:00, 4500.40it/s, Materializing param=encoder.layer.7.output.LayerNorm.bias]
5565.1s 1622 Loading weights:  66%|██████▌   | 131/199 [00:00<00:00, 4517.12it/s, Materializing param=encoder.layer.7.output.LayerNorm.weight]
5565.1s 1623 Loading weights:  66%|██████▌   | 131/199 [00:00<00:00, 4508.82it/s, Materializing param=encoder.layer.7.output.LayerNorm.weight]
5565.1s 1624 Loading weights:  66%|██████▋   | 132/199 [00:00<00:00, 4529.15it/s, Materializing param=encoder.layer.7.output.dense.bias]
5565.1s 1625 Loading weights:  66%|██████▋   | 132/199 [00:00<00:00, 4521.57it/s, Materializing param=encoder.layer.7.output.dense.bias]
5565.1s 1626 Loading weights:  67%|██████▋   | 133/199 [00:00<00:00, 4542.28it/s, Materializing param=encoder.layer.7.output.dense.weight]
5565.1s 1627 Loading weights:  67%|██████▋   | 133/199 [00:00<00:00, 4534.86it/s, Materializing param=encoder.layer.7.output.dense.weight]
5565.1s 1628 Loading weights:  67%|██████▋   | 134/199 [00:00<00:00, 4555.29it/s, Materializing param=encoder.layer.8.attention.output.LayerNorm.bias]
5565.1s 1629 Loading weights:  67%|██████▋   | 134/199 [00:00<00:00, 4547.59it/s, Materializing param=encoder.layer.8.attention.output.LayerNorm.bias]
5565.1s 1630 Loading weights:  68%|██████▊   | 135/199 [00:00<00:00, 4567.45it/s, Materializing param=encoder.layer.8.attention.output.LayerNorm.weight]
5565.1s 1631 Loading weights:  68%|██████▊   | 135/199 [00:00<00:00, 4559.69it/s, Materializing param=encoder.layer.8.attention.output.LayerNorm.weight]
5565.1s 1632 Loading weights:  68%|██████▊   | 136/199 [00:00<00:00, 4579.30it/s, Materializing param=encoder.layer.8.attention.output.dense.bias]
5565.1s 1633 Loading weights:  68%|██████▊   | 136/199 [00:00<00:00, 4571.49it/s, Materializing param=encoder.layer.8.attention.output.dense.bias]
5565.1s 1634 Loading weights:  69%|██████▉   | 137/199 [00:00<00:00, 4591.08it/s, Materializing param=encoder.layer.8.attention.output.dense.weight]
5565.1s 1635 Loading weights:  69%|██████▉   | 137/199 [00:00<00:00, 4583.50it/s, Materializing param=encoder.layer.8.attention.output.dense.weight]
5565.1s 1636 Loading weights:  69%|██████▉   | 138/199 [00:00<00:00, 4599.68it/s, Materializing param=encoder.layer.8.attention.self.key.bias]
5565.1s 1637 Loading weights:  69%|██████▉   | 138/199 [00:00<00:00, 4591.32it/s, Materializing param=encoder.layer.8.attention.self.key.bias]
5565.1s 1638 Loading weights:  70%|██████▉   | 139/199 [00:00<00:00, 4610.26it/s, Materializing param=encoder.layer.8.attention.self.key.weight]
5565.1s 1639 Loading weights:  70%|██████▉   | 139/199 [00:00<00:00, 4602.54it/s, Materializing param=encoder.layer.8.attention.self.key.weight]
5565.1s 1640 Loading weights:  70%|███████   | 140/199 [00:00<00:00, 4621.79it/s, Materializing param=encoder.layer.8.attention.self.query.bias]
5565.1s 1641 Loading weights:  70%|███████   | 140/199 [00:00<00:00, 4614.30it/s, Materializing param=encoder.layer.8.attention.self.query.bias]
5565.1s 1642 Loading weights:  71%|███████   | 141/199 [00:00<00:00, 4633.54it/s, Materializing param=encoder.layer.8.attention.self.query.weight]
5565.1s 1643 Loading weights:  71%|███████   | 141/199 [00:00<00:00, 4626.11it/s, Materializing param=encoder.layer.8.attention.self.query.weight]
5565.1s 1644 Loading weights:  71%|███████▏  | 142/199 [00:00<00:00, 4645.40it/s, Materializing param=encoder.layer.8.attention.self.value.bias]
5565.1s 1645 Loading weights:  71%|███████▏  | 142/199 [00:00<00:00, 4637.91it/s, Materializing param=encoder.layer.8.attention.self.value.bias]
5565.1s 1646 Loading weights:  72%|███████▏  | 143/199 [00:00<00:00, 4656.68it/s, Materializing param=encoder.layer.8.attention.self.value.weight]
5565.1s 1647 Loading weights:  72%|███████▏  | 143/199 [00:00<00:00, 4649.07it/s, Materializing param=encoder.layer.8.attention.self.value.weight]
5565.1s 1648 Loading weights:  72%|███████▏  | 144/199 [00:00<00:00, 4667.90it/s, Materializing param=encoder.layer.8.intermediate.dense.bias]
5565.1s 1649 Loading weights:  72%|███████▏  | 144/199 [00:00<00:00, 4660.48it/s, Materializing param=encoder.layer.8.intermediate.dense.bias]
5565.1s 1650 Loading weights:  73%|███████▎  | 145/199 [00:00<00:00, 4673.95it/s, Materializing param=encoder.layer.8.intermediate.dense.weight]
5565.1s 1651 Loading weights:  73%|███████▎  | 145/199 [00:00<00:00, 4665.77it/s, Materializing param=encoder.layer.8.intermediate.dense.weight]
5565.1s 1652 Loading weights:  73%|███████▎  | 146/199 [00:00<00:00, 4683.51it/s, Materializing param=encoder.layer.8.output.LayerNorm.bias]
5565.1s 1653 Loading weights:  73%|███████▎  | 146/199 [00:00<00:00, 4675.64it/s, Materializing param=encoder.layer.8.output.LayerNorm.bias]
5565.1s 1654 Loading weights:  74%|███████▍  | 147/199 [00:00<00:00, 4693.51it/s, Materializing param=encoder.layer.8.output.LayerNorm.weight]
5565.1s 1655 Loading weights:  74%|███████▍  | 147/199 [00:00<00:00, 4685.63it/s, Materializing param=encoder.layer.8.output.LayerNorm.weight]
5565.1s 1656 Loading weights:  74%|███████▍  | 148/199 [00:00<00:00, 4703.74it/s, Materializing param=encoder.layer.8.output.dense.bias]
5565.1s 1657 Loading weights:  74%|███████▍  | 148/199 [00:00<00:00, 4696.02it/s, Materializing param=encoder.layer.8.output.dense.bias]
5565.1s 1658 Loading weights:  75%|███████▍  | 149/199 [00:00<00:00, 4714.02it/s, Materializing param=encoder.layer.8.output.dense.weight]
5565.1s 1659 Loading weights:  75%|███████▍  | 149/199 [00:00<00:00, 4706.38it/s, Materializing param=encoder.layer.8.output.dense.weight]
5565.1s 1660 Loading weights:  75%|███████▌  | 150/199 [00:00<00:00, 4723.74it/s, Materializing param=encoder.layer.9.attention.output.LayerNorm.bias]
5565.1s 1661 Loading weights:  75%|███████▌  | 150/199 [00:00<00:00, 4715.60it/s, Materializing param=encoder.layer.9.attention.output.LayerNorm.bias]
5565.1s 1662 Loading weights:  76%|███████▌  | 151/199 [00:00<00:00, 4732.63it/s, Materializing param=encoder.layer.9.attention.output.LayerNorm.weight]
5565.1s 1663 Loading weights:  76%|███████▌  | 151/199 [00:00<00:00, 4723.46it/s, Materializing param=encoder.layer.9.attention.output.LayerNorm.weight]
5565.1s 1664 Loading weights:  76%|███████▋  | 152/199 [00:00<00:00, 4737.74it/s, Materializing param=encoder.layer.9.attention.output.dense.bias]
5565.1s 1665 Loading weights:  76%|███████▋  | 152/199 [00:00<00:00, 4729.73it/s, Materializing param=encoder.layer.9.attention.output.dense.bias]
5565.1s 1666 Loading weights:  77%|███████▋  | 153/199 [00:00<00:00, 4745.28it/s, Materializing param=encoder.layer.9.attention.output.dense.weight]
5565.1s 1667 Loading weights:  77%|███████▋  | 153/199 [00:00<00:00, 4738.03it/s, Materializing param=encoder.layer.9.attention.output.dense.weight]
5565.1s 1668 Loading weights:  77%|███████▋  | 154/199 [00:00<00:00, 4755.87it/s, Materializing param=encoder.layer.9.attention.self.key.bias]
5565.1s 1669 Loading weights:  77%|███████▋  | 154/199 [00:00<00:00, 4748.59it/s, Materializing param=encoder.layer.9.attention.self.key.bias]
5565.1s 1670 Loading weights:  78%|███████▊  | 155/199 [00:00<00:00, 4766.25it/s, Materializing param=encoder.layer.9.attention.self.key.weight]
5565.1s 1671 Loading weights:  78%|███████▊  | 155/199 [00:00<00:00, 4759.07it/s, Materializing param=encoder.layer.9.attention.self.key.weight]
5565.1s 1672 Loading weights:  78%|███████▊  | 156/199 [00:00<00:00, 4776.80it/s, Materializing param=encoder.layer.9.attention.self.query.bias]
5565.1s 1673 Loading weights:  78%|███████▊  | 156/199 [00:00<00:00, 4769.38it/s, Materializing param=encoder.layer.9.attention.self.query.bias]
5565.1s 1674 Loading weights:  79%|███████▉  | 157/199 [00:00<00:00, 4786.80it/s, Materializing param=encoder.layer.9.attention.self.query.weight]
5565.1s 1675 Loading weights:  79%|███████▉  | 157/199 [00:00<00:00, 4779.54it/s, Materializing param=encoder.layer.9.attention.self.query.weight]
5565.1s 1676 Loading weights:  79%|███████▉  | 158/199 [00:00<00:00, 4796.27it/s, Materializing param=encoder.layer.9.attention.self.value.bias]
5565.1s 1677 Loading weights:  79%|███████▉  | 158/199 [00:00<00:00, 4787.08it/s, Materializing param=encoder.layer.9.attention.self.value.bias]
5565.1s 1678 Loading weights:  80%|███████▉  | 159/199 [00:00<00:00, 4803.78it/s, Materializing param=encoder.layer.9.attention.self.value.weight]
5565.1s 1679 Loading weights:  80%|███████▉  | 159/199 [00:00<00:00, 4796.63it/s, Materializing param=encoder.layer.9.attention.self.value.weight]
5565.1s 1680 Loading weights:  80%|████████  | 160/199 [00:00<00:00, 4814.16it/s, Materializing param=encoder.layer.9.intermediate.dense.bias]
5565.1s 1681 Loading weights:  80%|████████  | 160/199 [00:00<00:00, 4807.09it/s, Materializing param=encoder.layer.9.intermediate.dense.bias]
5565.1s 1682 Loading weights:  81%|████████  | 161/199 [00:00<00:00, 4824.48it/s, Materializing param=encoder.layer.9.intermediate.dense.weight]
5565.1s 1683 Loading weights:  81%|████████  | 161/199 [00:00<00:00, 4817.36it/s, Materializing param=encoder.layer.9.intermediate.dense.weight]
5565.1s 1684 Loading weights:  81%|████████▏ | 162/199 [00:00<00:00, 4834.66it/s, Materializing param=encoder.layer.9.output.LayerNorm.bias]
5565.1s 1685 Loading weights:  81%|████████▏ | 162/199 [00:00<00:00, 4827.44it/s, Materializing param=encoder.layer.9.output.LayerNorm.bias]
5565.1s 1686 Loading weights:  82%|████████▏ | 163/199 [00:00<00:00, 4844.41it/s, Materializing param=encoder.layer.9.output.LayerNorm.weight]
5565.1s 1687 Loading weights:  82%|████████▏ | 163/199 [00:00<00:00, 4836.87it/s, Materializing param=encoder.layer.9.output.LayerNorm.weight]
5565.1s 1688 Loading weights:  82%|████████▏ | 164/199 [00:00<00:00, 4853.42it/s, Materializing param=encoder.layer.9.output.dense.bias]
5565.1s 1689 Loading weights:  82%|████████▏ | 164/199 [00:00<00:00, 4846.34it/s, Materializing param=encoder.layer.9.output.dense.bias]
5565.1s 1690 Loading weights:  83%|████████▎ | 165/199 [00:00<00:00, 4861.85it/s, Materializing param=encoder.layer.9.output.dense.weight]
5565.1s 1691 Loading weights:  83%|████████▎ | 165/199 [00:00<00:00, 4853.02it/s, Materializing param=encoder.layer.9.output.dense.weight]
5565.1s 1692 Loading weights:  83%|████████▎ | 166/199 [00:00<00:00, 4869.12it/s, Materializing param=encoder.layer.10.attention.output.LayerNorm.bias]
5565.1s 1693 Loading weights:  83%|████████▎ | 166/199 [00:00<00:00, 4861.81it/s, Materializing param=encoder.layer.10.attention.output.LayerNorm.bias]
5565.1s 1694 Loading weights:  84%|████████▍ | 167/199 [00:00<00:00, 4878.01it/s, Materializing param=encoder.layer.10.attention.output.LayerNorm.weight]
5565.1s 1695 Loading weights:  84%|████████▍ | 167/199 [00:00<00:00, 4870.82it/s, Materializing param=encoder.layer.10.attention.output.LayerNorm.weight]
5565.1s 1696 Loading weights:  84%|████████▍ | 168/199 [00:00<00:00, 4887.35it/s, Materializing param=encoder.layer.10.attention.output.dense.bias]
5565.1s 1697 Loading weights:  84%|████████▍ | 168/199 [00:00<00:00, 4880.34it/s, Materializing param=encoder.layer.10.attention.output.dense.bias]
5565.1s 1698 Loading weights:  85%|████████▍ | 169/199 [00:00<00:00, 4896.71it/s, Materializing param=encoder.layer.10.attention.output.dense.weight]
5565.1s 1699 Loading weights:  85%|████████▍ | 169/199 [00:00<00:00, 4889.07it/s, Materializing param=encoder.layer.10.attention.output.dense.weight]
5565.1s 1700 Loading weights:  85%|████████▌ | 170/199 [00:00<00:00, 4905.08it/s, Materializing param=encoder.layer.10.attention.self.key.bias]
5565.1s 1701 Loading weights:  85%|████████▌ | 170/199 [00:00<00:00, 4897.70it/s, Materializing param=encoder.layer.10.attention.self.key.bias]
5565.1s 1702 Loading weights:  86%|████████▌ | 171/199 [00:00<00:00, 4913.52it/s, Materializing param=encoder.layer.10.attention.self.key.weight]
5565.1s 1703 Loading weights:  86%|████████▌ | 171/199 [00:00<00:00, 4906.59it/s, Materializing param=encoder.layer.10.attention.self.key.weight]
5565.1s 1704 Loading weights:  86%|████████▋ | 172/199 [00:00<00:00, 4921.21it/s, Materializing param=encoder.layer.10.attention.self.query.bias]
5565.1s 1705 Loading weights:  86%|████████▋ | 172/199 [00:00<00:00, 4912.33it/s, Materializing param=encoder.layer.10.attention.self.query.bias]
5565.1s 1706 Loading weights:  87%|████████▋ | 173/199 [00:00<00:00, 4927.57it/s, Materializing param=encoder.layer.10.attention.self.query.weight]
5565.1s 1707 Loading weights:  87%|████████▋ | 173/199 [00:00<00:00, 4920.49it/s, Materializing param=encoder.layer.10.attention.self.query.weight]
5565.1s 1708 Loading weights:  87%|████████▋ | 174/199 [00:00<00:00, 4936.31it/s, Materializing param=encoder.layer.10.attention.self.value.bias]
5565.1s 1709 Loading weights:  87%|████████▋ | 174/199 [00:00<00:00, 4929.28it/s, Materializing param=encoder.layer.10.attention.self.value.bias]
5565.1s 1710 Loading weights:  88%|████████▊ | 175/199 [00:00<00:00, 4945.08it/s, Materializing param=encoder.layer.10.attention.self.value.weight]
5565.1s 1711 Loading weights:  88%|████████▊ | 175/199 [00:00<00:00, 4938.09it/s, Materializing param=encoder.layer.10.attention.self.value.weight]
5565.1s 1712 Loading weights:  88%|████████▊ | 176/199 [00:00<00:00, 4951.22it/s, Materializing param=encoder.layer.10.intermediate.dense.bias]
5565.1s 1713 Loading weights:  88%|████████▊ | 176/199 [00:00<00:00, 4943.76it/s, Materializing param=encoder.layer.10.intermediate.dense.bias]
5565.1s 1714 Loading weights:  89%|████████▉ | 177/199 [00:00<00:00, 4958.27it/s, Materializing param=encoder.layer.10.intermediate.dense.weight]
5565.1s 1715 Loading weights:  89%|████████▉ | 177/199 [00:00<00:00, 4950.73it/s, Materializing param=encoder.layer.10.intermediate.dense.weight]
5565.1s 1716 Loading weights:  89%|████████▉ | 178/199 [00:00<00:00, 4965.42it/s, Materializing param=encoder.layer.10.output.LayerNorm.bias]
5565.1s 1717 Loading weights:  89%|████████▉ | 178/199 [00:00<00:00, 4958.14it/s, Materializing param=encoder.layer.10.output.LayerNorm.bias]
5565.1s 1718 Loading weights:  90%|████████▉ | 179/199 [00:00<00:00, 4969.75it/s, Materializing param=encoder.layer.10.output.LayerNorm.weight]
5565.1s 1719 Loading weights:  90%|████████▉ | 179/199 [00:00<00:00, 4962.00it/s, Materializing param=encoder.layer.10.output.LayerNorm.weight]
5565.1s 1720 Loading weights:  90%|█████████ | 180/199 [00:00<00:00, 4976.47it/s, Materializing param=encoder.layer.10.output.dense.bias]
5565.1s 1721 Loading weights:  90%|█████████ | 180/199 [00:00<00:00, 4969.16it/s, Materializing param=encoder.layer.10.output.dense.bias]
5565.1s 1722 Loading weights:  91%|█████████ | 181/199 [00:00<00:00, 4983.91it/s, Materializing param=encoder.layer.10.output.dense.weight]
5565.1s 1723 Loading weights:  91%|█████████ | 181/199 [00:00<00:00, 4975.38it/s, Materializing param=encoder.layer.10.output.dense.weight]
5565.1s 1724 Loading weights:  91%|█████████▏| 182/199 [00:00<00:00, 4991.06it/s, Materializing param=encoder.layer.11.attention.output.LayerNorm.bias]
5565.1s 1725 Loading weights:  91%|█████████▏| 182/199 [00:00<00:00, 4984.22it/s, Materializing param=encoder.layer.11.attention.output.LayerNorm.bias]
5565.1s 1726 Loading weights:  92%|█████████▏| 183/199 [00:00<00:00, 4999.30it/s, Materializing param=encoder.layer.11.attention.output.LayerNorm.weight]
5565.1s 1727 Loading weights:  92%|█████████▏| 183/199 [00:00<00:00, 4992.34it/s, Materializing param=encoder.layer.11.attention.output.LayerNorm.weight]
5565.1s 1728 Loading weights:  92%|█████████▏| 184/199 [00:00<00:00, 5006.53it/s, Materializing param=encoder.layer.11.attention.output.dense.bias]
5565.1s 1729 Loading weights:  92%|█████████▏| 184/199 [00:00<00:00, 4999.59it/s, Materializing param=encoder.layer.11.attention.output.dense.bias]
5565.1s 1730 Loading weights:  93%|█████████▎| 185/199 [00:00<00:00, 5014.48it/s, Materializing param=encoder.layer.11.attention.output.dense.weight]
5565.1s 1731 Loading weights:  93%|█████████▎| 185/199 [00:00<00:00, 5006.98it/s, Materializing param=encoder.layer.11.attention.output.dense.weight]
5565.1s 1732 Loading weights:  93%|█████████▎| 186/199 [00:00<00:00, 5019.63it/s, Materializing param=encoder.layer.11.attention.self.key.bias]
5565.1s 1733 Loading weights:  93%|█████████▎| 186/199 [00:00<00:00, 5012.79it/s, Materializing param=encoder.layer.11.attention.self.key.bias]
5565.1s 1734 Loading weights:  94%|█████████▍| 187/199 [00:00<00:00, 5027.47it/s, Materializing param=encoder.layer.11.attention.self.key.weight]
5565.1s 1735 Loading weights:  94%|█████████▍| 187/199 [00:00<00:00, 5020.64it/s, Materializing param=encoder.layer.11.attention.self.key.weight]
5565.1s 1736 Loading weights:  94%|█████████▍| 188/199 [00:00<00:00, 5035.56it/s, Materializing param=encoder.layer.11.attention.self.query.bias]
5565.1s 1737 Loading weights:  94%|█████████▍| 188/199 [00:00<00:00, 5028.98it/s, Materializing param=encoder.layer.11.attention.self.query.bias]
5565.1s 1738 Loading weights:  95%|█████████▍| 189/199 [00:00<00:00, 5043.93it/s, Materializing param=encoder.layer.11.attention.self.query.weight]
5565.1s 1739 Loading weights:  95%|█████████▍| 189/199 [00:00<00:00, 5037.39it/s, Materializing param=encoder.layer.11.attention.self.query.weight]
5565.1s 1740 Loading weights:  95%|█████████▌| 190/199 [00:00<00:00, 5052.06it/s, Materializing param=encoder.layer.11.attention.self.value.bias]
5565.1s 1741 Loading weights:  95%|█████████▌| 190/199 [00:00<00:00, 5045.41it/s, Materializing param=encoder.layer.11.attention.self.value.bias]
5565.1s 1742 Loading weights:  96%|█████████▌| 191/199 [00:00<00:00, 5059.25it/s, Materializing param=encoder.layer.11.attention.self.value.weight]
5565.1s 1743 Loading weights:  96%|█████████▌| 191/199 [00:00<00:00, 5052.39it/s, Materializing param=encoder.layer.11.attention.self.value.weight]
5565.1s 1744 Loading weights:  96%|█████████▋| 192/199 [00:00<00:00, 5066.70it/s, Materializing param=encoder.layer.11.intermediate.dense.bias]
5565.1s 1745 Loading weights:  96%|█████████▋| 192/199 [00:00<00:00, 5059.38it/s, Materializing param=encoder.layer.11.intermediate.dense.bias]
5565.1s 1746 Loading weights:  97%|█████████▋| 193/199 [00:00<00:00, 5071.71it/s, Materializing param=encoder.layer.11.intermediate.dense.weight]
5565.1s 1747 Loading weights:  97%|█████████▋| 193/199 [00:00<00:00, 5065.01it/s, Materializing param=encoder.layer.11.intermediate.dense.weight]
5565.1s 1748 Loading weights:  97%|█████████▋| 194/199 [00:00<00:00, 5079.56it/s, Materializing param=encoder.layer.11.output.LayerNorm.bias]
5565.1s 1749 Loading weights:  97%|█████████▋| 194/199 [00:00<00:00, 5073.04it/s, Materializing param=encoder.layer.11.output.LayerNorm.bias]
5565.1s 1750 Loading weights:  98%|█████████▊| 195/199 [00:00<00:00, 5086.28it/s, Materializing param=encoder.layer.11.output.LayerNorm.weight]
5565.1s 1751 Loading weights:  98%|█████████▊| 195/199 [00:00<00:00, 5079.65it/s, Materializing param=encoder.layer.11.output.LayerNorm.weight]
5565.1s 1752 Loading weights:  98%|█████████▊| 196/199 [00:00<00:00, 5094.21it/s, Materializing param=encoder.layer.11.output.dense.bias]
5565.1s 1753 Loading weights:  98%|█████████▊| 196/199 [00:00<00:00, 5087.84it/s, Materializing param=encoder.layer.11.output.dense.bias]
5565.1s 1754 Loading weights:  99%|█████████▉| 197/199 [00:00<00:00, 5102.40it/s, Materializing param=encoder.layer.11.output.dense.weight]
5565.1s 1755 Loading weights:  99%|█████████▉| 197/199 [00:00<00:00, 5095.89it/s, Materializing param=encoder.layer.11.output.dense.weight]
5565.1s 1756 Loading weights:  99%|█████████▉| 198/199 [00:00<00:00, 5109.72it/s, Materializing param=pooler.dense.bias]
5565.1s 1757 Loading weights:  99%|█████████▉| 198/199 [00:00<00:00, 5103.37it/s, Materializing param=pooler.dense.bias]
5565.1s 1758 Loading weights: 100%|██████████| 199/199 [00:00<00:00, 5118.39it/s, Materializing param=pooler.dense.weight]
5565.1s 1759 Loading weights: 100%|██████████| 199/199 [00:00<00:00, 5112.28it/s, Materializing param=pooler.dense.weight]
5565.1s 1760 Loading weights: 100%|██████████| 199/199 [00:00<00:00, 5096.61it/s, Materializing param=pooler.dense.weight]
5565.1s 1761 BertModel LOAD REPORT from: google/muril-base-cased
5565.1s 1762 Key                                        | Status     |  |
5565.1s 1763 -------------------------------------------+------------+--+-
5565.1s 1764 bert.embeddings.position_ids               | UNEXPECTED |  |
5565.1s 1765 cls.predictions.transform.LayerNorm.bias   | UNEXPECTED |  |
5565.1s 1766 cls.predictions.decoder.bias               | UNEXPECTED |  |
5565.1s 1767 cls.seq_relationship.bias                  | UNEXPECTED |  |
5565.1s 1768 cls.predictions.transform.dense.bias       | UNEXPECTED |  |
5565.1s 1769 cls.predictions.bias                       | UNEXPECTED |  |
5565.1s 1770 cls.seq_relationship.weight                | UNEXPECTED |  |
5565.1s 1771 cls.predictions.decoder.weight             | UNEXPECTED |  |
5565.1s 1772 cls.predictions.transform.dense.weight     | UNEXPECTED |  |
5565.1s 1773 cls.predictions.transform.LayerNorm.weight | UNEXPECTED |  |
5565.1s 1774 
5565.1s 1775 Notes:
5565.1s 1776 - UNEXPECTED	:can be ignored when loading from different task/architecture; not ok if you expect identical arch.
5710.9s 1777 [s42f4] ep1 359/719 loss 0.5297 val 0.6697 * (0.40s/step)
5855.4s 1778 [s42f4] ep1 718/719 loss 0.4931 val 0.7166 * (0.40s/step)
5868.3s 1779 [s42f4] ep1 719/719 loss 0.4287 val 0.7166 (0.42s/step)
5868.3s 1780 [s42f4] ep1 done 5.0min  best 0.7166
6014.2s 1781 [s42f4] ep2 359/719 loss 0.5903 val 0.7295 * (0.41s/step)
6160.4s 1782 [s42f4] ep2 718/719 loss 0.8122 val 0.7485 * (0.41s/step)
6173.1s 1783 [s42f4] ep2 719/719 loss 0.5007 val 0.7485 (0.42s/step)
6173.1s 1784 [s42f4] ep2 done 5.1min  best 0.7485
6317.0s 1785 [s42f4] ep3 359/719 loss 0.4115 val 0.7661 * (0.40s/step)
6462.5s 1786 [s42f4] ep3 718/719 loss 0.2453 val 0.7693 * (0.40s/step)
6475.1s 1787 [s42f4] ep3 719/719 loss 0.3585 val 0.7693 (0.42s/step)
6475.1s 1788 [s42f4] ep3 done 5.0min  best 0.7693
6621.6s 1789 [s42f4] ep4 359/719 loss 0.6201 val 0.7710 * (0.41s/step)
6766.0s 1790 [s42f4] ep4 718/719 loss 0.6066 val 0.7730 * (0.41s/step)
6778.6s 1791 [s42f4] ep4 719/719 loss 0.5901 val 0.7730 (0.42s/step)
6778.6s 1792 [s42f4] ep4 done 5.1min  best 0.7730
6924.2s 1793 [s42f4] ep5 359/719 loss 0.2597 val 0.7794 * (0.41s/step)
7069.5s 1794 [s42f4] ep5 718/719 loss 0.2205 val 0.7809 * (0.41s/step)
7082.1s 1795 [s42f4] ep5 719/719 loss 0.6560 val 0.7809 (0.42s/step)
7082.1s 1796 [s42f4] ep5 done 5.1min  best 0.7809
7227.5s 1797 [s42f4] ep6 359/719 loss 0.3743 val 0.7839 * (0.41s/step)
7374.3s 1798 [s42f4] ep6 718/719 loss 0.3111 val 0.7860 * (0.41s/step)
7393.8s 1799 [s42f4] ep6 719/719 loss 0.3097 val 0.7860 (0.43s/step)
7393.8s 1800 [s42f4] ep6 done 5.2min  best 0.7860
7393.8s 1801 [s42f4] best 0.7860  last 0.7860  (selected: last)
7393.8s 1802 ===== seed 42 fold 5/5 =====
7395.0s 1803 
7395.0s 1804 Loading weights:   0%|          | 0/199 [00:00<?, ?it/s]
7395.0s 1805 Loading weights:   1%|          | 1/199 [00:00<00:00, 24528.09it/s, Materializing param=embeddings.LayerNorm.bias]
7395.0s 1806 Loading weights:   1%|          | 1/199 [00:00<00:00, 6898.53it/s, Materializing param=embeddings.LayerNorm.bias]
7395.0s 1807 Loading weights:   1%|          | 2/199 [00:00<00:00, 5522.45it/s, Materializing param=embeddings.LayerNorm.weight]
7395.0s 1808 Loading weights:   1%|          | 2/199 [00:00<00:00, 4378.19it/s, Materializing param=embeddings.LayerNorm.weight]
7395.0s 1809 Loading weights:   2%|▏         | 3/199 [00:00<00:00, 4549.14it/s, Materializing param=embeddings.position_embeddings.weight]
7395.0s 1810 Loading weights:   2%|▏         | 3/199 [00:00<00:00, 3946.96it/s, Materializing param=embeddings.position_embeddings.weight]
7395.0s 1811 Loading weights:   2%|▏         | 4/199 [00:00<00:00, 4198.50it/s, Materializing param=embeddings.token_type_embeddings.weight]
7395.0s 1812 Loading weights:   2%|▏         | 4/199 [00:00<00:00, 3800.05it/s, Materializing param=embeddings.token_type_embeddings.weight]
7395.0s 1813 Loading weights:   3%|▎         | 5/199 [00:00<00:00, 2621.11it/s, Materializing param=embeddings.word_embeddings.weight]
7395.0s 1814 Loading weights:   3%|▎         | 5/199 [00:00<00:00, 2267.19it/s, Materializing param=embeddings.word_embeddings.weight]
7395.0s 1815 Loading weights:   3%|▎         | 6/199 [00:00<00:00, 2366.32it/s, Materializing param=encoder.layer.0.attention.output.LayerNorm.bias]
7395.0s 1816 Loading weights:   3%|▎         | 6/199 [00:00<00:00, 2277.86it/s, Materializing param=encoder.layer.0.attention.output.LayerNorm.bias]
7395.0s 1817 Loading weights:   4%|▎         | 7/199 [00:00<00:00, 2462.07it/s, Materializing param=encoder.layer.0.attention.output.LayerNorm.weight]
7395.0s 1818 Loading weights:   4%|▎         | 7/199 [00:00<00:00, 2009.32it/s, Materializing param=encoder.layer.0.attention.output.LayerNorm.weight]
7395.0s 1819 Loading weights:   4%|▍         | 8/199 [00:00<00:00, 2003.25it/s, Materializing param=encoder.layer.0.attention.output.dense.bias]
7395.0s 1820 Loading weights:   4%|▍         | 8/199 [00:00<00:00, 1876.33it/s, Materializing param=encoder.layer.0.attention.output.dense.bias]
7395.0s 1821 Loading weights:   5%|▍         | 9/199 [00:00<00:00, 1904.48it/s, Materializing param=encoder.layer.0.attention.output.dense.weight]
7395.0s 1822 Loading weights:   5%|▍         | 9/199 [00:00<00:00, 1796.79it/s, Materializing param=encoder.layer.0.attention.output.dense.weight]
7395.0s 1823 Loading weights:   5%|▌         | 10/199 [00:00<00:00, 1765.13it/s, Materializing param=encoder.layer.0.attention.self.key.bias]
7395.0s 1824 Loading weights:   5%|▌         | 10/199 [00:00<00:00, 1626.83it/s, Materializing param=encoder.layer.0.attention.self.key.bias]
7395.0s 1825 Loading weights:   6%|▌         | 11/199 [00:00<00:00, 1708.54it/s, Materializing param=encoder.layer.0.attention.self.key.weight]
7395.0s 1826 Loading weights:   6%|▌         | 11/199 [00:00<00:00, 1688.71it/s, Materializing param=encoder.layer.0.attention.self.key.weight]
7395.0s 1827 Loading weights:   6%|▌         | 12/199 [00:00<00:00, 1582.11it/s, Materializing param=encoder.layer.0.attention.self.query.bias]
7395.0s 1828 Loading weights:   6%|▌         | 12/199 [00:00<00:00, 1560.82it/s, Materializing param=encoder.layer.0.attention.self.query.bias]
7395.0s 1829 Loading weights:   7%|▋         | 13/199 [00:00<00:00, 1638.89it/s, Materializing param=encoder.layer.0.attention.self.query.weight]
7395.0s 1830 Loading weights:   7%|▋         | 13/199 [00:00<00:00, 1620.48it/s, Materializing param=encoder.layer.0.attention.self.query.weight]
7395.0s 1831 Loading weights:   7%|▋         | 14/199 [00:00<00:00, 1684.02it/s, Materializing param=encoder.layer.0.attention.self.value.bias]
7395.0s 1832 Loading weights:   7%|▋         | 14/199 [00:00<00:00, 1661.63it/s, Materializing param=encoder.layer.0.attention.self.value.bias]
7395.0s 1833 Loading weights:   8%|▊         | 15/199 [00:00<00:00, 1729.04it/s, Materializing param=encoder.layer.0.attention.self.value.weight]
7395.0s 1834 Loading weights:   8%|▊         | 15/199 [00:00<00:00, 1712.61it/s, Materializing param=encoder.layer.0.attention.self.value.weight]
7395.0s 1835 Loading weights:   8%|▊         | 16/199 [00:00<00:00, 1751.00it/s, Materializing param=encoder.layer.0.intermediate.dense.bias]
7395.0s 1836 Loading weights:   8%|▊         | 16/199 [00:00<00:00, 1564.86it/s, Materializing param=encoder.layer.0.intermediate.dense.bias]
7395.0s 1837 Loading weights:   9%|▊         | 17/199 [00:00<00:00, 1625.29it/s, Materializing param=encoder.layer.0.intermediate.dense.weight]
7395.0s 1838 Loading weights:   9%|▊         | 17/199 [00:00<00:00, 1610.86it/s, Materializing param=encoder.layer.0.intermediate.dense.weight]
7395.0s 1839 Loading weights:   9%|▉         | 18/199 [00:00<00:00, 1593.04it/s, Materializing param=encoder.layer.0.output.LayerNorm.bias]
7395.0s 1840 Loading weights:   9%|▉         | 18/199 [00:00<00:00, 1580.04it/s, Materializing param=encoder.layer.0.output.LayerNorm.bias]
7395.0s 1841 Loading weights:  10%|▉         | 19/199 [00:00<00:00, 1642.82it/s, Materializing param=encoder.layer.0.output.LayerNorm.weight]
7395.0s 1842 Loading weights:  10%|▉         | 19/199 [00:00<00:00, 1629.96it/s, Materializing param=encoder.layer.0.output.LayerNorm.weight]
7395.0s 1843 Loading weights:  10%|█         | 20/199 [00:00<00:00, 1680.65it/s, Materializing param=encoder.layer.0.output.dense.bias]
7395.0s 1844 Loading weights:  10%|█         | 20/199 [00:00<00:00, 1669.01it/s, Materializing param=encoder.layer.0.output.dense.bias]
7395.0s 1845 Loading weights:  11%|█         | 21/199 [00:00<00:00, 1662.21it/s, Materializing param=encoder.layer.0.output.dense.weight]
7395.0s 1846 Loading weights:  11%|█         | 21/199 [00:00<00:00, 1650.56it/s, Materializing param=encoder.layer.0.output.dense.weight]
7395.0s 1847 Loading weights:  11%|█         | 22/199 [00:00<00:00, 1698.04it/s, Materializing param=encoder.layer.1.attention.output.LayerNorm.bias]
7395.0s 1848 Loading weights:  11%|█         | 22/199 [00:00<00:00, 1688.50it/s, Materializing param=encoder.layer.1.attention.output.LayerNorm.bias]
7395.0s 1849 Loading weights:  12%|█▏        | 23/199 [00:00<00:00, 1730.29it/s, Materializing param=encoder.layer.1.attention.output.LayerNorm.weight]
7395.0s 1850 Loading weights:  12%|█▏        | 23/199 [00:00<00:00, 1702.35it/s, Materializing param=encoder.layer.1.attention.output.LayerNorm.weight]
7395.0s 1851 Loading weights:  12%|█▏        | 24/199 [00:00<00:00, 1746.29it/s, Materializing param=encoder.layer.1.attention.output.dense.bias]
7395.0s 1852 Loading weights:  12%|█▏        | 24/199 [00:00<00:00, 1732.44it/s, Materializing param=encoder.layer.1.attention.output.dense.bias]
7395.0s 1853 Loading weights:  13%|█▎        | 25/199 [00:00<00:00, 1775.32it/s, Materializing param=encoder.layer.1.attention.output.dense.weight]
7395.0s 1854 Loading weights:  13%|█▎        | 25/199 [00:00<00:00, 1722.51it/s, Materializing param=encoder.layer.1.attention.output.dense.weight]
7395.0s 1855 Loading weights:  13%|█▎        | 26/199 [00:00<00:00, 1766.97it/s, Materializing param=encoder.layer.1.attention.self.key.bias]
7395.0s 1856 Loading weights:  13%|█▎        | 26/199 [00:00<00:00, 1759.13it/s, Materializing param=encoder.layer.1.attention.self.key.bias]
7395.0s 1857 Loading weights:  14%|█▎        | 27/199 [00:00<00:00, 1814.03it/s, Materializing param=encoder.layer.1.attention.self.key.weight]
7395.0s 1858 Loading weights:  14%|█▎        | 27/199 [00:00<00:00, 1805.67it/s, Materializing param=encoder.layer.1.attention.self.key.weight]
7395.0s 1859 Loading weights:  14%|█▍        | 28/199 [00:00<00:00, 1859.50it/s, Materializing param=encoder.layer.1.attention.self.query.bias]
7395.0s 1860 Loading weights:  14%|█▍        | 28/199 [00:00<00:00, 1853.08it/s, Materializing param=encoder.layer.1.attention.self.query.bias]
7395.0s 1861 Loading weights:  15%|█▍        | 29/199 [00:00<00:00, 1889.56it/s, Materializing param=encoder.layer.1.attention.self.query.weight]
7395.0s 1862 Loading weights:  15%|█▍        | 29/199 [00:00<00:00, 1878.33it/s, Materializing param=encoder.layer.1.attention.self.query.weight]
7395.0s 1863 Loading weights:  15%|█▌        | 30/199 [00:00<00:00, 1927.20it/s, Materializing param=encoder.layer.1.attention.self.value.bias]
7395.0s 1864 Loading weights:  15%|█▌        | 30/199 [00:00<00:00, 1919.44it/s, Materializing param=encoder.layer.1.attention.self.value.bias]
7395.0s 1865 Loading weights:  16%|█▌        | 31/199 [00:00<00:00, 1969.78it/s, Materializing param=encoder.layer.1.attention.self.value.weight]
7395.0s 1866 Loading weights:  16%|█▌        | 31/199 [00:00<00:00, 1962.62it/s, Materializing param=encoder.layer.1.attention.self.value.weight]
7395.0s 1867 Loading weights:  16%|█▌        | 32/199 [00:00<00:00, 2012.83it/s, Materializing param=encoder.layer.1.intermediate.dense.bias]
7395.0s 1868 Loading weights:  16%|█▌        | 32/199 [00:00<00:00, 2005.34it/s, Materializing param=encoder.layer.1.intermediate.dense.bias]
7395.0s 1869 Loading weights:  17%|█▋        | 33/199 [00:00<00:00, 2054.63it/s, Materializing param=encoder.layer.1.intermediate.dense.weight]
7395.0s 1870 Loading weights:  17%|█▋        | 33/199 [00:00<00:00, 2047.64it/s, Materializing param=encoder.layer.1.intermediate.dense.weight]
7395.0s 1871 Loading weights:  17%|█▋        | 34/199 [00:00<00:00, 2087.39it/s, Materializing param=encoder.layer.1.output.LayerNorm.bias]
7395.0s 1872 Loading weights:  17%|█▋        | 34/199 [00:00<00:00, 2079.23it/s, Materializing param=encoder.layer.1.output.LayerNorm.bias]
7395.0s 1873 Loading weights:  18%|█▊        | 35/199 [00:00<00:00, 2127.51it/s, Materializing param=encoder.layer.1.output.LayerNorm.weight]
7395.0s 1874 Loading weights:  18%|█▊        | 35/199 [00:00<00:00, 2120.72it/s, Materializing param=encoder.layer.1.output.LayerNorm.weight]
7395.0s 1875 Loading weights:  18%|█▊        | 36/199 [00:00<00:00, 2168.88it/s, Materializing param=encoder.layer.1.output.dense.bias]
7395.0s 1876 Loading weights:  18%|█▊        | 36/199 [00:00<00:00, 2160.65it/s, Materializing param=encoder.layer.1.output.dense.bias]
7395.0s 1877 Loading weights:  19%|█▊        | 37/199 [00:00<00:00, 2208.88it/s, Materializing param=encoder.layer.1.output.dense.weight]
7395.0s 1878 Loading weights:  19%|█▊        | 37/199 [00:00<00:00, 2202.30it/s, Materializing param=encoder.layer.1.output.dense.weight]
7395.0s 1879 Loading weights:  19%|█▉        | 38/199 [00:00<00:00, 2249.88it/s, Materializing param=encoder.layer.2.attention.output.LayerNorm.bias]
7395.0s 1880 Loading weights:  19%|█▉        | 38/199 [00:00<00:00, 2242.53it/s, Materializing param=encoder.layer.2.attention.output.LayerNorm.bias]
7395.0s 1881 Loading weights:  20%|█▉        | 39/199 [00:00<00:00, 2288.73it/s, Materializing param=encoder.layer.2.attention.output.LayerNorm.weight]
7395.0s 1882 Loading weights:  20%|█▉        | 39/199 [00:00<00:00, 2281.90it/s, Materializing param=encoder.layer.2.attention.output.LayerNorm.weight]
7395.0s 1883 Loading weights:  20%|██        | 40/199 [00:00<00:00, 2319.76it/s, Materializing param=encoder.layer.2.attention.output.dense.bias]
7395.0s 1884 Loading weights:  20%|██        | 40/199 [00:00<00:00, 2311.55it/s, Materializing param=encoder.layer.2.attention.output.dense.bias]
7395.0s 1885 Loading weights:  21%|██        | 41/199 [00:00<00:00, 2354.71it/s, Materializing param=encoder.layer.2.attention.output.dense.weight]
7395.0s 1886 Loading weights:  21%|██        | 41/199 [00:00<00:00, 2347.76it/s, Materializing param=encoder.layer.2.attention.output.dense.weight]
7395.0s 1887 Loading weights:  21%|██        | 42/199 [00:00<00:00, 2392.38it/s, Materializing param=encoder.layer.2.attention.self.key.bias]
7395.0s 1888 Loading weights:  21%|██        | 42/199 [00:00<00:00, 2385.19it/s, Materializing param=encoder.layer.2.attention.self.key.bias]
7395.0s 1889 Loading weights:  22%|██▏       | 43/199 [00:00<00:00, 2429.45it/s, Materializing param=encoder.layer.2.attention.self.key.weight]
7395.0s 1890 Loading weights:  22%|██▏       | 43/199 [00:00<00:00, 2422.63it/s, Materializing param=encoder.layer.2.attention.self.key.weight]
7395.0s 1891 Loading weights:  22%|██▏       | 44/199 [00:00<00:00, 2466.51it/s, Materializing param=encoder.layer.2.attention.self.query.bias]
7395.0s 1892 Loading weights:  22%|██▏       | 44/199 [00:00<00:00, 2459.58it/s, Materializing param=encoder.layer.2.attention.self.query.bias]
7395.0s 1893 Loading weights:  23%|██▎       | 45/199 [00:00<00:00, 2501.84it/s, Materializing param=encoder.layer.2.attention.self.query.weight]
7395.0s 1894 Loading weights:  23%|██▎       | 45/199 [00:00<00:00, 2494.89it/s, Materializing param=encoder.layer.2.attention.self.query.weight]
7395.0s 1895 Loading weights:  23%|██▎       | 46/199 [00:00<00:00, 2537.89it/s, Materializing param=encoder.layer.2.attention.self.value.bias]
7395.0s 1896 Loading weights:  23%|██▎       | 46/199 [00:00<00:00, 2527.98it/s, Materializing param=encoder.layer.2.attention.self.value.bias]
7395.0s 1897 Loading weights:  24%|██▎       | 47/199 [00:00<00:00, 2569.34it/s, Materializing param=encoder.layer.2.attention.self.value.weight]
7395.0s 1898 Loading weights:  24%|██▎       | 47/199 [00:00<00:00, 2562.36it/s, Materializing param=encoder.layer.2.attention.self.value.weight]
7395.0s 1899 Loading weights:  24%|██▍       | 48/199 [00:00<00:00, 2604.55it/s, Materializing param=encoder.layer.2.intermediate.dense.bias]
7395.0s 1900 Loading weights:  24%|██▍       | 48/199 [00:00<00:00, 2597.73it/s, Materializing param=encoder.layer.2.intermediate.dense.bias]
7395.0s 1901 Loading weights:  25%|██▍       | 49/199 [00:00<00:00, 2639.69it/s, Materializing param=encoder.layer.2.intermediate.dense.weight]
7395.0s 1902 Loading weights:  25%|██▍       | 49/199 [00:00<00:00, 2632.76it/s, Materializing param=encoder.layer.2.intermediate.dense.weight]
7395.0s 1903 Loading weights:  25%|██▌       | 50/199 [00:00<00:00, 2674.32it/s, Materializing param=encoder.layer.2.output.LayerNorm.bias]
7395.0s 1904 Loading weights:  25%|██▌       | 50/199 [00:00<00:00, 2667.35it/s, Materializing param=encoder.layer.2.output.LayerNorm.bias]
7395.0s 1905 Loading weights:  26%|██▌       | 51/199 [00:00<00:00, 2705.22it/s, Materializing param=encoder.layer.2.output.LayerNorm.weight]
7395.0s 1906 Loading weights:  26%|██▌       | 51/199 [00:00<00:00, 2697.74it/s, Materializing param=encoder.layer.2.output.LayerNorm.weight]
7395.0s 1907 Loading weights:  26%|██▌       | 52/199 [00:00<00:00, 2737.38it/s, Materializing param=encoder.layer.2.output.dense.bias]
7395.0s 1908 Loading weights:  26%|██▌       | 52/199 [00:00<00:00, 2730.09it/s, Materializing param=encoder.layer.2.output.dense.bias]
7395.0s 1909 Loading weights:  27%|██▋       | 53/199 [00:00<00:00, 2769.52it/s, Materializing param=encoder.layer.2.output.dense.weight]
7395.0s 1910 Loading weights:  27%|██▋       | 53/199 [00:00<00:00, 2759.31it/s, Materializing param=encoder.layer.2.output.dense.weight]
7395.0s 1911 Loading weights:  27%|██▋       | 54/199 [00:00<00:00, 2797.38it/s, Materializing param=encoder.layer.3.attention.output.LayerNorm.bias]
7395.0s 1912 Loading weights:  27%|██▋       | 54/199 [00:00<00:00, 2789.66it/s, Materializing param=encoder.layer.3.attention.output.LayerNorm.bias]
7395.0s 1913 Loading weights:  28%|██▊       | 55/199 [00:00<00:00, 2827.35it/s, Materializing param=encoder.layer.3.attention.output.LayerNorm.weight]
7395.0s 1914 Loading weights:  28%|██▊       | 55/199 [00:00<00:00, 2819.75it/s, Materializing param=encoder.layer.3.attention.output.LayerNorm.weight]
7395.0s 1915 Loading weights:  28%|██▊       | 56/199 [00:00<00:00, 2857.50it/s, Materializing param=encoder.layer.3.attention.output.dense.bias]
7395.0s 1916 Loading weights:  28%|██▊       | 56/199 [00:00<00:00, 2849.94it/s, Materializing param=encoder.layer.3.attention.output.dense.bias]
7395.0s 1917 Loading weights:  29%|██▊       | 57/199 [00:00<00:00, 2887.24it/s, Materializing param=encoder.layer.3.attention.output.dense.weight]
7395.0s 1918 Loading weights:  29%|██▊       | 57/199 [00:00<00:00, 2879.63it/s, Materializing param=encoder.layer.3.attention.output.dense.weight]
7395.0s 1919 Loading weights:  29%|██▉       | 58/199 [00:00<00:00, 2916.66it/s, Materializing param=encoder.layer.3.attention.self.key.bias]
7395.0s 1920 Loading weights:  29%|██▉       | 58/199 [00:00<00:00, 2907.56it/s, Materializing param=encoder.layer.3.attention.self.key.bias]
7395.0s 1921 Loading weights:  30%|██▉       | 59/199 [00:00<00:00, 2944.95it/s, Materializing param=encoder.layer.3.attention.self.key.weight]
7395.0s 1922 Loading weights:  30%|██▉       | 59/199 [00:00<00:00, 2937.75it/s, Materializing param=encoder.layer.3.attention.self.key.weight]
7395.0s 1923 Loading weights:  30%|███       | 60/199 [00:00<00:00, 2971.94it/s, Materializing param=encoder.layer.3.attention.self.query.bias]
7395.0s 1924 Loading weights:  30%|███       | 60/199 [00:00<00:00, 2964.28it/s, Materializing param=encoder.layer.3.attention.self.query.bias]
7395.0s 1925 Loading weights:  31%|███       | 61/199 [00:00<00:00, 3000.36it/s, Materializing param=encoder.layer.3.attention.self.query.weight]
7395.0s 1926 Loading weights:  31%|███       | 61/199 [00:00<00:00, 2993.13it/s, Materializing param=encoder.layer.3.attention.self.query.weight]
7395.0s 1927 Loading weights:  31%|███       | 62/199 [00:00<00:00, 3029.47it/s, Materializing param=encoder.layer.3.attention.self.value.bias]
7395.0s 1928 Loading weights:  31%|███       | 62/199 [00:00<00:00, 3022.32it/s, Materializing param=encoder.layer.3.attention.self.value.bias]
7395.0s 1929 Loading weights:  32%|███▏      | 63/199 [00:00<00:00, 3058.21it/s, Materializing param=encoder.layer.3.attention.self.value.weight]
7395.0s 1930 Loading weights:  32%|███▏      | 63/199 [00:00<00:00, 3050.97it/s, Materializing param=encoder.layer.3.attention.self.value.weight]
7395.0s 1931 Loading weights:  32%|███▏      | 64/199 [00:00<00:00, 3086.49it/s, Materializing param=encoder.layer.3.intermediate.dense.bias]
7395.0s 1932 Loading weights:  32%|███▏      | 64/199 [00:00<00:00, 3079.31it/s, Materializing param=encoder.layer.3.intermediate.dense.bias]
7395.0s 1933 Loading weights:  33%|███▎      | 65/199 [00:00<00:00, 3114.67it/s, Materializing param=encoder.layer.3.intermediate.dense.weight]
7395.0s 1934 Loading weights:  33%|███▎      | 65/199 [00:00<00:00, 3107.49it/s, Materializing param=encoder.layer.3.intermediate.dense.weight]
7395.0s 1935 Loading weights:  33%|███▎      | 66/199 [00:00<00:00, 3142.51it/s, Materializing param=encoder.layer.3.output.LayerNorm.bias]
7395.0s 1936 Loading weights:  33%|███▎      | 66/199 [00:00<00:00, 3135.29it/s, Materializing param=encoder.layer.3.output.LayerNorm.bias]
7395.0s 1937 Loading weights:  34%|███▎      | 67/199 [00:00<00:00, 3169.73it/s, Materializing param=encoder.layer.3.output.LayerNorm.weight]
7395.0s 1938 Loading weights:  34%|███▎      | 67/199 [00:00<00:00, 3159.53it/s, Materializing param=encoder.layer.3.output.LayerNorm.weight]
7395.0s 1939 Loading weights:  34%|███▍      | 68/199 [00:00<00:00, 3192.83it/s, Materializing param=encoder.layer.3.output.dense.bias]
7395.0s 1940 Loading weights:  34%|███▍      | 68/199 [00:00<00:00, 3185.56it/s, Materializing param=encoder.layer.3.output.dense.bias]
7395.0s 1941 Loading weights:  35%|███▍      | 69/199 [00:00<00:00, 3219.53it/s, Materializing param=encoder.layer.3.output.dense.weight]
7395.0s 1942 Loading weights:  35%|███▍      | 69/199 [00:00<00:00, 3212.21it/s, Materializing param=encoder.layer.3.output.dense.weight]
7395.0s 1943 Loading weights:  35%|███▌      | 70/199 [00:00<00:00, 3245.90it/s, Materializing param=encoder.layer.4.attention.output.LayerNorm.bias]
7395.0s 1944 Loading weights:  35%|███▌      | 70/199 [00:00<00:00, 3238.42it/s, Materializing param=encoder.layer.4.attention.output.LayerNorm.bias]
7395.0s 1945 Loading weights:  36%|███▌      | 71/199 [00:00<00:00, 3271.22it/s, Materializing param=encoder.layer.4.attention.output.LayerNorm.weight]
7395.0s 1946 Loading weights:  36%|███▌      | 71/199 [00:00<00:00, 3263.73it/s, Materializing param=encoder.layer.4.attention.output.LayerNorm.weight]
7395.0s 1947 Loading weights:  36%|███▌      | 72/199 [00:00<00:00, 3296.37it/s, Materializing param=encoder.layer.4.attention.output.dense.bias]
7395.0s 1948 Loading weights:  36%|███▌      | 72/199 [00:00<00:00, 3287.11it/s, Materializing param=encoder.layer.4.attention.output.dense.bias]
7395.0s 1949 Loading weights:  37%|███▋      | 73/199 [00:00<00:00, 3318.42it/s, Materializing param=encoder.layer.4.attention.output.dense.weight]
7395.0s 1950 Loading weights:  37%|███▋      | 73/199 [00:00<00:00, 3310.82it/s, Materializing param=encoder.layer.4.attention.output.dense.weight]
7395.0s 1951 Loading weights:  37%|███▋      | 74/199 [00:00<00:00, 3342.76it/s, Materializing param=encoder.layer.4.attention.self.key.bias]
7395.0s 1952 Loading weights:  37%|███▋      | 74/199 [00:00<00:00, 3332.42it/s, Materializing param=encoder.layer.4.attention.self.key.bias]
7395.0s 1953 Loading weights:  38%|███▊      | 75/199 [00:00<00:00, 3363.01it/s, Materializing param=encoder.layer.4.attention.self.key.weight]
7395.0s 1954 Loading weights:  38%|███▊      | 75/199 [00:00<00:00, 3355.05it/s, Materializing param=encoder.layer.4.attention.self.key.weight]
7395.0s 1955 Loading weights:  38%|███▊      | 76/199 [00:00<00:00, 3385.77it/s, Materializing param=encoder.layer.4.attention.self.query.bias]
7395.0s 1956 Loading weights:  38%|███▊      | 76/199 [00:00<00:00, 3378.34it/s, Materializing param=encoder.layer.4.attention.self.query.bias]
7395.0s 1957 Loading weights:  39%|███▊      | 77/199 [00:00<00:00, 3409.28it/s, Materializing param=encoder.layer.4.attention.self.query.weight]
7395.0s 1958 Loading weights:  39%|███▊      | 77/199 [00:00<00:00, 3401.78it/s, Materializing param=encoder.layer.4.attention.self.query.weight]
7395.0s 1959 Loading weights:  39%|███▉      | 78/199 [00:00<00:00, 3432.87it/s, Materializing param=encoder.layer.4.attention.self.value.bias]
7395.0s 1960 Loading weights:  39%|███▉      | 78/199 [00:00<00:00, 3425.53it/s, Materializing param=encoder.layer.4.attention.self.value.bias]
7395.0s 1961 Loading weights:  40%|███▉      | 79/199 [00:00<00:00, 3456.35it/s, Materializing param=encoder.layer.4.attention.self.value.weight]
7395.0s 1962 Loading weights:  40%|███▉      | 79/199 [00:00<00:00, 3449.01it/s, Materializing param=encoder.layer.4.attention.self.value.weight]
7395.0s 1963 Loading weights:  40%|████      | 80/199 [00:00<00:00, 3479.56it/s, Materializing param=encoder.layer.4.intermediate.dense.bias]
7395.0s 1964 Loading weights:  40%|████      | 80/199 [00:00<00:00, 3472.14it/s, Materializing param=encoder.layer.4.intermediate.dense.bias]
7395.0s 1965 Loading weights:  41%|████      | 81/199 [00:00<00:00, 3502.71it/s, Materializing param=encoder.layer.4.intermediate.dense.weight]
7395.0s 1966 Loading weights:  41%|████      | 81/199 [00:00<00:00, 3487.97it/s, Materializing param=encoder.layer.4.intermediate.dense.weight]
7395.0s 1967 Loading weights:  41%|████      | 82/199 [00:00<00:00, 3512.78it/s, Materializing param=encoder.layer.4.output.LayerNorm.bias]
7395.0s 1968 Loading weights:  41%|████      | 82/199 [00:00<00:00, 3505.12it/s, Materializing param=encoder.layer.4.output.LayerNorm.bias]
7395.0s 1969 Loading weights:  42%|████▏     | 83/199 [00:00<00:00, 3534.43it/s, Materializing param=encoder.layer.4.output.LayerNorm.weight]
7395.0s 1970 Loading weights:  42%|████▏     | 83/199 [00:00<00:00, 3526.95it/s, Materializing param=encoder.layer.4.output.LayerNorm.weight]
7395.0s 1971 Loading weights:  42%|████▏     | 84/199 [00:00<00:00, 3556.15it/s, Materializing param=encoder.layer.4.output.dense.bias]
7395.0s 1972 Loading weights:  42%|████▏     | 84/199 [00:00<00:00, 3548.73it/s, Materializing param=encoder.layer.4.output.dense.bias]
7395.0s 1973 Loading weights:  43%|████▎     | 85/199 [00:00<00:00, 3577.79it/s, Materializing param=encoder.layer.4.output.dense.weight]
7395.0s 1974 Loading weights:  43%|████▎     | 85/199 [00:00<00:00, 3570.19it/s, Materializing param=encoder.layer.4.output.dense.weight]
7395.0s 1975 Loading weights:  43%|████▎     | 86/199 [00:00<00:00, 3598.93it/s, Materializing param=encoder.layer.5.attention.output.LayerNorm.bias]
7395.0s 1976 Loading weights:  43%|████▎     | 86/199 [00:00<00:00, 3590.66it/s, Materializing param=encoder.layer.5.attention.output.LayerNorm.bias]
7395.0s 1977 Loading weights:  44%|████▎     | 87/199 [00:00<00:00, 3618.36it/s, Materializing param=encoder.layer.5.attention.output.LayerNorm.weight]
7395.0s 1978 Loading weights:  44%|████▎     | 87/199 [00:00<00:00, 3610.77it/s, Materializing param=encoder.layer.5.attention.output.LayerNorm.weight]
7395.0s 1979 Loading weights:  44%|████▍     | 88/199 [00:00<00:00, 3634.47it/s, Materializing param=encoder.layer.5.attention.output.dense.bias]
7395.0s 1980 Loading weights:  44%|████▍     | 88/199 [00:00<00:00, 3626.47it/s, Materializing param=encoder.layer.5.attention.output.dense.bias]
7395.0s 1981 Loading weights:  45%|████▍     | 89/199 [00:00<00:00, 3653.75it/s, Materializing param=encoder.layer.5.attention.output.dense.weight]
7395.0s 1982 Loading weights:  45%|████▍     | 89/199 [00:00<00:00, 3645.55it/s, Materializing param=encoder.layer.5.attention.output.dense.weight]
7395.0s 1983 Loading weights:  45%|████▌     | 90/199 [00:00<00:00, 3673.16it/s, Materializing param=encoder.layer.5.attention.self.key.bias]
7395.0s 1984 Loading weights:  45%|████▌     | 90/199 [00:00<00:00, 3665.74it/s, Materializing param=encoder.layer.5.attention.self.key.bias]
7395.0s 1985 Loading weights:  46%|████▌     | 91/199 [00:00<00:00, 3692.88it/s, Materializing param=encoder.layer.5.attention.self.key.weight]
7395.0s 1986 Loading weights:  46%|████▌     | 91/199 [00:00<00:00, 3685.50it/s, Materializing param=encoder.layer.5.attention.self.key.weight]
7395.0s 1987 Loading weights:  46%|████▌     | 92/199 [00:00<00:00, 3712.59it/s, Materializing param=encoder.layer.5.attention.self.query.bias]
7395.0s 1988 Loading weights:  46%|████▌     | 92/199 [00:00<00:00, 3705.25it/s, Materializing param=encoder.layer.5.attention.self.query.bias]
7395.0s 1989 Loading weights:  47%|████▋     | 93/199 [00:00<00:00, 3731.66it/s, Materializing param=encoder.layer.5.attention.self.query.weight]
7395.0s 1990 Loading weights:  47%|████▋     | 93/199 [00:00<00:00, 3724.00it/s, Materializing param=encoder.layer.5.attention.self.query.weight]
7395.0s 1991 Loading weights:  47%|████▋     | 94/199 [00:00<00:00, 3749.97it/s, Materializing param=encoder.layer.5.attention.self.value.bias]
7395.0s 1992 Loading weights:  47%|████▋     | 94/199 [00:00<00:00, 3742.39it/s, Materializing param=encoder.layer.5.attention.self.value.bias]
7395.0s 1993 Loading weights:  48%|████▊     | 95/199 [00:00<00:00, 3765.40it/s, Materializing param=encoder.layer.5.attention.self.value.weight]
7395.0s 1994 Loading weights:  48%|████▊     | 95/199 [00:00<00:00, 3757.42it/s, Materializing param=encoder.layer.5.attention.self.value.weight]
7395.0s 1995 Loading weights:  48%|████▊     | 96/199 [00:00<00:00, 3783.30it/s, Materializing param=encoder.layer.5.intermediate.dense.bias]
7395.0s 1996 Loading weights:  48%|████▊     | 96/199 [00:00<00:00, 3775.78it/s, Materializing param=encoder.layer.5.intermediate.dense.bias]
7395.0s 1997 Loading weights:  49%|████▊     | 97/199 [00:00<00:00, 3801.92it/s, Materializing param=encoder.layer.5.intermediate.dense.weight]
7395.0s 1998 Loading weights:  49%|████▊     | 97/199 [00:00<00:00, 3794.51it/s, Materializing param=encoder.layer.5.intermediate.dense.weight]
7395.0s 1999 Loading weights:  49%|████▉     | 98/199 [00:00<00:00, 3820.77it/s, Materializing param=encoder.layer.5.output.LayerNorm.bias]
7395.0s 2000 Loading weights:  49%|████▉     | 98/199 [00:00<00:00, 3813.43it/s, Materializing param=encoder.layer.5.output.LayerNorm.bias]
7395.0s 2001 Loading weights:  50%|████▉     | 99/199 [00:00<00:00, 3839.13it/s, Materializing param=encoder.layer.5.output.LayerNorm.weight]
7395.0s 2002 Loading weights:  50%|████▉     | 99/199 [00:00<00:00, 3831.62it/s, Materializing param=encoder.layer.5.output.LayerNorm.weight]
7395.0s 2003 Loading weights:  50%|█████     | 100/199 [00:00<00:00, 3857.04it/s, Materializing param=encoder.layer.5.output.dense.bias]
7395.0s 2004 Loading weights:  50%|█████     | 100/199 [00:00<00:00, 3849.65it/s, Materializing param=encoder.layer.5.output.dense.bias]
7395.0s 2005 Loading weights:  51%|█████     | 101/199 [00:00<00:00, 3874.88it/s, Materializing param=encoder.layer.5.output.dense.weight]
7395.0s 2006 Loading weights:  51%|█████     | 101/199 [00:00<00:00, 3867.52it/s, Materializing param=encoder.layer.5.output.dense.weight]
7395.0s 2007 Loading weights:  51%|█████▏    | 102/199 [00:00<00:00, 3885.48it/s, Materializing param=encoder.layer.6.attention.output.LayerNorm.bias]
7395.0s 2008 Loading weights:  51%|█████▏    | 102/199 [00:00<00:00, 3876.82it/s, Materializing param=encoder.layer.6.attention.output.LayerNorm.bias]
7395.0s 2009 Loading weights:  52%|█████▏    | 103/199 [00:00<00:00, 3899.88it/s, Materializing param=encoder.layer.6.attention.output.LayerNorm.weight]
7395.0s 2010 Loading weights:  52%|█████▏    | 103/199 [00:00<00:00, 3888.96it/s, Materializing param=encoder.layer.6.attention.output.LayerNorm.weight]
7395.0s 2011 Loading weights:  52%|█████▏    | 104/199 [00:00<00:00, 3911.51it/s, Materializing param=encoder.layer.6.attention.output.dense.bias]
7395.0s 2012 Loading weights:  52%|█████▏    | 104/199 [00:00<00:00, 3901.61it/s, Materializing param=encoder.layer.6.attention.output.dense.bias]
7395.0s 2013 Loading weights:  53%|█████▎    | 105/199 [00:00<00:00, 3924.98it/s, Materializing param=encoder.layer.6.attention.output.dense.weight]
7395.0s 2014 Loading weights:  53%|█████▎    | 105/199 [00:00<00:00, 3917.12it/s, Materializing param=encoder.layer.6.attention.output.dense.weight]
7395.0s 2015 Loading weights:  53%|█████▎    | 106/199 [00:00<00:00, 3940.09it/s, Materializing param=encoder.layer.6.attention.self.key.bias]
7395.0s 2016 Loading weights:  53%|█████▎    | 106/199 [00:00<00:00, 3932.15it/s, Materializing param=encoder.layer.6.attention.self.key.bias]
7395.0s 2017 Loading weights:  54%|█████▍    | 107/199 [00:00<00:00, 3955.04it/s, Materializing param=encoder.layer.6.attention.self.key.weight]
7395.0s 2018 Loading weights:  54%|█████▍    | 107/199 [00:00<00:00, 3947.29it/s, Materializing param=encoder.layer.6.attention.self.key.weight]
7395.0s 2019 Loading weights:  54%|█████▍    | 108/199 [00:00<00:00, 3966.94it/s, Materializing param=encoder.layer.6.attention.self.query.bias]
7395.0s 2020 Loading weights:  54%|█████▍    | 108/199 [00:00<00:00, 3958.90it/s, Materializing param=encoder.layer.6.attention.self.query.bias]
7395.0s 2021 Loading weights:  55%|█████▍    | 109/199 [00:00<00:00, 3981.39it/s, Materializing param=encoder.layer.6.attention.self.query.weight]
7395.0s 2022 Loading weights:  55%|█████▍    | 109/199 [00:00<00:00, 3973.71it/s, Materializing param=encoder.layer.6.attention.self.query.weight]
7395.0s 2023 Loading weights:  55%|█████▌    | 110/199 [00:00<00:00, 3994.92it/s, Materializing param=encoder.layer.6.attention.self.value.bias]
7395.0s 2024 Loading weights:  55%|█████▌    | 110/199 [00:00<00:00, 3987.74it/s, Materializing param=encoder.layer.6.attention.self.value.bias]
7395.0s 2025 Loading weights:  56%|█████▌    | 111/199 [00:00<00:00, 4011.16it/s, Materializing param=encoder.layer.6.attention.self.value.weight]
7395.0s 2026 Loading weights:  56%|█████▌    | 111/199 [00:00<00:00, 4004.09it/s, Materializing param=encoder.layer.6.attention.self.value.weight]
7395.0s 2027 Loading weights:  56%|█████▋    | 112/199 [00:00<00:00, 4027.45it/s, Materializing param=encoder.layer.6.intermediate.dense.bias]
7395.0s 2028 Loading weights:  56%|█████▋    | 112/199 [00:00<00:00, 4020.39it/s, Materializing param=encoder.layer.6.intermediate.dense.bias]
7395.0s 2029 Loading weights:  57%|█████▋    | 113/199 [00:00<00:00, 4043.72it/s, Materializing param=encoder.layer.6.intermediate.dense.weight]
7395.0s 2030 Loading weights:  57%|█████▋    | 113/199 [00:00<00:00, 4036.56it/s, Materializing param=encoder.layer.6.intermediate.dense.weight]
7395.0s 2031 Loading weights:  57%|█████▋    | 114/199 [00:00<00:00, 4059.73it/s, Materializing param=encoder.layer.6.output.LayerNorm.bias]
7395.0s 2032 Loading weights:  57%|█████▋    | 114/199 [00:00<00:00, 4052.71it/s, Materializing param=encoder.layer.6.output.LayerNorm.bias]
7395.0s 2033 Loading weights:  58%|█████▊    | 115/199 [00:00<00:00, 4065.34it/s, Materializing param=encoder.layer.6.output.LayerNorm.weight]
7395.0s 2034 Loading weights:  58%|█████▊    | 115/199 [00:00<00:00, 4056.93it/s, Materializing param=encoder.layer.6.output.LayerNorm.weight]
7395.0s 2035 Loading weights:  58%|█████▊    | 116/199 [00:00<00:00, 4079.10it/s, Materializing param=encoder.layer.6.output.dense.bias]
7395.0s 2036 Loading weights:  58%|█████▊    | 116/199 [00:00<00:00, 4072.17it/s, Materializing param=encoder.layer.6.output.dense.bias]
7395.0s 2037 Loading weights:  59%|█████▉    | 117/199 [00:00<00:00, 4091.49it/s, Materializing param=encoder.layer.6.output.dense.weight]
7395.0s 2038 Loading weights:  59%|█████▉    | 117/199 [00:00<00:00, 4084.10it/s, Materializing param=encoder.layer.6.output.dense.weight]
7395.0s 2039 Loading weights:  59%|█████▉    | 118/199 [00:00<00:00, 4105.58it/s, Materializing param=encoder.layer.7.attention.output.LayerNorm.bias]
7395.0s 2040 Loading weights:  59%|█████▉    | 118/199 [00:00<00:00, 4097.90it/s, Materializing param=encoder.layer.7.attention.output.LayerNorm.bias]
7395.0s 2041 Loading weights:  60%|█████▉    | 119/199 [00:00<00:00, 4118.95it/s, Materializing param=encoder.layer.7.attention.output.LayerNorm.weight]
7395.0s 2042 Loading weights:  60%|█████▉    | 119/199 [00:00<00:00, 4110.81it/s, Materializing param=encoder.layer.7.attention.output.LayerNorm.weight]
7395.0s 2043 Loading weights:  60%|██████    | 120/199 [00:00<00:00, 4131.57it/s, Materializing param=encoder.layer.7.attention.output.dense.bias]
7395.0s 2044 Loading weights:  60%|██████    | 120/199 [00:00<00:00, 4123.96it/s, Materializing param=encoder.layer.7.attention.output.dense.bias]
7395.0s 2045 Loading weights:  61%|██████    | 121/199 [00:00<00:00, 4141.76it/s, Materializing param=encoder.layer.7.attention.output.dense.weight]
7395.0s 2046 Loading weights:  61%|██████    | 121/199 [00:00<00:00, 4133.60it/s, Materializing param=encoder.layer.7.attention.output.dense.weight]
7395.0s 2047 Loading weights:  61%|██████▏   | 122/199 [00:00<00:00, 4153.82it/s, Materializing param=encoder.layer.7.attention.self.key.bias]
7395.0s 2048 Loading weights:  61%|██████▏   | 122/199 [00:00<00:00, 4146.38it/s, Materializing param=encoder.layer.7.attention.self.key.bias]
7395.0s 2049 Loading weights:  62%|██████▏   | 123/199 [00:00<00:00, 4166.90it/s, Materializing param=encoder.layer.7.attention.self.key.weight]
7395.0s 2050 Loading weights:  62%|██████▏   | 123/199 [00:00<00:00, 4159.41it/s, Materializing param=encoder.layer.7.attention.self.key.weight]
7395.0s 2051 Loading weights:  62%|██████▏   | 124/199 [00:00<00:00, 4180.01it/s, Materializing param=encoder.layer.7.attention.self.query.bias]
7395.0s 2052 Loading weights:  62%|██████▏   | 124/199 [00:00<00:00, 4172.67it/s, Materializing param=encoder.layer.7.attention.self.query.bias]
7395.0s 2053 Loading weights:  63%|██████▎   | 125/199 [00:00<00:00, 4193.16it/s, Materializing param=encoder.layer.7.attention.self.query.weight]
7395.0s 2054 Loading weights:  63%|██████▎   | 125/199 [00:00<00:00, 4185.73it/s, Materializing param=encoder.layer.7.attention.self.query.weight]
7395.0s 2055 Loading weights:  63%|██████▎   | 126/199 [00:00<00:00, 4205.12it/s, Materializing param=encoder.layer.7.attention.self.value.bias]
7395.0s 2056 Loading weights:  63%|██████▎   | 126/199 [00:00<00:00, 4197.67it/s, Materializing param=encoder.layer.7.attention.self.value.bias]
7395.0s 2057 Loading weights:  64%|██████▍   | 127/199 [00:00<00:00, 4217.95it/s, Materializing param=encoder.layer.7.attention.self.value.weight]
7395.0s 2058 Loading weights:  64%|██████▍   | 127/199 [00:00<00:00, 4209.12it/s, Materializing param=encoder.layer.7.attention.self.value.weight]
7395.0s 2059 Loading weights:  64%|██████▍   | 128/199 [00:00<00:00, 4219.32it/s, Materializing param=encoder.layer.7.intermediate.dense.bias]
7395.0s 2060 Loading weights:  64%|██████▍   | 128/199 [00:00<00:00, 4211.61it/s, Materializing param=encoder.layer.7.intermediate.dense.bias]
7395.0s 2061 Loading weights:  65%|██████▍   | 129/199 [00:00<00:00, 4231.37it/s, Materializing param=encoder.layer.7.intermediate.dense.weight]
7395.0s 2062 Loading weights:  65%|██████▍   | 129/199 [00:00<00:00, 4222.95it/s, Materializing param=encoder.layer.7.intermediate.dense.weight]
7395.0s 2063 Loading weights:  65%|██████▌   | 130/199 [00:00<00:00, 4241.19it/s, Materializing param=encoder.layer.7.output.LayerNorm.bias]
7395.0s 2064 Loading weights:  65%|██████▌   | 130/199 [00:00<00:00, 4232.56it/s, Materializing param=encoder.layer.7.output.LayerNorm.bias]
7395.0s 2065 Loading weights:  66%|██████▌   | 131/199 [00:00<00:00, 4253.07it/s, Materializing param=encoder.layer.7.output.LayerNorm.weight]
7395.0s 2066 Loading weights:  66%|██████▌   | 131/199 [00:00<00:00, 4245.80it/s, Materializing param=encoder.layer.7.output.LayerNorm.weight]
7395.0s 2067 Loading weights:  66%|██████▋   | 132/199 [00:00<00:00, 4265.79it/s, Materializing param=encoder.layer.7.output.dense.bias]
7395.0s 2068 Loading weights:  66%|██████▋   | 132/199 [00:00<00:00, 4259.06it/s, Materializing param=encoder.layer.7.output.dense.bias]
7395.0s 2069 Loading weights:  67%|██████▋   | 133/199 [00:00<00:00, 4279.48it/s, Materializing param=encoder.layer.7.output.dense.weight]
7395.0s 2070 Loading weights:  67%|██████▋   | 133/199 [00:00<00:00, 4272.92it/s, Materializing param=encoder.layer.7.output.dense.weight]
7395.0s 2071 Loading weights:  67%|██████▋   | 134/199 [00:00<00:00, 4283.85it/s, Materializing param=encoder.layer.8.attention.output.LayerNorm.bias]
7395.0s 2072 Loading weights:  67%|██████▋   | 134/199 [00:00<00:00, 4275.51it/s, Materializing param=encoder.layer.8.attention.output.LayerNorm.bias]
7395.0s 2073 Loading weights:  68%|██████▊   | 135/199 [00:00<00:00, 4294.22it/s, Materializing param=encoder.layer.8.attention.output.LayerNorm.weight]
7395.0s 2074 Loading weights:  68%|██████▊   | 135/199 [00:00<00:00, 4287.23it/s, Materializing param=encoder.layer.8.attention.output.LayerNorm.weight]
7395.0s 2075 Loading weights:  68%|██████▊   | 136/199 [00:00<00:00, 4306.59it/s, Materializing param=encoder.layer.8.attention.output.dense.bias]
7395.0s 2076 Loading weights:  68%|██████▊   | 136/199 [00:00<00:00, 4299.74it/s, Materializing param=encoder.layer.8.attention.output.dense.bias]
7395.0s 2077 Loading weights:  69%|██████▉   | 137/199 [00:00<00:00, 4319.15it/s, Materializing param=encoder.layer.8.attention.output.dense.weight]
7395.0s 2078 Loading weights:  69%|██████▉   | 137/199 [00:00<00:00, 4312.41it/s, Materializing param=encoder.layer.8.attention.output.dense.weight]
7395.0s 2079 Loading weights:  69%|██████▉   | 138/199 [00:00<00:00, 4331.66it/s, Materializing param=encoder.layer.8.attention.self.key.bias]
7395.0s 2080 Loading weights:  69%|██████▉   | 138/199 [00:00<00:00, 4324.61it/s, Materializing param=encoder.layer.8.attention.self.key.bias]
7395.0s 2081 Loading weights:  70%|██████▉   | 139/199 [00:00<00:00, 4343.22it/s, Materializing param=encoder.layer.8.attention.self.key.weight]
7395.0s 2082 Loading weights:  70%|██████▉   | 139/199 [00:00<00:00, 4336.44it/s, Materializing param=encoder.layer.8.attention.self.key.weight]
7395.0s 2083 Loading weights:  70%|███████   | 140/199 [00:00<00:00, 4355.49it/s, Materializing param=encoder.layer.8.attention.self.query.bias]
7395.0s 2084 Loading weights:  70%|███████   | 140/199 [00:00<00:00, 4340.71it/s, Materializing param=encoder.layer.8.attention.self.query.bias]
7395.0s 2085 Loading weights:  71%|███████   | 141/199 [00:00<00:00, 4356.10it/s, Materializing param=encoder.layer.8.attention.self.query.weight]
7395.0s 2086 Loading weights:  71%|███████   | 141/199 [00:00<00:00, 4348.99it/s, Materializing param=encoder.layer.8.attention.self.query.weight]
7395.0s 2087 Loading weights:  71%|███████▏  | 142/199 [00:00<00:00, 4367.21it/s, Materializing param=encoder.layer.8.attention.self.value.bias]
7395.0s 2088 Loading weights:  71%|███████▏  | 142/199 [00:00<00:00, 4360.46it/s, Materializing param=encoder.layer.8.attention.self.value.bias]
7395.0s 2089 Loading weights:  72%|███████▏  | 143/199 [00:00<00:00, 4379.15it/s, Materializing param=encoder.layer.8.attention.self.value.weight]
7395.0s 2090 Loading weights:  72%|███████▏  | 143/199 [00:00<00:00, 4372.63it/s, Materializing param=encoder.layer.8.attention.self.value.weight]
7395.0s 2091 Loading weights:  72%|███████▏  | 144/199 [00:00<00:00, 4391.30it/s, Materializing param=encoder.layer.8.intermediate.dense.bias]
7395.0s 2092 Loading weights:  72%|███████▏  | 144/199 [00:00<00:00, 4384.67it/s, Materializing param=encoder.layer.8.intermediate.dense.bias]
7395.0s 2093 Loading weights:  73%|███████▎  | 145/199 [00:00<00:00, 4403.52it/s, Materializing param=encoder.layer.8.intermediate.dense.weight]
7395.0s 2094 Loading weights:  73%|███████▎  | 145/199 [00:00<00:00, 4396.83it/s, Materializing param=encoder.layer.8.intermediate.dense.weight]
7395.0s 2095 Loading weights:  73%|███████▎  | 146/199 [00:00<00:00, 4412.73it/s, Materializing param=encoder.layer.8.output.LayerNorm.bias]
7395.0s 2096 Loading weights:  73%|███████▎  | 146/199 [00:00<00:00, 4405.65it/s, Materializing param=encoder.layer.8.output.LayerNorm.bias]
7395.0s 2097 Loading weights:  74%|███████▍  | 147/199 [00:00<00:00, 4419.80it/s, Materializing param=encoder.layer.8.output.LayerNorm.weight]
7395.0s 2098 Loading weights:  74%|███████▍  | 147/199 [00:00<00:00, 4410.82it/s, Materializing param=encoder.layer.8.output.LayerNorm.weight]
7395.0s 2099 Loading weights:  74%|███████▍  | 148/199 [00:00<00:00, 4425.63it/s, Materializing param=encoder.layer.8.output.dense.bias]
7395.0s 2100 Loading weights:  74%|███████▍  | 148/199 [00:00<00:00, 4418.61it/s, Materializing param=encoder.layer.8.output.dense.bias]
7395.0s 2101 Loading weights:  75%|███████▍  | 149/199 [00:00<00:00, 4436.02it/s, Materializing param=encoder.layer.8.output.dense.weight]
7395.0s 2102 Loading weights:  75%|███████▍  | 149/199 [00:00<00:00, 4428.60it/s, Materializing param=encoder.layer.8.output.dense.weight]
7395.0s 2103 Loading weights:  75%|███████▌  | 150/199 [00:00<00:00, 4446.01it/s, Materializing param=encoder.layer.9.attention.output.LayerNorm.bias]
7395.0s 2104 Loading weights:  75%|███████▌  | 150/199 [00:00<00:00, 4438.86it/s, Materializing param=encoder.layer.9.attention.output.LayerNorm.bias]
7395.0s 2105 Loading weights:  76%|███████▌  | 151/199 [00:00<00:00, 4455.62it/s, Materializing param=encoder.layer.9.attention.output.LayerNorm.weight]
7395.0s 2106 Loading weights:  76%|███████▌  | 151/199 [00:00<00:00, 4448.36it/s, Materializing param=encoder.layer.9.attention.output.LayerNorm.weight]
7395.0s 2107 Loading weights:  76%|███████▋  | 152/199 [00:00<00:00, 4465.15it/s, Materializing param=encoder.layer.9.attention.output.dense.bias]
7395.0s 2108 Loading weights:  76%|███████▋  | 152/199 [00:00<00:00, 4458.09it/s, Materializing param=encoder.layer.9.attention.output.dense.bias]
7395.0s 2109 Loading weights:  77%|███████▋  | 153/199 [00:00<00:00, 4471.63it/s, Materializing param=encoder.layer.9.attention.output.dense.weight]
7395.0s 2110 Loading weights:  77%|███████▋  | 153/199 [00:00<00:00, 4462.96it/s, Materializing param=encoder.layer.9.attention.output.dense.weight]
7395.0s 2111 Loading weights:  77%|███████▋  | 154/199 [00:00<00:00, 4480.13it/s, Materializing param=encoder.layer.9.attention.self.key.bias]
7395.0s 2112 Loading weights:  77%|███████▋  | 154/199 [00:00<00:00, 4473.58it/s, Materializing param=encoder.layer.9.attention.self.key.bias]
7395.0s 2113 Loading weights:  78%|███████▊  | 155/199 [00:00<00:00, 4491.12it/s, Materializing param=encoder.layer.9.attention.self.key.weight]
7395.0s 2114 Loading weights:  78%|███████▊  | 155/199 [00:00<00:00, 4484.59it/s, Materializing param=encoder.layer.9.attention.self.key.weight]
7395.0s 2115 Loading weights:  78%|███████▊  | 156/199 [00:00<00:00, 4502.00it/s, Materializing param=encoder.layer.9.attention.self.query.bias]
7395.0s 2116 Loading weights:  78%|███████▊  | 156/199 [00:00<00:00, 4495.41it/s, Materializing param=encoder.layer.9.attention.self.query.bias]
7395.0s 2117 Loading weights:  79%|███████▉  | 157/199 [00:00<00:00, 4512.41it/s, Materializing param=encoder.layer.9.attention.self.query.weight]
7395.0s 2118 Loading weights:  79%|███████▉  | 157/199 [00:00<00:00, 4505.53it/s, Materializing param=encoder.layer.9.attention.self.query.weight]
7395.0s 2119 Loading weights:  79%|███████▉  | 158/199 [00:00<00:00, 4522.31it/s, Materializing param=encoder.layer.9.attention.self.value.bias]
7395.0s 2120 Loading weights:  79%|███████▉  | 158/199 [00:00<00:00, 4513.17it/s, Materializing param=encoder.layer.9.attention.self.value.bias]
7395.0s 2121 Loading weights:  80%|███████▉  | 159/199 [00:00<00:00, 4529.12it/s, Materializing param=encoder.layer.9.attention.self.value.weight]
7395.0s 2122 Loading weights:  80%|███████▉  | 159/199 [00:00<00:00, 4521.32it/s, Materializing param=encoder.layer.9.attention.self.value.weight]
7395.0s 2123 Loading weights:  80%|████████  | 160/199 [00:00<00:00, 4534.78it/s, Materializing param=encoder.layer.9.intermediate.dense.bias]
7395.0s 2124 Loading weights:  80%|████████  | 160/199 [00:00<00:00, 4527.65it/s, Materializing param=encoder.layer.9.intermediate.dense.bias]
7395.0s 2125 Loading weights:  81%|████████  | 161/199 [00:00<00:00, 4542.62it/s, Materializing param=encoder.layer.9.intermediate.dense.weight]
7395.0s 2126 Loading weights:  81%|████████  | 161/199 [00:00<00:00, 4535.72it/s, Materializing param=encoder.layer.9.intermediate.dense.weight]
7395.0s 2127 Loading weights:  81%|████████▏ | 162/199 [00:00<00:00, 4551.60it/s, Materializing param=encoder.layer.9.output.LayerNorm.bias]
7395.0s 2128 Loading weights:  81%|████████▏ | 162/199 [00:00<00:00, 4544.79it/s, Materializing param=encoder.layer.9.output.LayerNorm.bias]
7395.0s 2129 Loading weights:  82%|████████▏ | 163/199 [00:00<00:00, 4560.21it/s, Materializing param=encoder.layer.9.output.LayerNorm.weight]
7395.0s 2130 Loading weights:  82%|████████▏ | 163/199 [00:00<00:00, 4553.44it/s, Materializing param=encoder.layer.9.output.LayerNorm.weight]
7395.0s 2131 Loading weights:  82%|████████▏ | 164/199 [00:00<00:00, 4569.47it/s, Materializing param=encoder.layer.9.output.dense.bias]
7395.0s 2132 Loading weights:  82%|████████▏ | 164/199 [00:00<00:00, 4562.75it/s, Materializing param=encoder.layer.9.output.dense.bias]
7395.0s 2133 Loading weights:  83%|████████▎ | 165/199 [00:00<00:00, 4578.84it/s, Materializing param=encoder.layer.9.output.dense.weight]
7395.0s 2134 Loading weights:  83%|████████▎ | 165/199 [00:00<00:00, 4572.28it/s, Materializing param=encoder.layer.9.output.dense.weight]
7395.0s 2135 Loading weights:  83%|████████▎ | 166/199 [00:00<00:00, 4585.66it/s, Materializing param=encoder.layer.10.attention.output.LayerNorm.bias]
7395.0s 2136 Loading weights:  83%|████████▎ | 166/199 [00:00<00:00, 4578.39it/s, Materializing param=encoder.layer.10.attention.output.LayerNorm.bias]
7395.0s 2137 Loading weights:  84%|████████▍ | 167/199 [00:00<00:00, 4593.11it/s, Materializing param=encoder.layer.10.attention.output.LayerNorm.weight]
7395.0s 2138 Loading weights:  84%|████████▍ | 167/199 [00:00<00:00, 4585.77it/s, Materializing param=encoder.layer.10.attention.output.LayerNorm.weight]
7395.0s 2139 Loading weights:  84%|████████▍ | 168/199 [00:00<00:00, 4601.39it/s, Materializing param=encoder.layer.10.attention.output.dense.bias]
7395.0s 2140 Loading weights:  84%|████████▍ | 168/199 [00:00<00:00, 4594.61it/s, Materializing param=encoder.layer.10.attention.output.dense.bias]
7395.0s 2141 Loading weights:  85%|████████▍ | 169/199 [00:00<00:00, 4602.21it/s, Materializing param=encoder.layer.10.attention.output.dense.weight]
7395.0s 2142 Loading weights:  85%|████████▍ | 169/199 [00:00<00:00, 4594.99it/s, Materializing param=encoder.layer.10.attention.output.dense.weight]
7395.0s 2143 Loading weights:  85%|████████▌ | 170/199 [00:00<00:00, 4610.20it/s, Materializing param=encoder.layer.10.attention.self.key.bias]
7395.0s 2144 Loading weights:  85%|████████▌ | 170/199 [00:00<00:00, 4603.89it/s, Materializing param=encoder.layer.10.attention.self.key.bias]
7395.0s 2145 Loading weights:  86%|████████▌ | 171/199 [00:00<00:00, 4617.02it/s, Materializing param=encoder.layer.10.attention.self.key.weight]
7395.0s 2146 Loading weights:  86%|████████▌ | 171/199 [00:00<00:00, 4610.43it/s, Materializing param=encoder.layer.10.attention.self.key.weight]
7395.0s 2147 Loading weights:  86%|████████▋ | 172/199 [00:00<00:00, 4622.83it/s, Materializing param=encoder.layer.10.attention.self.query.bias]
7395.0s 2148 Loading weights:  86%|████████▋ | 172/199 [00:00<00:00, 4615.79it/s, Materializing param=encoder.layer.10.attention.self.query.bias]
7395.0s 2149 Loading weights:  87%|████████▋ | 173/199 [00:00<00:00, 4630.24it/s, Materializing param=encoder.layer.10.attention.self.query.weight]
7395.0s 2150 Loading weights:  87%|████████▋ | 173/199 [00:00<00:00, 4623.66it/s, Materializing param=encoder.layer.10.attention.self.query.weight]
7395.0s 2151 Loading weights:  87%|████████▋ | 174/199 [00:00<00:00, 4635.97it/s, Materializing param=encoder.layer.10.attention.self.value.bias]
7395.0s 2152 Loading weights:  87%|████████▋ | 174/199 [00:00<00:00, 4627.65it/s, Materializing param=encoder.layer.10.attention.self.value.bias]
7395.0s 2153 Loading weights:  88%|████████▊ | 175/199 [00:00<00:00, 4639.57it/s, Materializing param=encoder.layer.10.attention.self.value.weight]
7395.0s 2154 Loading weights:  88%|████████▊ | 175/199 [00:00<00:00, 4632.60it/s, Materializing param=encoder.layer.10.attention.self.value.weight]
7395.0s 2155 Loading weights:  88%|████████▊ | 176/199 [00:00<00:00, 4646.52it/s, Materializing param=encoder.layer.10.intermediate.dense.bias]
7395.0s 2156 Loading weights:  88%|████████▊ | 176/199 [00:00<00:00, 4639.45it/s, Materializing param=encoder.layer.10.intermediate.dense.bias]
7395.0s 2157 Loading weights:  89%|████████▉ | 177/199 [00:00<00:00, 4653.33it/s, Materializing param=encoder.layer.10.intermediate.dense.weight]
7395.0s 2158 Loading weights:  89%|████████▉ | 177/199 [00:00<00:00, 4645.12it/s, Materializing param=encoder.layer.10.intermediate.dense.weight]
7395.0s 2159 Loading weights:  89%|████████▉ | 178/199 [00:00<00:00, 4657.23it/s, Materializing param=encoder.layer.10.output.LayerNorm.bias]
7395.0s 2160 Loading weights:  89%|████████▉ | 178/199 [00:00<00:00, 4650.03it/s, Materializing param=encoder.layer.10.output.LayerNorm.bias]
7395.0s 2161 Loading weights:  90%|████████▉ | 179/199 [00:00<00:00, 4664.07it/s, Materializing param=encoder.layer.10.output.LayerNorm.weight]
7395.0s 2162 Loading weights:  90%|████████▉ | 179/199 [00:00<00:00, 4657.39it/s, Materializing param=encoder.layer.10.output.LayerNorm.weight]
7395.0s 2163 Loading weights:  90%|█████████ | 180/199 [00:00<00:00, 4671.87it/s, Materializing param=encoder.layer.10.output.dense.bias]
7395.0s 2164 Loading weights:  90%|█████████ | 180/199 [00:00<00:00, 4665.44it/s, Materializing param=encoder.layer.10.output.dense.bias]
7395.0s 2165 Loading weights:  91%|█████████ | 181/199 [00:00<00:00, 4679.82it/s, Materializing param=encoder.layer.10.output.dense.weight]
7395.0s 2166 Loading weights:  91%|█████████ | 181/199 [00:00<00:00, 4673.51it/s, Materializing param=encoder.layer.10.output.dense.weight]
7395.0s 2167 Loading weights:  91%|█████████▏| 182/199 [00:00<00:00, 4686.63it/s, Materializing param=encoder.layer.11.attention.output.LayerNorm.bias]
7395.0s 2168 Loading weights:  91%|█████████▏| 182/199 [00:00<00:00, 4680.51it/s, Materializing param=encoder.layer.11.attention.output.LayerNorm.bias]
7395.0s 2169 Loading weights:  92%|█████████▏| 183/199 [00:00<00:00, 4695.03it/s, Materializing param=encoder.layer.11.attention.output.LayerNorm.weight]
7395.0s 2170 Loading weights:  92%|█████████▏| 183/199 [00:00<00:00, 4688.46it/s, Materializing param=encoder.layer.11.attention.output.LayerNorm.weight]
7395.0s 2171 Loading weights:  92%|█████████▏| 184/199 [00:00<00:00, 4702.91it/s, Materializing param=encoder.layer.11.attention.output.dense.bias]
7395.0s 2172 Loading weights:  92%|█████████▏| 184/199 [00:00<00:00, 4694.64it/s, Materializing param=encoder.layer.11.attention.output.dense.bias]
7395.0s 2173 Loading weights:  93%|█████████▎| 185/199 [00:00<00:00, 4701.85it/s, Materializing param=encoder.layer.11.attention.output.dense.weight]
7395.0s 2174 Loading weights:  93%|█████████▎| 185/199 [00:00<00:00, 4695.42it/s, Materializing param=encoder.layer.11.attention.output.dense.weight]
7395.0s 2175 Loading weights:  93%|█████████▎| 186/199 [00:00<00:00, 4709.71it/s, Materializing param=encoder.layer.11.attention.self.key.bias]
7395.0s 2176 Loading weights:  93%|█████████▎| 186/199 [00:00<00:00, 4703.69it/s, Materializing param=encoder.layer.11.attention.self.key.bias]
7395.0s 2177 Loading weights:  94%|█████████▍| 187/199 [00:00<00:00, 4715.59it/s, Materializing param=encoder.layer.11.attention.self.key.weight]
7395.0s 2178 Loading weights:  94%|█████████▍| 187/199 [00:00<00:00, 4709.33it/s, Materializing param=encoder.layer.11.attention.self.key.weight]
7395.0s 2179 Loading weights:  94%|█████████▍| 188/199 [00:00<00:00, 4723.23it/s, Materializing param=encoder.layer.11.attention.self.query.bias]
7395.0s 2180 Loading weights:  94%|█████████▍| 188/199 [00:00<00:00, 4716.79it/s, Materializing param=encoder.layer.11.attention.self.query.bias]
7395.0s 2181 Loading weights:  95%|█████████▍| 189/199 [00:00<00:00, 4730.67it/s, Materializing param=encoder.layer.11.attention.self.query.weight]
7395.0s 2182 Loading weights:  95%|█████████▍| 189/199 [00:00<00:00, 4724.36it/s, Materializing param=encoder.layer.11.attention.self.query.weight]
7395.0s 2183 Loading weights:  95%|█████████▌| 190/199 [00:00<00:00, 4737.02it/s, Materializing param=encoder.layer.11.attention.self.value.bias]
7395.0s 2184 Loading weights:  95%|█████████▌| 190/199 [00:00<00:00, 4730.30it/s, Materializing param=encoder.layer.11.attention.self.value.bias]
7395.0s 2185 Loading weights:  96%|█████████▌| 191/199 [00:00<00:00, 4741.49it/s, Materializing param=encoder.layer.11.attention.self.value.weight]
7395.0s 2186 Loading weights:  96%|█████████▌| 191/199 [00:00<00:00, 4735.57it/s, Materializing param=encoder.layer.11.attention.self.value.weight]
7395.0s 2187 Loading weights:  96%|█████████▋| 192/199 [00:00<00:00, 4749.84it/s, Materializing param=encoder.layer.11.intermediate.dense.bias]
7395.0s 2188 Loading weights:  96%|█████████▋| 192/199 [00:00<00:00, 4744.07it/s, Materializing param=encoder.layer.11.intermediate.dense.bias]
7395.0s 2189 Loading weights:  97%|█████████▋| 193/199 [00:00<00:00, 4758.49it/s, Materializing param=encoder.layer.11.intermediate.dense.weight]
7395.0s 2190 Loading weights:  97%|█████████▋| 193/199 [00:00<00:00, 4752.74it/s, Materializing param=encoder.layer.11.intermediate.dense.weight]
7395.0s 2191 Loading weights:  97%|█████████▋| 194/199 [00:00<00:00, 4767.15it/s, Materializing param=encoder.layer.11.output.LayerNorm.bias]
7395.0s 2192 Loading weights:  97%|█████████▋| 194/199 [00:00<00:00, 4761.40it/s, Materializing param=encoder.layer.11.output.LayerNorm.bias]
7395.0s 2193 Loading weights:  98%|█████████▊| 195/199 [00:00<00:00, 4775.35it/s, Materializing param=encoder.layer.11.output.LayerNorm.weight]
7395.0s 2194 Loading weights:  98%|█████████▊| 195/199 [00:00<00:00, 4769.56it/s, Materializing param=encoder.layer.11.output.LayerNorm.weight]
7395.0s 2195 Loading weights:  98%|█████████▊| 196/199 [00:00<00:00, 4783.81it/s, Materializing param=encoder.layer.11.output.dense.bias]
7395.0s 2196 Loading weights:  98%|█████████▊| 196/199 [00:00<00:00, 4778.06it/s, Materializing param=encoder.layer.11.output.dense.bias]
7395.0s 2197 Loading weights:  99%|█████████▉| 197/199 [00:00<00:00, 4792.21it/s, Materializing param=encoder.layer.11.output.dense.weight]
7395.0s 2198 Loading weights:  99%|█████████▉| 197/199 [00:00<00:00, 4785.94it/s, Materializing param=encoder.layer.11.output.dense.weight]
7395.0s 2199 Loading weights:  99%|█████████▉| 198/199 [00:00<00:00, 4797.87it/s, Materializing param=pooler.dense.bias]
7395.0s 2200 Loading weights:  99%|█████████▉| 198/199 [00:00<00:00, 4792.25it/s, Materializing param=pooler.dense.bias]
7395.0s 2201 Loading weights: 100%|██████████| 199/199 [00:00<00:00, 4806.85it/s, Materializing param=pooler.dense.weight]
7395.0s 2202 Loading weights: 100%|██████████| 199/199 [00:00<00:00, 4801.46it/s, Materializing param=pooler.dense.weight]
7395.0s 2203 Loading weights: 100%|██████████| 199/199 [00:00<00:00, 4790.05it/s, Materializing param=pooler.dense.weight]
7395.0s 2204 BertModel LOAD REPORT from: google/muril-base-cased
7395.0s 2205 Key                                        | Status     |  |
7395.0s 2206 -------------------------------------------+------------+--+-
7395.0s 2207 bert.embeddings.position_ids               | UNEXPECTED |  |
7395.0s 2208 cls.predictions.transform.LayerNorm.bias   | UNEXPECTED |  |
7395.0s 2209 cls.predictions.decoder.bias               | UNEXPECTED |  |
7395.0s 2210 cls.seq_relationship.bias                  | UNEXPECTED |  |
7395.0s 2211 cls.predictions.transform.dense.bias       | UNEXPECTED |  |
7395.0s 2212 cls.predictions.bias                       | UNEXPECTED |  |
7395.0s 2213 cls.seq_relationship.weight                | UNEXPECTED |  |
7395.0s 2214 cls.predictions.decoder.weight             | UNEXPECTED |  |
7395.0s 2215 cls.predictions.transform.dense.weight     | UNEXPECTED |  |
7395.0s 2216 cls.predictions.transform.LayerNorm.weight | UNEXPECTED |  |
7395.0s 2217 
7395.0s 2218 Notes:
7395.0s 2219 - UNEXPECTED	:can be ignored when loading from different task/architecture; not ok if you expect identical arch.
7542.2s 2220 [s42f5] ep1 359/719 loss 0.5183 val 0.6615 * (0.41s/step)
7686.7s 2221 [s42f5] ep1 718/719 loss 0.3810 val 0.7048 * (0.41s/step)
7699.3s 2222 [s42f5] ep1 719/719 loss 0.5443 val 0.7048 (0.42s/step)
7699.3s 2223 [s42f5] ep1 done 5.1min  best 0.7048
7846.9s 2224 [s42f5] ep2 359/719 loss 0.7823 val 0.7328 * (0.41s/step)
7988.7s 2225 [s42f5] ep2 718/719 loss 0.2337 val 0.7455 * (0.40s/step)
8001.3s 2226 [s42f5] ep2 719/719 loss 0.3100 val 0.7455 (0.42s/step)
8001.3s 2227 [s42f5] ep2 done 5.0min  best 0.7455
8144.4s 2228 [s42f5] ep3 359/719 loss 0.5531 val 0.7517 * (0.40s/step)
8293.4s 2229 [s42f5] ep3 718/719 loss 0.2875 val 0.7620 * (0.41s/step)
8305.9s 2230 [s42f5] ep3 719/719 loss 0.5230 val 0.7620 (0.42s/step)
8305.9s 2231 [s42f5] ep3 done 5.1min  best 0.7620
8452.1s 2232 [s42f5] ep4 359/719 loss 0.4975 val 0.7669 * (0.41s/step)
8597.2s 2233 [s42f5] ep4 718/719 loss 0.4304 val 0.7682 * (0.41s/step)
8609.9s 2234 [s42f5] ep4 719/719 loss 0.2700 val 0.7682 (0.42s/step)
8609.9s 2235 [s42f5] ep4 done 5.1min  best 0.7682
8756.5s 2236 [s42f5] ep5 359/719 loss 0.4190 val 0.7688 * (0.41s/step)
8901.1s 2237 [s42f5] ep5 718/719 loss 0.3267 val 0.7710 * (0.41s/step)
8913.6s 2238 [s42f5] ep5 719/719 loss 0.2707 val 0.7710 (0.42s/step)
8913.6s 2239 [s42f5] ep5 done 5.1min  best 0.7710
9059.2s 2240 [s42f5] ep6 359/719 loss 0.3518 val 0.7731 * (0.41s/step)
9206.0s 2241 [s42f5] ep6 718/719 loss 0.5510 val 0.7773 * (0.41s/step)
9225.4s 2242 [s42f5] ep6 719/719 loss 0.3426 val 0.7773 (0.43s/step)
9225.4s 2243 [s42f5] ep6 done 5.2min  best 0.7773
9225.4s 2244 [s42f5] best 0.7773  last 0.7773  (selected: last)
9225.4s 2245 
9225.4s 2246 OOF macro-F1 0.7889 acc 0.7894
9226.2s 2247 threshold-tuned OOF macro-F1 0.7924 at p(Hate) > 0.434
9226.2s 2248 wrote /kaggle/working/hastika/artifacts/runs/a_oof_trainval_reinit1/predictions.csv (threshold 0.434)
9228.9s 2249 $ /usr/bin/python3 -u -m hastika.models.muril --model google/muril-base-cased --folds 5 --seeds 42 --epochs 6 --bs 8 --grad-accum 2 --eval-bs 32 --select last --tag a_oof_trainval_reinit2 --reinit-layers 2
9237.1s 2250 device=cuda (Tesla T4) model=google/muril-base-cased pooling=meanmax fgm=True ema=True rdrop=0.0 reinit=2 seeds=[42] external=-
9237.4s 2251 dedupe task A: 7252 -> 7193 rows (49 duplicate, 10 in label-conflict groups)
9238.3s 2252 Warning: You are sending unauthenticated requests to the HF Hub. Please set a HF_TOKEN to enable higher rate limits and faster downloads.
9238.5s 2253 ===== seed 42 fold 1/5 =====
9239.9s 2254 
9239.9s 2255 Loading weights:   0%|          | 0/199 [00:00<?, ?it/s]
9239.9s 2256 Loading weights:   1%|          | 1/199 [00:00<00:00, 14413.42it/s, Materializing param=embeddings.LayerNorm.bias]
9239.9s 2257 Loading weights:   1%|          | 1/199 [00:00<00:00, 5761.41it/s, Materializing param=embeddings.LayerNorm.bias]
9239.9s 2258 Loading weights:   1%|          | 2/199 [00:00<00:00, 5279.17it/s, Materializing param=embeddings.LayerNorm.weight]
9239.9s 2259 Loading weights:   1%|          | 2/199 [00:00<00:00, 4382.76it/s, Materializing param=embeddings.LayerNorm.weight]
9239.9s 2260 Loading weights:   2%|▏         | 3/199 [00:00<00:00, 3265.74it/s, Materializing param=embeddings.position_embeddings.weight]
9239.9s 2261 Loading weights:   2%|▏         | 3/199 [00:00<00:00, 1564.46it/s, Materializing param=embeddings.position_embeddings.weight]
9239.9s 2262 Loading weights:   2%|▏         | 4/199 [00:00<00:00, 1800.32it/s, Materializing param=embeddings.token_type_embeddings.weight]
9239.9s 2263 Loading weights:   2%|▏         | 4/199 [00:00<00:00, 1383.57it/s, Materializing param=embeddings.token_type_embeddings.weight]
9239.9s 2264 Loading weights:   3%|▎         | 5/199 [00:00<00:00, 1189.40it/s, Materializing param=embeddings.word_embeddings.weight]
9239.9s 2265 Loading weights:   3%|▎         | 5/199 [00:00<00:00, 1115.63it/s, Materializing param=embeddings.word_embeddings.weight]
9239.9s 2266 Loading weights:   3%|▎         | 6/199 [00:00<00:00, 1138.88it/s, Materializing param=encoder.layer.0.attention.output.LayerNorm.bias]
9239.9s 2267 Loading weights:   3%|▎         | 6/199 [00:00<00:00, 1098.46it/s, Materializing param=encoder.layer.0.attention.output.LayerNorm.bias]
9239.9s 2268 Loading weights:   4%|▎         | 7/199 [00:00<00:00, 1225.23it/s, Materializing param=encoder.layer.0.attention.output.LayerNorm.weight]
9239.9s 2269 Loading weights:   4%|▎         | 7/199 [00:00<00:00, 1201.86it/s, Materializing param=encoder.layer.0.attention.output.LayerNorm.weight]
9239.9s 2270 Loading weights:   4%|▍         | 8/199 [00:00<00:00, 1316.69it/s, Materializing param=encoder.layer.0.attention.output.dense.bias]
9239.9s 2271 Loading weights:   4%|▍         | 8/199 [00:00<00:00, 1294.19it/s, Materializing param=encoder.layer.0.attention.output.dense.bias]
9239.9s 2272 Loading weights:   5%|▍         | 9/199 [00:00<00:00, 1402.78it/s, Materializing param=encoder.layer.0.attention.output.dense.weight]
9239.9s 2273 Loading weights:   5%|▍         | 9/199 [00:00<00:00, 1375.93it/s, Materializing param=encoder.layer.0.attention.output.dense.weight]
9239.9s 2274 Loading weights:   5%|▌         | 10/199 [00:00<00:00, 1479.26it/s, Materializing param=encoder.layer.0.attention.self.key.bias]
9239.9s 2275 Loading weights:   5%|▌         | 10/199 [00:00<00:00, 1459.85it/s, Materializing param=encoder.layer.0.attention.self.key.bias]
9239.9s 2276 Loading weights:   6%|▌         | 11/199 [00:00<00:00, 1447.40it/s, Materializing param=encoder.layer.0.attention.self.key.weight]
9239.9s 2277 Loading weights:   6%|▌         | 11/199 [00:00<00:00, 1429.02it/s, Materializing param=encoder.layer.0.attention.self.key.weight]
9239.9s 2278 Loading weights:   6%|▌         | 12/199 [00:00<00:00, 1516.06it/s, Materializing param=encoder.layer.0.attention.self.query.bias]
9239.9s 2279 Loading weights:   6%|▌         | 12/199 [00:00<00:00, 1489.37it/s, Materializing param=encoder.layer.0.attention.self.query.bias]
9239.9s 2280 Loading weights:   7%|▋         | 13/199 [00:00<00:00, 1350.22it/s, Materializing param=encoder.layer.0.attention.self.query.weight]
9239.9s 2281 Loading weights:   7%|▋         | 13/199 [00:00<00:00, 1334.69it/s, Materializing param=encoder.layer.0.attention.self.query.weight]
9239.9s 2282 Loading weights:   7%|▋         | 14/199 [00:00<00:00, 1406.30it/s, Materializing param=encoder.layer.0.attention.self.value.bias]
9239.9s 2283 Loading weights:   7%|▋         | 14/199 [00:00<00:00, 1384.19it/s, Materializing param=encoder.layer.0.attention.self.value.bias]
9239.9s 2284 Loading weights:   8%|▊         | 15/199 [00:00<00:00, 1455.95it/s, Materializing param=encoder.layer.0.attention.self.value.weight]
9239.9s 2285 Loading weights:   8%|▊         | 15/199 [00:00<00:00, 1443.82it/s, Materializing param=encoder.layer.0.attention.self.value.weight]
9239.9s 2286 Loading weights:   8%|▊         | 16/199 [00:00<00:00, 1513.75it/s, Materializing param=encoder.layer.0.intermediate.dense.bias]
9239.9s 2287 Loading weights:   8%|▊         | 16/199 [00:00<00:00, 1501.75it/s, Materializing param=encoder.layer.0.intermediate.dense.bias]
9239.9s 2288 Loading weights:   9%|▊         | 17/199 [00:00<00:00, 1569.76it/s, Materializing param=encoder.layer.0.intermediate.dense.weight]
9239.9s 2289 Loading weights:   9%|▊         | 17/199 [00:00<00:00, 1557.65it/s, Materializing param=encoder.layer.0.intermediate.dense.weight]
9239.9s 2290 Loading weights:   9%|▉         | 18/199 [00:00<00:00, 1618.97it/s, Materializing param=encoder.layer.0.output.LayerNorm.bias]
9239.9s 2291 Loading weights:   9%|▉         | 18/199 [00:00<00:00, 1606.50it/s, Materializing param=encoder.layer.0.output.LayerNorm.bias]
9239.9s 2292 Loading weights:  10%|▉         | 19/199 [00:00<00:00, 1670.06it/s, Materializing param=encoder.layer.0.output.LayerNorm.weight]
9239.9s 2293 Loading weights:  10%|▉         | 19/199 [00:00<00:00, 1658.21it/s, Materializing param=encoder.layer.0.output.LayerNorm.weight]
9239.9s 2294 Loading weights:  10%|█         | 20/199 [00:00<00:00, 1718.41it/s, Materializing param=encoder.layer.0.output.dense.bias]
9239.9s 2295 Loading weights:  10%|█         | 20/199 [00:00<00:00, 1706.35it/s, Materializing param=encoder.layer.0.output.dense.bias]
9239.9s 2296 Loading weights:  11%|█         | 21/199 [00:00<00:00, 1765.39it/s, Materializing param=encoder.layer.0.output.dense.weight]
9239.9s 2297 Loading weights:  11%|█         | 21/199 [00:00<00:00, 1750.86it/s, Materializing param=encoder.layer.0.output.dense.weight]
9239.9s 2298 Loading weights:  11%|█         | 22/199 [00:00<00:00, 1805.80it/s, Materializing param=encoder.layer.1.attention.output.LayerNorm.bias]
9239.9s 2299 Loading weights:  11%|█         | 22/199 [00:00<00:00, 1792.47it/s, Materializing param=encoder.layer.1.attention.output.LayerNorm.bias]
9239.9s 2300 Loading weights:  12%|█▏        | 23/199 [00:00<00:00, 1847.04it/s, Materializing param=encoder.layer.1.attention.output.LayerNorm.weight]
9239.9s 2301 Loading weights:  12%|█▏        | 23/199 [00:00<00:00, 1833.04it/s, Materializing param=encoder.layer.1.attention.output.LayerNorm.weight]
9239.9s 2302 Loading weights:  12%|█▏        | 24/199 [00:00<00:00, 1886.07it/s, Materializing param=encoder.layer.1.attention.output.dense.bias]
9239.9s 2303 Loading weights:  12%|█▏        | 24/199 [00:00<00:00, 1873.71it/s, Materializing param=encoder.layer.1.attention.output.dense.bias]
9239.9s 2304 Loading weights:  13%|█▎        | 25/199 [00:00<00:00, 1918.50it/s, Materializing param=encoder.layer.1.attention.output.dense.weight]
9239.9s 2305 Loading weights:  13%|█▎        | 25/199 [00:00<00:00, 1903.84it/s, Materializing param=encoder.layer.1.attention.output.dense.weight]
9239.9s 2306 Loading weights:  13%|█▎        | 26/199 [00:00<00:00, 1953.08it/s, Materializing param=encoder.layer.1.attention.self.key.bias]
9239.9s 2307 Loading weights:  13%|█▎        | 26/199 [00:00<00:00, 1940.60it/s, Materializing param=encoder.layer.1.attention.self.key.bias]
9239.9s 2308 Loading weights:  14%|█▎        | 27/199 [00:00<00:00, 1989.01it/s, Materializing param=encoder.layer.1.attention.self.key.weight]
9239.9s 2309 Loading weights:  14%|█▎        | 27/199 [00:00<00:00, 1976.79it/s, Materializing param=encoder.layer.1.attention.self.key.weight]
9239.9s 2310 Loading weights:  14%|█▍        | 28/199 [00:00<00:00, 2023.75it/s, Materializing param=encoder.layer.1.attention.self.query.bias]
9239.9s 2311 Loading weights:  14%|█▍        | 28/199 [00:00<00:00, 2011.59it/s, Materializing param=encoder.layer.1.attention.self.query.bias]
9239.9s 2312 Loading weights:  15%|█▍        | 29/199 [00:00<00:00, 2052.70it/s, Materializing param=encoder.layer.1.attention.self.query.weight]
9239.9s 2313 Loading weights:  15%|█▍        | 29/199 [00:00<00:00, 2039.38it/s, Materializing param=encoder.layer.1.attention.self.query.weight]
9239.9s 2314 Loading weights:  15%|█▌        | 30/199 [00:00<00:00, 2083.40it/s, Materializing param=encoder.layer.1.attention.self.value.bias]
9239.9s 2315 Loading weights:  15%|█▌        | 30/199 [00:00<00:00, 2071.06it/s, Materializing param=encoder.layer.1.attention.self.value.bias]
9239.9s 2316 Loading weights:  16%|█▌        | 31/199 [00:00<00:00, 2112.45it/s, Materializing param=encoder.layer.1.attention.self.value.weight]
9239.9s 2317 Loading weights:  16%|█▌        | 31/199 [00:00<00:00, 2097.93it/s, Materializing param=encoder.layer.1.attention.self.value.weight]
9239.9s 2318 Loading weights:  16%|█▌        | 32/199 [00:00<00:00, 2139.47it/s, Materializing param=encoder.layer.1.intermediate.dense.bias]
9239.9s 2319 Loading weights:  16%|█▌        | 32/199 [00:00<00:00, 2118.70it/s, Materializing param=encoder.layer.1.intermediate.dense.bias]
9239.9s 2320 Loading weights:  17%|█▋        | 33/199 [00:00<00:00, 2159.01it/s, Materializing param=encoder.layer.1.intermediate.dense.weight]
9239.9s 2321 Loading weights:  17%|█▋        | 33/199 [00:00<00:00, 2147.05it/s, Materializing param=encoder.layer.1.intermediate.dense.weight]
9239.9s 2322 Loading weights:  17%|█▋        | 34/199 [00:00<00:00, 2187.42it/s, Materializing param=encoder.layer.1.output.LayerNorm.bias]
9239.9s 2323 Loading weights:  17%|█▋        | 34/199 [00:00<00:00, 2176.00it/s, Materializing param=encoder.layer.1.output.LayerNorm.bias]
9239.9s 2324 Loading weights:  18%|█▊        | 35/199 [00:00<00:00, 2214.49it/s, Materializing param=encoder.layer.1.output.LayerNorm.weight]
9239.9s 2325 Loading weights:  18%|█▊        | 35/199 [00:00<00:00, 2202.79it/s, Materializing param=encoder.layer.1.output.LayerNorm.weight]
9239.9s 2326 Loading weights:  18%|█▊        | 36/199 [00:00<00:00, 2238.39it/s, Materializing param=encoder.layer.1.output.dense.bias]
9239.9s 2327 Loading weights:  18%|█▊        | 36/199 [00:00<00:00, 2226.93it/s, Materializing param=encoder.layer.1.output.dense.bias]
9239.9s 2328 Loading weights:  19%|█▊        | 37/199 [00:00<00:00, 2265.01it/s, Materializing param=encoder.layer.1.output.dense.weight]
9239.9s 2329 Loading weights:  19%|█▊        | 37/199 [00:00<00:00, 2252.22it/s, Materializing param=encoder.layer.1.output.dense.weight]
9239.9s 2330 Loading weights:  19%|█▉        | 38/199 [00:00<00:00, 2289.66it/s, Materializing param=encoder.layer.2.attention.output.LayerNorm.bias]
9239.9s 2331 Loading weights:  19%|█▉        | 38/199 [00:00<00:00, 2278.41it/s, Materializing param=encoder.layer.2.attention.output.LayerNorm.bias]
9239.9s 2332 Loading weights:  20%|█▉        | 39/199 [00:00<00:00, 2313.49it/s, Materializing param=encoder.layer.2.attention.output.LayerNorm.weight]
9239.9s 2333 Loading weights:  20%|█▉        | 39/199 [00:00<00:00, 2302.13it/s, Materializing param=encoder.layer.2.attention.output.LayerNorm.weight]
9239.9s 2334 Loading weights:  20%|██        | 40/199 [00:00<00:00, 2329.85it/s, Materializing param=encoder.layer.2.attention.output.dense.bias]
9239.9s 2335 Loading weights:  20%|██        | 40/199 [00:00<00:00, 2316.40it/s, Materializing param=encoder.layer.2.attention.output.dense.bias]
9239.9s 2336 Loading weights:  21%|██        | 41/199 [00:00<00:00, 2350.36it/s, Materializing param=encoder.layer.2.attention.output.dense.weight]
9239.9s 2337 Loading weights:  21%|██        | 41/199 [00:00<00:00, 2339.14it/s, Materializing param=encoder.layer.2.attention.output.dense.weight]
9239.9s 2338 Loading weights:  21%|██        | 42/199 [00:00<00:00, 2372.70it/s, Materializing param=encoder.layer.2.attention.self.key.bias]
9239.9s 2339 Loading weights:  21%|██        | 42/199 [00:00<00:00, 2361.56it/s, Materializing param=encoder.layer.2.attention.self.key.bias]
9239.9s 2340 Loading weights:  22%|██▏       | 43/199 [00:00<00:00, 2394.42it/s, Materializing param=encoder.layer.2.attention.self.key.weight]
9239.9s 2341 Loading weights:  22%|██▏       | 43/199 [00:00<00:00, 2374.44it/s, Materializing param=encoder.layer.2.attention.self.key.weight]
9239.9s 2342 Loading weights:  22%|██▏       | 44/199 [00:00<00:00, 2388.56it/s, Materializing param=encoder.layer.2.attention.self.query.bias]
9239.9s 2343 Loading weights:  22%|██▏       | 44/199 [00:00<00:00, 2375.09it/s, Materializing param=encoder.layer.2.attention.self.query.bias]
9239.9s 2344 Loading weights:  23%|██▎       | 45/199 [00:00<00:00, 2396.14it/s, Materializing param=encoder.layer.2.attention.self.query.weight]
9239.9s 2345 Loading weights:  23%|██▎       | 45/199 [00:00<00:00, 2382.04it/s, Materializing param=encoder.layer.2.attention.self.query.weight]
9239.9s 2346 Loading weights:  23%|██▎       | 46/199 [00:00<00:00, 2404.66it/s, Materializing param=encoder.layer.2.attention.self.value.bias]
9239.9s 2347 Loading weights:  23%|██▎       | 46/199 [00:00<00:00, 2392.41it/s, Materializing param=encoder.layer.2.attention.self.value.bias]
9239.9s 2348 Loading weights:  24%|██▎       | 47/199 [00:00<00:00, 2419.22it/s, Materializing param=encoder.layer.2.attention.self.value.weight]
9239.9s 2349 Loading weights:  24%|██▎       | 47/199 [00:00<00:00, 2407.40it/s, Materializing param=encoder.layer.2.attention.self.value.weight]
9239.9s 2350 Loading weights:  24%|██▍       | 48/199 [00:00<00:00, 2432.16it/s, Materializing param=encoder.layer.2.intermediate.dense.bias]
9239.9s 2351 Loading weights:  24%|██▍       | 48/199 [00:00<00:00, 2421.19it/s, Materializing param=encoder.layer.2.intermediate.dense.bias]
9239.9s 2352 Loading weights:  25%|██▍       | 49/199 [00:00<00:00, 2444.84it/s, Materializing param=encoder.layer.2.intermediate.dense.weight]
9239.9s 2353 Loading weights:  25%|██▍       | 49/199 [00:00<00:00, 2433.35it/s, Materializing param=encoder.layer.2.intermediate.dense.weight]
9239.9s 2354 Loading weights:  25%|██▌       | 50/199 [00:00<00:00, 2460.95it/s, Materializing param=encoder.layer.2.output.LayerNorm.bias]
9239.9s 2355 Loading weights:  25%|██▌       | 50/199 [00:00<00:00, 2451.03it/s, Materializing param=encoder.layer.2.output.LayerNorm.bias]
9239.9s 2356 Loading weights:  26%|██▌       | 51/199 [00:00<00:00, 2479.05it/s, Materializing param=encoder.layer.2.output.LayerNorm.weight]
9239.9s 2357 Loading weights:  26%|██▌       | 51/199 [00:00<00:00, 2468.46it/s, Materializing param=encoder.layer.2.output.LayerNorm.weight]
9239.9s 2358 Loading weights:  26%|██▌       | 52/199 [00:00<00:00, 2493.64it/s, Materializing param=encoder.layer.2.output.dense.bias]
9239.9s 2359 Loading weights:  26%|██▌       | 52/199 [00:00<00:00, 2483.65it/s, Materializing param=encoder.layer.2.output.dense.bias]
9239.9s 2360 Loading weights:  27%|██▋       | 53/199 [00:00<00:00, 2507.51it/s, Materializing param=encoder.layer.2.output.dense.weight]
9239.9s 2361 Loading weights:  27%|██▋       | 53/199 [00:00<00:00, 2497.45it/s, Materializing param=encoder.layer.2.output.dense.weight]
9239.9s 2362 Loading weights:  27%|██▋       | 54/199 [00:00<00:00, 2523.85it/s, Materializing param=encoder.layer.3.attention.output.LayerNorm.bias]
9239.9s 2363 Loading weights:  27%|██▋       | 54/199 [00:00<00:00, 2513.98it/s, Materializing param=encoder.layer.3.attention.output.LayerNorm.bias]
9239.9s 2364 Loading weights:  28%|██▊       | 55/199 [00:00<00:00, 2539.48it/s, Materializing param=encoder.layer.3.attention.output.LayerNorm.weight]
9239.9s 2365 Loading weights:  28%|██▊       | 55/199 [00:00<00:00, 2528.85it/s, Materializing param=encoder.layer.3.attention.output.LayerNorm.weight]
9239.9s 2366 Loading weights:  28%|██▊       | 56/199 [00:00<00:00, 2553.75it/s, Materializing param=encoder.layer.3.attention.output.dense.bias]
9239.9s 2367 Loading weights:  28%|██▊       | 56/199 [00:00<00:00, 2541.12it/s, Materializing param=encoder.layer.3.attention.output.dense.bias]
9239.9s 2368 Loading weights:  29%|██▊       | 57/199 [00:00<00:00, 2565.13it/s, Materializing param=encoder.layer.3.attention.output.dense.weight]
9239.9s 2369 Loading weights:  29%|██▊       | 57/199 [00:00<00:00, 2555.51it/s, Materializing param=encoder.layer.3.attention.output.dense.weight]
9239.9s 2370 Loading weights:  29%|██▉       | 58/199 [00:00<00:00, 2579.80it/s, Materializing param=encoder.layer.3.attention.self.key.bias]
9239.9s 2371 Loading weights:  29%|██▉       | 58/199 [00:00<00:00, 2570.34it/s, Materializing param=encoder.layer.3.attention.self.key.bias]
9239.9s 2372 Loading weights:  30%|██▉       | 59/199 [00:00<00:00, 2593.39it/s, Materializing param=encoder.layer.3.attention.self.key.weight]
9239.9s 2373 Loading weights:  30%|██▉       | 59/199 [00:00<00:00, 2583.75it/s, Materializing param=encoder.layer.3.attention.self.key.weight]
9239.9s 2374 Loading weights:  30%|███       | 60/199 [00:00<00:00, 2605.81it/s, Materializing param=encoder.layer.3.attention.self.query.bias]
9239.9s 2375 Loading weights:  30%|███       | 60/199 [00:00<00:00, 2594.63it/s, Materializing param=encoder.layer.3.attention.self.query.bias]
9239.9s 2376 Loading weights:  31%|███       | 61/199 [00:00<00:00, 2616.45it/s, Materializing param=encoder.layer.3.attention.self.query.weight]
9239.9s 2377 Loading weights:  31%|███       | 61/199 [00:00<00:00, 2605.53it/s, Materializing param=encoder.layer.3.attention.self.query.weight]
9239.9s 2378 Loading weights:  31%|███       | 62/199 [00:00<00:00, 2628.04it/s, Materializing param=encoder.layer.3.attention.self.value.bias]
9239.9s 2379 Loading weights:  31%|███       | 62/199 [00:00<00:00, 2618.85it/s, Materializing param=encoder.layer.3.attention.self.value.bias]
9239.9s 2380 Loading weights:  32%|███▏      | 63/199 [00:00<00:00, 2640.51it/s, Materializing param=encoder.layer.3.attention.self.value.weight]
9239.9s 2381 Loading weights:  32%|███▏      | 63/199 [00:00<00:00, 2631.33it/s, Materializing param=encoder.layer.3.attention.self.value.weight]
9239.9s 2382 Loading weights:  32%|███▏      | 64/199 [00:00<00:00, 2651.53it/s, Materializing param=encoder.layer.3.intermediate.dense.bias]
9239.9s 2383 Loading weights:  32%|███▏      | 64/199 [00:00<00:00, 2641.51it/s, Materializing param=encoder.layer.3.intermediate.dense.bias]
9239.9s 2384 Loading weights:  33%|███▎      | 65/199 [00:00<00:00, 2663.41it/s, Materializing param=encoder.layer.3.intermediate.dense.weight]
9239.9s 2385 Loading weights:  33%|███▎      | 65/199 [00:00<00:00, 2654.44it/s, Materializing param=encoder.layer.3.intermediate.dense.weight]
9239.9s 2386 Loading weights:  33%|███▎      | 66/199 [00:00<00:00, 2676.54it/s, Materializing param=encoder.layer.3.output.LayerNorm.bias]
9239.9s 2387 Loading weights:  33%|███▎      | 66/199 [00:00<00:00, 2667.05it/s, Materializing param=encoder.layer.3.output.LayerNorm.bias]
9239.9s 2388 Loading weights:  34%|███▎      | 67/199 [00:00<00:00, 2688.30it/s, Materializing param=encoder.layer.3.output.LayerNorm.weight]
9239.9s 2389 Loading weights:  34%|███▎      | 67/199 [00:00<00:00, 2678.05it/s, Materializing param=encoder.layer.3.output.LayerNorm.weight]
9239.9s 2390 Loading weights:  34%|███▍      | 68/199 [00:00<00:00, 2698.78it/s, Materializing param=encoder.layer.3.output.dense.bias]
9239.9s 2391 Loading weights:  34%|███▍      | 68/199 [00:00<00:00, 2690.05it/s, Materializing param=encoder.layer.3.output.dense.bias]
9239.9s 2392 Loading weights:  35%|███▍      | 69/199 [00:00<00:00, 2711.02it/s, Materializing param=encoder.layer.3.output.dense.weight]
9239.9s 2393 Loading weights:  35%|███▍      | 69/199 [00:00<00:00, 2702.44it/s, Materializing param=encoder.layer.3.output.dense.weight]
9239.9s 2394 Loading weights:  35%|███▌      | 70/199 [00:00<00:00, 2723.47it/s, Materializing param=encoder.layer.4.attention.output.LayerNorm.bias]
9239.9s 2395 Loading weights:  35%|███▌      | 70/199 [00:00<00:00, 2714.01it/s, Materializing param=encoder.layer.4.attention.output.LayerNorm.bias]
9239.9s 2396 Loading weights:  36%|███▌      | 71/199 [00:00<00:00, 2733.93it/s, Materializing param=encoder.layer.4.attention.output.LayerNorm.weight]
9239.9s 2397 Loading weights:  36%|███▌      | 71/199 [00:00<00:00, 2719.12it/s, Materializing param=encoder.layer.4.attention.output.LayerNorm.weight]
9239.9s 2398 Loading weights:  36%|███▌      | 72/199 [00:00<00:00, 2738.42it/s, Materializing param=encoder.layer.4.attention.output.dense.bias]
9239.9s 2399 Loading weights:  36%|███▌      | 72/199 [00:00<00:00, 2729.80it/s, Materializing param=encoder.layer.4.attention.output.dense.bias]
9239.9s 2400 Loading weights:  37%|███▋      | 73/199 [00:00<00:00, 2749.60it/s, Materializing param=encoder.layer.4.attention.output.dense.weight]
9239.9s 2401 Loading weights:  37%|███▋      | 73/199 [00:00<00:00, 2740.76it/s, Materializing param=encoder.layer.4.attention.output.dense.weight]
9239.9s 2402 Loading weights:  37%|███▋      | 74/199 [00:00<00:00, 2759.53it/s, Materializing param=encoder.layer.4.attention.self.key.bias]
9239.9s 2403 Loading weights:  37%|███▋      | 74/199 [00:00<00:00, 2750.31it/s, Materializing param=encoder.layer.4.attention.self.key.bias]
9239.9s 2404 Loading weights:  38%|███▊      | 75/199 [00:00<00:00, 2767.76it/s, Materializing param=encoder.layer.4.attention.self.key.weight]
9239.9s 2405 Loading weights:  38%|███▊      | 75/199 [00:00<00:00, 2759.14it/s, Materializing param=encoder.layer.4.attention.self.key.weight]
9239.9s 2406 Loading weights:  38%|███▊      | 76/199 [00:00<00:00, 2778.05it/s, Materializing param=encoder.layer.4.attention.self.query.bias]
9239.9s 2407 Loading weights:  38%|███▊      | 76/199 [00:00<00:00, 2769.86it/s, Materializing param=encoder.layer.4.attention.self.query.bias]
9239.9s 2408 Loading weights:  39%|███▊      | 77/199 [00:00<00:00, 2788.96it/s, Materializing param=encoder.layer.4.attention.self.query.weight]
9239.9s 2409 Loading weights:  39%|███▊      | 77/199 [00:00<00:00, 2780.82it/s, Materializing param=encoder.layer.4.attention.self.query.weight]
9239.9s 2410 Loading weights:  39%|███▉      | 78/199 [00:00<00:00, 2798.24it/s, Materializing param=encoder.layer.4.attention.self.value.bias]
9239.9s 2411 Loading weights:  39%|███▉      | 78/199 [00:00<00:00, 2790.22it/s, Materializing param=encoder.layer.4.attention.self.value.bias]
9239.9s 2412 Loading weights:  40%|███▉      | 79/199 [00:00<00:00, 2805.89it/s, Materializing param=encoder.layer.4.attention.self.value.weight]
9239.9s 2413 Loading weights:  40%|███▉      | 79/199 [00:00<00:00, 2799.53it/s, Materializing param=encoder.layer.4.attention.self.value.weight]
9239.9s 2414 Loading weights:  40%|████      | 80/199 [00:00<00:00, 2824.64it/s, Materializing param=encoder.layer.4.intermediate.dense.bias]
9239.9s 2415 Loading weights:  40%|████      | 80/199 [00:00<00:00, 2819.46it/s, Materializing param=encoder.layer.4.intermediate.dense.bias]
9239.9s 2416 Loading weights:  41%|████      | 81/199 [00:00<00:00, 2845.55it/s, Materializing param=encoder.layer.4.intermediate.dense.weight]
9239.9s 2417 Loading weights:  41%|████      | 81/199 [00:00<00:00, 2840.48it/s, Materializing param=encoder.layer.4.intermediate.dense.weight]
9239.9s 2418 Loading weights:  41%|████      | 82/199 [00:00<00:00, 2866.78it/s, Materializing param=encoder.layer.4.output.LayerNorm.bias]
9239.9s 2419 Loading weights:  41%|████      | 82/199 [00:00<00:00, 2861.77it/s, Materializing param=encoder.layer.4.output.LayerNorm.bias]
9239.9s 2420 Loading weights:  42%|████▏     | 83/199 [00:00<00:00, 2885.53it/s, Materializing param=encoder.layer.4.output.LayerNorm.weight]
9239.9s 2421 Loading weights:  42%|████▏     | 83/199 [00:00<00:00, 2880.16it/s, Materializing param=encoder.layer.4.output.LayerNorm.weight]
9239.9s 2422 Loading weights:  42%|████▏     | 84/199 [00:00<00:00, 2905.86it/s, Materializing param=encoder.layer.4.output.dense.bias]
9239.9s 2423 Loading weights:  42%|████▏     | 84/199 [00:00<00:00, 2900.79it/s, Materializing param=encoder.layer.4.output.dense.bias]
9239.9s 2424 Loading weights:  43%|████▎     | 85/199 [00:00<00:00, 2907.34it/s, Materializing param=encoder.layer.4.output.dense.weight]
9239.9s 2425 Loading weights:  43%|████▎     | 85/199 [00:00<00:00, 2899.85it/s, Materializing param=encoder.layer.4.output.dense.weight]
9239.9s 2426 Loading weights:  43%|████▎     | 86/199 [00:00<00:00, 2923.38it/s, Materializing param=encoder.layer.5.attention.output.LayerNorm.bias]
9239.9s 2427 Loading weights:  43%|████▎     | 86/199 [00:00<00:00, 2917.71it/s, Materializing param=encoder.layer.5.attention.output.LayerNorm.bias]
9239.9s 2428 Loading weights:  44%|████▎     | 87/199 [00:00<00:00, 2941.99it/s, Materializing param=encoder.layer.5.attention.output.LayerNorm.weight]
9239.9s 2429 Loading weights:  44%|████▎     | 87/199 [00:00<00:00, 2936.76it/s, Materializing param=encoder.layer.5.attention.output.LayerNorm.weight]
9239.9s 2430 Loading weights:  44%|████▍     | 88/199 [00:00<00:00, 2961.25it/s, Materializing param=encoder.layer.5.attention.output.dense.bias]
9239.9s 2431 Loading weights:  44%|████▍     | 88/199 [00:00<00:00, 2956.20it/s, Materializing param=encoder.layer.5.attention.output.dense.bias]
9239.9s 2432 Loading weights:  45%|████▍     | 89/199 [00:00<00:00, 2980.86it/s, Materializing param=encoder.layer.5.attention.output.dense.weight]
9239.9s 2433 Loading weights:  45%|████▍     | 89/199 [00:00<00:00, 2975.92it/s, Materializing param=encoder.layer.5.attention.output.dense.weight]
9239.9s 2434 Loading weights:  45%|████▌     | 90/199 [00:00<00:00, 2997.62it/s, Materializing param=encoder.layer.5.attention.self.key.bias]
9239.9s 2435 Loading weights:  45%|████▌     | 90/199 [00:00<00:00, 2992.16it/s, Materializing param=encoder.layer.5.attention.self.key.bias]
9239.9s 2436 Loading weights:  46%|████▌     | 91/199 [00:00<00:00, 3016.13it/s, Materializing param=encoder.layer.5.attention.self.key.weight]
9239.9s 2437 Loading weights:  46%|████▌     | 91/199 [00:00<00:00, 3011.15it/s, Materializing param=encoder.layer.5.attention.self.key.weight]
9239.9s 2438 Loading weights:  46%|████▌     | 92/199 [00:00<00:00, 3035.48it/s, Materializing param=encoder.layer.5.attention.self.query.bias]
9239.9s 2439 Loading weights:  46%|████▌     | 92/199 [00:00<00:00, 3030.50it/s, Materializing param=encoder.layer.5.attention.self.query.bias]
9239.9s 2440 Loading weights:  47%|████▋     | 93/199 [00:00<00:00, 3054.46it/s, Materializing param=encoder.layer.5.attention.self.query.weight]
9239.9s 2441 Loading weights:  47%|████▋     | 93/199 [00:00<00:00, 3049.47it/s, Materializing param=encoder.layer.5.attention.self.query.weight]
9239.9s 2442 Loading weights:  47%|████▋     | 94/199 [00:00<00:00, 3073.49it/s, Materializing param=encoder.layer.5.attention.self.value.bias]
9239.9s 2443 Loading weights:  47%|████▋     | 94/199 [00:00<00:00, 3068.57it/s, Materializing param=encoder.layer.5.attention.self.value.bias]
9239.9s 2444 Loading weights:  48%|████▊     | 95/199 [00:00<00:00, 3090.29it/s, Materializing param=encoder.layer.5.attention.self.value.weight]
9239.9s 2445 Loading weights:  48%|████▊     | 95/199 [00:00<00:00, 3085.03it/s, Materializing param=encoder.layer.5.attention.self.value.weight]
9239.9s 2446 Loading weights:  48%|████▊     | 96/199 [00:00<00:00, 3108.21it/s, Materializing param=encoder.layer.5.intermediate.dense.bias]
9239.9s 2447 Loading weights:  48%|████▊     | 96/199 [00:00<00:00, 3102.99it/s, Materializing param=encoder.layer.5.intermediate.dense.bias]
9239.9s 2448 Loading weights:  49%|████▊     | 97/199 [00:00<00:00, 3123.01it/s, Materializing param=encoder.layer.5.intermediate.dense.weight]
9239.9s 2449 Loading weights:  49%|████▊     | 97/199 [00:00<00:00, 3117.49it/s, Materializing param=encoder.layer.5.intermediate.dense.weight]
9239.9s 2450 Loading weights:  49%|████▉     | 98/199 [00:00<00:00, 3140.24it/s, Materializing param=encoder.layer.5.output.LayerNorm.bias]
9239.9s 2451 Loading weights:  49%|████▉     | 98/199 [00:00<00:00, 3134.95it/s, Materializing param=encoder.layer.5.output.LayerNorm.bias]
9239.9s 2452 Loading weights:  50%|████▉     | 99/199 [00:00<00:00, 3157.66it/s, Materializing param=encoder.layer.5.output.LayerNorm.weight]
9239.9s 2453 Loading weights:  50%|████▉     | 99/199 [00:00<00:00, 3152.32it/s, Materializing param=encoder.layer.5.output.LayerNorm.weight]
9239.9s 2454 Loading weights:  50%|█████     | 100/199 [00:00<00:00, 3174.11it/s, Materializing param=encoder.layer.5.output.dense.bias]
9239.9s 2455 Loading weights:  50%|█████     | 100/199 [00:00<00:00, 3169.20it/s, Materializing param=encoder.layer.5.output.dense.bias]
9239.9s 2456 Loading weights:  51%|█████     | 101/199 [00:00<00:00, 3192.08it/s, Materializing param=encoder.layer.5.output.dense.weight]
9239.9s 2457 Loading weights:  51%|█████     | 101/199 [00:00<00:00, 3187.21it/s, Materializing param=encoder.layer.5.output.dense.weight]
9239.9s 2458 Loading weights:  51%|█████▏    | 102/199 [00:00<00:00, 3210.05it/s, Materializing param=encoder.layer.6.attention.output.LayerNorm.bias]
9239.9s 2459 Loading weights:  51%|█████▏    | 102/199 [00:00<00:00, 3204.90it/s, Materializing param=encoder.layer.6.attention.output.LayerNorm.bias]
9239.9s 2460 Loading weights:  52%|█████▏    | 103/199 [00:00<00:00, 3227.09it/s, Materializing param=encoder.layer.6.attention.output.LayerNorm.weight]
9239.9s 2461 Loading weights:  52%|█████▏    | 103/199 [00:00<00:00, 3221.96it/s, Materializing param=encoder.layer.6.attention.output.LayerNorm.weight]
9239.9s 2462 Loading weights:  52%|█████▏    | 104/199 [00:00<00:00, 3241.68it/s, Materializing param=encoder.layer.6.attention.output.dense.bias]
9239.9s 2463 Loading weights:  52%|█████▏    | 104/199 [00:00<00:00, 3236.49it/s, Materializing param=encoder.layer.6.attention.output.dense.bias]
9239.9s 2464 Loading weights:  53%|█████▎    | 105/199 [00:00<00:00, 3258.40it/s, Materializing param=encoder.layer.6.attention.output.dense.weight]
9239.9s 2465 Loading weights:  53%|█████▎    | 105/199 [00:00<00:00, 3253.18it/s, Materializing param=encoder.layer.6.attention.output.dense.weight]
9239.9s 2466 Loading weights:  53%|█████▎    | 106/199 [00:00<00:00, 3274.80it/s, Materializing param=encoder.layer.6.attention.self.key.bias]
9239.9s 2467 Loading weights:  53%|█████▎    | 106/199 [00:00<00:00, 3269.76it/s, Materializing param=encoder.layer.6.attention.self.key.bias]
9239.9s 2468 Loading weights:  54%|█████▍    | 107/199 [00:00<00:00, 3291.51it/s, Materializing param=encoder.layer.6.attention.self.key.weight]
9239.9s 2469 Loading weights:  54%|█████▍    | 107/199 [00:00<00:00, 3286.40it/s, Materializing param=encoder.layer.6.attention.self.key.weight]
9239.9s 2470 Loading weights:  54%|█████▍    | 108/199 [00:00<00:00, 3308.08it/s, Materializing param=encoder.layer.6.attention.self.query.bias]
9239.9s 2471 Loading weights:  54%|█████▍    | 108/199 [00:00<00:00, 3303.08it/s, Materializing param=encoder.layer.6.attention.self.query.bias]
9239.9s 2472 Loading weights:  55%|█████▍    | 109/199 [00:00<00:00, 3324.82it/s, Materializing param=encoder.layer.6.attention.self.query.weight]
9239.9s 2473 Loading weights:  55%|█████▍    | 109/199 [00:00<00:00, 3319.80it/s, Materializing param=encoder.layer.6.attention.self.query.weight]
9239.9s 2474 Loading weights:  55%|█████▌    | 110/199 [00:00<00:00, 3341.25it/s, Materializing param=encoder.layer.6.attention.self.value.bias]
9239.9s 2475 Loading weights:  55%|█████▌    | 110/199 [00:00<00:00, 3336.30it/s, Materializing param=encoder.layer.6.attention.self.value.bias]
9239.9s 2476 Loading weights:  56%|█████▌    | 111/199 [00:00<00:00, 3348.85it/s, Materializing param=encoder.layer.6.attention.self.value.weight]
9239.9s 2477 Loading weights:  56%|█████▌    | 111/199 [00:00<00:00, 3343.54it/s, Materializing param=encoder.layer.6.attention.self.value.weight]
9239.9s 2478 Loading weights:  56%|█████▋    | 112/199 [00:00<00:00, 3364.07it/s, Materializing param=encoder.layer.6.intermediate.dense.bias]
9239.9s 2479 Loading weights:  56%|█████▋    | 112/199 [00:00<00:00, 3359.07it/s, Materializing param=encoder.layer.6.intermediate.dense.bias]
9239.9s 2480 Loading weights:  57%|█████▋    | 113/199 [00:00<00:00, 3379.25it/s, Materializing param=encoder.layer.6.intermediate.dense.weight]
9239.9s 2481 Loading weights:  57%|█████▋    | 113/199 [00:00<00:00, 3374.29it/s, Materializing param=encoder.layer.6.intermediate.dense.weight]
9239.9s 2482 Loading weights:  57%|█████▋    | 114/199 [00:00<00:00, 3395.11it/s, Materializing param=encoder.layer.6.output.LayerNorm.bias]
9239.9s 2483 Loading weights:  57%|█████▋    | 114/199 [00:00<00:00, 3389.94it/s, Materializing param=encoder.layer.6.output.LayerNorm.bias]
9239.9s 2484 Loading weights:  58%|█████▊    | 115/199 [00:00<00:00, 3411.04it/s, Materializing param=encoder.layer.6.output.LayerNorm.weight]
9239.9s 2485 Loading weights:  58%|█████▊    | 115/199 [00:00<00:00, 3406.10it/s, Materializing param=encoder.layer.6.output.LayerNorm.weight]
9239.9s 2486 Loading weights:  58%|█████▊    | 116/199 [00:00<00:00, 3425.22it/s, Materializing param=encoder.layer.6.output.dense.bias]
9239.9s 2487 Loading weights:  58%|█████▊    | 116/199 [00:00<00:00, 3419.93it/s, Materializing param=encoder.layer.6.output.dense.bias]
9239.9s 2488 Loading weights:  59%|█████▉    | 117/199 [00:00<00:00, 3437.62it/s, Materializing param=encoder.layer.6.output.dense.weight]
9239.9s 2489 Loading weights:  59%|█████▉    | 117/199 [00:00<00:00, 3431.75it/s, Materializing param=encoder.layer.6.output.dense.weight]
9239.9s 2490 Loading weights:  59%|█████▉    | 118/199 [00:00<00:00, 3451.38it/s, Materializing param=encoder.layer.7.attention.output.LayerNorm.bias]
9239.9s 2491 Loading weights:  59%|█████▉    | 118/199 [00:00<00:00, 3443.72it/s, Materializing param=encoder.layer.7.attention.output.LayerNorm.bias]
9239.9s 2492 Loading weights:  60%|█████▉    | 119/199 [00:00<00:00, 3462.18it/s, Materializing param=encoder.layer.7.attention.output.LayerNorm.weight]
9239.9s 2493 Loading weights:  60%|█████▉    | 119/199 [00:00<00:00, 3455.07it/s, Materializing param=encoder.layer.7.attention.output.LayerNorm.weight]
9239.9s 2494 Loading weights:  60%|██████    | 120/199 [00:00<00:00, 3474.74it/s, Materializing param=encoder.layer.7.attention.output.dense.bias]
9239.9s 2495 Loading weights:  60%|██████    | 120/199 [00:00<00:00, 3469.38it/s, Materializing param=encoder.layer.7.attention.output.dense.bias]
9239.9s 2496 Loading weights:  61%|██████    | 121/199 [00:00<00:00, 3484.86it/s, Materializing param=encoder.layer.7.attention.output.dense.weight]
9239.9s 2497 Loading weights:  61%|██████    | 121/199 [00:00<00:00, 3479.37it/s, Materializing param=encoder.layer.7.attention.output.dense.weight]
9239.9s 2498 Loading weights:  61%|██████▏   | 122/199 [00:00<00:00, 3498.29it/s, Materializing param=encoder.layer.7.attention.self.key.bias]
9239.9s 2499 Loading weights:  61%|██████▏   | 122/199 [00:00<00:00, 3492.77it/s, Materializing param=encoder.layer.7.attention.self.key.bias]
9239.9s 2500 Loading weights:  62%|██████▏   | 123/199 [00:00<00:00, 3504.73it/s, Materializing param=encoder.layer.7.attention.self.key.weight]
9239.9s 2501 Loading weights:  62%|██████▏   | 123/199 [00:00<00:00, 3498.29it/s, Materializing param=encoder.layer.7.attention.self.key.weight]
9239.9s 2502 Loading weights:  62%|██████▏   | 124/199 [00:00<00:00, 3515.05it/s, Materializing param=encoder.layer.7.attention.self.query.bias]
9239.9s 2503 Loading weights:  62%|██████▏   | 124/199 [00:00<00:00, 3509.10it/s, Materializing param=encoder.layer.7.attention.self.query.bias]
9239.9s 2504 Loading weights:  63%|██████▎   | 125/199 [00:00<00:00, 3527.61it/s, Materializing param=encoder.layer.7.attention.self.query.weight]
9239.9s 2505 Loading weights:  63%|██████▎   | 125/199 [00:00<00:00, 3522.26it/s, Materializing param=encoder.layer.7.attention.self.query.weight]
9239.9s 2506 Loading weights:  63%|██████▎   | 126/199 [00:00<00:00, 3540.80it/s, Materializing param=encoder.layer.7.attention.self.value.bias]
9239.9s 2507 Loading weights:  63%|██████▎   | 126/199 [00:00<00:00, 3535.52it/s, Materializing param=encoder.layer.7.attention.self.value.bias]
9239.9s 2508 Loading weights:  64%|██████▍   | 127/199 [00:00<00:00, 3554.23it/s, Materializing param=encoder.layer.7.attention.self.value.weight]
9239.9s 2509 Loading weights:  64%|██████▍   | 127/199 [00:00<00:00, 3549.00it/s, Materializing param=encoder.layer.7.attention.self.value.weight]
9239.9s 2510 Loading weights:  64%|██████▍   | 128/199 [00:00<00:00, 3567.49it/s, Materializing param=encoder.layer.7.intermediate.dense.bias]
9239.9s 2511 Loading weights:  64%|██████▍   | 128/199 [00:00<00:00, 3562.25it/s, Materializing param=encoder.layer.7.intermediate.dense.bias]
9239.9s 2512 Loading weights:  65%|██████▍   | 129/199 [00:00<00:00, 3578.28it/s, Materializing param=encoder.layer.7.intermediate.dense.weight]
9239.9s 2513 Loading weights:  65%|██████▍   | 129/199 [00:00<00:00, 3572.64it/s, Materializing param=encoder.layer.7.intermediate.dense.weight]
9239.9s 2514 Loading weights:  65%|██████▌   | 130/199 [00:00<00:00, 3590.97it/s, Materializing param=encoder.layer.7.output.LayerNorm.bias]
9239.9s 2515 Loading weights:  65%|██████▌   | 130/199 [00:00<00:00, 3585.79it/s, Materializing param=encoder.layer.7.output.LayerNorm.bias]
9239.9s 2516 Loading weights:  66%|██████▌   | 131/199 [00:00<00:00, 3604.02it/s, Materializing param=encoder.layer.7.output.LayerNorm.weight]
9239.9s 2517 Loading weights:  66%|██████▌   | 131/199 [00:00<00:00, 3598.75it/s, Materializing param=encoder.layer.7.output.LayerNorm.weight]
9239.9s 2518 Loading weights:  66%|██████▋   | 132/199 [00:00<00:00, 3616.09it/s, Materializing param=encoder.layer.7.output.dense.bias]
9239.9s 2519 Loading weights:  66%|██████▋   | 132/199 [00:00<00:00, 3611.27it/s, Materializing param=encoder.layer.7.output.dense.bias]
9239.9s 2520 Loading weights:  67%|██████▋   | 133/199 [00:00<00:00, 3630.11it/s, Materializing param=encoder.layer.7.output.dense.weight]
9239.9s 2521 Loading weights:  67%|██████▋   | 133/199 [00:00<00:00, 3625.30it/s, Materializing param=encoder.layer.7.output.dense.weight]
9239.9s 2522 Loading weights:  67%|██████▋   | 134/199 [00:00<00:00, 3644.05it/s, Materializing param=encoder.layer.8.attention.output.LayerNorm.bias]
9239.9s 2523 Loading weights:  67%|██████▋   | 134/199 [00:00<00:00, 3639.07it/s, Materializing param=encoder.layer.8.attention.output.LayerNorm.bias]
9239.9s 2524 Loading weights:  68%|██████▊   | 135/199 [00:00<00:00, 3657.40it/s, Materializing param=encoder.layer.8.attention.output.LayerNorm.weight]
9239.9s 2525 Loading weights:  68%|██████▊   | 135/199 [00:00<00:00, 3652.23it/s, Materializing param=encoder.layer.8.attention.output.LayerNorm.weight]
9239.9s 2526 Loading weights:  68%|██████▊   | 136/199 [00:00<00:00, 3662.51it/s, Materializing param=encoder.layer.8.attention.output.dense.bias]
9239.9s 2527 Loading weights:  68%|██████▊   | 136/199 [00:00<00:00, 3657.14it/s, Materializing param=encoder.layer.8.attention.output.dense.bias]
9239.9s 2528 Loading weights:  69%|██████▉   | 137/199 [00:00<00:00, 3674.86it/s, Materializing param=encoder.layer.8.attention.output.dense.weight]
9239.9s 2529 Loading weights:  69%|██████▉   | 137/199 [00:00<00:00, 3669.86it/s, Materializing param=encoder.layer.8.attention.output.dense.weight]
9239.9s 2530 Loading weights:  69%|██████▉   | 138/199 [00:00<00:00, 3687.86it/s, Materializing param=encoder.layer.8.attention.self.key.bias]
9239.9s 2531 Loading weights:  69%|██████▉   | 138/199 [00:00<00:00, 3682.96it/s, Materializing param=encoder.layer.8.attention.self.key.bias]
9239.9s 2532 Loading weights:  70%|██████▉   | 139/199 [00:00<00:00, 3700.79it/s, Materializing param=encoder.layer.8.attention.self.key.weight]
9239.9s 2533 Loading weights:  70%|██████▉   | 139/199 [00:00<00:00, 3695.87it/s, Materializing param=encoder.layer.8.attention.self.key.weight]
9239.9s 2534 Loading weights:  70%|███████   | 140/199 [00:00<00:00, 3713.63it/s, Materializing param=encoder.layer.8.attention.self.query.bias]
9239.9s 2535 Loading weights:  70%|███████   | 140/199 [00:00<00:00, 3708.75it/s, Materializing param=encoder.layer.8.attention.self.query.bias]
9239.9s 2536 Loading weights:  71%|███████   | 141/199 [00:00<00:00, 3726.48it/s, Materializing param=encoder.layer.8.attention.self.query.weight]
9239.9s 2537 Loading weights:  71%|███████   | 141/199 [00:00<00:00, 3721.63it/s, Materializing param=encoder.layer.8.attention.self.query.weight]
9239.9s 2538 Loading weights:  71%|███████▏  | 142/199 [00:00<00:00, 3737.77it/s, Materializing param=encoder.layer.8.attention.self.value.bias]
9239.9s 2539 Loading weights:  71%|███████▏  | 142/199 [00:00<00:00, 3732.45it/s, Materializing param=encoder.layer.8.attention.self.value.bias]
9239.9s 2540 Loading weights:  72%|███████▏  | 143/199 [00:00<00:00, 3749.60it/s, Materializing param=encoder.layer.8.attention.self.value.weight]
9239.9s 2541 Loading weights:  72%|███████▏  | 143/199 [00:00<00:00, 3744.63it/s, Materializing param=encoder.layer.8.attention.self.value.weight]
9239.9s 2542 Loading weights:  72%|███████▏  | 144/199 [00:00<00:00, 3762.13it/s, Materializing param=encoder.layer.8.intermediate.dense.bias]
9239.9s 2543 Loading weights:  72%|███████▏  | 144/199 [00:00<00:00, 3757.28it/s, Materializing param=encoder.layer.8.intermediate.dense.bias]
9239.9s 2544 Loading weights:  73%|███████▎  | 145/199 [00:00<00:00, 3774.78it/s, Materializing param=encoder.layer.8.intermediate.dense.weight]
9239.9s 2545 Loading weights:  73%|███████▎  | 145/199 [00:00<00:00, 3769.92it/s, Materializing param=encoder.layer.8.intermediate.dense.weight]
9239.9s 2546 Loading weights:  73%|███████▎  | 146/199 [00:00<00:00, 3787.35it/s, Materializing param=encoder.layer.8.output.LayerNorm.bias]
9239.9s 2547 Loading weights:  73%|███████▎  | 146/199 [00:00<00:00, 3782.48it/s, Materializing param=encoder.layer.8.output.LayerNorm.bias]
9239.9s 2548 Loading weights:  74%|███████▍  | 147/199 [00:00<00:00, 3799.82it/s, Materializing param=encoder.layer.8.output.LayerNorm.weight]
9239.9s 2549 Loading weights:  74%|███████▍  | 147/199 [00:00<00:00, 3795.07it/s, Materializing param=encoder.layer.8.output.LayerNorm.weight]
9239.9s 2550 Loading weights:  74%|███████▍  | 148/199 [00:00<00:00, 3812.47it/s, Materializing param=encoder.layer.8.output.dense.bias]
9239.9s 2551 Loading weights:  74%|███████▍  | 148/199 [00:00<00:00, 3807.72it/s, Materializing param=encoder.layer.8.output.dense.bias]
9239.9s 2552 Loading weights:  75%|███████▍  | 149/199 [00:00<00:00, 3825.02it/s, Materializing param=encoder.layer.8.output.dense.weight]
9239.9s 2553 Loading weights:  75%|███████▍  | 149/199 [00:00<00:00, 3818.27it/s, Materializing param=encoder.layer.8.output.dense.weight]
9239.9s 2554 Loading weights:  75%|███████▌  | 150/199 [00:00<00:00, 3834.48it/s, Materializing param=encoder.layer.9.attention.output.LayerNorm.bias]
9239.9s 2555 Loading weights:  75%|███████▌  | 150/199 [00:00<00:00, 3829.44it/s, Materializing param=encoder.layer.9.attention.output.LayerNorm.bias]
9239.9s 2556 Loading weights:  76%|███████▌  | 151/199 [00:00<00:00, 3845.98it/s, Materializing param=encoder.layer.9.attention.output.LayerNorm.weight]
9239.9s 2557 Loading weights:  76%|███████▌  | 151/199 [00:00<00:00, 3840.98it/s, Materializing param=encoder.layer.9.attention.output.LayerNorm.weight]
9239.9s 2558 Loading weights:  76%|███████▋  | 152/199 [00:00<00:00, 3857.55it/s, Materializing param=encoder.layer.9.attention.output.dense.bias]
9239.9s 2559 Loading weights:  76%|███████▋  | 152/199 [00:00<00:00, 3852.71it/s, Materializing param=encoder.layer.9.attention.output.dense.bias]
9239.9s 2560 Loading weights:  77%|███████▋  | 153/199 [00:00<00:00, 3869.33it/s, Materializing param=encoder.layer.9.attention.output.dense.weight]
9239.9s 2561 Loading weights:  77%|███████▋  | 153/199 [00:00<00:00, 3864.41it/s, Materializing param=encoder.layer.9.attention.output.dense.weight]
9239.9s 2562 Loading weights:  77%|███████▋  | 154/199 [00:00<00:00, 3880.93it/s, Materializing param=encoder.layer.9.attention.self.key.bias]
9239.9s 2563 Loading weights:  77%|███████▋  | 154/199 [00:00<00:00, 3876.06it/s, Materializing param=encoder.layer.9.attention.self.key.bias]
9239.9s 2564 Loading weights:  78%|███████▊  | 155/199 [00:00<00:00, 3892.52it/s, Materializing param=encoder.layer.9.attention.self.key.weight]
9239.9s 2565 Loading weights:  78%|███████▊  | 155/199 [00:00<00:00, 3887.73it/s, Materializing param=encoder.layer.9.attention.self.key.weight]
9239.9s 2566 Loading weights:  78%|███████▊  | 156/199 [00:00<00:00, 3904.29it/s, Materializing param=encoder.layer.9.attention.self.query.bias]
9239.9s 2567 Loading weights:  78%|███████▊  | 156/199 [00:00<00:00, 3897.54it/s, Materializing param=encoder.layer.9.attention.self.query.bias]
9239.9s 2568 Loading weights:  79%|███████▉  | 157/199 [00:00<00:00, 3913.18it/s, Materializing param=encoder.layer.9.attention.self.query.weight]
9239.9s 2569 Loading weights:  79%|███████▉  | 157/199 [00:00<00:00, 3908.25it/s, Materializing param=encoder.layer.9.attention.self.query.weight]
9239.9s 2570 Loading weights:  79%|███████▉  | 158/199 [00:00<00:00, 3922.42it/s, Materializing param=encoder.layer.9.attention.self.value.bias]
9239.9s 2571 Loading weights:  79%|███████▉  | 158/199 [00:00<00:00, 3917.29it/s, Materializing param=encoder.layer.9.attention.self.value.bias]
9239.9s 2572 Loading weights:  80%|███████▉  | 159/199 [00:00<00:00, 3932.83it/s, Materializing param=encoder.layer.9.attention.self.value.weight]
9239.9s 2573 Loading weights:  80%|███████▉  | 159/199 [00:00<00:00, 3927.60it/s, Materializing param=encoder.layer.9.attention.self.value.weight]
9239.9s 2574 Loading weights:  80%|████████  | 160/199 [00:00<00:00, 3943.27it/s, Materializing param=encoder.layer.9.intermediate.dense.bias]
9239.9s 2575 Loading weights:  80%|████████  | 160/199 [00:00<00:00, 3938.24it/s, Materializing param=encoder.layer.9.intermediate.dense.bias]
9239.9s 2576 Loading weights:  81%|████████  | 161/199 [00:00<00:00, 3953.79it/s, Materializing param=encoder.layer.9.intermediate.dense.weight]
9239.9s 2577 Loading weights:  81%|████████  | 161/199 [00:00<00:00, 3948.77it/s, Materializing param=encoder.layer.9.intermediate.dense.weight]
9239.9s 2578 Loading weights:  81%|████████▏ | 162/199 [00:00<00:00, 3964.51it/s, Materializing param=encoder.layer.9.output.LayerNorm.bias]
9239.9s 2579 Loading weights:  81%|████████▏ | 162/199 [00:00<00:00, 3959.43it/s, Materializing param=encoder.layer.9.output.LayerNorm.bias]
9239.9s 2580 Loading weights:  82%|████████▏ | 163/199 [00:00<00:00, 3972.80it/s, Materializing param=encoder.layer.9.output.LayerNorm.weight]
9239.9s 2581 Loading weights:  82%|████████▏ | 163/199 [00:00<00:00, 3967.34it/s, Materializing param=encoder.layer.9.output.LayerNorm.weight]
9239.9s 2582 Loading weights:  82%|████████▏ | 164/199 [00:00<00:00, 3982.66it/s, Materializing param=encoder.layer.9.output.dense.bias]
9239.9s 2583 Loading weights:  82%|████████▏ | 164/199 [00:00<00:00, 3977.67it/s, Materializing param=encoder.layer.9.output.dense.bias]
9239.9s 2584 Loading weights:  83%|████████▎ | 165/199 [00:00<00:00, 3993.10it/s, Materializing param=encoder.layer.9.output.dense.weight]
9239.9s 2585 Loading weights:  83%|████████▎ | 165/199 [00:00<00:00, 3988.15it/s, Materializing param=encoder.layer.9.output.dense.weight]
9239.9s 2586 Loading weights:  83%|████████▎ | 166/199 [00:00<00:00, 4002.84it/s, Materializing param=encoder.layer.10.attention.output.LayerNorm.bias]
9239.9s 2587 Loading weights:  83%|████████▎ | 166/199 [00:00<00:00, 3997.95it/s, Materializing param=encoder.layer.10.attention.output.LayerNorm.bias]
9239.9s 2588 Loading weights:  84%|████████▍ | 167/199 [00:00<00:00, 4013.27it/s, Materializing param=encoder.layer.10.attention.output.LayerNorm.weight]
9239.9s 2589 Loading weights:  84%|████████▍ | 167/199 [00:00<00:00, 4008.29it/s, Materializing param=encoder.layer.10.attention.output.LayerNorm.weight]
9239.9s 2590 Loading weights:  84%|████████▍ | 168/199 [00:00<00:00, 4023.57it/s, Materializing param=encoder.layer.10.attention.output.dense.bias]
9239.9s 2591 Loading weights:  84%|████████▍ | 168/199 [00:00<00:00, 4018.63it/s, Materializing param=encoder.layer.10.attention.output.dense.bias]
9239.9s 2592 Loading weights:  85%|████████▍ | 169/199 [00:00<00:00, 4033.74it/s, Materializing param=encoder.layer.10.attention.output.dense.weight]
9239.9s 2593 Loading weights:  85%|████████▍ | 169/199 [00:00<00:00, 4029.00it/s, Materializing param=encoder.layer.10.attention.output.dense.weight]
9239.9s 2594 Loading weights:  85%|████████▌ | 170/199 [00:00<00:00, 4042.04it/s, Materializing param=encoder.layer.10.attention.self.key.bias]
9239.9s 2595 Loading weights:  85%|████████▌ | 170/199 [00:00<00:00, 4036.93it/s, Materializing param=encoder.layer.10.attention.self.key.bias]
9239.9s 2596 Loading weights:  86%|████████▌ | 171/199 [00:00<00:00, 4051.96it/s, Materializing param=encoder.layer.10.attention.self.key.weight]
9239.9s 2597 Loading weights:  86%|████████▌ | 171/199 [00:00<00:00, 4047.23it/s, Materializing param=encoder.layer.10.attention.self.key.weight]
9239.9s 2598 Loading weights:  86%|████████▋ | 172/199 [00:00<00:00, 4062.53it/s, Materializing param=encoder.layer.10.attention.self.query.bias]
9239.9s 2599 Loading weights:  86%|████████▋ | 172/199 [00:00<00:00, 4057.82it/s, Materializing param=encoder.layer.10.attention.self.query.bias]
9239.9s 2600 Loading weights:  87%|████████▋ | 173/199 [00:00<00:00, 4073.19it/s, Materializing param=encoder.layer.10.attention.self.query.weight]
9239.9s 2601 Loading weights:  87%|████████▋ | 173/199 [00:00<00:00, 4068.56it/s, Materializing param=encoder.layer.10.attention.self.query.weight]
9239.9s 2602 Loading weights:  87%|████████▋ | 174/199 [00:00<00:00, 4083.78it/s, Materializing param=encoder.layer.10.attention.self.value.bias]
9239.9s 2603 Loading weights:  87%|████████▋ | 174/199 [00:00<00:00, 4079.10it/s, Materializing param=encoder.layer.10.attention.self.value.bias]
9239.9s 2604 Loading weights:  88%|████████▊ | 175/199 [00:00<00:00, 4094.08it/s, Materializing param=encoder.layer.10.attention.self.value.weight]
9239.9s 2605 Loading weights:  88%|████████▊ | 175/199 [00:00<00:00, 4089.38it/s, Materializing param=encoder.layer.10.attention.self.value.weight]
9239.9s 2606 Loading weights:  88%|████████▊ | 176/199 [00:00<00:00, 4104.24it/s, Materializing param=encoder.layer.10.intermediate.dense.bias]
9239.9s 2607 Loading weights:  88%|████████▊ | 176/199 [00:00<00:00, 4099.53it/s, Materializing param=encoder.layer.10.intermediate.dense.bias]
9239.9s 2608 Loading weights:  89%|████████▉ | 177/199 [00:00<00:00, 4108.65it/s, Materializing param=encoder.layer.10.intermediate.dense.weight]
9239.9s 2609 Loading weights:  89%|████████▉ | 177/199 [00:00<00:00, 4102.81it/s, Materializing param=encoder.layer.10.intermediate.dense.weight]
9239.9s 2610 Loading weights:  89%|████████▉ | 178/199 [00:00<00:00, 4116.64it/s, Materializing param=encoder.layer.10.output.LayerNorm.bias]
9239.9s 2611 Loading weights:  89%|████████▉ | 178/199 [00:00<00:00, 4111.84it/s, Materializing param=encoder.layer.10.output.LayerNorm.bias]
9239.9s 2612 Loading weights:  90%|████████▉ | 179/199 [00:00<00:00, 4126.30it/s, Materializing param=encoder.layer.10.output.LayerNorm.weight]
9239.9s 2613 Loading weights:  90%|████████▉ | 179/199 [00:00<00:00, 4121.54it/s, Materializing param=encoder.layer.10.output.LayerNorm.weight]
9239.9s 2614 Loading weights:  90%|█████████ | 180/199 [00:00<00:00, 4136.12it/s, Materializing param=encoder.layer.10.output.dense.bias]
9239.9s 2615 Loading weights:  90%|█████████ | 180/199 [00:00<00:00, 4129.67it/s, Materializing param=encoder.layer.10.output.dense.bias]
9239.9s 2616 Loading weights:  91%|█████████ | 181/199 [00:00<00:00, 4143.85it/s, Materializing param=encoder.layer.10.output.dense.weight]
9239.9s 2617 Loading weights:  91%|█████████ | 181/199 [00:00<00:00, 4138.94it/s, Materializing param=encoder.layer.10.output.dense.weight]
9239.9s 2618 Loading weights:  91%|█████████▏| 182/199 [00:00<00:00, 4153.09it/s, Materializing param=encoder.layer.11.attention.output.LayerNorm.bias]
9239.9s 2619 Loading weights:  91%|█████████▏| 182/199 [00:00<00:00, 4148.06it/s, Materializing param=encoder.layer.11.attention.output.LayerNorm.bias]
9239.9s 2620 Loading weights:  92%|█████████▏| 183/199 [00:00<00:00, 4159.62it/s, Materializing param=encoder.layer.11.attention.output.LayerNorm.weight]
9239.9s 2621 Loading weights:  92%|█████████▏| 183/199 [00:00<00:00, 4153.88it/s, Materializing param=encoder.layer.11.attention.output.LayerNorm.weight]
9239.9s 2622 Loading weights:  92%|█████████▏| 184/199 [00:00<00:00, 4166.56it/s, Materializing param=encoder.layer.11.attention.output.dense.bias]
9239.9s 2623 Loading weights:  92%|█████████▏| 184/199 [00:00<00:00, 4161.35it/s, Materializing param=encoder.layer.11.attention.output.dense.bias]
9239.9s 2624 Loading weights:  93%|█████████▎| 185/199 [00:00<00:00, 4174.60it/s, Materializing param=encoder.layer.11.attention.output.dense.weight]
9239.9s 2625 Loading weights:  93%|█████████▎| 185/199 [00:00<00:00, 4169.56it/s, Materializing param=encoder.layer.11.attention.output.dense.weight]
9239.9s 2626 Loading weights:  93%|█████████▎| 186/199 [00:00<00:00, 4183.13it/s, Materializing param=encoder.layer.11.attention.self.key.bias]
9239.9s 2627 Loading weights:  93%|█████████▎| 186/199 [00:00<00:00, 4178.18it/s, Materializing param=encoder.layer.11.attention.self.key.bias]
9239.9s 2628 Loading weights:  94%|█████████▍| 187/199 [00:00<00:00, 4191.66it/s, Materializing param=encoder.layer.11.attention.self.key.weight]
9239.9s 2629 Loading weights:  94%|█████████▍| 187/199 [00:00<00:00, 4186.56it/s, Materializing param=encoder.layer.11.attention.self.key.weight]
9239.9s 2630 Loading weights:  94%|█████████▍| 188/199 [00:00<00:00, 4198.97it/s, Materializing param=encoder.layer.11.attention.self.query.bias]
9239.9s 2631 Loading weights:  94%|█████████▍| 188/199 [00:00<00:00, 4194.42it/s, Materializing param=encoder.layer.11.attention.self.query.bias]
9239.9s 2632 Loading weights:  95%|█████████▍| 189/199 [00:00<00:00, 4206.77it/s, Materializing param=encoder.layer.11.attention.self.query.weight]
9239.9s 2633 Loading weights:  95%|█████████▍| 189/199 [00:00<00:00, 4200.28it/s, Materializing param=encoder.layer.11.attention.self.query.weight]
9239.9s 2634 Loading weights:  95%|█████████▌| 190/199 [00:00<00:00, 4212.97it/s, Materializing param=encoder.layer.11.attention.self.value.bias]
9239.9s 2635 Loading weights:  95%|█████████▌| 190/199 [00:00<00:00, 4207.97it/s, Materializing param=encoder.layer.11.attention.self.value.bias]
9239.9s 2636 Loading weights:  96%|█████████▌| 191/199 [00:00<00:00, 4221.07it/s, Materializing param=encoder.layer.11.attention.self.value.weight]
9239.9s 2637 Loading weights:  96%|█████████▌| 191/199 [00:00<00:00, 4216.16it/s, Materializing param=encoder.layer.11.attention.self.value.weight]
9239.9s 2638 Loading weights:  96%|█████████▋| 192/199 [00:00<00:00, 4229.44it/s, Materializing param=encoder.layer.11.intermediate.dense.bias]
9239.9s 2639 Loading weights:  96%|█████████▋| 192/199 [00:00<00:00, 4224.54it/s, Materializing param=encoder.layer.11.intermediate.dense.bias]
9239.9s 2640 Loading weights:  97%|█████████▋| 193/199 [00:00<00:00, 4237.91it/s, Materializing param=encoder.layer.11.intermediate.dense.weight]
9239.9s 2641 Loading weights:  97%|█████████▋| 193/199 [00:00<00:00, 4233.02it/s, Materializing param=encoder.layer.11.intermediate.dense.weight]
9239.9s 2642 Loading weights:  97%|█████████▋| 194/199 [00:00<00:00, 4246.31it/s, Materializing param=encoder.layer.11.output.LayerNorm.bias]
9239.9s 2643 Loading weights:  97%|█████████▋| 194/199 [00:00<00:00, 4241.42it/s, Materializing param=encoder.layer.11.output.LayerNorm.bias]
9239.9s 2644 Loading weights:  98%|█████████▊| 195/199 [00:00<00:00, 4253.86it/s, Materializing param=encoder.layer.11.output.LayerNorm.weight]
9239.9s 2645 Loading weights:  98%|█████████▊| 195/199 [00:00<00:00, 4249.24it/s, Materializing param=encoder.layer.11.output.LayerNorm.weight]
9239.9s 2646 Loading weights:  98%|█████████▊| 196/199 [00:00<00:00, 4261.18it/s, Materializing param=encoder.layer.11.output.dense.bias]
9239.9s 2647 Loading weights:  98%|█████████▊| 196/199 [00:00<00:00, 4256.39it/s, Materializing param=encoder.layer.11.output.dense.bias]
9239.9s 2648 Loading weights:  99%|█████████▉| 197/199 [00:00<00:00, 4269.71it/s, Materializing param=encoder.layer.11.output.dense.weight]
9239.9s 2649 Loading weights:  99%|█████████▉| 197/199 [00:00<00:00, 4265.21it/s, Materializing param=encoder.layer.11.output.dense.weight]
9239.9s 2650 Loading weights:  99%|█████████▉| 198/199 [00:00<00:00, 4278.89it/s, Materializing param=pooler.dense.bias]
9239.9s 2651 Loading weights:  99%|█████████▉| 198/199 [00:00<00:00, 4274.53it/s, Materializing param=pooler.dense.bias]
9239.9s 2652 Loading weights: 100%|██████████| 199/199 [00:00<00:00, 4288.57it/s, Materializing param=pooler.dense.weight]
9239.9s 2653 Loading weights: 100%|██████████| 199/199 [00:00<00:00, 4284.23it/s, Materializing param=pooler.dense.weight]
9239.9s 2654 Loading weights: 100%|██████████| 199/199 [00:00<00:00, 4274.07it/s, Materializing param=pooler.dense.weight]
9239.9s 2655 BertModel LOAD REPORT from: google/muril-base-cased
9239.9s 2656 Key                                        | Status     |  |
9239.9s 2657 -------------------------------------------+------------+--+-
9239.9s 2658 cls.predictions.transform.LayerNorm.weight | UNEXPECTED |  |
9239.9s 2659 cls.seq_relationship.bias                  | UNEXPECTED |  |
9239.9s 2660 cls.predictions.transform.dense.weight     | UNEXPECTED |  |
9239.9s 2661 cls.predictions.decoder.bias               | UNEXPECTED |  |
9239.9s 2662 cls.seq_relationship.weight                | UNEXPECTED |  |
9239.9s 2663 cls.predictions.transform.LayerNorm.bias   | UNEXPECTED |  |
9239.9s 2664 bert.embeddings.position_ids               | UNEXPECTED |  |
9239.9s 2665 cls.predictions.bias                       | UNEXPECTED |  |
9239.9s 2666 cls.predictions.transform.dense.bias       | UNEXPECTED |  |
9239.9s 2667 cls.predictions.decoder.weight             | UNEXPECTED |  |
9239.9s 2668 
9239.9s 2669 Notes:
9239.9s 2670 - UNEXPECTED	:can be ignored when loading from different task/architecture; not ok if you expect identical arch.
9386.5s 2671 [s42f1] ep1 359/719 loss 0.5806 val 0.7060 * (0.41s/step)
9535.1s 2672 [s42f1] ep1 718/719 loss 0.4207 val 0.7324 * (0.41s/step)
9546.7s 2673 [s42f1] ep1 719/719 loss 0.5482 val 0.7324 (0.43s/step)
9546.7s 2674 [s42f1] ep1 done 5.1min  best 0.7324
9689.6s 2675 [s42f1] ep2 359/719 loss 0.4777 val 0.7544 * (0.40s/step)
9837.5s 2676 [s42f1] ep2 718/719 loss 0.4747 val 0.7637 * (0.41s/step)
9849.3s 2677 [s42f1] ep2 719/719 loss 0.6623 val 0.7637 (0.42s/step)
9849.3s 2678 [s42f1] ep2 done 5.0min  best 0.7637
9998.3s 2679 [s42f1] ep3 359/719 loss 0.7063 val 0.7727 * (0.42s/step)
10142.3s 2680 [s42f1] ep3 718/719 loss 0.2995 val 0.7818 * (0.41s/step)
10153.9s 2681 [s42f1] ep3 719/719 loss 0.5907 val 0.7818 (0.42s/step)
10153.9s 2682 [s42f1] ep3 done 5.1min  best 0.7818
10301.6s 2683 [s42f1] ep4 359/719 loss 0.4135 val 0.7867 * (0.41s/step)
10447.2s 2684 [s42f1] ep4 718/719 loss 0.4346 val 0.7929 * (0.41s/step)
10458.8s 2685 [s42f1] ep4 719/719 loss 0.3781 val 0.7929 (0.42s/step)
10458.8s 2686 [s42f1] ep4 done 5.1min  best 0.7929
10604.2s 2687 [s42f1] ep5 359/719 loss 0.3556 val 0.7986 * (0.41s/step)
10749.6s 2688 [s42f1] ep5 718/719 loss 0.4884 val 0.7993 * (0.40s/step)
10761.5s 2689 [s42f1] ep5 719/719 loss 0.5482 val 0.7993 (0.42s/step)
10761.5s 2690 [s42f1] ep5 done 5.0min  best 0.7993
10908.0s 2691 [s42f1] ep6 359/719 loss 0.5579 val 0.8050 * (0.41s/step)
11053.3s 2692 [s42f1] ep6 718/719 loss 0.4371 val 0.8085 * (0.41s/step)
11071.9s 2693 [s42f1] ep6 719/719 loss 0.4715 val 0.8085 (0.43s/step)
11071.9s 2694 [s42f1] ep6 done 5.2min  best 0.8085
11071.9s 2695 [s42f1] best 0.8085  last 0.8085  (selected: last)
11071.9s 2696 ===== seed 42 fold 2/5 =====
11073.0s 2697 
11073.0s 2698 Loading weights:   0%|          | 0/199 [00:00<?, ?it/s]
11073.0s 2699 Loading weights:   1%|          | 1/199 [00:00<00:00, 29537.35it/s, Materializing param=embeddings.LayerNorm.bias]
11073.0s 2700 Loading weights:   1%|          | 1/199 [00:00<00:00, 7796.10it/s, Materializing param=embeddings.LayerNorm.bias]
11073.0s 2701 Loading weights:   1%|          | 2/199 [00:00<00:00, 5886.74it/s, Materializing param=embeddings.LayerNorm.weight]
11073.0s 2702 Loading weights:   1%|          | 2/199 [00:00<00:00, 4500.33it/s, Materializing param=embeddings.LayerNorm.weight]
11073.0s 2703 Loading weights:   2%|▏         | 3/199 [00:00<00:00, 3586.92it/s, Materializing param=embeddings.position_embeddings.weight]
11073.0s 2704 Loading weights:   2%|▏         | 3/199 [00:00<00:00, 3209.11it/s, Materializing param=embeddings.position_embeddings.weight]
11073.0s 2705 Loading weights:   2%|▏         | 4/199 [00:00<00:00, 718.76it/s, Materializing param=embeddings.token_type_embeddings.weight]
11073.0s 2706 Loading weights:   2%|▏         | 4/199 [00:00<00:00, 700.16it/s, Materializing param=embeddings.token_type_embeddings.weight]
11073.0s 2707 Loading weights:   3%|▎         | 5/199 [00:00<00:00, 839.50it/s, Materializing param=embeddings.word_embeddings.weight]
11073.0s 2708 Loading weights:   3%|▎         | 5/199 [00:00<00:00, 823.64it/s, Materializing param=embeddings.word_embeddings.weight]
11073.0s 2709 Loading weights:   3%|▎         | 6/199 [00:00<00:00, 865.73it/s, Materializing param=encoder.layer.0.attention.output.LayerNorm.bias]
11073.0s 2710 Loading weights:   3%|▎         | 6/199 [00:00<00:00, 852.21it/s, Materializing param=encoder.layer.0.attention.output.LayerNorm.bias]
11073.0s 2711 Loading weights:   4%|▎         | 7/199 [00:00<00:00, 960.17it/s, Materializing param=encoder.layer.0.attention.output.LayerNorm.weight]
11073.0s 2712 Loading weights:   4%|▎         | 7/199 [00:00<00:00, 948.26it/s, Materializing param=encoder.layer.0.attention.output.LayerNorm.weight]
11073.0s 2713 Loading weights:   4%|▍         | 8/199 [00:00<00:00, 976.58it/s, Materializing param=encoder.layer.0.attention.output.dense.bias]
11073.0s 2714 Loading weights:   4%|▍         | 8/199 [00:00<00:00, 965.32it/s, Materializing param=encoder.layer.0.attention.output.dense.bias]
11073.0s 2715 Loading weights:   5%|▍         | 9/199 [00:00<00:00, 1057.57it/s, Materializing param=encoder.layer.0.attention.output.dense.weight]
11073.0s 2716 Loading weights:   5%|▍         | 9/199 [00:00<00:00, 973.56it/s, Materializing param=encoder.layer.0.attention.output.dense.weight]
11073.0s 2717 Loading weights:   5%|▌         | 10/199 [00:00<00:00, 974.85it/s, Materializing param=encoder.layer.0.attention.self.key.bias]
11073.0s 2718 Loading weights:   5%|▌         | 10/199 [00:00<00:00, 949.63it/s, Materializing param=encoder.layer.0.attention.self.key.bias]
11073.0s 2719 Loading weights:   6%|▌         | 11/199 [00:00<00:00, 1020.51it/s, Materializing param=encoder.layer.0.attention.self.key.weight]
11073.0s 2720 Loading weights:   6%|▌         | 11/199 [00:00<00:00, 1008.09it/s, Materializing param=encoder.layer.0.attention.self.key.weight]
11073.0s 2721 Loading weights:   6%|▌         | 12/199 [00:00<00:00, 1086.65it/s, Materializing param=encoder.layer.0.attention.self.query.bias]
11073.0s 2722 Loading weights:   6%|▌         | 12/199 [00:00<00:00, 1080.66it/s, Materializing param=encoder.layer.0.attention.self.query.bias]
11073.0s 2723 Loading weights:   7%|▋         | 13/199 [00:00<00:00, 1160.20it/s, Materializing param=encoder.layer.0.attention.self.query.weight]
11073.0s 2724 Loading weights:   7%|▋         | 13/199 [00:00<00:00, 1154.53it/s, Materializing param=encoder.layer.0.attention.self.query.weight]
11073.0s 2725 Loading weights:   7%|▋         | 14/199 [00:00<00:00, 1232.74it/s, Materializing param=encoder.layer.0.attention.self.value.bias]
11073.0s 2726 Loading weights:   7%|▋         | 14/199 [00:00<00:00, 1226.97it/s, Materializing param=encoder.layer.0.attention.self.value.bias]
11073.0s 2727 Loading weights:   8%|▊         | 15/199 [00:00<00:00, 1302.47it/s, Materializing param=encoder.layer.0.attention.self.value.weight]
11073.0s 2728 Loading weights:   8%|▊         | 15/199 [00:00<00:00, 1296.35it/s, Materializing param=encoder.layer.0.attention.self.value.weight]
11073.0s 2729 Loading weights:   8%|▊         | 16/199 [00:00<00:00, 1371.78it/s, Materializing param=encoder.layer.0.intermediate.dense.bias]
11073.0s 2730 Loading weights:   8%|▊         | 16/199 [00:00<00:00, 1363.06it/s, Materializing param=encoder.layer.0.intermediate.dense.bias]
11073.0s 2731 Loading weights:   9%|▊         | 17/199 [00:00<00:00, 1436.35it/s, Materializing param=encoder.layer.0.intermediate.dense.weight]
11073.0s 2732 Loading weights:   9%|▊         | 17/199 [00:00<00:00, 1430.21it/s, Materializing param=encoder.layer.0.intermediate.dense.weight]
11073.0s 2733 Loading weights:   9%|▉         | 18/199 [00:00<00:00, 1502.95it/s, Materializing param=encoder.layer.0.output.LayerNorm.bias]
11073.0s 2734 Loading weights:   9%|▉         | 18/199 [00:00<00:00, 1496.66it/s, Materializing param=encoder.layer.0.output.LayerNorm.bias]
11073.0s 2735 Loading weights:  10%|▉         | 19/199 [00:00<00:00, 1568.30it/s, Materializing param=encoder.layer.0.output.LayerNorm.weight]
11073.0s 2736 Loading weights:  10%|▉         | 19/199 [00:00<00:00, 1561.94it/s, Materializing param=encoder.layer.0.output.LayerNorm.weight]
11073.0s 2737 Loading weights:  10%|█         | 20/199 [00:00<00:00, 1632.50it/s, Materializing param=encoder.layer.0.output.dense.bias]
11073.0s 2738 Loading weights:  10%|█         | 20/199 [00:00<00:00, 1625.57it/s, Materializing param=encoder.layer.0.output.dense.bias]
11073.0s 2739 Loading weights:  11%|█         | 21/199 [00:00<00:00, 1694.83it/s, Materializing param=encoder.layer.0.output.dense.weight]
11073.0s 2740 Loading weights:  11%|█         | 21/199 [00:00<00:00, 1688.20it/s, Materializing param=encoder.layer.0.output.dense.weight]
11073.0s 2741 Loading weights:  11%|█         | 22/199 [00:00<00:00, 1755.37it/s, Materializing param=encoder.layer.1.attention.output.LayerNorm.bias]
11073.0s 2742 Loading weights:  11%|█         | 22/199 [00:00<00:00, 1748.32it/s, Materializing param=encoder.layer.1.attention.output.LayerNorm.bias]
11073.0s 2743 Loading weights:  12%|█▏        | 23/199 [00:00<00:00, 1813.19it/s, Materializing param=encoder.layer.1.attention.output.LayerNorm.weight]
11073.0s 2744 Loading weights:  12%|█▏        | 23/199 [00:00<00:00, 1805.32it/s, Materializing param=encoder.layer.1.attention.output.LayerNorm.weight]
11073.0s 2745 Loading weights:  12%|█▏        | 24/199 [00:00<00:00, 1869.92it/s, Materializing param=encoder.layer.1.attention.output.dense.bias]
11073.0s 2746 Loading weights:  12%|█▏        | 24/199 [00:00<00:00, 1862.65it/s, Materializing param=encoder.layer.1.attention.output.dense.bias]
11073.0s 2747 Loading weights:  13%|█▎        | 25/199 [00:00<00:00, 1927.25it/s, Materializing param=encoder.layer.1.attention.output.dense.weight]
11073.0s 2748 Loading weights:  13%|█▎        | 25/199 [00:00<00:00, 1919.91it/s, Materializing param=encoder.layer.1.attention.output.dense.weight]
11073.0s 2749 Loading weights:  13%|█▎        | 26/199 [00:00<00:00, 1983.95it/s, Materializing param=encoder.layer.1.attention.self.key.bias]
11073.0s 2750 Loading weights:  13%|█▎        | 26/199 [00:00<00:00, 1976.65it/s, Materializing param=encoder.layer.1.attention.self.key.bias]
11073.0s 2751 Loading weights:  14%|█▎        | 27/199 [00:00<00:00, 2039.04it/s, Materializing param=encoder.layer.1.attention.self.key.weight]
11073.0s 2752 Loading weights:  14%|█▎        | 27/199 [00:00<00:00, 2031.47it/s, Materializing param=encoder.layer.1.attention.self.key.weight]
11073.0s 2753 Loading weights:  14%|█▍        | 28/199 [00:00<00:00, 2092.82it/s, Materializing param=encoder.layer.1.attention.self.query.bias]
11073.0s 2754 Loading weights:  14%|█▍        | 28/199 [00:00<00:00, 2085.16it/s, Materializing param=encoder.layer.1.attention.self.query.bias]
11073.0s 2755 Loading weights:  15%|█▍        | 29/199 [00:00<00:00, 2144.48it/s, Materializing param=encoder.layer.1.attention.self.query.weight]
11073.0s 2756 Loading weights:  15%|█▍        | 29/199 [00:00<00:00, 2136.61it/s, Materializing param=encoder.layer.1.attention.self.query.weight]
11073.0s 2757 Loading weights:  15%|█▌        | 30/199 [00:00<00:00, 2196.12it/s, Materializing param=encoder.layer.1.attention.self.value.bias]
11073.0s 2758 Loading weights:  15%|█▌        | 30/199 [00:00<00:00, 2186.09it/s, Materializing param=encoder.layer.1.attention.self.value.bias]
11073.0s 2759 Loading weights:  16%|█▌        | 31/199 [00:00<00:00, 2244.10it/s, Materializing param=encoder.layer.1.attention.self.value.weight]
11073.0s 2760 Loading weights:  16%|█▌        | 31/199 [00:00<00:00, 2236.04it/s, Materializing param=encoder.layer.1.attention.self.value.weight]
11073.0s 2761 Loading weights:  16%|█▌        | 32/199 [00:00<00:00, 2293.42it/s, Materializing param=encoder.layer.1.intermediate.dense.bias]
11073.0s 2762 Loading weights:  16%|█▌        | 32/199 [00:00<00:00, 2285.14it/s, Materializing param=encoder.layer.1.intermediate.dense.bias]
11073.0s 2763 Loading weights:  17%|█▋        | 33/199 [00:00<00:00, 2341.76it/s, Materializing param=encoder.layer.1.intermediate.dense.weight]
11073.0s 2764 Loading weights:  17%|█▋        | 33/199 [00:00<00:00, 2333.63it/s, Materializing param=encoder.layer.1.intermediate.dense.weight]
11073.0s 2765 Loading weights:  17%|█▋        | 34/199 [00:00<00:00, 2389.96it/s, Materializing param=encoder.layer.1.output.LayerNorm.bias]
11073.0s 2766 Loading weights:  17%|█▋        | 34/199 [00:00<00:00, 2381.81it/s, Materializing param=encoder.layer.1.output.LayerNorm.bias]
11073.0s 2767 Loading weights:  18%|█▊        | 35/199 [00:00<00:00, 2437.21it/s, Materializing param=encoder.layer.1.output.LayerNorm.weight]
11073.0s 2768 Loading weights:  18%|█▊        | 35/199 [00:00<00:00, 2429.03it/s, Materializing param=encoder.layer.1.output.LayerNorm.weight]
11073.0s 2769 Loading weights:  18%|█▊        | 36/199 [00:00<00:00, 2481.92it/s, Materializing param=encoder.layer.1.output.dense.bias]
11073.0s 2770 Loading weights:  18%|█▊        | 36/199 [00:00<00:00, 2473.50it/s, Materializing param=encoder.layer.1.output.dense.bias]
11073.0s 2771 Loading weights:  19%|█▊        | 37/199 [00:00<00:00, 2527.43it/s, Materializing param=encoder.layer.1.output.dense.weight]
11073.0s 2772 Loading weights:  19%|█▊        | 37/199 [00:00<00:00, 2517.02it/s, Materializing param=encoder.layer.1.output.dense.weight]
11073.0s 2773 Loading weights:  19%|█▉        | 38/199 [00:00<00:00, 2569.42it/s, Materializing param=encoder.layer.2.attention.output.LayerNorm.bias]
11073.0s 2774 Loading weights:  19%|█▉        | 38/199 [00:00<00:00, 2560.67it/s, Materializing param=encoder.layer.2.attention.output.LayerNorm.bias]
11073.0s 2775 Loading weights:  20%|█▉        | 39/199 [00:00<00:00, 2611.85it/s, Materializing param=encoder.layer.2.attention.output.LayerNorm.weight]
11073.0s 2776 Loading weights:  20%|█▉        | 39/199 [00:00<00:00, 2603.13it/s, Materializing param=encoder.layer.2.attention.output.LayerNorm.weight]
11073.0s 2777 Loading weights:  20%|██        | 40/199 [00:00<00:00, 2654.45it/s, Materializing param=encoder.layer.2.attention.output.dense.bias]
11073.0s 2778 Loading weights:  20%|██        | 40/199 [00:00<00:00, 2645.79it/s, Materializing param=encoder.layer.2.attention.output.dense.bias]
11073.0s 2779 Loading weights:  21%|██        | 41/199 [00:00<00:00, 2696.41it/s, Materializing param=encoder.layer.2.attention.output.dense.weight]
11073.0s 2780 Loading weights:  21%|██        | 41/199 [00:00<00:00, 2687.61it/s, Materializing param=encoder.layer.2.attention.output.dense.weight]
11073.0s 2781 Loading weights:  21%|██        | 42/199 [00:00<00:00, 2737.97it/s, Materializing param=encoder.layer.2.attention.self.key.bias]
11073.0s 2782 Loading weights:  21%|██        | 42/199 [00:00<00:00, 2729.23it/s, Materializing param=encoder.layer.2.attention.self.key.bias]
11073.0s 2783 Loading weights:  22%|██▏       | 43/199 [00:00<00:00, 2777.04it/s, Materializing param=encoder.layer.2.attention.self.key.weight]
11073.0s 2784 Loading weights:  22%|██▏       | 43/199 [00:00<00:00, 2768.01it/s, Materializing param=encoder.layer.2.attention.self.key.weight]
11073.0s 2785 Loading weights:  22%|██▏       | 44/199 [00:00<00:00, 2816.73it/s, Materializing param=encoder.layer.2.attention.self.query.bias]
11073.0s 2786 Loading weights:  22%|██▏       | 44/199 [00:00<00:00, 2807.94it/s, Materializing param=encoder.layer.2.attention.self.query.bias]
11073.0s 2787 Loading weights:  23%|██▎       | 45/199 [00:00<00:00, 2853.53it/s, Materializing param=encoder.layer.2.attention.self.query.weight]
11073.0s 2788 Loading weights:  23%|██▎       | 45/199 [00:00<00:00, 2844.58it/s, Materializing param=encoder.layer.2.attention.self.query.weight]
11073.0s 2789 Loading weights:  23%|██▎       | 46/199 [00:00<00:00, 2891.97it/s, Materializing param=encoder.layer.2.attention.self.value.bias]
11073.0s 2790 Loading weights:  23%|██▎       | 46/199 [00:00<00:00, 2883.07it/s, Materializing param=encoder.layer.2.attention.self.value.bias]
11073.0s 2791 Loading weights:  24%|██▎       | 47/199 [00:00<00:00, 2929.72it/s, Materializing param=encoder.layer.2.attention.self.value.weight]
11073.0s 2792 Loading weights:  24%|██▎       | 47/199 [00:00<00:00, 2920.87it/s, Materializing param=encoder.layer.2.attention.self.value.weight]
11073.0s 2793 Loading weights:  24%|██▍       | 48/199 [00:00<00:00, 2967.10it/s, Materializing param=encoder.layer.2.intermediate.dense.bias]
11073.0s 2794 Loading weights:  24%|██▍       | 48/199 [00:00<00:00, 2958.16it/s, Materializing param=encoder.layer.2.intermediate.dense.bias]
11073.0s 2795 Loading weights:  25%|██▍       | 49/199 [00:00<00:00, 3003.73it/s, Materializing param=encoder.layer.2.intermediate.dense.weight]
11073.0s 2796 Loading weights:  25%|██▍       | 49/199 [00:00<00:00, 2994.93it/s, Materializing param=encoder.layer.2.intermediate.dense.weight]
11073.0s 2797 Loading weights:  25%|██▌       | 50/199 [00:00<00:00, 3032.36it/s, Materializing param=encoder.layer.2.output.LayerNorm.bias]
11073.0s 2798 Loading weights:  25%|██▌       | 50/199 [00:00<00:00, 3022.70it/s, Materializing param=encoder.layer.2.output.LayerNorm.bias]
11073.0s 2799 Loading weights:  26%|██▌       | 51/199 [00:00<00:00, 3066.58it/s, Materializing param=encoder.layer.2.output.LayerNorm.weight]
11073.0s 2800 Loading weights:  26%|██▌       | 51/199 [00:00<00:00, 3055.06it/s, Materializing param=encoder.layer.2.output.LayerNorm.weight]
11073.0s 2801 Loading weights:  26%|██▌       | 52/199 [00:00<00:00, 3097.49it/s, Materializing param=encoder.layer.2.output.dense.bias]
11073.0s 2802 Loading weights:  26%|██▌       | 52/199 [00:00<00:00, 3088.06it/s, Materializing param=encoder.layer.2.output.dense.bias]
11073.0s 2803 Loading weights:  27%|██▋       | 53/199 [00:00<00:00, 3130.52it/s, Materializing param=encoder.layer.2.output.dense.weight]
11073.0s 2804 Loading weights:  27%|██▋       | 53/199 [00:00<00:00, 3121.33it/s, Materializing param=encoder.layer.2.output.dense.weight]
11073.0s 2805 Loading weights:  27%|██▋       | 54/199 [00:00<00:00, 3164.05it/s, Materializing param=encoder.layer.3.attention.output.LayerNorm.bias]
11073.0s 2806 Loading weights:  27%|██▋       | 54/199 [00:00<00:00, 3154.58it/s, Materializing param=encoder.layer.3.attention.output.LayerNorm.bias]
11073.0s 2807 Loading weights:  28%|██▊       | 55/199 [00:00<00:00, 3196.21it/s, Materializing param=encoder.layer.3.attention.output.LayerNorm.weight]
11073.0s 2808 Loading weights:  28%|██▊       | 55/199 [00:00<00:00, 3187.07it/s, Materializing param=encoder.layer.3.attention.output.LayerNorm.weight]
11073.0s 2809 Loading weights:  28%|██▊       | 56/199 [00:00<00:00, 3228.34it/s, Materializing param=encoder.layer.3.attention.output.dense.bias]
11073.0s 2810 Loading weights:  28%|██▊       | 56/199 [00:00<00:00, 3219.27it/s, Materializing param=encoder.layer.3.attention.output.dense.bias]
11073.0s 2811 Loading weights:  29%|██▊       | 57/199 [00:00<00:00, 3258.93it/s, Materializing param=encoder.layer.3.attention.output.dense.weight]
11073.0s 2812 Loading weights:  29%|██▊       | 57/199 [00:00<00:00, 3249.50it/s, Materializing param=encoder.layer.3.attention.output.dense.weight]
11073.0s 2813 Loading weights:  29%|██▉       | 58/199 [00:00<00:00, 3289.69it/s, Materializing param=encoder.layer.3.attention.self.key.bias]
11073.0s 2814 Loading weights:  29%|██▉       | 58/199 [00:00<00:00, 3271.38it/s, Materializing param=encoder.layer.3.attention.self.key.bias]
11073.0s 2815 Loading weights:  30%|██▉       | 59/199 [00:00<00:00, 3306.00it/s, Materializing param=encoder.layer.3.attention.self.key.weight]
11073.0s 2816 Loading weights:  30%|██▉       | 59/199 [00:00<00:00, 3296.62it/s, Materializing param=encoder.layer.3.attention.self.key.weight]
11073.0s 2817 Loading weights:  30%|███       | 60/199 [00:00<00:00, 3335.83it/s, Materializing param=encoder.layer.3.attention.self.query.bias]
11073.0s 2818 Loading weights:  30%|███       | 60/199 [00:00<00:00, 3326.48it/s, Materializing param=encoder.layer.3.attention.self.query.bias]
11073.0s 2819 Loading weights:  31%|███       | 61/199 [00:00<00:00, 3365.55it/s, Materializing param=encoder.layer.3.attention.self.query.weight]
11073.0s 2820 Loading weights:  31%|███       | 61/199 [00:00<00:00, 3356.32it/s, Materializing param=encoder.layer.3.attention.self.query.weight]
11073.0s 2821 Loading weights:  31%|███       | 62/199 [00:00<00:00, 3394.73it/s, Materializing param=encoder.layer.3.attention.self.value.bias]
11073.0s 2822 Loading weights:  31%|███       | 62/199 [00:00<00:00, 3385.45it/s, Materializing param=encoder.layer.3.attention.self.value.bias]
11073.0s 2823 Loading weights:  32%|███▏      | 63/199 [00:00<00:00, 3423.03it/s, Materializing param=encoder.layer.3.attention.self.value.weight]
11073.0s 2824 Loading weights:  32%|███▏      | 63/199 [00:00<00:00, 3413.00it/s, Materializing param=encoder.layer.3.attention.self.value.weight]
11073.0s 2825 Loading weights:  32%|███▏      | 64/199 [00:00<00:00, 3450.02it/s, Materializing param=encoder.layer.3.intermediate.dense.bias]
11073.0s 2826 Loading weights:  32%|███▏      | 64/199 [00:00<00:00, 3440.77it/s, Materializing param=encoder.layer.3.intermediate.dense.bias]
11073.0s 2827 Loading weights:  33%|███▎      | 65/199 [00:00<00:00, 3475.65it/s, Materializing param=encoder.layer.3.intermediate.dense.weight]
11073.0s 2828 Loading weights:  33%|███▎      | 65/199 [00:00<00:00, 3466.15it/s, Materializing param=encoder.layer.3.intermediate.dense.weight]
11073.0s 2829 Loading weights:  33%|███▎      | 66/199 [00:00<00:00, 3502.77it/s, Materializing param=encoder.layer.3.output.LayerNorm.bias]
11073.0s 2830 Loading weights:  33%|███▎      | 66/199 [00:00<00:00, 3493.80it/s, Materializing param=encoder.layer.3.output.LayerNorm.bias]
11073.0s 2831 Loading weights:  34%|███▎      | 67/199 [00:00<00:00, 3530.83it/s, Materializing param=encoder.layer.3.output.LayerNorm.weight]
11073.0s 2832 Loading weights:  34%|███▎      | 67/199 [00:00<00:00, 3522.02it/s, Materializing param=encoder.layer.3.output.LayerNorm.weight]
11073.0s 2833 Loading weights:  34%|███▍      | 68/199 [00:00<00:00, 3558.97it/s, Materializing param=encoder.layer.3.output.dense.bias]
11073.0s 2834 Loading weights:  34%|███▍      | 68/199 [00:00<00:00, 3550.03it/s, Materializing param=encoder.layer.3.output.dense.bias]
11073.0s 2835 Loading weights:  35%|███▍      | 69/199 [00:00<00:00, 3586.79it/s, Materializing param=encoder.layer.3.output.dense.weight]
11073.0s 2836 Loading weights:  35%|███▍      | 69/199 [00:00<00:00, 3577.96it/s, Materializing param=encoder.layer.3.output.dense.weight]
11073.0s 2837 Loading weights:  35%|███▌      | 70/199 [00:00<00:00, 3614.40it/s, Materializing param=encoder.layer.4.attention.output.LayerNorm.bias]
11073.0s 2838 Loading weights:  35%|███▌      | 70/199 [00:00<00:00, 3605.21it/s, Materializing param=encoder.layer.4.attention.output.LayerNorm.bias]
11073.0s 2839 Loading weights:  36%|███▌      | 71/199 [00:00<00:00, 3638.09it/s, Materializing param=encoder.layer.4.attention.output.LayerNorm.weight]
11073.0s 2840 Loading weights:  36%|███▌      | 71/199 [00:00<00:00, 3628.47it/s, Materializing param=encoder.layer.4.attention.output.LayerNorm.weight]
11073.0s 2841 Loading weights:  36%|███▌      | 72/199 [00:00<00:00, 3662.84it/s, Materializing param=encoder.layer.4.attention.output.dense.bias]
11073.0s 2842 Loading weights:  36%|███▌      | 72/199 [00:00<00:00, 3651.06it/s, Materializing param=encoder.layer.4.attention.output.dense.bias]
11073.0s 2843 Loading weights:  37%|███▋      | 73/199 [00:00<00:00, 3684.08it/s, Materializing param=encoder.layer.4.attention.output.dense.weight]
11073.0s 2844 Loading weights:  37%|███▋      | 73/199 [00:00<00:00, 3674.84it/s, Materializing param=encoder.layer.4.attention.output.dense.weight]
11073.0s 2845 Loading weights:  37%|███▋      | 74/199 [00:00<00:00, 3708.49it/s, Materializing param=encoder.layer.4.attention.self.key.bias]
11073.0s 2846 Loading weights:  37%|███▋      | 74/199 [00:00<00:00, 3699.39it/s, Materializing param=encoder.layer.4.attention.self.key.bias]
11073.0s 2847 Loading weights:  38%|███▊      | 75/199 [00:00<00:00, 3732.61it/s, Materializing param=encoder.layer.4.attention.self.key.weight]
11073.0s 2848 Loading weights:  38%|███▊      | 75/199 [00:00<00:00, 3723.50it/s, Materializing param=encoder.layer.4.attention.self.key.weight]
11073.0s 2849 Loading weights:  38%|███▊      | 76/199 [00:00<00:00, 3756.65it/s, Materializing param=encoder.layer.4.attention.self.query.bias]
11073.0s 2850 Loading weights:  38%|███▊      | 76/199 [00:00<00:00, 3747.56it/s, Materializing param=encoder.layer.4.attention.self.query.bias]
11073.0s 2851 Loading weights:  39%|███▊      | 77/199 [00:00<00:00, 3780.73it/s, Materializing param=encoder.layer.4.attention.self.query.weight]
11073.0s 2852 Loading weights:  39%|███▊      | 77/199 [00:00<00:00, 3771.68it/s, Materializing param=encoder.layer.4.attention.self.query.weight]
11073.0s 2853 Loading weights:  39%|███▉      | 78/199 [00:00<00:00, 3803.16it/s, Materializing param=encoder.layer.4.attention.self.value.bias]
11073.0s 2854 Loading weights:  39%|███▉      | 78/199 [00:00<00:00, 3793.68it/s, Materializing param=encoder.layer.4.attention.self.value.bias]
11073.0s 2855 Loading weights:  40%|███▉      | 79/199 [00:00<00:00, 3825.42it/s, Materializing param=encoder.layer.4.attention.self.value.weight]
11073.0s 2856 Loading weights:  40%|███▉      | 79/199 [00:00<00:00, 3813.97it/s, Materializing param=encoder.layer.4.attention.self.value.weight]
11073.0s 2857 Loading weights:  40%|████      | 80/199 [00:00<00:00, 3845.21it/s, Materializing param=encoder.layer.4.intermediate.dense.bias]
11073.0s 2858 Loading weights:  40%|████      | 80/199 [00:00<00:00, 3836.15it/s, Materializing param=encoder.layer.4.intermediate.dense.bias]
11073.0s 2859 Loading weights:  41%|████      | 81/199 [00:00<00:00, 3867.70it/s, Materializing param=encoder.layer.4.intermediate.dense.weight]
11073.0s 2860 Loading weights:  41%|████      | 81/199 [00:00<00:00, 3858.74it/s, Materializing param=encoder.layer.4.intermediate.dense.weight]
11073.0s 2861 Loading weights:  41%|████      | 82/199 [00:00<00:00, 3890.51it/s, Materializing param=encoder.layer.4.output.LayerNorm.bias]
11073.0s 2862 Loading weights:  41%|████      | 82/199 [00:00<00:00, 3881.64it/s, Materializing param=encoder.layer.4.output.LayerNorm.bias]
11073.0s 2863 Loading weights:  42%|████▏     | 83/199 [00:00<00:00, 3912.68it/s, Materializing param=encoder.layer.4.output.LayerNorm.weight]
11073.0s 2864 Loading weights:  42%|████▏     | 83/199 [00:00<00:00, 3903.69it/s, Materializing param=encoder.layer.4.output.LayerNorm.weight]
11073.0s 2865 Loading weights:  42%|████▏     | 84/199 [00:00<00:00, 3934.97it/s, Materializing param=encoder.layer.4.output.dense.bias]
11073.0s 2866 Loading weights:  42%|████▏     | 84/199 [00:00<00:00, 3926.16it/s, Materializing param=encoder.layer.4.output.dense.bias]
11073.0s 2867 Loading weights:  43%|████▎     | 85/199 [00:00<00:00, 3956.01it/s, Materializing param=encoder.layer.4.output.dense.weight]
11073.0s 2868 Loading weights:  43%|████▎     | 85/199 [00:00<00:00, 3946.20it/s, Materializing param=encoder.layer.4.output.dense.weight]
11073.0s 2869 Loading weights:  43%|████▎     | 86/199 [00:00<00:00, 3977.09it/s, Materializing param=encoder.layer.5.attention.output.LayerNorm.bias]
11073.0s 2870 Loading weights:  43%|████▎     | 86/199 [00:00<00:00, 3961.24it/s, Materializing param=encoder.layer.5.attention.output.LayerNorm.bias]
11073.0s 2871 Loading weights:  44%|████▎     | 87/199 [00:00<00:00, 3983.19it/s, Materializing param=encoder.layer.5.attention.output.LayerNorm.weight]
11073.0s 2872 Loading weights:  44%|████▎     | 87/199 [00:00<00:00, 3973.52it/s, Materializing param=encoder.layer.5.attention.output.LayerNorm.weight]
11073.0s 2873 Loading weights:  44%|████▍     | 88/199 [00:00<00:00, 4002.24it/s, Materializing param=encoder.layer.5.attention.output.dense.bias]
11073.0s 2874 Loading weights:  44%|████▍     | 88/199 [00:00<00:00, 3993.24it/s, Materializing param=encoder.layer.5.attention.output.dense.bias]
11073.0s 2875 Loading weights:  45%|████▍     | 89/199 [00:00<00:00, 4022.29it/s, Materializing param=encoder.layer.5.attention.output.dense.weight]
11073.0s 2876 Loading weights:  45%|████▍     | 89/199 [00:00<00:00, 4013.30it/s, Materializing param=encoder.layer.5.attention.output.dense.weight]
11073.0s 2877 Loading weights:  45%|████▌     | 90/199 [00:00<00:00, 4042.23it/s, Materializing param=encoder.layer.5.attention.self.key.bias]
11073.0s 2878 Loading weights:  45%|████▌     | 90/199 [00:00<00:00, 4033.11it/s, Materializing param=encoder.layer.5.attention.self.key.bias]
11073.0s 2879 Loading weights:  46%|████▌     | 91/199 [00:00<00:00, 4058.24it/s, Materializing param=encoder.layer.5.attention.self.key.weight]
11073.0s 2880 Loading weights:  46%|████▌     | 91/199 [00:00<00:00, 4047.35it/s, Materializing param=encoder.layer.5.attention.self.key.weight]
11073.0s 2881 Loading weights:  46%|████▌     | 92/199 [00:00<00:00, 4073.90it/s, Materializing param=encoder.layer.5.attention.self.query.bias]
11073.0s 2882 Loading weights:  46%|████▌     | 92/199 [00:00<00:00, 4064.25it/s, Materializing param=encoder.layer.5.attention.self.query.bias]
11073.0s 2883 Loading weights:  47%|████▋     | 93/199 [00:00<00:00, 4086.69it/s, Materializing param=encoder.layer.5.attention.self.query.weight]
11073.0s 2884 Loading weights:  47%|████▋     | 93/199 [00:00<00:00, 4077.38it/s, Materializing param=encoder.layer.5.attention.self.query.weight]
11073.0s 2885 Loading weights:  47%|████▋     | 94/199 [00:00<00:00, 4105.00it/s, Materializing param=encoder.layer.5.attention.self.value.bias]
11073.0s 2886 Loading weights:  47%|████▋     | 94/199 [00:00<00:00, 4096.21it/s, Materializing param=encoder.layer.5.attention.self.value.bias]
11073.0s 2887 Loading weights:  48%|████▊     | 95/199 [00:00<00:00, 4123.89it/s, Materializing param=encoder.layer.5.attention.self.value.weight]
11073.0s 2888 Loading weights:  48%|████▊     | 95/199 [00:00<00:00, 4115.08it/s, Materializing param=encoder.layer.5.attention.self.value.weight]
11073.0s 2889 Loading weights:  48%|████▊     | 96/199 [00:00<00:00, 4142.74it/s, Materializing param=encoder.layer.5.intermediate.dense.bias]
11073.0s 2890 Loading weights:  48%|████▊     | 96/199 [00:00<00:00, 4134.06it/s, Materializing param=encoder.layer.5.intermediate.dense.bias]
11073.0s 2891 Loading weights:  49%|████▊     | 97/199 [00:00<00:00, 4161.74it/s, Materializing param=encoder.layer.5.intermediate.dense.weight]
11073.0s 2892 Loading weights:  49%|████▊     | 97/199 [00:00<00:00, 4153.07it/s, Materializing param=encoder.layer.5.intermediate.dense.weight]
11073.0s 2893 Loading weights:  49%|████▉     | 98/199 [00:00<00:00, 4180.53it/s, Materializing param=encoder.layer.5.output.LayerNorm.bias]
11073.0s 2894 Loading weights:  49%|████▉     | 98/199 [00:00<00:00, 4170.64it/s, Materializing param=encoder.layer.5.output.LayerNorm.bias]
11073.0s 2895 Loading weights:  50%|████▉     | 99/199 [00:00<00:00, 4197.40it/s, Materializing param=encoder.layer.5.output.LayerNorm.weight]
11073.0s 2896 Loading weights:  50%|████▉     | 99/199 [00:00<00:00, 4188.72it/s, Materializing param=encoder.layer.5.output.LayerNorm.weight]
11073.0s 2897 Loading weights:  50%|█████     | 100/199 [00:00<00:00, 4213.14it/s, Materializing param=encoder.layer.5.output.dense.bias]
11073.0s 2898 Loading weights:  50%|█████     | 100/199 [00:00<00:00, 4204.35it/s, Materializing param=encoder.layer.5.output.dense.bias]
11073.0s 2899 Loading weights:  51%|█████     | 101/199 [00:00<00:00, 4230.79it/s, Materializing param=encoder.layer.5.output.dense.weight]
11073.0s 2900 Loading weights:  51%|█████     | 101/199 [00:00<00:00, 4222.19it/s, Materializing param=encoder.layer.5.output.dense.weight]
11073.0s 2901 Loading weights:  51%|█████▏    | 102/199 [00:00<00:00, 4249.04it/s, Materializing param=encoder.layer.6.attention.output.LayerNorm.bias]
11073.0s 2902 Loading weights:  51%|█████▏    | 102/199 [00:00<00:00, 4240.28it/s, Materializing param=encoder.layer.6.attention.output.LayerNorm.bias]
11073.0s 2903 Loading weights:  52%|█████▏    | 103/199 [00:00<00:00, 4266.12it/s, Materializing param=encoder.layer.6.attention.output.LayerNorm.weight]
11073.0s 2904 Loading weights:  52%|█████▏    | 103/199 [00:00<00:00, 4257.34it/s, Materializing param=encoder.layer.6.attention.output.LayerNorm.weight]
11073.0s 2905 Loading weights:  52%|█████▏    | 104/199 [00:00<00:00, 4283.10it/s, Materializing param=encoder.layer.6.attention.output.dense.bias]
11073.0s 2906 Loading weights:  52%|█████▏    | 104/199 [00:00<00:00, 4274.28it/s, Materializing param=encoder.layer.6.attention.output.dense.bias]
11073.0s 2907 Loading weights:  53%|█████▎    | 105/199 [00:00<00:00, 4299.75it/s, Materializing param=encoder.layer.6.attention.output.dense.weight]
11073.0s 2908 Loading weights:  53%|█████▎    | 105/199 [00:00<00:00, 4289.45it/s, Materializing param=encoder.layer.6.attention.output.dense.weight]
11073.0s 2909 Loading weights:  53%|█████▎    | 106/199 [00:00<00:00, 4313.96it/s, Materializing param=encoder.layer.6.attention.self.key.bias]
11073.0s 2910 Loading weights:  53%|█████▎    | 106/199 [00:00<00:00, 4305.27it/s, Materializing param=encoder.layer.6.attention.self.key.bias]
11073.0s 2911 Loading weights:  54%|█████▍    | 107/199 [00:00<00:00, 4318.99it/s, Materializing param=encoder.layer.6.attention.self.key.weight]
11073.0s 2912 Loading weights:  54%|█████▍    | 107/199 [00:00<00:00, 4308.21it/s, Materializing param=encoder.layer.6.attention.self.key.weight]
11073.0s 2913 Loading weights:  54%|█████▍    | 108/199 [00:00<00:00, 4331.55it/s, Materializing param=encoder.layer.6.attention.self.query.bias]
11073.0s 2914 Loading weights:  54%|█████▍    | 108/199 [00:00<00:00, 4322.70it/s, Materializing param=encoder.layer.6.attention.self.query.bias]
11073.0s 2915 Loading weights:  55%|█████▍    | 109/199 [00:00<00:00, 4347.01it/s, Materializing param=encoder.layer.6.attention.self.query.weight]
11073.0s 2916 Loading weights:  55%|█████▍    | 109/199 [00:00<00:00, 4338.35it/s, Materializing param=encoder.layer.6.attention.self.query.weight]
11073.0s 2917 Loading weights:  55%|█████▌    | 110/199 [00:00<00:00, 4362.83it/s, Materializing param=encoder.layer.6.attention.self.value.bias]
11073.0s 2918 Loading weights:  55%|█████▌    | 110/199 [00:00<00:00, 4354.35it/s, Materializing param=encoder.layer.6.attention.self.value.bias]
11073.0s 2919 Loading weights:  56%|█████▌    | 111/199 [00:00<00:00, 4378.72it/s, Materializing param=encoder.layer.6.attention.self.value.weight]
11073.0s 2920 Loading weights:  56%|█████▌    | 111/199 [00:00<00:00, 4370.26it/s, Materializing param=encoder.layer.6.attention.self.value.weight]
11073.0s 2921 Loading weights:  56%|█████▋    | 112/199 [00:00<00:00, 4393.34it/s, Materializing param=encoder.layer.6.intermediate.dense.bias]
11073.0s 2922 Loading weights:  56%|█████▋    | 112/199 [00:00<00:00, 4384.73it/s, Materializing param=encoder.layer.6.intermediate.dense.bias]
11073.0s 2923 Loading weights:  57%|█████▋    | 113/199 [00:00<00:00, 4408.90it/s, Materializing param=encoder.layer.6.intermediate.dense.weight]
11073.0s 2924 Loading weights:  57%|█████▋    | 113/199 [00:00<00:00, 4392.84it/s, Materializing param=encoder.layer.6.intermediate.dense.weight]
11073.0s 2925 Loading weights:  57%|█████▋    | 114/199 [00:00<00:00, 4411.19it/s, Materializing param=encoder.layer.6.output.LayerNorm.bias]
11073.0s 2926 Loading weights:  57%|█████▋    | 114/199 [00:00<00:00, 4402.46it/s, Materializing param=encoder.layer.6.output.LayerNorm.bias]
11073.0s 2927 Loading weights:  58%|█████▊    | 115/199 [00:00<00:00, 4425.87it/s, Materializing param=encoder.layer.6.output.LayerNorm.weight]
11073.0s 2928 Loading weights:  58%|█████▊    | 115/199 [00:00<00:00, 4417.56it/s, Materializing param=encoder.layer.6.output.LayerNorm.weight]
11073.0s 2929 Loading weights:  58%|█████▊    | 116/199 [00:00<00:00, 4441.25it/s, Materializing param=encoder.layer.6.output.dense.bias]
11073.0s 2930 Loading weights:  58%|█████▊    | 116/199 [00:00<00:00, 4433.16it/s, Materializing param=encoder.layer.6.output.dense.bias]
11073.0s 2931 Loading weights:  59%|█████▉    | 117/199 [00:00<00:00, 4456.92it/s, Materializing param=encoder.layer.6.output.dense.weight]
11073.0s 2932 Loading weights:  59%|█████▉    | 117/199 [00:00<00:00, 4448.72it/s, Materializing param=encoder.layer.6.output.dense.weight]
11073.0s 2933 Loading weights:  59%|█████▉    | 118/199 [00:00<00:00, 4472.27it/s, Materializing param=encoder.layer.7.attention.output.LayerNorm.bias]
11073.0s 2934 Loading weights:  59%|█████▉    | 118/199 [00:00<00:00, 4463.76it/s, Materializing param=encoder.layer.7.attention.output.LayerNorm.bias]
11073.0s 2935 Loading weights:  60%|█████▉    | 119/199 [00:00<00:00, 4484.84it/s, Materializing param=encoder.layer.7.attention.output.LayerNorm.weight]
11073.0s 2936 Loading weights:  60%|█████▉    | 119/199 [00:00<00:00, 4476.15it/s, Materializing param=encoder.layer.7.attention.output.LayerNorm.weight]
11073.0s 2937 Loading weights:  60%|██████    | 120/199 [00:00<00:00, 4496.06it/s, Materializing param=encoder.layer.7.attention.output.dense.bias]
11073.0s 2938 Loading weights:  60%|██████    | 120/199 [00:00<00:00, 4487.01it/s, Materializing param=encoder.layer.7.attention.output.dense.bias]
11073.0s 2939 Loading weights:  61%|██████    | 121/199 [00:00<00:00, 4508.76it/s, Materializing param=encoder.layer.7.attention.output.dense.weight]
11073.0s 2940 Loading weights:  61%|██████    | 121/199 [00:00<00:00, 4500.33it/s, Materializing param=encoder.layer.7.attention.output.dense.weight]
11073.0s 2941 Loading weights:  61%|██████▏   | 122/199 [00:00<00:00, 4522.76it/s, Materializing param=encoder.layer.7.attention.self.key.bias]
11073.0s 2942 Loading weights:  61%|██████▏   | 122/199 [00:00<00:00, 4514.50it/s, Materializing param=encoder.layer.7.attention.self.key.bias]
11073.0s 2943 Loading weights:  62%|██████▏   | 123/199 [00:00<00:00, 4536.66it/s, Materializing param=encoder.layer.7.attention.self.key.weight]
11073.0s 2944 Loading weights:  62%|██████▏   | 123/199 [00:00<00:00, 4528.53it/s, Materializing param=encoder.layer.7.attention.self.key.weight]
11073.0s 2945 Loading weights:  62%|██████▏   | 124/199 [00:00<00:00, 4550.77it/s, Materializing param=encoder.layer.7.attention.self.query.bias]
11073.0s 2946 Loading weights:  62%|██████▏   | 124/199 [00:00<00:00, 4542.66it/s, Materializing param=encoder.layer.7.attention.self.query.bias]
11073.0s 2947 Loading weights:  63%|██████▎   | 125/199 [00:00<00:00, 4564.66it/s, Materializing param=encoder.layer.7.attention.self.query.weight]
11073.0s 2948 Loading weights:  63%|██████▎   | 125/199 [00:00<00:00, 4555.22it/s, Materializing param=encoder.layer.7.attention.self.query.weight]
11073.0s 2949 Loading weights:  63%|██████▎   | 126/199 [00:00<00:00, 4575.68it/s, Materializing param=encoder.layer.7.attention.self.value.bias]
11073.0s 2950 Loading weights:  63%|██████▎   | 126/199 [00:00<00:00, 4567.54it/s, Materializing param=encoder.layer.7.attention.self.value.bias]
11073.0s 2951 Loading weights:  64%|██████▍   | 127/199 [00:00<00:00, 4587.29it/s, Materializing param=encoder.layer.7.attention.self.value.weight]
11073.0s 2952 Loading weights:  64%|██████▍   | 127/199 [00:00<00:00, 4578.78it/s, Materializing param=encoder.layer.7.attention.self.value.weight]
11073.0s 2953 Loading weights:  64%|██████▍   | 128/199 [00:00<00:00, 4598.94it/s, Materializing param=encoder.layer.7.intermediate.dense.bias]
11073.0s 2954 Loading weights:  64%|██████▍   | 128/199 [00:00<00:00, 4590.56it/s, Materializing param=encoder.layer.7.intermediate.dense.bias]
11073.0s 2955 Loading weights:  65%|██████▍   | 129/199 [00:00<00:00, 4611.91it/s, Materializing param=encoder.layer.7.intermediate.dense.weight]
11073.0s 2956 Loading weights:  65%|██████▍   | 129/199 [00:00<00:00, 4603.91it/s, Materializing param=encoder.layer.7.intermediate.dense.weight]
11073.0s 2957 Loading weights:  65%|██████▌   | 130/199 [00:00<00:00, 4625.51it/s, Materializing param=encoder.layer.7.output.LayerNorm.bias]
11073.0s 2958 Loading weights:  65%|██████▌   | 130/199 [00:00<00:00, 4617.48it/s, Materializing param=encoder.layer.7.output.LayerNorm.bias]
11073.0s 2959 Loading weights:  66%|██████▌   | 131/199 [00:00<00:00, 4638.74it/s, Materializing param=encoder.layer.7.output.LayerNorm.weight]
11073.0s 2960 Loading weights:  66%|██████▌   | 131/199 [00:00<00:00, 4630.49it/s, Materializing param=encoder.layer.7.output.LayerNorm.weight]
11073.0s 2961 Loading weights:  66%|██████▋   | 132/199 [00:00<00:00, 4651.53it/s, Materializing param=encoder.layer.7.output.dense.bias]
11073.0s 2962 Loading weights:  66%|██████▋   | 132/199 [00:00<00:00, 4643.57it/s, Materializing param=encoder.layer.7.output.dense.bias]
11073.0s 2963 Loading weights:  67%|██████▋   | 133/199 [00:00<00:00, 4663.61it/s, Materializing param=encoder.layer.7.output.dense.weight]
11073.0s 2964 Loading weights:  67%|██████▋   | 133/199 [00:00<00:00, 4655.63it/s, Materializing param=encoder.layer.7.output.dense.weight]
11073.0s 2965 Loading weights:  67%|██████▋   | 134/199 [00:00<00:00, 4676.55it/s, Materializing param=encoder.layer.8.attention.output.LayerNorm.bias]
11073.0s 2966 Loading weights:  67%|██████▋   | 134/199 [00:00<00:00, 4666.14it/s, Materializing param=encoder.layer.8.attention.output.LayerNorm.bias]
11073.0s 2967 Loading weights:  68%|██████▊   | 135/199 [00:00<00:00, 4685.33it/s, Materializing param=encoder.layer.8.attention.output.LayerNorm.weight]
11073.0s 2968 Loading weights:  68%|██████▊   | 135/199 [00:00<00:00, 4677.04it/s, Materializing param=encoder.layer.8.attention.output.LayerNorm.weight]
11073.0s 2969 Loading weights:  68%|██████▊   | 136/199 [00:00<00:00, 4697.06it/s, Materializing param=encoder.layer.8.attention.output.dense.bias]
11073.0s 2970 Loading weights:  68%|██████▊   | 136/199 [00:00<00:00, 4689.07it/s, Materializing param=encoder.layer.8.attention.output.dense.bias]
11073.0s 2971 Loading weights:  69%|██████▉   | 137/199 [00:00<00:00, 4709.26it/s, Materializing param=encoder.layer.8.attention.output.dense.weight]
11073.0s 2972 Loading weights:  69%|██████▉   | 137/199 [00:00<00:00, 4701.21it/s, Materializing param=encoder.layer.8.attention.output.dense.weight]
11073.0s 2973 Loading weights:  69%|██████▉   | 138/199 [00:00<00:00, 4721.43it/s, Materializing param=encoder.layer.8.attention.self.key.bias]
11073.0s 2974 Loading weights:  69%|██████▉   | 138/199 [00:00<00:00, 4713.51it/s, Materializing param=encoder.layer.8.attention.self.key.bias]
11073.0s 2975 Loading weights:  70%|██████▉   | 139/199 [00:00<00:00, 4733.52it/s, Materializing param=encoder.layer.8.attention.self.key.weight]
11073.0s 2976 Loading weights:  70%|██████▉   | 139/199 [00:00<00:00, 4725.69it/s, Materializing param=encoder.layer.8.attention.self.key.weight]
11073.0s 2977 Loading weights:  70%|███████   | 140/199 [00:00<00:00, 4743.88it/s, Materializing param=encoder.layer.8.attention.self.query.bias]
11073.0s 2978 Loading weights:  70%|███████   | 140/199 [00:00<00:00, 4735.66it/s, Materializing param=encoder.layer.8.attention.self.query.bias]
11073.0s 2979 Loading weights:  71%|███████   | 141/199 [00:00<00:00, 4755.03it/s, Materializing param=encoder.layer.8.attention.self.query.weight]
11073.0s 2980 Loading weights:  71%|███████   | 141/199 [00:00<00:00, 4745.14it/s, Materializing param=encoder.layer.8.attention.self.query.weight]
11073.0s 2981 Loading weights:  71%|███████▏  | 142/199 [00:00<00:00, 4764.12it/s, Materializing param=encoder.layer.8.attention.self.value.bias]
11073.0s 2982 Loading weights:  71%|███████▏  | 142/199 [00:00<00:00, 4756.24it/s, Materializing param=encoder.layer.8.attention.self.value.bias]
11073.0s 2983 Loading weights:  72%|███████▏  | 143/199 [00:00<00:00, 4775.70it/s, Materializing param=encoder.layer.8.attention.self.value.weight]
11073.0s 2984 Loading weights:  72%|███████▏  | 143/199 [00:00<00:00, 4767.81it/s, Materializing param=encoder.layer.8.attention.self.value.weight]
11073.0s 2985 Loading weights:  72%|███████▏  | 144/199 [00:00<00:00, 4787.26it/s, Materializing param=encoder.layer.8.intermediate.dense.bias]
11073.0s 2986 Loading weights:  72%|███████▏  | 144/199 [00:00<00:00, 4779.61it/s, Materializing param=encoder.layer.8.intermediate.dense.bias]
11073.0s 2987 Loading weights:  73%|███████▎  | 145/199 [00:00<00:00, 4798.97it/s, Materializing param=encoder.layer.8.intermediate.dense.weight]
11073.0s 2988 Loading weights:  73%|███████▎  | 145/199 [00:00<00:00, 4791.15it/s, Materializing param=encoder.layer.8.intermediate.dense.weight]
11073.0s 2989 Loading weights:  73%|███████▎  | 146/199 [00:00<00:00, 4810.40it/s, Materializing param=encoder.layer.8.output.LayerNorm.bias]
11073.0s 2990 Loading weights:  73%|███████▎  | 146/199 [00:00<00:00, 4802.70it/s, Materializing param=encoder.layer.8.output.LayerNorm.bias]
11073.0s 2991 Loading weights:  74%|███████▍  | 147/199 [00:00<00:00, 4820.96it/s, Materializing param=encoder.layer.8.output.LayerNorm.weight]
11073.0s 2992 Loading weights:  74%|███████▍  | 147/199 [00:00<00:00, 4811.48it/s, Materializing param=encoder.layer.8.output.LayerNorm.weight]
11073.0s 2993 Loading weights:  74%|███████▍  | 148/199 [00:00<00:00, 4830.72it/s, Materializing param=encoder.layer.8.output.dense.bias]
11073.0s 2994 Loading weights:  74%|███████▍  | 148/199 [00:00<00:00, 4821.23it/s, Materializing param=encoder.layer.8.output.dense.bias]
11073.0s 2995 Loading weights:  75%|███████▍  | 149/199 [00:00<00:00, 4839.93it/s, Materializing param=encoder.layer.8.output.dense.weight]
11073.0s 2996 Loading weights:  75%|███████▍  | 149/199 [00:00<00:00, 4832.33it/s, Materializing param=encoder.layer.8.output.dense.weight]
11073.0s 2997 Loading weights:  75%|███████▌  | 150/199 [00:00<00:00, 4851.49it/s, Materializing param=encoder.layer.9.attention.output.LayerNorm.bias]
11073.0s 2998 Loading weights:  75%|███████▌  | 150/199 [00:00<00:00, 4843.46it/s, Materializing param=encoder.layer.9.attention.output.LayerNorm.bias]
11073.0s 2999 Loading weights:  76%|███████▌  | 151/199 [00:00<00:00, 4861.75it/s, Materializing param=encoder.layer.9.attention.output.LayerNorm.weight]
11073.0s 3000 Loading weights:  76%|███████▌  | 151/199 [00:00<00:00, 4854.07it/s, Materializing param=encoder.layer.9.attention.output.LayerNorm.weight]
11073.0s 3001 Loading weights:  76%|███████▋  | 152/199 [00:00<00:00, 4872.59it/s, Materializing param=encoder.layer.9.attention.output.dense.bias]
11073.0s 3002 Loading weights:  76%|███████▋  | 152/199 [00:00<00:00, 4864.93it/s, Materializing param=encoder.layer.9.attention.output.dense.bias]
11073.0s 3003 Loading weights:  77%|███████▋  | 153/199 [00:00<00:00, 4883.37it/s, Materializing param=encoder.layer.9.attention.output.dense.weight]
11073.0s 3004 Loading weights:  77%|███████▋  | 153/199 [00:00<00:00, 4875.73it/s, Materializing param=encoder.layer.9.attention.output.dense.weight]
11073.0s 3005 Loading weights:  77%|███████▋  | 154/199 [00:00<00:00, 4892.43it/s, Materializing param=encoder.layer.9.attention.self.key.bias]
11073.0s 3006 Loading weights:  77%|███████▋  | 154/199 [00:00<00:00, 4884.55it/s, Materializing param=encoder.layer.9.attention.self.key.bias]
11073.0s 3007 Loading weights:  78%|███████▊  | 155/199 [00:00<00:00, 4902.55it/s, Materializing param=encoder.layer.9.attention.self.key.weight]
11073.0s 3008 Loading weights:  78%|███████▊  | 155/199 [00:00<00:00, 4894.91it/s, Materializing param=encoder.layer.9.attention.self.key.weight]
11073.0s 3009 Loading weights:  78%|███████▊  | 156/199 [00:00<00:00, 4899.78it/s, Materializing param=encoder.layer.9.attention.self.query.bias]
11073.0s 3010 Loading weights:  78%|███████▊  | 156/199 [00:00<00:00, 4891.76it/s, Materializing param=encoder.layer.9.attention.self.query.bias]
11073.0s 3011 Loading weights:  79%|███████▉  | 157/199 [00:00<00:00, 4908.95it/s, Materializing param=encoder.layer.9.attention.self.query.weight]
11073.0s 3012 Loading weights:  79%|███████▉  | 157/199 [00:00<00:00, 4901.24it/s, Materializing param=encoder.layer.9.attention.self.query.weight]
11073.0s 3013 Loading weights:  79%|███████▉  | 158/199 [00:00<00:00, 4918.73it/s, Materializing param=encoder.layer.9.attention.self.value.bias]
11073.0s 3014 Loading weights:  79%|███████▉  | 158/199 [00:00<00:00, 4911.22it/s, Materializing param=encoder.layer.9.attention.self.value.bias]
11073.0s 3015 Loading weights:  80%|███████▉  | 159/199 [00:00<00:00, 4928.82it/s, Materializing param=encoder.layer.9.attention.self.value.weight]
11073.0s 3016 Loading weights:  80%|███████▉  | 159/199 [00:00<00:00, 4921.18it/s, Materializing param=encoder.layer.9.attention.self.value.weight]
11073.0s 3017 Loading weights:  80%|████████  | 160/199 [00:00<00:00, 4938.65it/s, Materializing param=encoder.layer.9.intermediate.dense.bias]
11073.0s 3018 Loading weights:  80%|████████  | 160/199 [00:00<00:00, 4931.18it/s, Materializing param=encoder.layer.9.intermediate.dense.bias]
11073.0s 3019 Loading weights:  81%|████████  | 161/199 [00:00<00:00, 4947.53it/s, Materializing param=encoder.layer.9.intermediate.dense.weight]
11073.0s 3020 Loading weights:  81%|████████  | 161/199 [00:00<00:00, 4940.11it/s, Materializing param=encoder.layer.9.intermediate.dense.weight]
11073.0s 3021 Loading weights:  81%|████████▏ | 162/199 [00:00<00:00, 4955.49it/s, Materializing param=encoder.layer.9.output.LayerNorm.bias]
11073.0s 3022 Loading weights:  81%|████████▏ | 162/199 [00:00<00:00, 4947.70it/s, Materializing param=encoder.layer.9.output.LayerNorm.bias]
11073.0s 3023 Loading weights:  82%|████████▏ | 163/199 [00:00<00:00, 4964.50it/s, Materializing param=encoder.layer.9.output.LayerNorm.weight]
11073.0s 3024 Loading weights:  82%|████████▏ | 163/199 [00:00<00:00, 4956.19it/s, Materializing param=encoder.layer.9.output.LayerNorm.weight]
11073.0s 3025 Loading weights:  82%|████████▏ | 164/199 [00:00<00:00, 4973.47it/s, Materializing param=encoder.layer.9.output.dense.bias]
11073.0s 3026 Loading weights:  82%|████████▏ | 164/199 [00:00<00:00, 4966.18it/s, Materializing param=encoder.layer.9.output.dense.bias]
11073.0s 3027 Loading weights:  83%|████████▎ | 165/199 [00:00<00:00, 4983.65it/s, Materializing param=encoder.layer.9.output.dense.weight]
11073.0s 3028 Loading weights:  83%|████████▎ | 165/199 [00:00<00:00, 4976.45it/s, Materializing param=encoder.layer.9.output.dense.weight]
11073.0s 3029 Loading weights:  83%|████████▎ | 166/199 [00:00<00:00, 4993.79it/s, Materializing param=encoder.layer.10.attention.output.LayerNorm.bias]
11073.0s 3030 Loading weights:  83%|████████▎ | 166/199 [00:00<00:00, 4986.21it/s, Materializing param=encoder.layer.10.attention.output.LayerNorm.bias]
11073.0s 3031 Loading weights:  84%|████████▍ | 167/199 [00:00<00:00, 5002.78it/s, Materializing param=encoder.layer.10.attention.output.LayerNorm.weight]
11073.0s 3032 Loading weights:  84%|████████▍ | 167/199 [00:00<00:00, 4995.21it/s, Materializing param=encoder.layer.10.attention.output.LayerNorm.weight]
11073.0s 3033 Loading weights:  84%|████████▍ | 168/199 [00:00<00:00, 5010.80it/s, Materializing param=encoder.layer.10.attention.output.dense.bias]
11073.0s 3034 Loading weights:  84%|████████▍ | 168/199 [00:00<00:00, 5003.39it/s, Materializing param=encoder.layer.10.attention.output.dense.bias]
11073.0s 3035 Loading weights:  85%|████████▍ | 169/199 [00:00<00:00, 5020.24it/s, Materializing param=encoder.layer.10.attention.output.dense.weight]
11073.0s 3036 Loading weights:  85%|████████▍ | 169/199 [00:00<00:00, 5010.87it/s, Materializing param=encoder.layer.10.attention.output.dense.weight]
11073.0s 3037 Loading weights:  85%|████████▌ | 170/199 [00:00<00:00, 5026.91it/s, Materializing param=encoder.layer.10.attention.self.key.bias]
11073.0s 3038 Loading weights:  85%|████████▌ | 170/199 [00:00<00:00, 5019.58it/s, Materializing param=encoder.layer.10.attention.self.key.bias]
11073.0s 3039 Loading weights:  86%|████████▌ | 171/199 [00:00<00:00, 5036.42it/s, Materializing param=encoder.layer.10.attention.self.key.weight]
11073.0s 3040 Loading weights:  86%|████████▌ | 171/199 [00:00<00:00, 5029.21it/s, Materializing param=encoder.layer.10.attention.self.key.weight]
11073.0s 3041 Loading weights:  86%|████████▋ | 172/199 [00:00<00:00, 5045.89it/s, Materializing param=encoder.layer.10.attention.self.query.bias]
11073.0s 3042 Loading weights:  86%|████████▋ | 172/199 [00:00<00:00, 5038.66it/s, Materializing param=encoder.layer.10.attention.self.query.bias]
11073.0s 3043 Loading weights:  87%|████████▋ | 173/199 [00:00<00:00, 5054.93it/s, Materializing param=encoder.layer.10.attention.self.query.weight]
11073.0s 3044 Loading weights:  87%|████████▋ | 173/199 [00:00<00:00, 5047.61it/s, Materializing param=encoder.layer.10.attention.self.query.weight]
11073.0s 3045 Loading weights:  87%|████████▋ | 174/199 [00:00<00:00, 5063.86it/s, Materializing param=encoder.layer.10.attention.self.value.bias]
11073.0s 3046 Loading weights:  87%|████████▋ | 174/199 [00:00<00:00, 5056.60it/s, Materializing param=encoder.layer.10.attention.self.value.bias]
11073.0s 3047 Loading weights:  88%|████████▊ | 175/199 [00:00<00:00, 5071.43it/s, Materializing param=encoder.layer.10.attention.self.value.weight]
11073.0s 3048 Loading weights:  88%|████████▊ | 175/199 [00:00<00:00, 5063.94it/s, Materializing param=encoder.layer.10.attention.self.value.weight]
11073.0s 3049 Loading weights:  88%|████████▊ | 176/199 [00:00<00:00, 5079.91it/s, Materializing param=encoder.layer.10.intermediate.dense.bias]
11073.0s 3050 Loading weights:  88%|████████▊ | 176/199 [00:00<00:00, 5070.98it/s, Materializing param=encoder.layer.10.intermediate.dense.bias]
11073.0s 3051 Loading weights:  89%|████████▉ | 177/199 [00:00<00:00, 5086.65it/s, Materializing param=encoder.layer.10.intermediate.dense.weight]
11073.0s 3052 Loading weights:  89%|████████▉ | 177/199 [00:00<00:00, 5079.45it/s, Materializing param=encoder.layer.10.intermediate.dense.weight]
11073.0s 3053 Loading weights:  89%|████████▉ | 178/199 [00:00<00:00, 5095.63it/s, Materializing param=encoder.layer.10.output.LayerNorm.bias]
11073.0s 3054 Loading weights:  89%|████████▉ | 178/199 [00:00<00:00, 5088.51it/s, Materializing param=encoder.layer.10.output.LayerNorm.bias]
11073.0s 3055 Loading weights:  90%|████████▉ | 179/199 [00:00<00:00, 5104.33it/s, Materializing param=encoder.layer.10.output.LayerNorm.weight]
11073.0s 3056 Loading weights:  90%|████████▉ | 179/199 [00:00<00:00, 5097.26it/s, Materializing param=encoder.layer.10.output.LayerNorm.weight]
11073.0s 3057 Loading weights:  90%|█████████ | 180/199 [00:00<00:00, 5113.31it/s, Materializing param=encoder.layer.10.output.dense.bias]
11073.0s 3058 Loading weights:  90%|█████████ | 180/199 [00:00<00:00, 5106.29it/s, Materializing param=encoder.layer.10.output.dense.bias]
11073.0s 3059 Loading weights:  91%|█████████ | 181/199 [00:00<00:00, 5122.53it/s, Materializing param=encoder.layer.10.output.dense.weight]
11073.0s 3060 Loading weights:  91%|█████████ | 181/199 [00:00<00:00, 5115.63it/s, Materializing param=encoder.layer.10.output.dense.weight]
11073.0s 3061 Loading weights:  91%|█████████▏| 182/199 [00:00<00:00, 5130.37it/s, Materializing param=encoder.layer.11.attention.output.LayerNorm.bias]
11073.0s 3062 Loading weights:  91%|█████████▏| 182/199 [00:00<00:00, 5123.04it/s, Materializing param=encoder.layer.11.attention.output.LayerNorm.bias]
11073.0s 3063 Loading weights:  92%|█████████▏| 183/199 [00:00<00:00, 5138.22it/s, Materializing param=encoder.layer.11.attention.output.LayerNorm.weight]
11073.0s 3064 Loading weights:  92%|█████████▏| 183/199 [00:00<00:00, 5130.90it/s, Materializing param=encoder.layer.11.attention.output.LayerNorm.weight]
11073.0s 3065 Loading weights:  92%|█████████▏| 184/199 [00:00<00:00, 5133.58it/s, Materializing param=encoder.layer.11.attention.output.dense.bias]
11073.0s 3066 Loading weights:  92%|█████████▏| 184/199 [00:00<00:00, 5125.91it/s, Materializing param=encoder.layer.11.attention.output.dense.bias]
11073.0s 3067 Loading weights:  93%|█████████▎| 185/199 [00:00<00:00, 5140.18it/s, Materializing param=encoder.layer.11.attention.output.dense.weight]
11073.0s 3068 Loading weights:  93%|█████████▎| 185/199 [00:00<00:00, 5132.84it/s, Materializing param=encoder.layer.11.attention.output.dense.weight]
11073.0s 3069 Loading weights:  93%|█████████▎| 186/199 [00:00<00:00, 5147.44it/s, Materializing param=encoder.layer.11.attention.self.key.bias]
11073.0s 3070 Loading weights:  93%|█████████▎| 186/199 [00:00<00:00, 5140.18it/s, Materializing param=encoder.layer.11.attention.self.key.bias]
11073.0s 3071 Loading weights:  94%|█████████▍| 187/199 [00:00<00:00, 5154.81it/s, Materializing param=encoder.layer.11.attention.self.key.weight]
11073.0s 3072 Loading weights:  94%|█████████▍| 187/199 [00:00<00:00, 5147.80it/s, Materializing param=encoder.layer.11.attention.self.key.weight]
11073.0s 3073 Loading weights:  94%|█████████▍| 188/199 [00:00<00:00, 5160.73it/s, Materializing param=encoder.layer.11.attention.self.query.bias]
11073.0s 3074 Loading weights:  94%|█████████▍| 188/199 [00:00<00:00, 5152.57it/s, Materializing param=encoder.layer.11.attention.self.query.bias]
11073.0s 3075 Loading weights:  95%|█████████▍| 189/199 [00:00<00:00, 5166.88it/s, Materializing param=encoder.layer.11.attention.self.query.weight]
11073.0s 3076 Loading weights:  95%|█████████▍| 189/199 [00:00<00:00, 5159.85it/s, Materializing param=encoder.layer.11.attention.self.query.weight]
11073.0s 3077 Loading weights:  95%|█████████▌| 190/199 [00:00<00:00, 5171.67it/s, Materializing param=encoder.layer.11.attention.self.value.bias]
11073.0s 3078 Loading weights:  95%|█████████▌| 190/199 [00:00<00:00, 5164.09it/s, Materializing param=encoder.layer.11.attention.self.value.bias]
11073.0s 3079 Loading weights:  96%|█████████▌| 191/199 [00:00<00:00, 5175.64it/s, Materializing param=encoder.layer.11.attention.self.value.weight]
11073.0s 3080 Loading weights:  96%|█████████▌| 191/199 [00:00<00:00, 5168.20it/s, Materializing param=encoder.layer.11.attention.self.value.weight]
11073.0s 3081 Loading weights:  96%|█████████▋| 192/199 [00:00<00:00, 5182.19it/s, Materializing param=encoder.layer.11.intermediate.dense.bias]
11073.0s 3082 Loading weights:  96%|█████████▋| 192/199 [00:00<00:00, 5173.76it/s, Materializing param=encoder.layer.11.intermediate.dense.bias]
11073.0s 3083 Loading weights:  97%|█████████▋| 193/199 [00:00<00:00, 5188.64it/s, Materializing param=encoder.layer.11.intermediate.dense.weight]
11073.0s 3084 Loading weights:  97%|█████████▋| 193/199 [00:00<00:00, 5181.83it/s, Materializing param=encoder.layer.11.intermediate.dense.weight]
11073.0s 3085 Loading weights:  97%|█████████▋| 194/199 [00:00<00:00, 5196.67it/s, Materializing param=encoder.layer.11.output.LayerNorm.bias]
11073.0s 3086 Loading weights:  97%|█████████▋| 194/199 [00:00<00:00, 5189.84it/s, Materializing param=encoder.layer.11.output.LayerNorm.bias]
11073.0s 3087 Loading weights:  98%|█████████▊| 195/199 [00:00<00:00, 5203.45it/s, Materializing param=encoder.layer.11.output.LayerNorm.weight]
11073.0s 3088 Loading weights:  98%|█████████▊| 195/199 [00:00<00:00, 5196.54it/s, Materializing param=encoder.layer.11.output.LayerNorm.weight]
11073.0s 3089 Loading weights:  98%|█████████▊| 196/199 [00:00<00:00, 5211.27it/s, Materializing param=encoder.layer.11.output.dense.bias]
11073.0s 3090 Loading weights:  98%|█████████▊| 196/199 [00:00<00:00, 5203.85it/s, Materializing param=encoder.layer.11.output.dense.bias]
11073.0s 3091 Loading weights:  99%|█████████▉| 197/199 [00:00<00:00, 5216.14it/s, Materializing param=encoder.layer.11.output.dense.weight]
11073.0s 3092 Loading weights:  99%|█████████▉| 197/199 [00:00<00:00, 5209.30it/s, Materializing param=encoder.layer.11.output.dense.weight]
11073.0s 3093 Loading weights:  99%|█████████▉| 198/199 [00:00<00:00, 5223.72it/s, Materializing param=pooler.dense.bias]
11073.0s 3094 Loading weights:  99%|█████████▉| 198/199 [00:00<00:00, 5217.29it/s, Materializing param=pooler.dense.bias]
11073.0s 3095 Loading weights: 100%|██████████| 199/199 [00:00<00:00, 5232.59it/s, Materializing param=pooler.dense.weight]
11073.0s 3096 Loading weights: 100%|██████████| 199/199 [00:00<00:00, 5226.24it/s, Materializing param=pooler.dense.weight]
11073.0s 3097 Loading weights: 100%|██████████| 199/199 [00:00<00:00, 5210.71it/s, Materializing param=pooler.dense.weight]
11073.0s 3098 BertModel LOAD REPORT from: google/muril-base-cased
11073.0s 3099 Key                                        | Status     |  |
11073.0s 3100 -------------------------------------------+------------+--+-
11073.0s 3101 cls.predictions.transform.LayerNorm.weight | UNEXPECTED |  |
11073.0s 3102 cls.seq_relationship.bias                  | UNEXPECTED |  |
11073.0s 3103 cls.predictions.transform.dense.weight     | UNEXPECTED |  |
11073.0s 3104 cls.predictions.decoder.bias               | UNEXPECTED |  |
11073.0s 3105 cls.seq_relationship.weight                | UNEXPECTED |  |
11073.0s 3106 cls.predictions.transform.LayerNorm.bias   | UNEXPECTED |  |
11073.0s 3107 bert.embeddings.position_ids               | UNEXPECTED |  |
11073.0s 3108 cls.predictions.bias                       | UNEXPECTED |  |
11073.0s 3109 cls.predictions.transform.dense.bias       | UNEXPECTED |  |
11073.0s 3110 cls.predictions.decoder.weight             | UNEXPECTED |  |
11073.0s 3111 
11073.0s 3112 Notes:
11073.0s 3113 - UNEXPECTED	:can be ignored when loading from different task/architecture; not ok if you expect identical arch.
11222.4s 3114 [s42f2] ep1 359/719 loss 0.2848 val 0.6664 * (0.41s/step)
11367.2s 3115 [s42f2] ep1 718/719 loss 0.4446 val 0.7184 * (0.41s/step)
11379.6s 3116 [s42f2] ep1 719/719 loss 0.5526 val 0.7184 (0.43s/step)
11379.6s 3117 [s42f2] ep1 done 5.1min  best 0.7184
11525.5s 3118 [s42f2] ep2 359/719 loss 0.3522 val 0.7414 * (0.41s/step)
11672.5s 3119 [s42f2] ep2 718/719 loss 0.4752 val 0.7504 * (0.41s/step)
11684.9s 3120 [s42f2] ep2 719/719 loss 0.4451 val 0.7504 (0.42s/step)
11684.9s 3121 [s42f2] ep2 done 5.1min  best 0.7504
11828.7s 3122 [s42f2] ep3 359/719 loss 0.3933 val 0.7517 * (0.40s/step)
11977.8s 3123 [s42f2] ep3 718/719 loss 0.3714 val 0.7654 * (0.41s/step)
11990.3s 3124 [s42f2] ep3 719/719 loss 0.4097 val 0.7654 (0.42s/step)
11990.3s 3125 [s42f2] ep3 done 5.1min  best 0.7654
12136.1s 3126 [s42f2] ep4 359/719 loss 0.4061 val 0.7730 * (0.41s/step)
12283.8s 3127 [s42f2] ep4 718/719 loss 0.5078 val 0.7758 * (0.41s/step)
12296.2s 3128 [s42f2] ep4 719/719 loss 0.4782 val 0.7758 (0.43s/step)
12296.2s 3129 [s42f2] ep4 done 5.1min  best 0.7758
12443.5s 3130 [s42f2] ep5 359/719 loss 0.3316 val 0.7807 * (0.41s/step)
12580.2s 3131 [s42f2] ep5 718/719 loss 0.3508 val 0.7778 (0.40s/step)
12592.6s 3132 [s42f2] ep5 719/719 loss 0.6604 val 0.7778 (0.41s/step)
12592.6s 3133 [s42f2] ep5 done 4.9min  best 0.7807
12739.5s 3134 [s42f2] ep6 359/719 loss 0.6229 val 0.7820 * (0.41s/step)
12878.3s 3135 [s42f2] ep6 718/719 loss 0.3129 val 0.7813 (0.40s/step)
12897.6s 3136 [s42f2] ep6 719/719 loss 0.2745 val 0.7813 (0.42s/step)
12897.6s 3137 [s42f2] ep6 done 5.1min  best 0.7820
12897.6s 3138 [s42f2] best 0.7820  last 0.7813  (selected: last)
12897.6s 3139 ===== seed 42 fold 3/5 =====
12899.0s 3140 
12899.0s 3141 Loading weights:   0%|          | 0/199 [00:00<?, ?it/s]
12899.0s 3142 Loading weights:   1%|          | 1/199 [00:00<00:00, 14463.12it/s, Materializing param=embeddings.LayerNorm.bias]
12899.0s 3143 Loading weights:   1%|          | 1/199 [00:00<00:00, 5203.85it/s, Materializing param=embeddings.LayerNorm.bias]
12899.0s 3144 Loading weights:   1%|          | 2/199 [00:00<00:00, 2489.94it/s, Materializing param=embeddings.LayerNorm.weight]
12899.0s 3145 Loading weights:   1%|          | 2/199 [00:00<00:00, 1721.80it/s, Materializing param=embeddings.LayerNorm.weight]
12899.0s 3146 Loading weights:   2%|▏         | 3/199 [00:00<00:00, 1577.40it/s, Materializing param=embeddings.position_embeddings.weight]
12899.0s 3147 Loading weights:   2%|▏         | 3/199 [00:00<00:00, 1497.61it/s, Materializing param=embeddings.position_embeddings.weight]
12899.0s 3148 Loading weights:   2%|▏         | 4/199 [00:00<00:00, 1651.14it/s, Materializing param=embeddings.token_type_embeddings.weight]
12899.0s 3149 Loading weights:   2%|▏         | 4/199 [00:00<00:00, 1586.35it/s, Materializing param=embeddings.token_type_embeddings.weight]
12899.0s 3150 Loading weights:   3%|▎         | 5/199 [00:00<00:00, 1815.24it/s, Materializing param=embeddings.word_embeddings.weight]
12899.0s 3151 Loading weights:   3%|▎         | 5/199 [00:00<00:00, 1755.23it/s, Materializing param=embeddings.word_embeddings.weight]
12899.0s 3152 Loading weights:   3%|▎         | 6/199 [00:00<00:00, 1794.99it/s, Materializing param=encoder.layer.0.attention.output.LayerNorm.bias]
12899.0s 3153 Loading weights:   3%|▎         | 6/199 [00:00<00:00, 1741.94it/s, Materializing param=encoder.layer.0.attention.output.LayerNorm.bias]
12899.0s 3154 Loading weights:   4%|▎         | 7/199 [00:00<00:00, 993.51it/s, Materializing param=encoder.layer.0.attention.output.LayerNorm.weight]
12899.0s 3155 Loading weights:   4%|▎         | 7/199 [00:00<00:00, 914.73it/s, Materializing param=encoder.layer.0.attention.output.LayerNorm.weight]
12899.0s 3156 Loading weights:   4%|▍         | 8/199 [00:00<00:00, 984.43it/s, Materializing param=encoder.layer.0.attention.output.dense.bias]
12899.0s 3157 Loading weights:   4%|▍         | 8/199 [00:00<00:00, 970.01it/s, Materializing param=encoder.layer.0.attention.output.dense.bias]
12899.0s 3158 Loading weights:   5%|▍         | 9/199 [00:00<00:00, 1062.33it/s, Materializing param=encoder.layer.0.attention.output.dense.weight]
12899.0s 3159 Loading weights:   5%|▍         | 9/199 [00:00<00:00, 1051.88it/s, Materializing param=encoder.layer.0.attention.output.dense.weight]
12899.0s 3160 Loading weights:   5%|▌         | 10/199 [00:00<00:00, 1144.86it/s, Materializing param=encoder.layer.0.attention.self.key.bias]
12899.0s 3161 Loading weights:   5%|▌         | 10/199 [00:00<00:00, 1133.44it/s, Materializing param=encoder.layer.0.attention.self.key.bias]
12899.0s 3162 Loading weights:   6%|▌         | 11/199 [00:00<00:00, 1220.89it/s, Materializing param=encoder.layer.0.attention.self.key.weight]
12899.0s 3163 Loading weights:   6%|▌         | 11/199 [00:00<00:00, 1204.91it/s, Materializing param=encoder.layer.0.attention.self.key.weight]
12899.0s 3164 Loading weights:   6%|▌         | 12/199 [00:00<00:00, 1289.00it/s, Materializing param=encoder.layer.0.attention.self.query.bias]
12899.0s 3165 Loading weights:   6%|▌         | 12/199 [00:00<00:00, 1277.94it/s, Materializing param=encoder.layer.0.attention.self.query.bias]
12899.0s 3166 Loading weights:   7%|▋         | 13/199 [00:00<00:00, 1359.48it/s, Materializing param=encoder.layer.0.attention.self.query.weight]
12899.0s 3167 Loading weights:   7%|▋         | 13/199 [00:00<00:00, 1348.35it/s, Materializing param=encoder.layer.0.attention.self.query.weight]
12899.0s 3168 Loading weights:   7%|▋         | 14/199 [00:00<00:00, 1425.70it/s, Materializing param=encoder.layer.0.attention.self.value.bias]
12899.0s 3169 Loading weights:   7%|▋         | 14/199 [00:00<00:00, 1414.23it/s, Materializing param=encoder.layer.0.attention.self.value.bias]
12899.0s 3170 Loading weights:   8%|▊         | 15/199 [00:00<00:00, 1486.22it/s, Materializing param=encoder.layer.0.attention.self.value.weight]
12899.0s 3171 Loading weights:   8%|▊         | 15/199 [00:00<00:00, 1472.75it/s, Materializing param=encoder.layer.0.attention.self.value.weight]
12899.0s 3172 Loading weights:   8%|▊         | 16/199 [00:00<00:00, 1543.87it/s, Materializing param=encoder.layer.0.intermediate.dense.bias]
12899.0s 3173 Loading weights:   8%|▊         | 16/199 [00:00<00:00, 1532.03it/s, Materializing param=encoder.layer.0.intermediate.dense.bias]
12899.0s 3174 Loading weights:   9%|▊         | 17/199 [00:00<00:00, 1601.74it/s, Materializing param=encoder.layer.0.intermediate.dense.weight]
12899.0s 3175 Loading weights:   9%|▊         | 17/199 [00:00<00:00, 1589.89it/s, Materializing param=encoder.layer.0.intermediate.dense.weight]
12899.0s 3176 Loading weights:   9%|▉         | 18/199 [00:00<00:00, 1656.59it/s, Materializing param=encoder.layer.0.output.LayerNorm.bias]
12899.0s 3177 Loading weights:   9%|▉         | 18/199 [00:00<00:00, 1643.54it/s, Materializing param=encoder.layer.0.output.LayerNorm.bias]
12899.0s 3178 Loading weights:  10%|▉         | 19/199 [00:00<00:00, 1705.37it/s, Materializing param=encoder.layer.0.output.LayerNorm.weight]
12899.0s 3179 Loading weights:  10%|▉         | 19/199 [00:00<00:00, 1692.80it/s, Materializing param=encoder.layer.0.output.LayerNorm.weight]
12899.0s 3180 Loading weights:  10%|█         | 20/199 [00:00<00:00, 1753.73it/s, Materializing param=encoder.layer.0.output.dense.bias]
12899.0s 3181 Loading weights:  10%|█         | 20/199 [00:00<00:00, 1738.64it/s, Materializing param=encoder.layer.0.output.dense.bias]
12899.0s 3182 Loading weights:  11%|█         | 21/199 [00:00<00:00, 1797.27it/s, Materializing param=encoder.layer.0.output.dense.weight]
12899.0s 3183 Loading weights:  11%|█         | 21/199 [00:00<00:00, 1785.14it/s, Materializing param=encoder.layer.0.output.dense.weight]
12899.0s 3184 Loading weights:  11%|█         | 22/199 [00:00<00:00, 1839.02it/s, Materializing param=encoder.layer.1.attention.output.LayerNorm.bias]
12899.0s 3185 Loading weights:  11%|█         | 22/199 [00:00<00:00, 1825.74it/s, Materializing param=encoder.layer.1.attention.output.LayerNorm.bias]
12899.0s 3186 Loading weights:  12%|█▏        | 23/199 [00:00<00:00, 1877.01it/s, Materializing param=encoder.layer.1.attention.output.LayerNorm.weight]
12899.0s 3187 Loading weights:  12%|█▏        | 23/199 [00:00<00:00, 1863.77it/s, Materializing param=encoder.layer.1.attention.output.LayerNorm.weight]
12899.0s 3188 Loading weights:  12%|█▏        | 24/199 [00:00<00:00, 1916.34it/s, Materializing param=encoder.layer.1.attention.output.dense.bias]
12899.0s 3189 Loading weights:  12%|█▏        | 24/199 [00:00<00:00, 1903.47it/s, Materializing param=encoder.layer.1.attention.output.dense.bias]
12899.0s 3190 Loading weights:  13%|█▎        | 25/199 [00:00<00:00, 1953.38it/s, Materializing param=encoder.layer.1.attention.output.dense.weight]
12899.0s 3191 Loading weights:  13%|█▎        | 25/199 [00:00<00:00, 1940.23it/s, Materializing param=encoder.layer.1.attention.output.dense.weight]
12899.0s 3192 Loading weights:  13%|█▎        | 26/199 [00:00<00:00, 1985.94it/s, Materializing param=encoder.layer.1.attention.self.key.bias]
12899.0s 3193 Loading weights:  13%|█▎        | 26/199 [00:00<00:00, 1971.76it/s, Materializing param=encoder.layer.1.attention.self.key.bias]
12899.0s 3194 Loading weights:  14%|█▎        | 27/199 [00:00<00:00, 2020.70it/s, Materializing param=encoder.layer.1.attention.self.key.weight]
12899.0s 3195 Loading weights:  14%|█▎        | 27/199 [00:00<00:00, 2008.66it/s, Materializing param=encoder.layer.1.attention.self.key.weight]
12899.0s 3196 Loading weights:  14%|█▍        | 28/199 [00:00<00:00, 2056.68it/s, Materializing param=encoder.layer.1.attention.self.query.bias]
12899.0s 3197 Loading weights:  14%|█▍        | 28/199 [00:00<00:00, 2044.72it/s, Materializing param=encoder.layer.1.attention.self.query.bias]
12899.0s 3198 Loading weights:  15%|█▍        | 29/199 [00:00<00:00, 2088.12it/s, Materializing param=encoder.layer.1.attention.self.query.weight]
12899.0s 3199 Loading weights:  15%|█▍        | 29/199 [00:00<00:00, 2073.20it/s, Materializing param=encoder.layer.1.attention.self.query.weight]
12899.0s 3200 Loading weights:  15%|█▌        | 30/199 [00:00<00:00, 2114.28it/s, Materializing param=encoder.layer.1.attention.self.value.bias]
12899.0s 3201 Loading weights:  15%|█▌        | 30/199 [00:00<00:00, 2101.50it/s, Materializing param=encoder.layer.1.attention.self.value.bias]
12899.0s 3202 Loading weights:  16%|█▌        | 31/199 [00:00<00:00, 2145.21it/s, Materializing param=encoder.layer.1.attention.self.value.weight]
12899.0s 3203 Loading weights:  16%|█▌        | 31/199 [00:00<00:00, 2133.11it/s, Materializing param=encoder.layer.1.attention.self.value.weight]
12899.0s 3204 Loading weights:  16%|█▌        | 32/199 [00:00<00:00, 2175.72it/s, Materializing param=encoder.layer.1.intermediate.dense.bias]
12899.0s 3205 Loading weights:  16%|█▌        | 32/199 [00:00<00:00, 2162.67it/s, Materializing param=encoder.layer.1.intermediate.dense.bias]
12899.0s 3206 Loading weights:  17%|█▋        | 33/199 [00:00<00:00, 2203.56it/s, Materializing param=encoder.layer.1.intermediate.dense.weight]
12899.0s 3207 Loading weights:  17%|█▋        | 33/199 [00:00<00:00, 2188.33it/s, Materializing param=encoder.layer.1.intermediate.dense.weight]
12899.0s 3208 Loading weights:  17%|█▋        | 34/199 [00:00<00:00, 2221.14it/s, Materializing param=encoder.layer.1.output.LayerNorm.bias]
12899.0s 3209 Loading weights:  17%|█▋        | 34/199 [00:00<00:00, 2208.62it/s, Materializing param=encoder.layer.1.output.LayerNorm.bias]
12899.0s 3210 Loading weights:  18%|█▊        | 35/199 [00:00<00:00, 2246.86it/s, Materializing param=encoder.layer.1.output.LayerNorm.weight]
12899.0s 3211 Loading weights:  18%|█▊        | 35/199 [00:00<00:00, 2234.20it/s, Materializing param=encoder.layer.1.output.LayerNorm.weight]
12899.0s 3212 Loading weights:  18%|█▊        | 36/199 [00:00<00:00, 2270.94it/s, Materializing param=encoder.layer.1.output.dense.bias]
12899.0s 3213 Loading weights:  18%|█▊        | 36/199 [00:00<00:00, 2258.61it/s, Materializing param=encoder.layer.1.output.dense.bias]
12899.0s 3214 Loading weights:  19%|█▊        | 37/199 [00:00<00:00, 2292.54it/s, Materializing param=encoder.layer.1.output.dense.weight]
12899.0s 3215 Loading weights:  19%|█▊        | 37/199 [00:00<00:00, 2280.12it/s, Materializing param=encoder.layer.1.output.dense.weight]
12899.0s 3216 Loading weights:  19%|█▉        | 38/199 [00:00<00:00, 2315.01it/s, Materializing param=encoder.layer.2.attention.output.LayerNorm.bias]
12899.0s 3217 Loading weights:  19%|█▉        | 38/199 [00:00<00:00, 2303.43it/s, Materializing param=encoder.layer.2.attention.output.LayerNorm.bias]
12899.0s 3218 Loading weights:  20%|█▉        | 39/199 [00:00<00:00, 2339.13it/s, Materializing param=encoder.layer.2.attention.output.LayerNorm.weight]
12899.0s 3219 Loading weights:  20%|█▉        | 39/199 [00:00<00:00, 2327.55it/s, Materializing param=encoder.layer.2.attention.output.LayerNorm.weight]
12899.0s 3220 Loading weights:  20%|██        | 40/199 [00:00<00:00, 2360.56it/s, Materializing param=encoder.layer.2.attention.output.dense.bias]
12899.0s 3221 Loading weights:  20%|██        | 40/199 [00:00<00:00, 2348.20it/s, Materializing param=encoder.layer.2.attention.output.dense.bias]
12899.0s 3222 Loading weights:  21%|██        | 41/199 [00:00<00:00, 2377.76it/s, Materializing param=encoder.layer.2.attention.output.dense.weight]
12899.0s 3223 Loading weights:  21%|██        | 41/199 [00:00<00:00, 2365.78it/s, Materializing param=encoder.layer.2.attention.output.dense.weight]
12899.0s 3224 Loading weights:  21%|██        | 42/199 [00:00<00:00, 2398.61it/s, Materializing param=encoder.layer.2.attention.self.key.bias]
12899.0s 3225 Loading weights:  21%|██        | 42/199 [00:00<00:00, 2387.03it/s, Materializing param=encoder.layer.2.attention.self.key.bias]
12899.0s 3226 Loading weights:  22%|██▏       | 43/199 [00:00<00:00, 2419.64it/s, Materializing param=encoder.layer.2.attention.self.key.weight]
12899.0s 3227 Loading weights:  22%|██▏       | 43/199 [00:00<00:00, 2407.49it/s, Materializing param=encoder.layer.2.attention.self.key.weight]
12899.0s 3228 Loading weights:  22%|██▏       | 44/199 [00:00<00:00, 2434.21it/s, Materializing param=encoder.layer.2.attention.self.query.bias]
12899.0s 3229 Loading weights:  22%|██▏       | 44/199 [00:00<00:00, 2419.81it/s, Materializing param=encoder.layer.2.attention.self.query.bias]
12899.0s 3230 Loading weights:  23%|██▎       | 45/199 [00:00<00:00, 2449.88it/s, Materializing param=encoder.layer.2.attention.self.query.weight]
12899.0s 3231 Loading weights:  23%|██▎       | 45/199 [00:00<00:00, 2438.55it/s, Materializing param=encoder.layer.2.attention.self.query.weight]
12899.0s 3232 Loading weights:  23%|██▎       | 46/199 [00:00<00:00, 2469.10it/s, Materializing param=encoder.layer.2.attention.self.value.bias]
12899.0s 3233 Loading weights:  23%|██▎       | 46/199 [00:00<00:00, 2458.03it/s, Materializing param=encoder.layer.2.attention.self.value.bias]
12899.0s 3234 Loading weights:  24%|██▎       | 47/199 [00:00<00:00, 2487.07it/s, Materializing param=encoder.layer.2.attention.self.value.weight]
12899.0s 3235 Loading weights:  24%|██▎       | 47/199 [00:00<00:00, 2476.13it/s, Materializing param=encoder.layer.2.attention.self.value.weight]
12899.0s 3236 Loading weights:  24%|██▍       | 48/199 [00:00<00:00, 2502.29it/s, Materializing param=encoder.layer.2.intermediate.dense.bias]
12899.0s 3237 Loading weights:  24%|██▍       | 48/199 [00:00<00:00, 2488.00it/s, Materializing param=encoder.layer.2.intermediate.dense.bias]
12899.0s 3238 Loading weights:  25%|██▍       | 49/199 [00:00<00:00, 2515.43it/s, Materializing param=encoder.layer.2.intermediate.dense.weight]
12899.0s 3239 Loading weights:  25%|██▍       | 49/199 [00:00<00:00, 2504.18it/s, Materializing param=encoder.layer.2.intermediate.dense.weight]
12899.0s 3240 Loading weights:  25%|██▌       | 50/199 [00:00<00:00, 2531.39it/s, Materializing param=encoder.layer.2.output.LayerNorm.bias]
12899.0s 3241 Loading weights:  25%|██▌       | 50/199 [00:00<00:00, 2519.37it/s, Materializing param=encoder.layer.2.output.LayerNorm.bias]
12899.0s 3242 Loading weights:  26%|██▌       | 51/199 [00:00<00:00, 2539.41it/s, Materializing param=encoder.layer.2.output.LayerNorm.weight]
12899.0s 3243 Loading weights:  26%|██▌       | 51/199 [00:00<00:00, 2525.65it/s, Materializing param=encoder.layer.2.output.LayerNorm.weight]
12899.0s 3244 Loading weights:  26%|██▌       | 52/199 [00:00<00:00, 2550.71it/s, Materializing param=encoder.layer.2.output.dense.bias]
12899.0s 3245 Loading weights:  26%|██▌       | 52/199 [00:00<00:00, 2540.20it/s, Materializing param=encoder.layer.2.output.dense.bias]
12899.0s 3246 Loading weights:  27%|██▋       | 53/199 [00:00<00:00, 2567.22it/s, Materializing param=encoder.layer.2.output.dense.weight]
12899.0s 3247 Loading weights:  27%|██▋       | 53/199 [00:00<00:00, 2557.24it/s, Materializing param=encoder.layer.2.output.dense.weight]
12899.0s 3248 Loading weights:  27%|██▋       | 54/199 [00:00<00:00, 2583.41it/s, Materializing param=encoder.layer.3.attention.output.LayerNorm.bias]
12899.0s 3249 Loading weights:  27%|██▋       | 54/199 [00:00<00:00, 2573.02it/s, Materializing param=encoder.layer.3.attention.output.LayerNorm.bias]
12899.0s 3250 Loading weights:  28%|██▊       | 55/199 [00:00<00:00, 2596.19it/s, Materializing param=encoder.layer.3.attention.output.LayerNorm.weight]
12899.0s 3251 Loading weights:  28%|██▊       | 55/199 [00:00<00:00, 2585.59it/s, Materializing param=encoder.layer.3.attention.output.LayerNorm.weight]
12899.0s 3252 Loading weights:  28%|██▊       | 56/199 [00:00<00:00, 2610.89it/s, Materializing param=encoder.layer.3.attention.output.dense.bias]
12899.0s 3253 Loading weights:  28%|██▊       | 56/199 [00:00<00:00, 2600.83it/s, Materializing param=encoder.layer.3.attention.output.dense.bias]
12899.0s 3254 Loading weights:  29%|██▊       | 57/199 [00:00<00:00, 2626.16it/s, Materializing param=encoder.layer.3.attention.output.dense.weight]
12899.0s 3255 Loading weights:  29%|██▊       | 57/199 [00:00<00:00, 2616.48it/s, Materializing param=encoder.layer.3.attention.output.dense.weight]
12899.0s 3256 Loading weights:  29%|██▉       | 58/199 [00:00<00:00, 2639.73it/s, Materializing param=encoder.layer.3.attention.self.key.bias]
12899.0s 3257 Loading weights:  29%|██▉       | 58/199 [00:00<00:00, 2627.27it/s, Materializing param=encoder.layer.3.attention.self.key.bias]
12899.0s 3258 Loading weights:  30%|██▉       | 59/199 [00:00<00:00, 2650.73it/s, Materializing param=encoder.layer.3.attention.self.key.weight]
12899.0s 3259 Loading weights:  30%|██▉       | 59/199 [00:00<00:00, 2640.88it/s, Materializing param=encoder.layer.3.attention.self.key.weight]
12899.0s 3260 Loading weights:  30%|███       | 60/199 [00:00<00:00, 2664.83it/s, Materializing param=encoder.layer.3.attention.self.query.bias]
12899.0s 3261 Loading weights:  30%|███       | 60/199 [00:00<00:00, 2655.30it/s, Materializing param=encoder.layer.3.attention.self.query.bias]
12899.0s 3262 Loading weights:  31%|███       | 61/199 [00:00<00:00, 2679.03it/s, Materializing param=encoder.layer.3.attention.self.query.weight]
12899.0s 3263 Loading weights:  31%|███       | 61/199 [00:00<00:00, 2668.69it/s, Materializing param=encoder.layer.3.attention.self.query.weight]
12899.0s 3264 Loading weights:  31%|███       | 62/199 [00:00<00:00, 2691.88it/s, Materializing param=encoder.layer.3.attention.self.value.bias]
12899.0s 3265 Loading weights:  31%|███       | 62/199 [00:00<00:00, 2675.10it/s, Materializing param=encoder.layer.3.attention.self.value.bias]
12899.0s 3266 Loading weights:  32%|███▏      | 63/199 [00:00<00:00, 2697.05it/s, Materializing param=encoder.layer.3.attention.self.value.weight]
12899.0s 3267 Loading weights:  32%|███▏      | 63/199 [00:00<00:00, 2687.37it/s, Materializing param=encoder.layer.3.attention.self.value.weight]
12899.0s 3268 Loading weights:  32%|███▏      | 64/199 [00:00<00:00, 2709.80it/s, Materializing param=encoder.layer.3.intermediate.dense.bias]
12899.0s 3269 Loading weights:  32%|███▏      | 64/199 [00:00<00:00, 2700.34it/s, Materializing param=encoder.layer.3.intermediate.dense.bias]
12899.0s 3270 Loading weights:  33%|███▎      | 65/199 [00:00<00:00, 2716.00it/s, Materializing param=encoder.layer.3.intermediate.dense.weight]
12899.0s 3271 Loading weights:  33%|███▎      | 65/199 [00:00<00:00, 2706.65it/s, Materializing param=encoder.layer.3.intermediate.dense.weight]
12899.0s 3272 Loading weights:  33%|███▎      | 66/199 [00:00<00:00, 2726.01it/s, Materializing param=encoder.layer.3.output.LayerNorm.bias]
12899.0s 3273 Loading weights:  33%|███▎      | 66/199 [00:00<00:00, 2716.49it/s, Materializing param=encoder.layer.3.output.LayerNorm.bias]
12899.0s 3274 Loading weights:  34%|███▎      | 67/199 [00:00<00:00, 2737.66it/s, Materializing param=encoder.layer.3.output.LayerNorm.weight]
12899.0s 3275 Loading weights:  34%|███▎      | 67/199 [00:00<00:00, 2728.52it/s, Materializing param=encoder.layer.3.output.LayerNorm.weight]
12899.0s 3276 Loading weights:  34%|███▍      | 68/199 [00:00<00:00, 2749.49it/s, Materializing param=encoder.layer.3.output.dense.bias]
12899.0s 3277 Loading weights:  34%|███▍      | 68/199 [00:00<00:00, 2740.08it/s, Materializing param=encoder.layer.3.output.dense.bias]
12899.0s 3278 Loading weights:  35%|███▍      | 69/199 [00:00<00:00, 2761.20it/s, Materializing param=encoder.layer.3.output.dense.weight]
12899.0s 3279 Loading weights:  35%|███▍      | 69/199 [00:00<00:00, 2750.26it/s, Materializing param=encoder.layer.3.output.dense.weight]
12899.0s 3280 Loading weights:  35%|███▌      | 70/199 [00:00<00:00, 2770.79it/s, Materializing param=encoder.layer.4.attention.output.LayerNorm.bias]
12899.0s 3281 Loading weights:  35%|███▌      | 70/199 [00:00<00:00, 2761.75it/s, Materializing param=encoder.layer.4.attention.output.LayerNorm.bias]
12899.0s 3282 Loading weights:  36%|███▌      | 71/199 [00:00<00:00, 2781.89it/s, Materializing param=encoder.layer.4.attention.output.LayerNorm.weight]
12899.0s 3283 Loading weights:  36%|███▌      | 71/199 [00:00<00:00, 2772.72it/s, Materializing param=encoder.layer.4.attention.output.LayerNorm.weight]
12899.0s 3284 Loading weights:  36%|███▌      | 72/199 [00:00<00:00, 2792.43it/s, Materializing param=encoder.layer.4.attention.output.dense.bias]
12899.0s 3285 Loading weights:  36%|███▌      | 72/199 [00:00<00:00, 2782.80it/s, Materializing param=encoder.layer.4.attention.output.dense.bias]
12899.0s 3286 Loading weights:  37%|███▋      | 73/199 [00:00<00:00, 2798.55it/s, Materializing param=encoder.layer.4.attention.output.dense.weight]
12899.0s 3287 Loading weights:  37%|███▋      | 73/199 [00:00<00:00, 2787.72it/s, Materializing param=encoder.layer.4.attention.output.dense.weight]
12899.0s 3288 Loading weights:  37%|███▋      | 74/199 [00:00<00:00, 2806.67it/s, Materializing param=encoder.layer.4.attention.self.key.bias]
12899.0s 3289 Loading weights:  37%|███▋      | 74/199 [00:00<00:00, 2797.82it/s, Materializing param=encoder.layer.4.attention.self.key.bias]
12899.0s 3290 Loading weights:  38%|███▊      | 75/199 [00:00<00:00, 2816.94it/s, Materializing param=encoder.layer.4.attention.self.key.weight]
12899.0s 3291 Loading weights:  38%|███▊      | 75/199 [00:00<00:00, 2808.28it/s, Materializing param=encoder.layer.4.attention.self.key.weight]
12899.0s 3292 Loading weights:  38%|███▊      | 76/199 [00:00<00:00, 2826.65it/s, Materializing param=encoder.layer.4.attention.self.query.bias]
12899.0s 3293 Loading weights:  38%|███▊      | 76/199 [00:00<00:00, 2817.76it/s, Materializing param=encoder.layer.4.attention.self.query.bias]
12899.0s 3294 Loading weights:  39%|███▊      | 77/199 [00:00<00:00, 2834.66it/s, Materializing param=encoder.layer.4.attention.self.query.weight]
12899.0s 3295 Loading weights:  39%|███▊      | 77/199 [00:00<00:00, 2825.81it/s, Materializing param=encoder.layer.4.attention.self.query.weight]
12899.0s 3296 Loading weights:  39%|███▉      | 78/199 [00:00<00:00, 2844.16it/s, Materializing param=encoder.layer.4.attention.self.value.bias]
12899.0s 3297 Loading weights:  39%|███▉      | 78/199 [00:00<00:00, 2835.63it/s, Materializing param=encoder.layer.4.attention.self.value.bias]
12899.0s 3298 Loading weights:  40%|███▉      | 79/199 [00:00<00:00, 2854.13it/s, Materializing param=encoder.layer.4.attention.self.value.weight]
12899.0s 3299 Loading weights:  40%|███▉      | 79/199 [00:00<00:00, 2845.67it/s, Materializing param=encoder.layer.4.attention.self.value.weight]
12899.0s 3300 Loading weights:  40%|████      | 80/199 [00:00<00:00, 2859.20it/s, Materializing param=encoder.layer.4.intermediate.dense.bias]
12899.0s 3301 Loading weights:  40%|████      | 80/199 [00:00<00:00, 2844.63it/s, Materializing param=encoder.layer.4.intermediate.dense.bias]
12899.0s 3302 Loading weights:  41%|████      | 81/199 [00:00<00:00, 2859.82it/s, Materializing param=encoder.layer.4.intermediate.dense.weight]
12899.0s 3303 Loading weights:  41%|████      | 81/199 [00:00<00:00, 2850.75it/s, Materializing param=encoder.layer.4.intermediate.dense.weight]
12899.0s 3304 Loading weights:  41%|████      | 82/199 [00:00<00:00, 2867.23it/s, Materializing param=encoder.layer.4.output.LayerNorm.bias]
12899.0s 3305 Loading weights:  41%|████      | 82/199 [00:00<00:00, 2858.44it/s, Materializing param=encoder.layer.4.output.LayerNorm.bias]
12899.0s 3306 Loading weights:  42%|████▏     | 83/199 [00:00<00:00, 2874.40it/s, Materializing param=encoder.layer.4.output.LayerNorm.weight]
12899.0s 3307 Loading weights:  42%|████▏     | 83/199 [00:00<00:00, 2865.72it/s, Materializing param=encoder.layer.4.output.LayerNorm.weight]
12899.0s 3308 Loading weights:  42%|████▏     | 84/199 [00:00<00:00, 2879.46it/s, Materializing param=encoder.layer.4.output.dense.bias]
12899.0s 3309 Loading weights:  42%|████▏     | 84/199 [00:00<00:00, 2871.03it/s, Materializing param=encoder.layer.4.output.dense.bias]
12899.0s 3310 Loading weights:  43%|████▎     | 85/199 [00:00<00:00, 2888.17it/s, Materializing param=encoder.layer.4.output.dense.weight]
12899.0s 3311 Loading weights:  43%|████▎     | 85/199 [00:00<00:00, 2880.07it/s, Materializing param=encoder.layer.4.output.dense.weight]
12899.0s 3312 Loading weights:  43%|████▎     | 86/199 [00:00<00:00, 2897.25it/s, Materializing param=encoder.layer.5.attention.output.LayerNorm.bias]
12899.0s 3313 Loading weights:  43%|████▎     | 86/199 [00:00<00:00, 2889.15it/s, Materializing param=encoder.layer.5.attention.output.LayerNorm.bias]
12899.0s 3314 Loading weights:  44%|████▎     | 87/199 [00:00<00:00, 2903.97it/s, Materializing param=encoder.layer.5.attention.output.LayerNorm.weight]
12899.0s 3315 Loading weights:  44%|████▎     | 87/199 [00:00<00:00, 2895.88it/s, Materializing param=encoder.layer.5.attention.output.LayerNorm.weight]
12899.0s 3316 Loading weights:  44%|████▍     | 88/199 [00:00<00:00, 2910.05it/s, Materializing param=encoder.layer.5.attention.output.dense.bias]
12899.0s 3317 Loading weights:  44%|████▍     | 88/199 [00:00<00:00, 2901.86it/s, Materializing param=encoder.layer.5.attention.output.dense.bias]
12899.0s 3318 Loading weights:  45%|████▍     | 89/199 [00:00<00:00, 2917.63it/s, Materializing param=encoder.layer.5.attention.output.dense.weight]
12899.0s 3319 Loading weights:  45%|████▍     | 89/199 [00:00<00:00, 2909.62it/s, Materializing param=encoder.layer.5.attention.output.dense.weight]
12899.0s 3320 Loading weights:  45%|████▌     | 90/199 [00:00<00:00, 2925.42it/s, Materializing param=encoder.layer.5.attention.self.key.bias]
12899.0s 3321 Loading weights:  45%|████▌     | 90/199 [00:00<00:00, 2916.97it/s, Materializing param=encoder.layer.5.attention.self.key.bias]
12899.0s 3322 Loading weights:  46%|████▌     | 91/199 [00:00<00:00, 2932.65it/s, Materializing param=encoder.layer.5.attention.self.key.weight]
12899.0s 3323 Loading weights:  46%|████▌     | 91/199 [00:00<00:00, 2919.04it/s, Materializing param=encoder.layer.5.attention.self.key.weight]
12899.0s 3324 Loading weights:  46%|████▌     | 92/199 [00:00<00:00, 2933.93it/s, Materializing param=encoder.layer.5.attention.self.query.bias]
12899.0s 3325 Loading weights:  46%|████▌     | 92/199 [00:00<00:00, 2925.52it/s, Materializing param=encoder.layer.5.attention.self.query.bias]
12899.0s 3326 Loading weights:  47%|████▋     | 93/199 [00:00<00:00, 2940.93it/s, Materializing param=encoder.layer.5.attention.self.query.weight]
12899.0s 3327 Loading weights:  47%|████▋     | 93/199 [00:00<00:00, 2933.17it/s, Materializing param=encoder.layer.5.attention.self.query.weight]
12899.0s 3328 Loading weights:  47%|████▋     | 94/199 [00:00<00:00, 2947.40it/s, Materializing param=encoder.layer.5.attention.self.value.bias]
12899.0s 3329 Loading weights:  47%|████▋     | 94/199 [00:00<00:00, 2939.73it/s, Materializing param=encoder.layer.5.attention.self.value.bias]
12899.0s 3330 Loading weights:  48%|████▊     | 95/199 [00:00<00:00, 2953.34it/s, Materializing param=encoder.layer.5.attention.self.value.weight]
12899.0s 3331 Loading weights:  48%|████▊     | 95/199 [00:00<00:00, 2945.44it/s, Materializing param=encoder.layer.5.attention.self.value.weight]
12899.0s 3332 Loading weights:  48%|████▊     | 96/199 [00:00<00:00, 2959.92it/s, Materializing param=encoder.layer.5.intermediate.dense.bias]
12899.0s 3333 Loading weights:  48%|████▊     | 96/199 [00:00<00:00, 2952.48it/s, Materializing param=encoder.layer.5.intermediate.dense.bias]
12899.0s 3334 Loading weights:  49%|████▊     | 97/199 [00:00<00:00, 2966.87it/s, Materializing param=encoder.layer.5.intermediate.dense.weight]
12899.0s 3335 Loading weights:  49%|████▊     | 97/199 [00:00<00:00, 2959.47it/s, Materializing param=encoder.layer.5.intermediate.dense.weight]
12899.0s 3336 Loading weights:  49%|████▉     | 98/199 [00:00<00:00, 2972.75it/s, Materializing param=encoder.layer.5.output.LayerNorm.bias]
12899.0s 3337 Loading weights:  49%|████▉     | 98/199 [00:00<00:00, 2965.31it/s, Materializing param=encoder.layer.5.output.LayerNorm.bias]
12899.0s 3338 Loading weights:  50%|████▉     | 99/199 [00:00<00:00, 2978.12it/s, Materializing param=encoder.layer.5.output.LayerNorm.weight]
12899.0s 3339 Loading weights:  50%|████▉     | 99/199 [00:00<00:00, 2969.90it/s, Materializing param=encoder.layer.5.output.LayerNorm.weight]
12899.0s 3340 Loading weights:  50%|█████     | 100/199 [00:00<00:00, 2984.27it/s, Materializing param=encoder.layer.5.output.dense.bias]
12899.0s 3341 Loading weights:  50%|█████     | 100/199 [00:00<00:00, 2976.90it/s, Materializing param=encoder.layer.5.output.dense.bias]
12899.0s 3342 Loading weights:  51%|█████     | 101/199 [00:00<00:00, 2991.43it/s, Materializing param=encoder.layer.5.output.dense.weight]
12899.0s 3343 Loading weights:  51%|█████     | 101/199 [00:00<00:00, 2982.68it/s, Materializing param=encoder.layer.5.output.dense.weight]
12899.0s 3344 Loading weights:  51%|█████▏    | 102/199 [00:00<00:00, 2996.81it/s, Materializing param=encoder.layer.6.attention.output.LayerNorm.bias]
12899.0s 3345 Loading weights:  51%|█████▏    | 102/199 [00:00<00:00, 2984.31it/s, Materializing param=encoder.layer.6.attention.output.LayerNorm.bias]
12899.0s 3346 Loading weights:  52%|█████▏    | 103/199 [00:00<00:00, 2997.20it/s, Materializing param=encoder.layer.6.attention.output.LayerNorm.weight]
12899.0s 3347 Loading weights:  52%|█████▏    | 103/199 [00:00<00:00, 2989.86it/s, Materializing param=encoder.layer.6.attention.output.LayerNorm.weight]
12899.0s 3348 Loading weights:  52%|█████▏    | 104/199 [00:00<00:00, 3003.19it/s, Materializing param=encoder.layer.6.attention.output.dense.bias]
12899.0s 3349 Loading weights:  52%|█████▏    | 104/199 [00:00<00:00, 2995.87it/s, Materializing param=encoder.layer.6.attention.output.dense.bias]
12899.0s 3350 Loading weights:  53%|█████▎    | 105/199 [00:00<00:00, 3008.70it/s, Materializing param=encoder.layer.6.attention.output.dense.weight]
12899.0s 3351 Loading weights:  53%|█████▎    | 105/199 [00:00<00:00, 3001.49it/s, Materializing param=encoder.layer.6.attention.output.dense.weight]
12899.0s 3352 Loading weights:  53%|█████▎    | 106/199 [00:00<00:00, 3012.64it/s, Materializing param=encoder.layer.6.attention.self.key.bias]
12899.0s 3353 Loading weights:  53%|█████▎    | 106/199 [00:00<00:00, 3005.23it/s, Materializing param=encoder.layer.6.attention.self.key.bias]
12899.0s 3354 Loading weights:  54%|█████▍    | 107/199 [00:00<00:00, 3018.24it/s, Materializing param=encoder.layer.6.attention.self.key.weight]
12899.0s 3355 Loading weights:  54%|█████▍    | 107/199 [00:00<00:00, 3010.95it/s, Materializing param=encoder.layer.6.attention.self.key.weight]
12899.0s 3356 Loading weights:  54%|█████▍    | 108/199 [00:00<00:00, 3023.81it/s, Materializing param=encoder.layer.6.attention.self.query.bias]
12899.0s 3357 Loading weights:  54%|█████▍    | 108/199 [00:00<00:00, 3016.28it/s, Materializing param=encoder.layer.6.attention.self.query.bias]
12899.0s 3358 Loading weights:  55%|█████▍    | 109/199 [00:00<00:00, 3027.94it/s, Materializing param=encoder.layer.6.attention.self.query.weight]
12899.0s 3359 Loading weights:  55%|█████▍    | 109/199 [00:00<00:00, 3016.67it/s, Materializing param=encoder.layer.6.attention.self.query.weight]
12899.0s 3360 Loading weights:  55%|█████▌    | 110/199 [00:00<00:00, 3028.84it/s, Materializing param=encoder.layer.6.attention.self.value.bias]
12899.0s 3361 Loading weights:  55%|█████▌    | 110/199 [00:00<00:00, 3021.79it/s, Materializing param=encoder.layer.6.attention.self.value.bias]
12899.0s 3362 Loading weights:  56%|█████▌    | 111/199 [00:00<00:00, 3034.28it/s, Materializing param=encoder.layer.6.attention.self.value.weight]
12899.0s 3363 Loading weights:  56%|█████▌    | 111/199 [00:00<00:00, 3027.30it/s, Materializing param=encoder.layer.6.attention.self.value.weight]
12899.0s 3364 Loading weights:  56%|█████▋    | 112/199 [00:00<00:00, 3039.04it/s, Materializing param=encoder.layer.6.intermediate.dense.bias]
12899.0s 3365 Loading weights:  56%|█████▋    | 112/199 [00:00<00:00, 3031.99it/s, Materializing param=encoder.layer.6.intermediate.dense.bias]
12899.0s 3366 Loading weights:  57%|█████▋    | 113/199 [00:00<00:00, 3043.04it/s, Materializing param=encoder.layer.6.intermediate.dense.weight]
12899.0s 3367 Loading weights:  57%|█████▋    | 113/199 [00:00<00:00, 3035.71it/s, Materializing param=encoder.layer.6.intermediate.dense.weight]
12899.0s 3368 Loading weights:  57%|█████▋    | 114/199 [00:00<00:00, 3048.03it/s, Materializing param=encoder.layer.6.output.LayerNorm.bias]
12899.0s 3369 Loading weights:  57%|█████▋    | 114/199 [00:00<00:00, 3041.19it/s, Materializing param=encoder.layer.6.output.LayerNorm.bias]
12899.0s 3370 Loading weights:  58%|█████▊    | 115/199 [00:00<00:00, 3053.63it/s, Materializing param=encoder.layer.6.output.LayerNorm.weight]
12899.0s 3371 Loading weights:  58%|█████▊    | 115/199 [00:00<00:00, 3046.86it/s, Materializing param=encoder.layer.6.output.LayerNorm.weight]
12899.0s 3372 Loading weights:  58%|█████▊    | 116/199 [00:00<00:00, 3056.48it/s, Materializing param=encoder.layer.6.output.dense.bias]
12899.0s 3373 Loading weights:  58%|█████▊    | 116/199 [00:00<00:00, 3049.66it/s, Materializing param=encoder.layer.6.output.dense.bias]
12899.0s 3374 Loading weights:  59%|█████▉    | 117/199 [00:00<00:00, 3060.14it/s, Materializing param=encoder.layer.6.output.dense.weight]
12899.0s 3375 Loading weights:  59%|█████▉    | 117/199 [00:00<00:00, 3053.25it/s, Materializing param=encoder.layer.6.output.dense.weight]
12899.0s 3376 Loading weights:  59%|█████▉    | 118/199 [00:00<00:00, 3065.21it/s, Materializing param=encoder.layer.7.attention.output.LayerNorm.bias]
12899.0s 3377 Loading weights:  59%|█████▉    | 118/199 [00:00<00:00, 3058.47it/s, Materializing param=encoder.layer.7.attention.output.LayerNorm.bias]
12899.0s 3378 Loading weights:  60%|█████▉    | 119/199 [00:00<00:00, 3069.99it/s, Materializing param=encoder.layer.7.attention.output.LayerNorm.weight]
12899.0s 3379 Loading weights:  60%|█████▉    | 119/199 [00:00<00:00, 3062.31it/s, Materializing param=encoder.layer.7.attention.output.LayerNorm.weight]
12899.0s 3380 Loading weights:  60%|██████    | 120/199 [00:00<00:00, 3071.29it/s, Materializing param=encoder.layer.7.attention.output.dense.bias]
12899.0s 3381 Loading weights:  60%|██████    | 120/199 [00:00<00:00, 3062.75it/s, Materializing param=encoder.layer.7.attention.output.dense.bias]
12899.0s 3382 Loading weights:  61%|██████    | 121/199 [00:00<00:00, 3073.72it/s, Materializing param=encoder.layer.7.attention.output.dense.weight]
12899.0s 3383 Loading weights:  61%|██████    | 121/199 [00:00<00:00, 3067.03it/s, Materializing param=encoder.layer.7.attention.output.dense.weight]
12899.0s 3384 Loading weights:  61%|██████▏   | 122/199 [00:00<00:00, 3076.63it/s, Materializing param=encoder.layer.7.attention.self.key.bias]
12899.0s 3385 Loading weights:  61%|██████▏   | 122/199 [00:00<00:00, 3069.40it/s, Materializing param=encoder.layer.7.attention.self.key.bias]
12899.0s 3386 Loading weights:  62%|██████▏   | 123/199 [00:00<00:00, 3078.95it/s, Materializing param=encoder.layer.7.attention.self.key.weight]
12899.0s 3387 Loading weights:  62%|██████▏   | 123/199 [00:00<00:00, 3072.00it/s, Materializing param=encoder.layer.7.attention.self.key.weight]
12899.0s 3388 Loading weights:  62%|██████▏   | 124/199 [00:00<00:00, 3080.69it/s, Materializing param=encoder.layer.7.attention.self.query.bias]
12899.0s 3389 Loading weights:  62%|██████▏   | 124/199 [00:00<00:00, 3073.91it/s, Materializing param=encoder.layer.7.attention.self.query.bias]
12899.0s 3390 Loading weights:  63%|██████▎   | 125/199 [00:00<00:00, 3084.19it/s, Materializing param=encoder.layer.7.attention.self.query.weight]
12899.0s 3391 Loading weights:  63%|██████▎   | 125/199 [00:00<00:00, 3077.42it/s, Materializing param=encoder.layer.7.attention.self.query.weight]
12899.0s 3392 Loading weights:  63%|██████▎   | 126/199 [00:00<00:00, 3087.34it/s, Materializing param=encoder.layer.7.attention.self.value.bias]
12899.0s 3393 Loading weights:  63%|██████▎   | 126/199 [00:00<00:00, 3080.58it/s, Materializing param=encoder.layer.7.attention.self.value.bias]
12899.0s 3394 Loading weights:  64%|██████▍   | 127/199 [00:00<00:00, 3088.91it/s, Materializing param=encoder.layer.7.attention.self.value.weight]
12899.0s 3395 Loading weights:  64%|██████▍   | 127/199 [00:00<00:00, 3081.75it/s, Materializing param=encoder.layer.7.attention.self.value.weight]
12899.0s 3396 Loading weights:  64%|██████▍   | 128/199 [00:00<00:00, 3092.52it/s, Materializing param=encoder.layer.7.intermediate.dense.bias]
12899.0s 3397 Loading weights:  64%|██████▍   | 128/199 [00:00<00:00, 3086.41it/s, Materializing param=encoder.layer.7.intermediate.dense.bias]
12899.0s 3398 Loading weights:  65%|██████▍   | 129/199 [00:00<00:00, 3097.52it/s, Materializing param=encoder.layer.7.intermediate.dense.weight]
12899.0s 3399 Loading weights:  65%|██████▍   | 129/199 [00:00<00:00, 3091.45it/s, Materializing param=encoder.layer.7.intermediate.dense.weight]
12899.0s 3400 Loading weights:  65%|██████▌   | 130/199 [00:00<00:00, 3101.38it/s, Materializing param=encoder.layer.7.output.LayerNorm.bias]
12899.0s 3401 Loading weights:  65%|██████▌   | 130/199 [00:00<00:00, 3095.16it/s, Materializing param=encoder.layer.7.output.LayerNorm.bias]
12899.0s 3402 Loading weights:  66%|██████▌   | 131/199 [00:00<00:00, 3104.28it/s, Materializing param=encoder.layer.7.output.LayerNorm.weight]
12899.0s 3403 Loading weights:  66%|██████▌   | 131/199 [00:00<00:00, 3097.92it/s, Materializing param=encoder.layer.7.output.LayerNorm.weight]
12899.0s 3404 Loading weights:  66%|██████▋   | 132/199 [00:00<00:00, 3108.78it/s, Materializing param=encoder.layer.7.output.dense.bias]
12899.0s 3405 Loading weights:  66%|██████▋   | 132/199 [00:00<00:00, 3102.87it/s, Materializing param=encoder.layer.7.output.dense.bias]
12899.0s 3406 Loading weights:  67%|██████▋   | 133/199 [00:00<00:00, 3113.79it/s, Materializing param=encoder.layer.7.output.dense.weight]
12899.0s 3407 Loading weights:  67%|██████▋   | 133/199 [00:00<00:00, 3107.41it/s, Materializing param=encoder.layer.7.output.dense.weight]
12899.0s 3408 Loading weights:  67%|██████▋   | 134/199 [00:00<00:00, 3116.61it/s, Materializing param=encoder.layer.8.attention.output.LayerNorm.bias]
12899.0s 3409 Loading weights:  67%|██████▋   | 134/199 [00:00<00:00, 3108.32it/s, Materializing param=encoder.layer.8.attention.output.LayerNorm.bias]
12899.0s 3410 Loading weights:  68%|██████▊   | 135/199 [00:00<00:00, 3117.96it/s, Materializing param=encoder.layer.8.attention.output.LayerNorm.weight]
12899.0s 3411 Loading weights:  68%|██████▊   | 135/199 [00:00<00:00, 3111.91it/s, Materializing param=encoder.layer.8.attention.output.LayerNorm.weight]
12899.0s 3412 Loading weights:  68%|██████▊   | 136/199 [00:00<00:00, 3122.15it/s, Materializing param=encoder.layer.8.attention.output.dense.bias]
12899.0s 3413 Loading weights:  68%|██████▊   | 136/199 [00:00<00:00, 3116.12it/s, Materializing param=encoder.layer.8.attention.output.dense.bias]
12899.0s 3414 Loading weights:  69%|██████▉   | 137/199 [00:00<00:00, 3125.92it/s, Materializing param=encoder.layer.8.attention.output.dense.weight]
12899.0s 3415 Loading weights:  69%|██████▉   | 137/199 [00:00<00:00, 3119.97it/s, Materializing param=encoder.layer.8.attention.output.dense.weight]
12899.0s 3416 Loading weights:  69%|██████▉   | 138/199 [00:00<00:00, 3127.90it/s, Materializing param=encoder.layer.8.attention.self.key.bias]
12899.0s 3417 Loading weights:  69%|██████▉   | 138/199 [00:00<00:00, 3121.33it/s, Materializing param=encoder.layer.8.attention.self.key.bias]
12899.0s 3418 Loading weights:  70%|██████▉   | 139/199 [00:00<00:00, 3131.10it/s, Materializing param=encoder.layer.8.attention.self.key.weight]
12899.0s 3419 Loading weights:  70%|██████▉   | 139/199 [00:00<00:00, 3125.16it/s, Materializing param=encoder.layer.8.attention.self.key.weight]
12899.0s 3420 Loading weights:  70%|███████   | 140/199 [00:00<00:00, 3135.14it/s, Materializing param=encoder.layer.8.attention.self.query.bias]
12899.0s 3421 Loading weights:  70%|███████   | 140/199 [00:00<00:00, 3129.39it/s, Materializing param=encoder.layer.8.attention.self.query.bias]
12899.0s 3422 Loading weights:  71%|███████   | 141/199 [00:00<00:00, 3138.23it/s, Materializing param=encoder.layer.8.attention.self.query.weight]
12899.0s 3423 Loading weights:  71%|███████   | 141/199 [00:00<00:00, 3132.30it/s, Materializing param=encoder.layer.8.attention.self.query.weight]
12899.0s 3424 Loading weights:  71%|███████▏  | 142/199 [00:00<00:00, 3140.64it/s, Materializing param=encoder.layer.8.attention.self.value.bias]
12899.0s 3425 Loading weights:  71%|███████▏  | 142/199 [00:00<00:00, 3134.66it/s, Materializing param=encoder.layer.8.attention.self.value.bias]
12899.0s 3426 Loading weights:  72%|███████▏  | 143/199 [00:00<00:00, 3144.35it/s, Materializing param=encoder.layer.8.attention.self.value.weight]
12899.0s 3427 Loading weights:  72%|███████▏  | 143/199 [00:00<00:00, 3138.61it/s, Materializing param=encoder.layer.8.attention.self.value.weight]
12899.0s 3428 Loading weights:  72%|███████▏  | 144/199 [00:00<00:00, 3148.43it/s, Materializing param=encoder.layer.8.intermediate.dense.bias]
12899.0s 3429 Loading weights:  72%|███████▏  | 144/199 [00:00<00:00, 3142.39it/s, Materializing param=encoder.layer.8.intermediate.dense.bias]
12899.0s 3430 Loading weights:  73%|███████▎  | 145/199 [00:00<00:00, 3152.06it/s, Materializing param=encoder.layer.8.intermediate.dense.weight]
12899.0s 3431 Loading weights:  73%|███████▎  | 145/199 [00:00<00:00, 3144.22it/s, Materializing param=encoder.layer.8.intermediate.dense.weight]
12899.0s 3432 Loading weights:  73%|███████▎  | 146/199 [00:00<00:00, 3153.58it/s, Materializing param=encoder.layer.8.output.LayerNorm.bias]
12899.0s 3433 Loading weights:  73%|███████▎  | 146/199 [00:00<00:00, 3147.82it/s, Materializing param=encoder.layer.8.output.LayerNorm.bias]
12899.0s 3434 Loading weights:  74%|███████▍  | 147/199 [00:00<00:00, 3156.89it/s, Materializing param=encoder.layer.8.output.LayerNorm.weight]
12899.0s 3435 Loading weights:  74%|███████▍  | 147/199 [00:00<00:00, 3151.16it/s, Materializing param=encoder.layer.8.output.LayerNorm.weight]
12899.0s 3436 Loading weights:  74%|███████▍  | 148/199 [00:00<00:00, 3160.37it/s, Materializing param=encoder.layer.8.output.dense.bias]
12899.0s 3437 Loading weights:  74%|███████▍  | 148/199 [00:00<00:00, 3153.32it/s, Materializing param=encoder.layer.8.output.dense.bias]
12899.0s 3438 Loading weights:  75%|███████▍  | 149/199 [00:00<00:00, 3161.01it/s, Materializing param=encoder.layer.8.output.dense.weight]
12899.0s 3439 Loading weights:  75%|███████▍  | 149/199 [00:00<00:00, 3155.01it/s, Materializing param=encoder.layer.8.output.dense.weight]
12899.0s 3440 Loading weights:  75%|███████▌  | 150/199 [00:00<00:00, 3163.03it/s, Materializing param=encoder.layer.9.attention.output.LayerNorm.bias]
12899.0s 3441 Loading weights:  75%|███████▌  | 150/199 [00:00<00:00, 3157.32it/s, Materializing param=encoder.layer.9.attention.output.LayerNorm.bias]
12899.0s 3442 Loading weights:  76%|███████▌  | 151/199 [00:00<00:00, 3166.21it/s, Materializing param=encoder.layer.9.attention.output.LayerNorm.weight]
12899.0s 3443 Loading weights:  76%|███████▌  | 151/199 [00:00<00:00, 3160.65it/s, Materializing param=encoder.layer.9.attention.output.LayerNorm.weight]
12899.0s 3444 Loading weights:  76%|███████▋  | 152/199 [00:00<00:00, 3168.80it/s, Materializing param=encoder.layer.9.attention.output.dense.bias]
12899.0s 3445 Loading weights:  76%|███████▋  | 152/199 [00:00<00:00, 3162.06it/s, Materializing param=encoder.layer.9.attention.output.dense.bias]
12899.0s 3446 Loading weights:  77%|███████▋  | 153/199 [00:00<00:00, 3170.58it/s, Materializing param=encoder.layer.9.attention.output.dense.weight]
12899.0s 3447 Loading weights:  77%|███████▋  | 153/199 [00:00<00:00, 3164.97it/s, Materializing param=encoder.layer.9.attention.output.dense.weight]
12899.0s 3448 Loading weights:  77%|███████▋  | 154/199 [00:00<00:00, 3174.01it/s, Materializing param=encoder.layer.9.attention.self.key.bias]
12899.0s 3449 Loading weights:  77%|███████▋  | 154/199 [00:00<00:00, 3168.56it/s, Materializing param=encoder.layer.9.attention.self.key.bias]
12899.0s 3450 Loading weights:  78%|███████▊  | 155/199 [00:00<00:00, 3177.63it/s, Materializing param=encoder.layer.9.attention.self.key.weight]
12899.0s 3451 Loading weights:  78%|███████▊  | 155/199 [00:00<00:00, 3171.91it/s, Materializing param=encoder.layer.9.attention.self.key.weight]
12899.0s 3452 Loading weights:  78%|███████▊  | 156/199 [00:00<00:00, 3178.65it/s, Materializing param=encoder.layer.9.attention.self.query.bias]
12899.0s 3453 Loading weights:  78%|███████▊  | 156/199 [00:00<00:00, 3171.94it/s, Materializing param=encoder.layer.9.attention.self.query.bias]
12899.0s 3454 Loading weights:  79%|███████▉  | 157/199 [00:00<00:00, 3178.96it/s, Materializing param=encoder.layer.9.attention.self.query.weight]
12899.0s 3455 Loading weights:  79%|███████▉  | 157/199 [00:00<00:00, 3173.17it/s, Materializing param=encoder.layer.9.attention.self.query.weight]
12899.0s 3456 Loading weights:  79%|███████▉  | 158/199 [00:00<00:00, 3181.19it/s, Materializing param=encoder.layer.9.attention.self.value.bias]
12899.0s 3457 Loading weights:  79%|███████▉  | 158/199 [00:00<00:00, 3175.61it/s, Materializing param=encoder.layer.9.attention.self.value.bias]
12899.0s 3458 Loading weights:  80%|███████▉  | 159/199 [00:00<00:00, 3179.93it/s, Materializing param=encoder.layer.9.attention.self.value.weight]
12899.0s 3459 Loading weights:  80%|███████▉  | 159/199 [00:00<00:00, 3171.52it/s, Materializing param=encoder.layer.9.attention.self.value.weight]
12899.0s 3460 Loading weights:  80%|████████  | 160/199 [00:00<00:00, 3176.54it/s, Materializing param=encoder.layer.9.intermediate.dense.bias]
12899.0s 3461 Loading weights:  80%|████████  | 160/199 [00:00<00:00, 3170.81it/s, Materializing param=encoder.layer.9.intermediate.dense.bias]
12899.0s 3462 Loading weights:  81%|████████  | 161/199 [00:00<00:00, 3177.17it/s, Materializing param=encoder.layer.9.intermediate.dense.weight]
12899.0s 3463 Loading weights:  81%|████████  | 161/199 [00:00<00:00, 3172.01it/s, Materializing param=encoder.layer.9.intermediate.dense.weight]
12899.0s 3464 Loading weights:  81%|████████▏ | 162/199 [00:00<00:00, 3180.11it/s, Materializing param=encoder.layer.9.output.LayerNorm.bias]
12899.0s 3465 Loading weights:  81%|████████▏ | 162/199 [00:00<00:00, 3174.68it/s, Materializing param=encoder.layer.9.output.LayerNorm.bias]
12899.0s 3466 Loading weights:  82%|████████▏ | 163/199 [00:00<00:00, 3181.98it/s, Materializing param=encoder.layer.9.output.LayerNorm.weight]
12899.0s 3467 Loading weights:  82%|████████▏ | 163/199 [00:00<00:00, 3176.75it/s, Materializing param=encoder.layer.9.output.LayerNorm.weight]
12899.0s 3468 Loading weights:  82%|████████▏ | 164/199 [00:00<00:00, 3185.49it/s, Materializing param=encoder.layer.9.output.dense.bias]
12899.0s 3469 Loading weights:  82%|████████▏ | 164/199 [00:00<00:00, 3180.44it/s, Materializing param=encoder.layer.9.output.dense.bias]
12899.0s 3470 Loading weights:  83%|████████▎ | 165/199 [00:00<00:00, 3189.29it/s, Materializing param=encoder.layer.9.output.dense.weight]
12899.0s 3471 Loading weights:  83%|████████▎ | 165/199 [00:00<00:00, 3183.89it/s, Materializing param=encoder.layer.9.output.dense.weight]
12899.0s 3472 Loading weights:  83%|████████▎ | 166/199 [00:00<00:00, 3191.76it/s, Materializing param=encoder.layer.10.attention.output.LayerNorm.bias]
12899.0s 3473 Loading weights:  83%|████████▎ | 166/199 [00:00<00:00, 3184.11it/s, Materializing param=encoder.layer.10.attention.output.LayerNorm.bias]
12899.0s 3474 Loading weights:  84%|████████▍ | 167/199 [00:00<00:00, 3191.94it/s, Materializing param=encoder.layer.10.attention.output.LayerNorm.weight]
12899.0s 3475 Loading weights:  84%|████████▍ | 167/199 [00:00<00:00, 3186.70it/s, Materializing param=encoder.layer.10.attention.output.LayerNorm.weight]
12899.0s 3476 Loading weights:  84%|████████▍ | 168/199 [00:00<00:00, 3194.95it/s, Materializing param=encoder.layer.10.attention.output.dense.bias]
12899.0s 3477 Loading weights:  84%|████████▍ | 168/199 [00:00<00:00, 3189.44it/s, Materializing param=encoder.layer.10.attention.output.dense.bias]
12899.0s 3478 Loading weights:  85%|████████▍ | 169/199 [00:00<00:00, 3197.18it/s, Materializing param=encoder.layer.10.attention.output.dense.weight]
12899.0s 3479 Loading weights:  85%|████████▍ | 169/199 [00:00<00:00, 3192.04it/s, Materializing param=encoder.layer.10.attention.output.dense.weight]
12899.0s 3480 Loading weights:  85%|████████▌ | 170/199 [00:00<00:00, 3196.22it/s, Materializing param=encoder.layer.10.attention.self.key.bias]
12899.0s 3481 Loading weights:  85%|████████▌ | 170/199 [00:00<00:00, 3190.36it/s, Materializing param=encoder.layer.10.attention.self.key.bias]
12899.0s 3482 Loading weights:  86%|████████▌ | 171/199 [00:00<00:00, 3197.92it/s, Materializing param=encoder.layer.10.attention.self.key.weight]
12899.0s 3483 Loading weights:  86%|████████▌ | 171/199 [00:00<00:00, 3192.77it/s, Materializing param=encoder.layer.10.attention.self.key.weight]
12899.0s 3484 Loading weights:  86%|████████▋ | 172/199 [00:00<00:00, 3200.27it/s, Materializing param=encoder.layer.10.attention.self.query.bias]
12899.0s 3485 Loading weights:  86%|████████▋ | 172/199 [00:00<00:00, 3193.72it/s, Materializing param=encoder.layer.10.attention.self.query.bias]
12899.0s 3486 Loading weights:  87%|████████▋ | 173/199 [00:00<00:00, 3198.92it/s, Materializing param=encoder.layer.10.attention.self.query.weight]
12899.0s 3487 Loading weights:  87%|████████▋ | 173/199 [00:00<00:00, 3192.62it/s, Materializing param=encoder.layer.10.attention.self.query.weight]
12899.0s 3488 Loading weights:  87%|████████▋ | 174/199 [00:00<00:00, 3199.64it/s, Materializing param=encoder.layer.10.attention.self.value.bias]
12899.0s 3489 Loading weights:  87%|████████▋ | 174/199 [00:00<00:00, 3194.37it/s, Materializing param=encoder.layer.10.attention.self.value.bias]
12899.0s 3490 Loading weights:  88%|████████▊ | 175/199 [00:00<00:00, 3201.74it/s, Materializing param=encoder.layer.10.attention.self.value.weight]
12899.0s 3491 Loading weights:  88%|████████▊ | 175/199 [00:00<00:00, 3196.74it/s, Materializing param=encoder.layer.10.attention.self.value.weight]
12899.0s 3492 Loading weights:  88%|████████▊ | 176/199 [00:00<00:00, 3203.19it/s, Materializing param=encoder.layer.10.intermediate.dense.bias]
12899.0s 3493 Loading weights:  88%|████████▊ | 176/199 [00:00<00:00, 3197.56it/s, Materializing param=encoder.layer.10.intermediate.dense.bias]
12899.0s 3494 Loading weights:  89%|████████▉ | 177/199 [00:00<00:00, 3204.22it/s, Materializing param=encoder.layer.10.intermediate.dense.weight]
12899.0s 3495 Loading weights:  89%|████████▉ | 177/199 [00:00<00:00, 3199.26it/s, Materializing param=encoder.layer.10.intermediate.dense.weight]
12899.0s 3496 Loading weights:  89%|████████▉ | 178/199 [00:00<00:00, 3207.15it/s, Materializing param=encoder.layer.10.output.LayerNorm.bias]
12899.0s 3497 Loading weights:  89%|████████▉ | 178/199 [00:00<00:00, 3202.24it/s, Materializing param=encoder.layer.10.output.LayerNorm.bias]
12899.0s 3498 Loading weights:  90%|████████▉ | 179/199 [00:00<00:00, 3208.02it/s, Materializing param=encoder.layer.10.output.LayerNorm.weight]
12899.0s 3499 Loading weights:  90%|████████▉ | 179/199 [00:00<00:00, 3200.91it/s, Materializing param=encoder.layer.10.output.LayerNorm.weight]
12899.0s 3500 Loading weights:  90%|█████████ | 180/199 [00:00<00:00, 3204.10it/s, Materializing param=encoder.layer.10.output.dense.bias]
12899.0s 3501 Loading weights:  90%|█████████ | 180/199 [00:00<00:00, 3198.41it/s, Materializing param=encoder.layer.10.output.dense.bias]
12899.0s 3502 Loading weights:  91%|█████████ | 181/199 [00:00<00:00, 3203.84it/s, Materializing param=encoder.layer.10.output.dense.weight]
12899.0s 3503 Loading weights:  91%|█████████ | 181/199 [00:00<00:00, 3198.41it/s, Materializing param=encoder.layer.10.output.dense.weight]
12899.0s 3504 Loading weights:  91%|█████████▏| 182/199 [00:00<00:00, 3204.04it/s, Materializing param=encoder.layer.11.attention.output.LayerNorm.bias]
12899.0s 3505 Loading weights:  91%|█████████▏| 182/199 [00:00<00:00, 3198.45it/s, Materializing param=encoder.layer.11.attention.output.LayerNorm.bias]
12899.0s 3506 Loading weights:  92%|█████████▏| 183/199 [00:00<00:00, 3200.33it/s, Materializing param=encoder.layer.11.attention.output.LayerNorm.weight]
12899.0s 3507 Loading weights:  92%|█████████▏| 183/199 [00:00<00:00, 3194.75it/s, Materializing param=encoder.layer.11.attention.output.LayerNorm.weight]
12899.0s 3508 Loading weights:  92%|█████████▏| 184/199 [00:00<00:00, 3197.90it/s, Materializing param=encoder.layer.11.attention.output.dense.bias]
12899.0s 3509 Loading weights:  92%|█████████▏| 184/199 [00:00<00:00, 3192.62it/s, Materializing param=encoder.layer.11.attention.output.dense.bias]
12899.0s 3510 Loading weights:  93%|█████████▎| 185/199 [00:00<00:00, 3197.69it/s, Materializing param=encoder.layer.11.attention.output.dense.weight]
12899.0s 3511 Loading weights:  93%|█████████▎| 185/199 [00:00<00:00, 3192.77it/s, Materializing param=encoder.layer.11.attention.output.dense.weight]
12899.0s 3512 Loading weights:  93%|█████████▎| 186/199 [00:00<00:00, 3197.34it/s, Materializing param=encoder.layer.11.attention.self.key.bias]
12899.0s 3513 Loading weights:  93%|█████████▎| 186/199 [00:00<00:00, 3189.78it/s, Materializing param=encoder.layer.11.attention.self.key.bias]
12899.0s 3514 Loading weights:  94%|█████████▍| 187/199 [00:00<00:00, 3196.23it/s, Materializing param=encoder.layer.11.attention.self.key.weight]
12899.0s 3515 Loading weights:  94%|█████████▍| 187/199 [00:00<00:00, 3191.70it/s, Materializing param=encoder.layer.11.attention.self.key.weight]
12899.0s 3516 Loading weights:  94%|█████████▍| 188/199 [00:00<00:00, 3199.03it/s, Materializing param=encoder.layer.11.attention.self.query.bias]
12899.0s 3517 Loading weights:  94%|█████████▍| 188/199 [00:00<00:00, 3194.15it/s, Materializing param=encoder.layer.11.attention.self.query.bias]
12899.0s 3518 Loading weights:  95%|█████████▍| 189/199 [00:00<00:00, 3201.35it/s, Materializing param=encoder.layer.11.attention.self.query.weight]
12899.0s 3519 Loading weights:  95%|█████████▍| 189/199 [00:00<00:00, 3192.65it/s, Materializing param=encoder.layer.11.attention.self.query.weight]
12899.0s 3520 Loading weights:  95%|█████████▌| 190/199 [00:00<00:00, 3199.11it/s, Materializing param=encoder.layer.11.attention.self.value.bias]
12899.0s 3521 Loading weights:  95%|█████████▌| 190/199 [00:00<00:00, 3194.35it/s, Materializing param=encoder.layer.11.attention.self.value.bias]
12899.0s 3522 Loading weights:  96%|█████████▌| 191/199 [00:00<00:00, 3201.04it/s, Materializing param=encoder.layer.11.attention.self.value.weight]
12899.0s 3523 Loading weights:  96%|█████████▌| 191/199 [00:00<00:00, 3196.48it/s, Materializing param=encoder.layer.11.attention.self.value.weight]
12899.0s 3524 Loading weights:  96%|█████████▋| 192/199 [00:00<00:00, 3201.91it/s, Materializing param=encoder.layer.11.intermediate.dense.bias]
12899.0s 3525 Loading weights:  96%|█████████▋| 192/199 [00:00<00:00, 3196.43it/s, Materializing param=encoder.layer.11.intermediate.dense.bias]
12899.0s 3526 Loading weights:  97%|█████████▋| 193/199 [00:00<00:00, 3201.86it/s, Materializing param=encoder.layer.11.intermediate.dense.weight]
12899.0s 3527 Loading weights:  97%|█████████▋| 193/199 [00:00<00:00, 3196.41it/s, Materializing param=encoder.layer.11.intermediate.dense.weight]
12899.0s 3528 Loading weights:  97%|█████████▋| 194/199 [00:00<00:00, 3201.10it/s, Materializing param=encoder.layer.11.output.LayerNorm.bias]
12899.0s 3529 Loading weights:  97%|█████████▋| 194/199 [00:00<00:00, 3196.75it/s, Materializing param=encoder.layer.11.output.LayerNorm.bias]
12899.0s 3530 Loading weights:  98%|█████████▊| 195/199 [00:00<00:00, 3202.85it/s, Materializing param=encoder.layer.11.output.LayerNorm.weight]
12899.0s 3531 Loading weights:  98%|█████████▊| 195/199 [00:00<00:00, 3198.19it/s, Materializing param=encoder.layer.11.output.LayerNorm.weight]
12899.0s 3532 Loading weights:  98%|█████████▊| 196/199 [00:00<00:00, 3203.83it/s, Materializing param=encoder.layer.11.output.dense.bias]
12899.0s 3533 Loading weights:  98%|█████████▊| 196/199 [00:00<00:00, 3199.47it/s, Materializing param=encoder.layer.11.output.dense.bias]
12899.0s 3534 Loading weights:  99%|█████████▉| 197/199 [00:00<00:00, 3205.81it/s, Materializing param=encoder.layer.11.output.dense.weight]
12899.0s 3535 Loading weights:  99%|█████████▉| 197/199 [00:00<00:00, 3201.29it/s, Materializing param=encoder.layer.11.output.dense.weight]
12899.0s 3536 Loading weights:  99%|█████████▉| 198/199 [00:00<00:00, 3208.10it/s, Materializing param=pooler.dense.bias]
12899.0s 3537 Loading weights:  99%|█████████▉| 198/199 [00:00<00:00, 3203.24it/s, Materializing param=pooler.dense.bias]
12899.0s 3538 Loading weights: 100%|██████████| 199/199 [00:00<00:00, 3210.27it/s, Materializing param=pooler.dense.weight]
12899.0s 3539 Loading weights: 100%|██████████| 199/199 [00:00<00:00, 3203.81it/s, Materializing param=pooler.dense.weight]
12899.0s 3540 Loading weights: 100%|██████████| 199/199 [00:00<00:00, 3193.67it/s, Materializing param=pooler.dense.weight]
12899.0s 3541 BertModel LOAD REPORT from: google/muril-base-cased
12899.0s 3542 Key                                        | Status     |  |
12899.0s 3543 -------------------------------------------+------------+--+-
12899.0s 3544 cls.predictions.transform.LayerNorm.weight | UNEXPECTED |  |
12899.0s 3545 cls.seq_relationship.bias                  | UNEXPECTED |  |
12899.0s 3546 cls.predictions.transform.dense.weight     | UNEXPECTED |  |
12899.0s 3547 cls.predictions.decoder.bias               | UNEXPECTED |  |
12899.0s 3548 cls.seq_relationship.weight                | UNEXPECTED |  |
12899.0s 3549 cls.predictions.transform.LayerNorm.bias   | UNEXPECTED |  |
12899.0s 3550 bert.embeddings.position_ids               | UNEXPECTED |  |
12899.0s 3551 cls.predictions.bias                       | UNEXPECTED |  |
12899.0s 3552 cls.predictions.transform.dense.bias       | UNEXPECTED |  |
12899.0s 3553 cls.predictions.decoder.weight             | UNEXPECTED |  |
12899.0s 3554 
12899.0s 3555 Notes:
12899.0s 3556 - UNEXPECTED	:can be ignored when loading from different task/architecture; not ok if you expect identical arch.
13046.5s 3557 [s42f3] ep1 359/719 loss 0.9593 val 0.7047 * (0.41s/step)
13193.2s 3558 [s42f3] ep1 718/719 loss 0.7373 val 0.7496 * (0.41s/step)
13205.6s 3559 [s42f3] ep1 719/719 loss 0.9564 val 0.7496 (0.43s/step)
13205.6s 3560 [s42f3] ep1 done 5.1min  best 0.7496
13350.6s 3561 [s42f3] ep2 359/719 loss 0.5406 val 0.7739 * (0.40s/step)
13497.4s 3562 [s42f3] ep2 718/719 loss 0.6795 val 0.7762 * (0.41s/step)
13509.8s 3563 [s42f3] ep2 719/719 loss 0.4917 val 0.7762 (0.42s/step)
13509.8s 3564 [s42f3] ep2 done 5.1min  best 0.7762
13657.2s 3565 [s42f3] ep3 359/719 loss 0.5678 val 0.7867 * (0.41s/step)
13803.2s 3566 [s42f3] ep3 718/719 loss 0.1828 val 0.7901 * (0.41s/step)
13815.4s 3567 [s42f3] ep3 719/719 loss 0.2976 val 0.7901 (0.42s/step)
13815.4s 3568 [s42f3] ep3 done 5.1min  best 0.7901
13963.9s 3569 [s42f3] ep4 359/719 loss 0.4237 val 0.7964 * (0.41s/step)
14107.8s 3570 [s42f3] ep4 718/719 loss 0.8413 val 0.8005 * (0.41s/step)
14120.2s 3571 [s42f3] ep4 719/719 loss 0.1746 val 0.8005 (0.42s/step)
14120.2s 3572 [s42f3] ep4 done 5.1min  best 0.8005
14267.2s 3573 [s42f3] ep5 359/719 loss 0.6159 val 0.8033 * (0.41s/step)
14412.7s 3574 [s42f3] ep5 718/719 loss 0.4831 val 0.8047 * (0.41s/step)
14424.9s 3575 [s42f3] ep5 719/719 loss 0.6829 val 0.8047 (0.42s/step)
14424.9s 3576 [s42f3] ep5 done 5.1min  best 0.8047
14567.0s 3577 [s42f3] ep6 359/719 loss 0.1939 val 0.8047 (0.40s/step)
14705.4s 3578 [s42f3] ep6 718/719 loss 0.1925 val 0.8026 (0.39s/step)
14724.9s 3579 [s42f3] ep6 719/719 loss 0.2640 val 0.8026 (0.42s/step)
14724.9s 3580 [s42f3] ep6 done 5.0min  best 0.8047
14724.9s 3581 [s42f3] best 0.8047  last 0.8026  (selected: last)
14724.9s 3582 ===== seed 42 fold 4/5 =====
14726.0s 3583 
14726.0s 3584 Loading weights:   0%|          | 0/199 [00:00<?, ?it/s]
14726.0s 3585 Loading weights:   1%|          | 1/199 [00:00<00:00, 30615.36it/s, Materializing param=embeddings.LayerNorm.bias]
14726.0s 3586 Loading weights:   1%|          | 1/199 [00:00<00:00, 608.40it/s, Materializing param=embeddings.LayerNorm.bias]
14726.0s 3587 Loading weights:   1%|          | 2/199 [00:00<00:00, 947.33it/s, Materializing param=embeddings.LayerNorm.weight]
14726.0s 3588 Loading weights:   1%|          | 2/199 [00:00<00:00, 909.04it/s, Materializing param=embeddings.LayerNorm.weight]
14726.0s 3589 Loading weights:   2%|▏         | 3/199 [00:00<00:00, 1257.79it/s, Materializing param=embeddings.position_embeddings.weight]
14726.0s 3590 Loading weights:   2%|▏         | 3/199 [00:00<00:00, 1216.21it/s, Materializing param=embeddings.position_embeddings.weight]
14726.0s 3591 Loading weights:   2%|▏         | 4/199 [00:00<00:00, 1491.57it/s, Materializing param=embeddings.token_type_embeddings.weight]
14726.0s 3592 Loading weights:   2%|▏         | 4/199 [00:00<00:00, 706.83it/s, Materializing param=embeddings.token_type_embeddings.weight]
14726.0s 3593 Loading weights:   3%|▎         | 5/199 [00:00<00:00, 844.64it/s, Materializing param=embeddings.word_embeddings.weight]
14726.0s 3594 Loading weights:   3%|▎         | 5/199 [00:00<00:00, 823.70it/s, Materializing param=embeddings.word_embeddings.weight]
14726.0s 3595 Loading weights:   3%|▎         | 6/199 [00:00<00:00, 963.62it/s, Materializing param=encoder.layer.0.attention.output.LayerNorm.bias]
14726.0s 3596 Loading weights:   3%|▎         | 6/199 [00:00<00:00, 953.58it/s, Materializing param=encoder.layer.0.attention.output.LayerNorm.bias]
14726.0s 3597 Loading weights:   4%|▎         | 7/199 [00:00<00:00, 1091.90it/s, Materializing param=encoder.layer.0.attention.output.LayerNorm.weight]
14726.0s 3598 Loading weights:   4%|▎         | 7/199 [00:00<00:00, 1081.80it/s, Materializing param=encoder.layer.0.attention.output.LayerNorm.weight]
14726.0s 3599 Loading weights:   4%|▍         | 8/199 [00:00<00:00, 1214.11it/s, Materializing param=encoder.layer.0.attention.output.dense.bias]
14726.0s 3600 Loading weights:   4%|▍         | 8/199 [00:00<00:00, 1203.62it/s, Materializing param=encoder.layer.0.attention.output.dense.bias]
14726.0s 3601 Loading weights:   5%|▍         | 9/199 [00:00<00:00, 1331.24it/s, Materializing param=encoder.layer.0.attention.output.dense.weight]
14726.0s 3602 Loading weights:   5%|▍         | 9/199 [00:00<00:00, 1311.08it/s, Materializing param=encoder.layer.0.attention.output.dense.weight]
14726.0s 3603 Loading weights:   5%|▌         | 10/199 [00:00<00:00, 1428.04it/s, Materializing param=encoder.layer.0.attention.self.key.bias]
14726.0s 3604 Loading weights:   5%|▌         | 10/199 [00:00<00:00, 1406.26it/s, Materializing param=encoder.layer.0.attention.self.key.bias]
14726.0s 3605 Loading weights:   6%|▌         | 11/199 [00:00<00:00, 1523.94it/s, Materializing param=encoder.layer.0.attention.self.key.weight]
14726.0s 3606 Loading weights:   6%|▌         | 11/199 [00:00<00:00, 1513.05it/s, Materializing param=encoder.layer.0.attention.self.key.weight]
14726.0s 3607 Loading weights:   6%|▌         | 12/199 [00:00<00:00, 1629.70it/s, Materializing param=encoder.layer.0.attention.self.query.bias]
14726.0s 3608 Loading weights:   6%|▌         | 12/199 [00:00<00:00, 1618.64it/s, Materializing param=encoder.layer.0.attention.self.query.bias]
14726.0s 3609 Loading weights:   7%|▋         | 13/199 [00:00<00:00, 1732.96it/s, Materializing param=encoder.layer.0.attention.self.query.weight]
14726.0s 3610 Loading weights:   7%|▋         | 13/199 [00:00<00:00, 1721.42it/s, Materializing param=encoder.layer.0.attention.self.query.weight]
14726.0s 3611 Loading weights:   7%|▋         | 14/199 [00:00<00:00, 1830.72it/s, Materializing param=encoder.layer.0.attention.self.value.bias]
14726.0s 3612 Loading weights:   7%|▋         | 14/199 [00:00<00:00, 1818.81it/s, Materializing param=encoder.layer.0.attention.self.value.bias]
14726.0s 3613 Loading weights:   8%|▊         | 15/199 [00:00<00:00, 1927.18it/s, Materializing param=encoder.layer.0.attention.self.value.weight]
14726.0s 3614 Loading weights:   8%|▊         | 15/199 [00:00<00:00, 1911.13it/s, Materializing param=encoder.layer.0.attention.self.value.weight]
14726.0s 3615 Loading weights:   8%|▊         | 16/199 [00:00<00:00, 2014.68it/s, Materializing param=encoder.layer.0.intermediate.dense.bias]
14726.0s 3616 Loading weights:   8%|▊         | 16/199 [00:00<00:00, 2002.11it/s, Materializing param=encoder.layer.0.intermediate.dense.bias]
14726.0s 3617 Loading weights:   9%|▊         | 17/199 [00:00<00:00, 2103.83it/s, Materializing param=encoder.layer.0.intermediate.dense.weight]
14726.0s 3618 Loading weights:   9%|▊         | 17/199 [00:00<00:00, 2090.88it/s, Materializing param=encoder.layer.0.intermediate.dense.weight]
14726.0s 3619 Loading weights:   9%|▉         | 18/199 [00:00<00:00, 2190.75it/s, Materializing param=encoder.layer.0.output.LayerNorm.bias]
14726.0s 3620 Loading weights:   9%|▉         | 18/199 [00:00<00:00, 2177.54it/s, Materializing param=encoder.layer.0.output.LayerNorm.bias]
14726.0s 3621 Loading weights:  10%|▉         | 19/199 [00:00<00:00, 2274.31it/s, Materializing param=encoder.layer.0.output.LayerNorm.weight]
14726.0s 3622 Loading weights:  10%|▉         | 19/199 [00:00<00:00, 2260.82it/s, Materializing param=encoder.layer.0.output.LayerNorm.weight]
14726.0s 3623 Loading weights:  10%|█         | 20/199 [00:00<00:00, 2355.29it/s, Materializing param=encoder.layer.0.output.dense.bias]
14726.0s 3624 Loading weights:  10%|█         | 20/199 [00:00<00:00, 2341.55it/s, Materializing param=encoder.layer.0.output.dense.bias]
14726.0s 3625 Loading weights:  11%|█         | 21/199 [00:00<00:00, 2431.55it/s, Materializing param=encoder.layer.0.output.dense.weight]
14726.0s 3626 Loading weights:  11%|█         | 21/199 [00:00<00:00, 2417.86it/s, Materializing param=encoder.layer.0.output.dense.weight]
14726.0s 3627 Loading weights:  11%|█         | 22/199 [00:00<00:00, 2508.42it/s, Materializing param=encoder.layer.1.attention.output.LayerNorm.bias]
14726.0s 3628 Loading weights:  11%|█         | 22/199 [00:00<00:00, 2490.68it/s, Materializing param=encoder.layer.1.attention.output.LayerNorm.bias]
14726.0s 3629 Loading weights:  12%|█▏        | 23/199 [00:00<00:00, 2575.32it/s, Materializing param=encoder.layer.1.attention.output.LayerNorm.weight]
14726.0s 3630 Loading weights:  12%|█▏        | 23/199 [00:00<00:00, 2560.42it/s, Materializing param=encoder.layer.1.attention.output.LayerNorm.weight]
14726.0s 3631 Loading weights:  12%|█▏        | 24/199 [00:00<00:00, 2644.79it/s, Materializing param=encoder.layer.1.attention.output.dense.bias]
14726.0s 3632 Loading weights:  12%|█▏        | 24/199 [00:00<00:00, 2630.41it/s, Materializing param=encoder.layer.1.attention.output.dense.bias]
14726.0s 3633 Loading weights:  13%|█▎        | 25/199 [00:00<00:00, 2713.43it/s, Materializing param=encoder.layer.1.attention.output.dense.weight]
14726.0s 3634 Loading weights:  13%|█▎        | 25/199 [00:00<00:00, 2698.41it/s, Materializing param=encoder.layer.1.attention.output.dense.weight]
14726.0s 3635 Loading weights:  13%|█▎        | 26/199 [00:00<00:00, 2779.03it/s, Materializing param=encoder.layer.1.attention.self.key.bias]
14726.0s 3636 Loading weights:  13%|█▎        | 26/199 [00:00<00:00, 2763.82it/s, Materializing param=encoder.layer.1.attention.self.key.bias]
14726.0s 3637 Loading weights:  14%|█▎        | 27/199 [00:00<00:00, 2842.17it/s, Materializing param=encoder.layer.1.attention.self.key.weight]
14726.0s 3638 Loading weights:  14%|█▎        | 27/199 [00:00<00:00, 2826.99it/s, Materializing param=encoder.layer.1.attention.self.key.weight]
14726.0s 3639 Loading weights:  14%|█▍        | 28/199 [00:00<00:00, 2901.63it/s, Materializing param=encoder.layer.1.attention.self.query.bias]
14726.0s 3640 Loading weights:  14%|█▍        | 28/199 [00:00<00:00, 2886.65it/s, Materializing param=encoder.layer.1.attention.self.query.bias]
14726.0s 3641 Loading weights:  15%|█▍        | 29/199 [00:00<00:00, 2962.73it/s, Materializing param=encoder.layer.1.attention.self.query.weight]
14726.0s 3642 Loading weights:  15%|█▍        | 29/199 [00:00<00:00, 2943.94it/s, Materializing param=encoder.layer.1.attention.self.query.weight]
14726.0s 3643 Loading weights:  15%|█▌        | 30/199 [00:00<00:00, 3017.41it/s, Materializing param=encoder.layer.1.attention.self.value.bias]
14726.0s 3644 Loading weights:  15%|█▌        | 30/199 [00:00<00:00, 3002.51it/s, Materializing param=encoder.layer.1.attention.self.value.bias]
14726.0s 3645 Loading weights:  16%|█▌        | 31/199 [00:00<00:00, 3075.58it/s, Materializing param=encoder.layer.1.attention.self.value.weight]
14726.0s 3646 Loading weights:  16%|█▌        | 31/199 [00:00<00:00, 3060.89it/s, Materializing param=encoder.layer.1.attention.self.value.weight]
14726.0s 3647 Loading weights:  16%|█▌        | 32/199 [00:00<00:00, 3132.78it/s, Materializing param=encoder.layer.1.intermediate.dense.bias]
14726.0s 3648 Loading weights:  16%|█▌        | 32/199 [00:00<00:00, 3117.64it/s, Materializing param=encoder.layer.1.intermediate.dense.bias]
14726.0s 3649 Loading weights:  17%|█▋        | 33/199 [00:00<00:00, 3187.75it/s, Materializing param=encoder.layer.1.intermediate.dense.weight]
14726.0s 3650 Loading weights:  17%|█▋        | 33/199 [00:00<00:00, 3172.62it/s, Materializing param=encoder.layer.1.intermediate.dense.weight]
14726.0s 3651 Loading weights:  17%|█▋        | 34/199 [00:00<00:00, 3241.72it/s, Materializing param=encoder.layer.1.output.LayerNorm.bias]
14726.0s 3652 Loading weights:  17%|█▋        | 34/199 [00:00<00:00, 3226.75it/s, Materializing param=encoder.layer.1.output.LayerNorm.bias]
14726.0s 3653 Loading weights:  18%|█▊        | 35/199 [00:00<00:00, 3291.94it/s, Materializing param=encoder.layer.1.output.LayerNorm.weight]
14726.0s 3654 Loading weights:  18%|█▊        | 35/199 [00:00<00:00, 3276.73it/s, Materializing param=encoder.layer.1.output.LayerNorm.weight]
14726.0s 3655 Loading weights:  18%|█▊        | 36/199 [00:00<00:00, 3343.85it/s, Materializing param=encoder.layer.1.output.dense.bias]
14726.0s 3656 Loading weights:  18%|█▊        | 36/199 [00:00<00:00, 3325.29it/s, Materializing param=encoder.layer.1.output.dense.bias]
14726.0s 3657 Loading weights:  19%|█▊        | 37/199 [00:00<00:00, 3389.97it/s, Materializing param=encoder.layer.1.output.dense.weight]
14726.0s 3658 Loading weights:  19%|█▊        | 37/199 [00:00<00:00, 3375.00it/s, Materializing param=encoder.layer.1.output.dense.weight]
14726.0s 3659 Loading weights:  19%|█▉        | 38/199 [00:00<00:00, 3439.51it/s, Materializing param=encoder.layer.2.attention.output.LayerNorm.bias]
14726.0s 3660 Loading weights:  19%|█▉        | 38/199 [00:00<00:00, 3424.29it/s, Materializing param=encoder.layer.2.attention.output.LayerNorm.bias]
14726.0s 3661 Loading weights:  20%|█▉        | 39/199 [00:00<00:00, 3486.54it/s, Materializing param=encoder.layer.2.attention.output.LayerNorm.weight]
14726.0s 3662 Loading weights:  20%|█▉        | 39/199 [00:00<00:00, 3470.85it/s, Materializing param=encoder.layer.2.attention.output.LayerNorm.weight]
14726.0s 3663 Loading weights:  20%|██        | 40/199 [00:00<00:00, 3531.97it/s, Materializing param=encoder.layer.2.attention.output.dense.bias]
14726.0s 3664 Loading weights:  20%|██        | 40/199 [00:00<00:00, 3516.57it/s, Materializing param=encoder.layer.2.attention.output.dense.bias]
14726.0s 3665 Loading weights:  21%|██        | 41/199 [00:00<00:00, 3576.67it/s, Materializing param=encoder.layer.2.attention.output.dense.weight]
14726.0s 3666 Loading weights:  21%|██        | 41/199 [00:00<00:00, 3561.05it/s, Materializing param=encoder.layer.2.attention.output.dense.weight]
14726.0s 3667 Loading weights:  21%|██        | 42/199 [00:00<00:00, 3618.23it/s, Materializing param=encoder.layer.2.attention.self.key.bias]
14726.0s 3668 Loading weights:  21%|██        | 42/199 [00:00<00:00, 3602.62it/s, Materializing param=encoder.layer.2.attention.self.key.bias]
14726.0s 3669 Loading weights:  22%|██▏       | 43/199 [00:00<00:00, 3660.62it/s, Materializing param=encoder.layer.2.attention.self.key.weight]
14726.0s 3670 Loading weights:  22%|██▏       | 43/199 [00:00<00:00, 3645.53it/s, Materializing param=encoder.layer.2.attention.self.key.weight]
14726.0s 3671 Loading weights:  22%|██▏       | 44/199 [00:00<00:00, 3697.12it/s, Materializing param=encoder.layer.2.attention.self.query.bias]
14726.0s 3672 Loading weights:  22%|██▏       | 44/199 [00:00<00:00, 3681.56it/s, Materializing param=encoder.layer.2.attention.self.query.bias]
14726.0s 3673 Loading weights:  23%|██▎       | 45/199 [00:00<00:00, 3737.87it/s, Materializing param=encoder.layer.2.attention.self.query.weight]
14726.0s 3674 Loading weights:  23%|██▎       | 45/199 [00:00<00:00, 3722.46it/s, Materializing param=encoder.layer.2.attention.self.query.weight]
14726.0s 3675 Loading weights:  23%|██▎       | 46/199 [00:00<00:00, 3777.76it/s, Materializing param=encoder.layer.2.attention.self.value.bias]
14726.0s 3676 Loading weights:  23%|██▎       | 46/199 [00:00<00:00, 3762.73it/s, Materializing param=encoder.layer.2.attention.self.value.bias]
14726.0s 3677 Loading weights:  24%|██▎       | 47/199 [00:00<00:00, 3817.80it/s, Materializing param=encoder.layer.2.attention.self.value.weight]
14726.0s 3678 Loading weights:  24%|██▎       | 47/199 [00:00<00:00, 3802.78it/s, Materializing param=encoder.layer.2.attention.self.value.weight]
14726.0s 3679 Loading weights:  24%|██▍       | 48/199 [00:00<00:00, 3856.91it/s, Materializing param=encoder.layer.2.intermediate.dense.bias]
14726.0s 3680 Loading weights:  24%|██▍       | 48/199 [00:00<00:00, 3841.82it/s, Materializing param=encoder.layer.2.intermediate.dense.bias]
14726.0s 3681 Loading weights:  25%|██▍       | 49/199 [00:00<00:00, 3892.96it/s, Materializing param=encoder.layer.2.intermediate.dense.weight]
14726.0s 3682 Loading weights:  25%|██▍       | 49/199 [00:00<00:00, 3877.53it/s, Materializing param=encoder.layer.2.intermediate.dense.weight]
14726.0s 3683 Loading weights:  25%|██▌       | 50/199 [00:00<00:00, 3930.19it/s, Materializing param=encoder.layer.2.output.LayerNorm.bias]
14726.0s 3684 Loading weights:  25%|██▌       | 50/199 [00:00<00:00, 3915.37it/s, Materializing param=encoder.layer.2.output.LayerNorm.bias]
14726.0s 3685 Loading weights:  26%|██▌       | 51/199 [00:00<00:00, 3961.51it/s, Materializing param=encoder.layer.2.output.LayerNorm.weight]
14726.0s 3686 Loading weights:  26%|██▌       | 51/199 [00:00<00:00, 3946.16it/s, Materializing param=encoder.layer.2.output.LayerNorm.weight]
14726.0s 3687 Loading weights:  26%|██▌       | 52/199 [00:00<00:00, 3996.84it/s, Materializing param=encoder.layer.2.output.dense.bias]
14726.0s 3688 Loading weights:  26%|██▌       | 52/199 [00:00<00:00, 3982.10it/s, Materializing param=encoder.layer.2.output.dense.bias]
14726.0s 3689 Loading weights:  27%|██▋       | 53/199 [00:00<00:00, 4032.18it/s, Materializing param=encoder.layer.2.output.dense.weight]
14726.0s 3690 Loading weights:  27%|██▋       | 53/199 [00:00<00:00, 4017.61it/s, Materializing param=encoder.layer.2.output.dense.weight]
14726.0s 3691 Loading weights:  27%|██▋       | 54/199 [00:00<00:00, 4067.75it/s, Materializing param=encoder.layer.3.attention.output.LayerNorm.bias]
14726.0s 3692 Loading weights:  27%|██▋       | 54/199 [00:00<00:00, 4052.76it/s, Materializing param=encoder.layer.3.attention.output.LayerNorm.bias]
14726.0s 3693 Loading weights:  28%|██▊       | 55/199 [00:00<00:00, 4100.59it/s, Materializing param=encoder.layer.3.attention.output.LayerNorm.weight]
14726.0s 3694 Loading weights:  28%|██▊       | 55/199 [00:00<00:00, 4085.26it/s, Materializing param=encoder.layer.3.attention.output.LayerNorm.weight]
14726.0s 3695 Loading weights:  28%|██▊       | 56/199 [00:00<00:00, 4132.61it/s, Materializing param=encoder.layer.3.attention.output.dense.bias]
14726.0s 3696 Loading weights:  28%|██▊       | 56/199 [00:00<00:00, 4115.45it/s, Materializing param=encoder.layer.3.attention.output.dense.bias]
14726.0s 3697 Loading weights:  29%|██▊       | 57/199 [00:00<00:00, 4162.25it/s, Materializing param=encoder.layer.3.attention.output.dense.weight]
14726.0s 3698 Loading weights:  29%|██▊       | 57/199 [00:00<00:00, 4147.37it/s, Materializing param=encoder.layer.3.attention.output.dense.weight]
14726.0s 3699 Loading weights:  29%|██▉       | 58/199 [00:00<00:00, 4188.96it/s, Materializing param=encoder.layer.3.attention.self.key.bias]
14726.0s 3700 Loading weights:  29%|██▉       | 58/199 [00:00<00:00, 4173.29it/s, Materializing param=encoder.layer.3.attention.self.key.bias]
14726.0s 3701 Loading weights:  30%|██▉       | 59/199 [00:00<00:00, 4217.97it/s, Materializing param=encoder.layer.3.attention.self.key.weight]
14726.0s 3702 Loading weights:  30%|██▉       | 59/199 [00:00<00:00, 4203.35it/s, Materializing param=encoder.layer.3.attention.self.key.weight]
14726.0s 3703 Loading weights:  30%|███       | 60/199 [00:00<00:00, 4248.19it/s, Materializing param=encoder.layer.3.attention.self.query.bias]
14726.0s 3704 Loading weights:  30%|███       | 60/199 [00:00<00:00, 4233.53it/s, Materializing param=encoder.layer.3.attention.self.query.bias]
14726.0s 3705 Loading weights:  31%|███       | 61/199 [00:00<00:00, 4277.83it/s, Materializing param=encoder.layer.3.attention.self.query.weight]
14726.0s 3706 Loading weights:  31%|███       | 61/199 [00:00<00:00, 4263.21it/s, Materializing param=encoder.layer.3.attention.self.query.weight]
14726.0s 3707 Loading weights:  31%|███       | 62/199 [00:00<00:00, 4306.77it/s, Materializing param=encoder.layer.3.attention.self.value.bias]
14726.0s 3708 Loading weights:  31%|███       | 62/199 [00:00<00:00, 4292.05it/s, Materializing param=encoder.layer.3.attention.self.value.bias]
14726.0s 3709 Loading weights:  32%|███▏      | 63/199 [00:00<00:00, 4334.38it/s, Materializing param=encoder.layer.3.attention.self.value.weight]
14726.0s 3710 Loading weights:  32%|███▏      | 63/199 [00:00<00:00, 4317.67it/s, Materializing param=encoder.layer.3.attention.self.value.weight]
14726.0s 3711 Loading weights:  32%|███▏      | 64/199 [00:00<00:00, 4359.56it/s, Materializing param=encoder.layer.3.intermediate.dense.bias]
14726.0s 3712 Loading weights:  32%|███▏      | 64/199 [00:00<00:00, 4344.81it/s, Materializing param=encoder.layer.3.intermediate.dense.bias]
14726.0s 3713 Loading weights:  33%|███▎      | 65/199 [00:00<00:00, 4383.19it/s, Materializing param=encoder.layer.3.intermediate.dense.weight]
14726.0s 3714 Loading weights:  33%|███▎      | 65/199 [00:00<00:00, 4368.30it/s, Materializing param=encoder.layer.3.intermediate.dense.weight]
14726.0s 3715 Loading weights:  33%|███▎      | 66/199 [00:00<00:00, 4409.57it/s, Materializing param=encoder.layer.3.output.LayerNorm.bias]
14726.0s 3716 Loading weights:  33%|███▎      | 66/199 [00:00<00:00, 4395.29it/s, Materializing param=encoder.layer.3.output.LayerNorm.bias]
14726.0s 3717 Loading weights:  34%|███▎      | 67/199 [00:00<00:00, 4436.88it/s, Materializing param=encoder.layer.3.output.LayerNorm.weight]
14726.0s 3718 Loading weights:  34%|███▎      | 67/199 [00:00<00:00, 4422.84it/s, Materializing param=encoder.layer.3.output.LayerNorm.weight]
14726.0s 3719 Loading weights:  34%|███▍      | 68/199 [00:00<00:00, 4464.40it/s, Materializing param=encoder.layer.3.output.dense.bias]
14726.0s 3720 Loading weights:  34%|███▍      | 68/199 [00:00<00:00, 4450.47it/s, Materializing param=encoder.layer.3.output.dense.bias]
14726.0s 3721 Loading weights:  35%|███▍      | 69/199 [00:00<00:00, 4491.04it/s, Materializing param=encoder.layer.3.output.dense.weight]
14726.0s 3722 Loading weights:  35%|███▍      | 69/199 [00:00<00:00, 4477.14it/s, Materializing param=encoder.layer.3.output.dense.weight]
14726.0s 3723 Loading weights:  35%|███▌      | 70/199 [00:00<00:00, 4517.29it/s, Materializing param=encoder.layer.4.attention.output.LayerNorm.bias]
14726.0s 3724 Loading weights:  35%|███▌      | 70/199 [00:00<00:00, 4502.81it/s, Materializing param=encoder.layer.4.attention.output.LayerNorm.bias]
14726.0s 3725 Loading weights:  36%|███▌      | 71/199 [00:00<00:00, 4538.81it/s, Materializing param=encoder.layer.4.attention.output.LayerNorm.weight]
14726.0s 3726 Loading weights:  36%|███▌      | 71/199 [00:00<00:00, 4524.39it/s, Materializing param=encoder.layer.4.attention.output.LayerNorm.weight]
14726.0s 3727 Loading weights:  36%|███▌      | 72/199 [00:00<00:00, 4563.16it/s, Materializing param=encoder.layer.4.attention.output.dense.bias]
14726.0s 3728 Loading weights:  36%|███▌      | 72/199 [00:00<00:00, 4545.64it/s, Materializing param=encoder.layer.4.attention.output.dense.bias]
14726.0s 3729 Loading weights:  37%|███▋      | 73/199 [00:00<00:00, 4582.84it/s, Materializing param=encoder.layer.4.attention.output.dense.weight]
14726.0s 3730 Loading weights:  37%|███▋      | 73/199 [00:00<00:00, 4568.82it/s, Materializing param=encoder.layer.4.attention.output.dense.weight]
14726.0s 3731 Loading weights:  37%|███▋      | 74/199 [00:00<00:00, 4606.73it/s, Materializing param=encoder.layer.4.attention.self.key.bias]
14726.0s 3732 Loading weights:  37%|███▋      | 74/199 [00:00<00:00, 4592.82it/s, Materializing param=encoder.layer.4.attention.self.key.bias]
14726.0s 3733 Loading weights:  38%|███▊      | 75/199 [00:00<00:00, 4629.34it/s, Materializing param=encoder.layer.4.attention.self.key.weight]
14726.0s 3734 Loading weights:  38%|███▊      | 75/199 [00:00<00:00, 4615.55it/s, Materializing param=encoder.layer.4.attention.self.key.weight]
14726.0s 3735 Loading weights:  38%|███▊      | 76/199 [00:00<00:00, 4652.58it/s, Materializing param=encoder.layer.4.attention.self.query.bias]
14726.0s 3736 Loading weights:  38%|███▊      | 76/199 [00:00<00:00, 4639.11it/s, Materializing param=encoder.layer.4.attention.self.query.bias]
14726.0s 3737 Loading weights:  39%|███▊      | 77/199 [00:00<00:00, 4676.26it/s, Materializing param=encoder.layer.4.attention.self.query.weight]
14726.0s 3738 Loading weights:  39%|███▊      | 77/199 [00:00<00:00, 4662.56it/s, Materializing param=encoder.layer.4.attention.self.query.weight]
14726.0s 3739 Loading weights:  39%|███▉      | 78/199 [00:00<00:00, 4697.14it/s, Materializing param=encoder.layer.4.attention.self.value.bias]
14726.0s 3740 Loading weights:  39%|███▉      | 78/199 [00:00<00:00, 4682.15it/s, Materializing param=encoder.layer.4.attention.self.value.bias]
14726.0s 3741 Loading weights:  40%|███▉      | 79/199 [00:00<00:00, 4717.67it/s, Materializing param=encoder.layer.4.attention.self.value.weight]
14726.0s 3742 Loading weights:  40%|███▉      | 79/199 [00:00<00:00, 4704.14it/s, Materializing param=encoder.layer.4.attention.self.value.weight]
14726.0s 3743 Loading weights:  40%|████      | 80/199 [00:00<00:00, 4736.05it/s, Materializing param=encoder.layer.4.intermediate.dense.bias]
14726.0s 3744 Loading weights:  40%|████      | 80/199 [00:00<00:00, 4723.32it/s, Materializing param=encoder.layer.4.intermediate.dense.bias]
14726.0s 3745 Loading weights:  41%|████      | 81/199 [00:00<00:00, 4758.04it/s, Materializing param=encoder.layer.4.intermediate.dense.weight]
14726.0s 3746 Loading weights:  41%|████      | 81/199 [00:00<00:00, 4744.09it/s, Materializing param=encoder.layer.4.intermediate.dense.weight]
14726.0s 3747 Loading weights:  41%|████      | 82/199 [00:00<00:00, 4778.37it/s, Materializing param=encoder.layer.4.output.LayerNorm.bias]
14726.0s 3748 Loading weights:  41%|████      | 82/199 [00:00<00:00, 4764.47it/s, Materializing param=encoder.layer.4.output.LayerNorm.bias]
14726.0s 3749 Loading weights:  42%|████▏     | 83/199 [00:00<00:00, 4798.11it/s, Materializing param=encoder.layer.4.output.LayerNorm.weight]
14726.0s 3750 Loading weights:  42%|████▏     | 83/199 [00:00<00:00, 4784.53it/s, Materializing param=encoder.layer.4.output.LayerNorm.weight]
14726.0s 3751 Loading weights:  42%|████▏     | 84/199 [00:00<00:00, 4818.47it/s, Materializing param=encoder.layer.4.output.dense.bias]
14726.0s 3752 Loading weights:  42%|████▏     | 84/199 [00:00<00:00, 4805.19it/s, Materializing param=encoder.layer.4.output.dense.bias]
14726.0s 3753 Loading weights:  43%|████▎     | 85/199 [00:00<00:00, 4839.23it/s, Materializing param=encoder.layer.4.output.dense.weight]
14726.0s 3754 Loading weights:  43%|████▎     | 85/199 [00:00<00:00, 4824.30it/s, Materializing param=encoder.layer.4.output.dense.weight]
14726.0s 3755 Loading weights:  43%|████▎     | 86/199 [00:00<00:00, 4857.39it/s, Materializing param=encoder.layer.5.attention.output.LayerNorm.bias]
14726.0s 3756 Loading weights:  43%|████▎     | 86/199 [00:00<00:00, 4843.83it/s, Materializing param=encoder.layer.5.attention.output.LayerNorm.bias]
14726.0s 3757 Loading weights:  44%|████▎     | 87/199 [00:00<00:00, 4872.08it/s, Materializing param=encoder.layer.5.attention.output.LayerNorm.weight]
14726.0s 3758 Loading weights:  44%|████▎     | 87/199 [00:00<00:00, 4858.14it/s, Materializing param=encoder.layer.5.attention.output.LayerNorm.weight]
14726.0s 3759 Loading weights:  44%|████▍     | 88/199 [00:00<00:00, 4889.44it/s, Materializing param=encoder.layer.5.attention.output.dense.bias]
14726.0s 3760 Loading weights:  44%|████▍     | 88/199 [00:00<00:00, 4876.13it/s, Materializing param=encoder.layer.5.attention.output.dense.bias]
14726.0s 3761 Loading weights:  45%|████▍     | 89/199 [00:00<00:00, 4907.49it/s, Materializing param=encoder.layer.5.attention.output.dense.weight]
14726.0s 3762 Loading weights:  45%|████▍     | 89/199 [00:00<00:00, 4893.79it/s, Materializing param=encoder.layer.5.attention.output.dense.weight]
14726.0s 3763 Loading weights:  45%|████▌     | 90/199 [00:00<00:00, 4924.37it/s, Materializing param=encoder.layer.5.attention.self.key.bias]
14726.0s 3764 Loading weights:  45%|████▌     | 90/199 [00:00<00:00, 4911.36it/s, Materializing param=encoder.layer.5.attention.self.key.bias]
14726.0s 3765 Loading weights:  46%|████▌     | 91/199 [00:00<00:00, 4942.27it/s, Materializing param=encoder.layer.5.attention.self.key.weight]
14726.0s 3766 Loading weights:  46%|████▌     | 91/199 [00:00<00:00, 4929.25it/s, Materializing param=encoder.layer.5.attention.self.key.weight]
14726.0s 3767 Loading weights:  46%|████▌     | 92/199 [00:00<00:00, 4959.85it/s, Materializing param=encoder.layer.5.attention.self.query.bias]
14726.0s 3768 Loading weights:  46%|████▌     | 92/199 [00:00<00:00, 4945.04it/s, Materializing param=encoder.layer.5.attention.self.query.bias]
14726.0s 3769 Loading weights:  47%|████▋     | 93/199 [00:00<00:00, 4974.88it/s, Materializing param=encoder.layer.5.attention.self.query.weight]
14726.0s 3770 Loading weights:  47%|████▋     | 93/199 [00:00<00:00, 4961.53it/s, Materializing param=encoder.layer.5.attention.self.query.weight]
14726.0s 3771 Loading weights:  47%|████▋     | 94/199 [00:00<00:00, 4987.98it/s, Materializing param=encoder.layer.5.attention.self.value.bias]
14726.0s 3772 Loading weights:  47%|████▋     | 94/199 [00:00<00:00, 4974.26it/s, Materializing param=encoder.layer.5.attention.self.value.bias]
14726.0s 3773 Loading weights:  48%|████▊     | 95/199 [00:00<00:00, 5003.75it/s, Materializing param=encoder.layer.5.attention.self.value.weight]
14726.0s 3774 Loading weights:  48%|████▊     | 95/199 [00:00<00:00, 4990.72it/s, Materializing param=encoder.layer.5.attention.self.value.weight]
14726.0s 3775 Loading weights:  48%|████▊     | 96/199 [00:00<00:00, 5019.86it/s, Materializing param=encoder.layer.5.intermediate.dense.bias]
14726.0s 3776 Loading weights:  48%|████▊     | 96/199 [00:00<00:00, 5007.13it/s, Materializing param=encoder.layer.5.intermediate.dense.bias]
14726.0s 3777 Loading weights:  49%|████▊     | 97/199 [00:00<00:00, 5037.05it/s, Materializing param=encoder.layer.5.intermediate.dense.weight]
14726.0s 3778 Loading weights:  49%|████▊     | 97/199 [00:00<00:00, 5024.42it/s, Materializing param=encoder.layer.5.intermediate.dense.weight]
14726.0s 3779 Loading weights:  49%|████▉     | 98/199 [00:00<00:00, 5053.94it/s, Materializing param=encoder.layer.5.output.LayerNorm.bias]
14726.0s 3780 Loading weights:  49%|████▉     | 98/199 [00:00<00:00, 5041.48it/s, Materializing param=encoder.layer.5.output.LayerNorm.bias]
14726.0s 3781 Loading weights:  50%|████▉     | 99/199 [00:00<00:00, 5070.22it/s, Materializing param=encoder.layer.5.output.LayerNorm.weight]
14726.0s 3782 Loading weights:  50%|████▉     | 99/199 [00:00<00:00, 5055.65it/s, Materializing param=encoder.layer.5.output.LayerNorm.weight]
14726.0s 3783 Loading weights:  50%|█████     | 100/199 [00:00<00:00, 5083.45it/s, Materializing param=encoder.layer.5.output.dense.bias]
14726.0s 3784 Loading weights:  50%|█████     | 100/199 [00:00<00:00, 5070.91it/s, Materializing param=encoder.layer.5.output.dense.bias]
14726.0s 3785 Loading weights:  51%|█████     | 101/199 [00:00<00:00, 5096.54it/s, Materializing param=encoder.layer.5.output.dense.weight]
14726.0s 3786 Loading weights:  51%|█████     | 101/199 [00:00<00:00, 5083.76it/s, Materializing param=encoder.layer.5.output.dense.weight]
14726.0s 3787 Loading weights:  51%|█████▏    | 102/199 [00:00<00:00, 5111.70it/s, Materializing param=encoder.layer.6.attention.output.LayerNorm.bias]
14726.0s 3788 Loading weights:  51%|█████▏    | 102/199 [00:00<00:00, 5098.67it/s, Materializing param=encoder.layer.6.attention.output.LayerNorm.bias]
14726.0s 3789 Loading weights:  52%|█████▏    | 103/199 [00:00<00:00, 5125.26it/s, Materializing param=encoder.layer.6.attention.output.LayerNorm.weight]
14726.0s 3790 Loading weights:  52%|█████▏    | 103/199 [00:00<00:00, 5112.46it/s, Materializing param=encoder.layer.6.attention.output.LayerNorm.weight]
14726.0s 3791 Loading weights:  52%|█████▏    | 104/199 [00:00<00:00, 5139.72it/s, Materializing param=encoder.layer.6.attention.output.dense.bias]
14726.0s 3792 Loading weights:  52%|█████▏    | 104/199 [00:00<00:00, 5127.27it/s, Materializing param=encoder.layer.6.attention.output.dense.bias]
14726.0s 3793 Loading weights:  53%|█████▎    | 105/199 [00:00<00:00, 5153.97it/s, Materializing param=encoder.layer.6.attention.output.dense.weight]
14726.0s 3794 Loading weights:  53%|█████▎    | 105/199 [00:00<00:00, 5141.46it/s, Materializing param=encoder.layer.6.attention.output.dense.weight]
14726.0s 3795 Loading weights:  53%|█████▎    | 106/199 [00:00<00:00, 5167.98it/s, Materializing param=encoder.layer.6.attention.self.key.bias]
14726.0s 3796 Loading weights:  53%|█████▎    | 106/199 [00:00<00:00, 5155.58it/s, Materializing param=encoder.layer.6.attention.self.key.bias]
14726.0s 3797 Loading weights:  54%|█████▍    | 107/199 [00:00<00:00, 5180.01it/s, Materializing param=encoder.layer.6.attention.self.key.weight]
14726.0s 3798 Loading weights:  54%|█████▍    | 107/199 [00:00<00:00, 5167.78it/s, Materializing param=encoder.layer.6.attention.self.key.weight]
14726.0s 3799 Loading weights:  54%|█████▍    | 108/199 [00:00<00:00, 5194.01it/s, Materializing param=encoder.layer.6.attention.self.query.bias]
14726.0s 3800 Loading weights:  54%|█████▍    | 108/199 [00:00<00:00, 5177.68it/s, Materializing param=encoder.layer.6.attention.self.query.bias]
14726.0s 3801 Loading weights:  55%|█████▍    | 109/199 [00:00<00:00, 5202.55it/s, Materializing param=encoder.layer.6.attention.self.query.weight]
14726.0s 3802 Loading weights:  55%|█████▍    | 109/199 [00:00<00:00, 5190.20it/s, Materializing param=encoder.layer.6.attention.self.query.weight]
14726.0s 3803 Loading weights:  55%|█████▌    | 110/199 [00:00<00:00, 5215.79it/s, Materializing param=encoder.layer.6.attention.self.value.bias]
14726.0s 3804 Loading weights:  55%|█████▌    | 110/199 [00:00<00:00, 5203.62it/s, Materializing param=encoder.layer.6.attention.self.value.bias]
14726.0s 3805 Loading weights:  56%|█████▌    | 111/199 [00:00<00:00, 5229.22it/s, Materializing param=encoder.layer.6.attention.self.value.weight]
14726.0s 3806 Loading weights:  56%|█████▌    | 111/199 [00:00<00:00, 5217.21it/s, Materializing param=encoder.layer.6.attention.self.value.weight]
14726.0s 3807 Loading weights:  56%|█████▋    | 112/199 [00:00<00:00, 5242.47it/s, Materializing param=encoder.layer.6.intermediate.dense.bias]
14726.0s 3808 Loading weights:  56%|█████▋    | 112/199 [00:00<00:00, 5230.45it/s, Materializing param=encoder.layer.6.intermediate.dense.bias]
14726.0s 3809 Loading weights:  57%|█████▋    | 113/199 [00:00<00:00, 5256.02it/s, Materializing param=encoder.layer.6.intermediate.dense.weight]
14726.0s 3810 Loading weights:  57%|█████▋    | 113/199 [00:00<00:00, 5244.10it/s, Materializing param=encoder.layer.6.intermediate.dense.weight]
14726.0s 3811 Loading weights:  57%|█████▋    | 114/199 [00:00<00:00, 5267.72it/s, Materializing param=encoder.layer.6.output.LayerNorm.bias]
14726.0s 3812 Loading weights:  57%|█████▋    | 114/199 [00:00<00:00, 5255.56it/s, Materializing param=encoder.layer.6.output.LayerNorm.bias]
14726.0s 3813 Loading weights:  58%|█████▊    | 115/199 [00:00<00:00, 5280.65it/s, Materializing param=encoder.layer.6.output.LayerNorm.weight]
14726.0s 3814 Loading weights:  58%|█████▊    | 115/199 [00:00<00:00, 5266.06it/s, Materializing param=encoder.layer.6.output.LayerNorm.weight]
14726.0s 3815 Loading weights:  58%|█████▊    | 116/199 [00:00<00:00, 5290.20it/s, Materializing param=encoder.layer.6.output.dense.bias]
14726.0s 3816 Loading weights:  58%|█████▊    | 116/199 [00:00<00:00, 5278.49it/s, Materializing param=encoder.layer.6.output.dense.bias]
14726.0s 3817 Loading weights:  59%|█████▉    | 117/199 [00:00<00:00, 5303.97it/s, Materializing param=encoder.layer.6.output.dense.weight]
14726.0s 3818 Loading weights:  59%|█████▉    | 117/199 [00:00<00:00, 5292.58it/s, Materializing param=encoder.layer.6.output.dense.weight]
14726.0s 3819 Loading weights:  59%|█████▉    | 118/199 [00:00<00:00, 5315.86it/s, Materializing param=encoder.layer.7.attention.output.LayerNorm.bias]
14726.0s 3820 Loading weights:  59%|█████▉    | 118/199 [00:00<00:00, 5304.01it/s, Materializing param=encoder.layer.7.attention.output.LayerNorm.bias]
14726.0s 3821 Loading weights:  60%|█████▉    | 119/199 [00:00<00:00, 5327.78it/s, Materializing param=encoder.layer.7.attention.output.LayerNorm.weight]
14726.0s 3822 Loading weights:  60%|█████▉    | 119/199 [00:00<00:00, 5315.69it/s, Materializing param=encoder.layer.7.attention.output.LayerNorm.weight]
14726.0s 3823 Loading weights:  60%|██████    | 120/199 [00:00<00:00, 5339.09it/s, Materializing param=encoder.layer.7.attention.output.dense.bias]
14726.0s 3824 Loading weights:  60%|██████    | 120/199 [00:00<00:00, 5327.23it/s, Materializing param=encoder.layer.7.attention.output.dense.bias]
14726.0s 3825 Loading weights:  61%|██████    | 121/199 [00:00<00:00, 5348.92it/s, Materializing param=encoder.layer.7.attention.output.dense.weight]
14726.0s 3826 Loading weights:  61%|██████    | 121/199 [00:00<00:00, 5336.88it/s, Materializing param=encoder.layer.7.attention.output.dense.weight]
14726.0s 3827 Loading weights:  61%|██████▏   | 122/199 [00:00<00:00, 5360.41it/s, Materializing param=encoder.layer.7.attention.self.key.bias]
14726.0s 3828 Loading weights:  61%|██████▏   | 122/199 [00:00<00:00, 5346.58it/s, Materializing param=encoder.layer.7.attention.self.key.bias]
14726.0s 3829 Loading weights:  62%|██████▏   | 123/199 [00:00<00:00, 5368.81it/s, Materializing param=encoder.layer.7.attention.self.key.weight]
14726.0s 3830 Loading weights:  62%|██████▏   | 123/199 [00:00<00:00, 5357.32it/s, Materializing param=encoder.layer.7.attention.self.key.weight]
14726.0s 3831 Loading weights:  62%|██████▏   | 124/199 [00:00<00:00, 5380.87it/s, Materializing param=encoder.layer.7.attention.self.query.bias]
14726.0s 3832 Loading weights:  62%|██████▏   | 124/199 [00:00<00:00, 5369.54it/s, Materializing param=encoder.layer.7.attention.self.query.bias]
14726.0s 3833 Loading weights:  63%|██████▎   | 125/199 [00:00<00:00, 5392.25it/s, Materializing param=encoder.layer.7.attention.self.query.weight]
14726.0s 3834 Loading weights:  63%|██████▎   | 125/199 [00:00<00:00, 5380.73it/s, Materializing param=encoder.layer.7.attention.self.query.weight]
14726.0s 3835 Loading weights:  63%|██████▎   | 126/199 [00:00<00:00, 5398.18it/s, Materializing param=encoder.layer.7.attention.self.value.bias]
14726.0s 3836 Loading weights:  63%|██████▎   | 126/199 [00:00<00:00, 5386.08it/s, Materializing param=encoder.layer.7.attention.self.value.bias]
14726.0s 3837 Loading weights:  64%|██████▍   | 127/199 [00:00<00:00, 5407.72it/s, Materializing param=encoder.layer.7.attention.self.value.weight]
14726.0s 3838 Loading weights:  64%|██████▍   | 127/199 [00:00<00:00, 5395.83it/s, Materializing param=encoder.layer.7.attention.self.value.weight]
14726.0s 3839 Loading weights:  64%|██████▍   | 128/199 [00:00<00:00, 5415.01it/s, Materializing param=encoder.layer.7.intermediate.dense.bias]
14726.0s 3840 Loading weights:  64%|██████▍   | 128/199 [00:00<00:00, 5402.64it/s, Materializing param=encoder.layer.7.intermediate.dense.bias]
14726.0s 3841 Loading weights:  65%|██████▍   | 129/199 [00:00<00:00, 5423.83it/s, Materializing param=encoder.layer.7.intermediate.dense.weight]
14726.0s 3842 Loading weights:  65%|██████▍   | 129/199 [00:00<00:00, 5408.92it/s, Materializing param=encoder.layer.7.intermediate.dense.weight]
14726.0s 3843 Loading weights:  65%|██████▌   | 130/199 [00:00<00:00, 5429.14it/s, Materializing param=encoder.layer.7.output.LayerNorm.bias]
14726.0s 3844 Loading weights:  65%|██████▌   | 130/199 [00:00<00:00, 5417.33it/s, Materializing param=encoder.layer.7.output.LayerNorm.bias]
14726.0s 3845 Loading weights:  66%|██████▌   | 131/199 [00:00<00:00, 5438.31it/s, Materializing param=encoder.layer.7.output.LayerNorm.weight]
14726.0s 3846 Loading weights:  66%|██████▌   | 131/199 [00:00<00:00, 5424.72it/s, Materializing param=encoder.layer.7.output.LayerNorm.weight]
14726.0s 3847 Loading weights:  66%|██████▋   | 132/199 [00:00<00:00, 5447.31it/s, Materializing param=encoder.layer.7.output.dense.bias]
14726.0s 3848 Loading weights:  66%|██████▋   | 132/199 [00:00<00:00, 5436.72it/s, Materializing param=encoder.layer.7.output.dense.bias]
14726.0s 3849 Loading weights:  67%|██████▋   | 133/199 [00:00<00:00, 5459.46it/s, Materializing param=encoder.layer.7.output.dense.weight]
14726.0s 3850 Loading weights:  67%|██████▋   | 133/199 [00:00<00:00, 5448.90it/s, Materializing param=encoder.layer.7.output.dense.weight]
14726.0s 3851 Loading weights:  67%|██████▋   | 134/199 [00:00<00:00, 5471.01it/s, Materializing param=encoder.layer.8.attention.output.LayerNorm.bias]
14726.0s 3852 Loading weights:  67%|██████▋   | 134/199 [00:00<00:00, 5460.06it/s, Materializing param=encoder.layer.8.attention.output.LayerNorm.bias]
14726.0s 3853 Loading weights:  68%|██████▊   | 135/199 [00:00<00:00, 5475.91it/s, Materializing param=encoder.layer.8.attention.output.LayerNorm.weight]
14726.0s 3854 Loading weights:  68%|██████▊   | 135/199 [00:00<00:00, 5464.39it/s, Materializing param=encoder.layer.8.attention.output.LayerNorm.weight]
14726.0s 3855 Loading weights:  68%|██████▊   | 136/199 [00:00<00:00, 5484.91it/s, Materializing param=encoder.layer.8.attention.output.dense.bias]
14726.0s 3856 Loading weights:  68%|██████▊   | 136/199 [00:00<00:00, 5470.50it/s, Materializing param=encoder.layer.8.attention.output.dense.bias]
14726.0s 3857 Loading weights:  69%|██████▉   | 137/199 [00:00<00:00, 5490.50it/s, Materializing param=encoder.layer.8.attention.output.dense.weight]
14726.0s 3858 Loading weights:  69%|██████▉   | 137/199 [00:00<00:00, 5479.77it/s, Materializing param=encoder.layer.8.attention.output.dense.weight]
14726.0s 3859 Loading weights:  69%|██████▉   | 138/199 [00:00<00:00, 5500.73it/s, Materializing param=encoder.layer.8.attention.self.key.bias]
14726.0s 3860 Loading weights:  69%|██████▉   | 138/199 [00:00<00:00, 5489.93it/s, Materializing param=encoder.layer.8.attention.self.key.bias]
14726.0s 3861 Loading weights:  70%|██████▉   | 139/199 [00:00<00:00, 5510.58it/s, Materializing param=encoder.layer.8.attention.self.key.weight]
14726.0s 3862 Loading weights:  70%|██████▉   | 139/199 [00:00<00:00, 5499.87it/s, Materializing param=encoder.layer.8.attention.self.key.weight]
14726.0s 3863 Loading weights:  70%|███████   | 140/199 [00:00<00:00, 5520.48it/s, Materializing param=encoder.layer.8.attention.self.query.bias]
14726.0s 3864 Loading weights:  70%|███████   | 140/199 [00:00<00:00, 5509.81it/s, Materializing param=encoder.layer.8.attention.self.query.bias]
14726.0s 3865 Loading weights:  71%|███████   | 141/199 [00:00<00:00, 5530.12it/s, Materializing param=encoder.layer.8.attention.self.query.weight]
14726.0s 3866 Loading weights:  71%|███████   | 141/199 [00:00<00:00, 5519.54it/s, Materializing param=encoder.layer.8.attention.self.query.weight]
14726.0s 3867 Loading weights:  71%|███████▏  | 142/199 [00:00<00:00, 5538.12it/s, Materializing param=encoder.layer.8.attention.self.value.bias]
14726.0s 3868 Loading weights:  71%|███████▏  | 142/199 [00:00<00:00, 5527.32it/s, Materializing param=encoder.layer.8.attention.self.value.bias]
14726.0s 3869 Loading weights:  72%|███████▏  | 143/199 [00:00<00:00, 5539.57it/s, Materializing param=encoder.layer.8.attention.self.value.weight]
14726.0s 3870 Loading weights:  72%|███████▏  | 143/199 [00:00<00:00, 5526.04it/s, Materializing param=encoder.layer.8.attention.self.value.weight]
14726.0s 3871 Loading weights:  72%|███████▏  | 144/199 [00:00<00:00, 5545.07it/s, Materializing param=encoder.layer.8.intermediate.dense.bias]
14726.0s 3872 Loading weights:  72%|███████▏  | 144/199 [00:00<00:00, 5534.45it/s, Materializing param=encoder.layer.8.intermediate.dense.bias]
14726.0s 3873 Loading weights:  73%|███████▎  | 145/199 [00:00<00:00, 5554.51it/s, Materializing param=encoder.layer.8.intermediate.dense.weight]
14726.0s 3874 Loading weights:  73%|███████▎  | 145/199 [00:00<00:00, 5543.98it/s, Materializing param=encoder.layer.8.intermediate.dense.weight]
14726.0s 3875 Loading weights:  73%|███████▎  | 146/199 [00:00<00:00, 5564.05it/s, Materializing param=encoder.layer.8.output.LayerNorm.bias]
14726.0s 3876 Loading weights:  73%|███████▎  | 146/199 [00:00<00:00, 5553.76it/s, Materializing param=encoder.layer.8.output.LayerNorm.bias]
14726.0s 3877 Loading weights:  74%|███████▍  | 147/199 [00:00<00:00, 5573.65it/s, Materializing param=encoder.layer.8.output.LayerNorm.weight]
14726.0s 3878 Loading weights:  74%|███████▍  | 147/199 [00:00<00:00, 5563.34it/s, Materializing param=encoder.layer.8.output.LayerNorm.weight]
14726.0s 3879 Loading weights:  74%|███████▍  | 148/199 [00:00<00:00, 5583.15it/s, Materializing param=encoder.layer.8.output.dense.bias]
14726.0s 3880 Loading weights:  74%|███████▍  | 148/199 [00:00<00:00, 5573.03it/s, Materializing param=encoder.layer.8.output.dense.bias]
14726.0s 3881 Loading weights:  75%|███████▍  | 149/199 [00:00<00:00, 5591.45it/s, Materializing param=encoder.layer.8.output.dense.weight]
14726.0s 3882 Loading weights:  75%|███████▍  | 149/199 [00:00<00:00, 5580.52it/s, Materializing param=encoder.layer.8.output.dense.weight]
14726.0s 3883 Loading weights:  75%|███████▌  | 150/199 [00:00<00:00, 5600.12it/s, Materializing param=encoder.layer.9.attention.output.LayerNorm.bias]
14726.0s 3884 Loading weights:  75%|███████▌  | 150/199 [00:00<00:00, 5587.19it/s, Materializing param=encoder.layer.9.attention.output.LayerNorm.bias]
14726.0s 3885 Loading weights:  76%|███████▌  | 151/199 [00:00<00:00, 5605.22it/s, Materializing param=encoder.layer.9.attention.output.LayerNorm.weight]
14726.0s 3886 Loading weights:  76%|███████▌  | 151/199 [00:00<00:00, 5593.49it/s, Materializing param=encoder.layer.9.attention.output.LayerNorm.weight]
14726.0s 3887 Loading weights:  76%|███████▋  | 152/199 [00:00<00:00, 5611.45it/s, Materializing param=encoder.layer.9.attention.output.dense.bias]
14726.0s 3888 Loading weights:  76%|███████▋  | 152/199 [00:00<00:00, 5601.20it/s, Materializing param=encoder.layer.9.attention.output.dense.bias]
14726.0s 3889 Loading weights:  77%|███████▋  | 153/199 [00:00<00:00, 5619.59it/s, Materializing param=encoder.layer.9.attention.output.dense.weight]
14726.0s 3890 Loading weights:  77%|███████▋  | 153/199 [00:00<00:00, 5609.47it/s, Materializing param=encoder.layer.9.attention.output.dense.weight]
14726.0s 3891 Loading weights:  77%|███████▋  | 154/199 [00:00<00:00, 5628.12it/s, Materializing param=encoder.layer.9.attention.self.key.bias]
14726.0s 3892 Loading weights:  77%|███████▋  | 154/199 [00:00<00:00, 5618.09it/s, Materializing param=encoder.layer.9.attention.self.key.bias]
14726.0s 3893 Loading weights:  78%|███████▊  | 155/199 [00:00<00:00, 5636.33it/s, Materializing param=encoder.layer.9.attention.self.key.weight]
14726.0s 3894 Loading weights:  78%|███████▊  | 155/199 [00:00<00:00, 5626.19it/s, Materializing param=encoder.layer.9.attention.self.key.weight]
14726.0s 3895 Loading weights:  78%|███████▊  | 156/199 [00:00<00:00, 5643.10it/s, Materializing param=encoder.layer.9.attention.self.query.bias]
14726.0s 3896 Loading weights:  78%|███████▊  | 156/199 [00:00<00:00, 5633.09it/s, Materializing param=encoder.layer.9.attention.self.query.bias]
14726.0s 3897 Loading weights:  79%|███████▉  | 157/199 [00:00<00:00, 5651.10it/s, Materializing param=encoder.layer.9.attention.self.query.weight]
14726.0s 3898 Loading weights:  79%|███████▉  | 157/199 [00:00<00:00, 5638.66it/s, Materializing param=encoder.layer.9.attention.self.query.weight]
14726.0s 3899 Loading weights:  79%|███████▉  | 158/199 [00:00<00:00, 5656.03it/s, Materializing param=encoder.layer.9.attention.self.value.bias]
14726.0s 3900 Loading weights:  79%|███████▉  | 158/199 [00:00<00:00, 5646.01it/s, Materializing param=encoder.layer.9.attention.self.value.bias]
14726.0s 3901 Loading weights:  80%|███████▉  | 159/199 [00:00<00:00, 5662.54it/s, Materializing param=encoder.layer.9.attention.self.value.weight]
14726.0s 3902 Loading weights:  80%|███████▉  | 159/199 [00:00<00:00, 5652.32it/s, Materializing param=encoder.layer.9.attention.self.value.weight]
14726.0s 3903 Loading weights:  80%|████████  | 160/199 [00:00<00:00, 5669.75it/s, Materializing param=encoder.layer.9.intermediate.dense.bias]
14726.0s 3904 Loading weights:  80%|████████  | 160/199 [00:00<00:00, 5659.95it/s, Materializing param=encoder.layer.9.intermediate.dense.bias]
14726.0s 3905 Loading weights:  81%|████████  | 161/199 [00:00<00:00, 5677.89it/s, Materializing param=encoder.layer.9.intermediate.dense.weight]
14726.0s 3906 Loading weights:  81%|████████  | 161/199 [00:00<00:00, 5667.88it/s, Materializing param=encoder.layer.9.intermediate.dense.weight]
14726.0s 3907 Loading weights:  81%|████████▏ | 162/199 [00:00<00:00, 5685.81it/s, Materializing param=encoder.layer.9.output.LayerNorm.bias]
14726.0s 3908 Loading weights:  81%|████████▏ | 162/199 [00:00<00:00, 5675.79it/s, Materializing param=encoder.layer.9.output.LayerNorm.bias]
14726.0s 3909 Loading weights:  82%|████████▏ | 163/199 [00:00<00:00, 5692.23it/s, Materializing param=encoder.layer.9.output.LayerNorm.weight]
14726.0s 3910 Loading weights:  82%|████████▏ | 163/199 [00:00<00:00, 5682.39it/s, Materializing param=encoder.layer.9.output.LayerNorm.weight]
14726.0s 3911 Loading weights:  82%|████████▏ | 164/199 [00:00<00:00, 5699.96it/s, Materializing param=encoder.layer.9.output.dense.bias]
14726.0s 3912 Loading weights:  82%|████████▏ | 164/199 [00:00<00:00, 5687.94it/s, Materializing param=encoder.layer.9.output.dense.bias]
14726.0s 3913 Loading weights:  83%|████████▎ | 165/199 [00:00<00:00, 5704.94it/s, Materializing param=encoder.layer.9.output.dense.weight]
14726.0s 3914 Loading weights:  83%|████████▎ | 165/199 [00:00<00:00, 5695.41it/s, Materializing param=encoder.layer.9.output.dense.weight]
14726.0s 3915 Loading weights:  83%|████████▎ | 166/199 [00:00<00:00, 5712.90it/s, Materializing param=encoder.layer.10.attention.output.LayerNorm.bias]
14726.0s 3916 Loading weights:  83%|████████▎ | 166/199 [00:00<00:00, 5703.08it/s, Materializing param=encoder.layer.10.attention.output.LayerNorm.bias]
14726.0s 3917 Loading weights:  84%|████████▍ | 167/199 [00:00<00:00, 5719.91it/s, Materializing param=encoder.layer.10.attention.output.LayerNorm.weight]
14726.0s 3918 Loading weights:  84%|████████▍ | 167/199 [00:00<00:00, 5710.12it/s, Materializing param=encoder.layer.10.attention.output.LayerNorm.weight]
14726.0s 3919 Loading weights:  84%|████████▍ | 168/199 [00:00<00:00, 5727.27it/s, Materializing param=encoder.layer.10.attention.output.dense.bias]
14726.0s 3920 Loading weights:  84%|████████▍ | 168/199 [00:00<00:00, 5717.46it/s, Materializing param=encoder.layer.10.attention.output.dense.bias]
14726.0s 3921 Loading weights:  85%|████████▍ | 169/199 [00:00<00:00, 5734.56it/s, Materializing param=encoder.layer.10.attention.output.dense.weight]
14726.0s 3922 Loading weights:  85%|████████▍ | 169/199 [00:00<00:00, 5724.88it/s, Materializing param=encoder.layer.10.attention.output.dense.weight]
14726.0s 3923 Loading weights:  85%|████████▌ | 170/199 [00:00<00:00, 5740.07it/s, Materializing param=encoder.layer.10.attention.self.key.bias]
14726.0s 3924 Loading weights:  85%|████████▌ | 170/199 [00:00<00:00, 5730.48it/s, Materializing param=encoder.layer.10.attention.self.key.bias]
14726.0s 3925 Loading weights:  86%|████████▌ | 171/199 [00:00<00:00, 5746.96it/s, Materializing param=encoder.layer.10.attention.self.key.weight]
14726.0s 3926 Loading weights:  86%|████████▌ | 171/199 [00:00<00:00, 5735.10it/s, Materializing param=encoder.layer.10.attention.self.key.weight]
14726.0s 3927 Loading weights:  86%|████████▋ | 172/199 [00:00<00:00, 5750.34it/s, Materializing param=encoder.layer.10.attention.self.query.bias]
14726.0s 3928 Loading weights:  86%|████████▋ | 172/199 [00:00<00:00, 5740.96it/s, Materializing param=encoder.layer.10.attention.self.query.bias]
14726.0s 3929 Loading weights:  87%|████████▋ | 173/199 [00:00<00:00, 5757.48it/s, Materializing param=encoder.layer.10.attention.self.query.weight]
14726.0s 3930 Loading weights:  87%|████████▋ | 173/199 [00:00<00:00, 5748.08it/s, Materializing param=encoder.layer.10.attention.self.query.weight]
14726.0s 3931 Loading weights:  87%|████████▋ | 174/199 [00:00<00:00, 5764.55it/s, Materializing param=encoder.layer.10.attention.self.value.bias]
14726.0s 3932 Loading weights:  87%|████████▋ | 174/199 [00:00<00:00, 5755.09it/s, Materializing param=encoder.layer.10.attention.self.value.bias]
14726.0s 3933 Loading weights:  88%|████████▊ | 175/199 [00:00<00:00, 5771.28it/s, Materializing param=encoder.layer.10.attention.self.value.weight]
14726.0s 3934 Loading weights:  88%|████████▊ | 175/199 [00:00<00:00, 5761.86it/s, Materializing param=encoder.layer.10.attention.self.value.weight]
14726.0s 3935 Loading weights:  88%|████████▊ | 176/199 [00:00<00:00, 5777.91it/s, Materializing param=encoder.layer.10.intermediate.dense.bias]
14726.0s 3936 Loading weights:  88%|████████▊ | 176/199 [00:00<00:00, 5768.57it/s, Materializing param=encoder.layer.10.intermediate.dense.bias]
14726.0s 3937 Loading weights:  89%|████████▉ | 177/199 [00:00<00:00, 5783.67it/s, Materializing param=encoder.layer.10.intermediate.dense.weight]
14726.0s 3938 Loading weights:  89%|████████▉ | 177/199 [00:00<00:00, 5774.22it/s, Materializing param=encoder.layer.10.intermediate.dense.weight]
14726.0s 3939 Loading weights:  89%|████████▉ | 178/199 [00:00<00:00, 5790.63it/s, Materializing param=encoder.layer.10.output.LayerNorm.bias]
14726.0s 3940 Loading weights:  89%|████████▉ | 178/199 [00:00<00:00, 5781.48it/s, Materializing param=encoder.layer.10.output.LayerNorm.bias]
14726.0s 3941 Loading weights:  90%|████████▉ | 179/199 [00:00<00:00, 5794.98it/s, Materializing param=encoder.layer.10.output.LayerNorm.weight]
14726.0s 3942 Loading weights:  90%|████████▉ | 179/199 [00:00<00:00, 5785.83it/s, Materializing param=encoder.layer.10.output.LayerNorm.weight]
14726.0s 3943 Loading weights:  90%|█████████ | 180/199 [00:00<00:00, 5802.23it/s, Materializing param=encoder.layer.10.output.dense.bias]
14726.0s 3944 Loading weights:  90%|█████████ | 180/199 [00:00<00:00, 5793.28it/s, Materializing param=encoder.layer.10.output.dense.bias]
14726.0s 3945 Loading weights:  91%|█████████ | 181/199 [00:00<00:00, 5809.77it/s, Materializing param=encoder.layer.10.output.dense.weight]
14726.0s 3946 Loading weights:  91%|█████████ | 181/199 [00:00<00:00, 5800.90it/s, Materializing param=encoder.layer.10.output.dense.weight]
14726.0s 3947 Loading weights:  91%|█████████▏| 182/199 [00:00<00:00, 5817.30it/s, Materializing param=encoder.layer.11.attention.output.LayerNorm.bias]
14726.0s 3948 Loading weights:  91%|█████████▏| 182/199 [00:00<00:00, 5808.05it/s, Materializing param=encoder.layer.11.attention.output.LayerNorm.bias]
14726.0s 3949 Loading weights:  92%|█████████▏| 183/199 [00:00<00:00, 5823.48it/s, Materializing param=encoder.layer.11.attention.output.LayerNorm.weight]
14726.0s 3950 Loading weights:  92%|█████████▏| 183/199 [00:00<00:00, 5814.30it/s, Materializing param=encoder.layer.11.attention.output.LayerNorm.weight]
14726.0s 3951 Loading weights:  92%|█████████▏| 184/199 [00:00<00:00, 5830.00it/s, Materializing param=encoder.layer.11.attention.output.dense.bias]
14726.0s 3952 Loading weights:  92%|█████████▏| 184/199 [00:00<00:00, 5819.76it/s, Materializing param=encoder.layer.11.attention.output.dense.bias]
14726.0s 3953 Loading weights:  93%|█████████▎| 185/199 [00:00<00:00, 5834.88it/s, Materializing param=encoder.layer.11.attention.output.dense.weight]
14726.0s 3954 Loading weights:  93%|█████████▎| 185/199 [00:00<00:00, 5825.90it/s, Materializing param=encoder.layer.11.attention.output.dense.weight]
14726.0s 3955 Loading weights:  93%|█████████▎| 186/199 [00:00<00:00, 5838.76it/s, Materializing param=encoder.layer.11.attention.self.key.bias]
14726.0s 3956 Loading weights:  93%|█████████▎| 186/199 [00:00<00:00, 5829.51it/s, Materializing param=encoder.layer.11.attention.self.key.bias]
14726.0s 3957 Loading weights:  94%|█████████▍| 187/199 [00:00<00:00, 5844.83it/s, Materializing param=encoder.layer.11.attention.self.key.weight]
14726.0s 3958 Loading weights:  94%|█████████▍| 187/199 [00:00<00:00, 5836.00it/s, Materializing param=encoder.layer.11.attention.self.key.weight]
14726.0s 3959 Loading weights:  94%|█████████▍| 188/199 [00:00<00:00, 5851.27it/s, Materializing param=encoder.layer.11.attention.self.query.bias]
14726.0s 3960 Loading weights:  94%|█████████▍| 188/199 [00:00<00:00, 5842.17it/s, Materializing param=encoder.layer.11.attention.self.query.bias]
14726.0s 3961 Loading weights:  95%|█████████▍| 189/199 [00:00<00:00, 5857.49it/s, Materializing param=encoder.layer.11.attention.self.query.weight]
14726.0s 3962 Loading weights:  95%|█████████▍| 189/199 [00:00<00:00, 5848.46it/s, Materializing param=encoder.layer.11.attention.self.query.weight]
14726.0s 3963 Loading weights:  95%|█████████▌| 190/199 [00:00<00:00, 5863.61it/s, Materializing param=encoder.layer.11.attention.self.value.bias]
14726.0s 3964 Loading weights:  95%|█████████▌| 190/199 [00:00<00:00, 5854.39it/s, Materializing param=encoder.layer.11.attention.self.value.bias]
14726.0s 3965 Loading weights:  96%|█████████▌| 191/199 [00:00<00:00, 5869.25it/s, Materializing param=encoder.layer.11.attention.self.value.weight]
14726.0s 3966 Loading weights:  96%|█████████▌| 191/199 [00:00<00:00, 5857.62it/s, Materializing param=encoder.layer.11.attention.self.value.weight]
14726.0s 3967 Loading weights:  96%|█████████▋| 192/199 [00:00<00:00, 5871.55it/s, Materializing param=encoder.layer.11.intermediate.dense.bias]
14726.0s 3968 Loading weights:  96%|█████████▋| 192/199 [00:00<00:00, 5862.61it/s, Materializing param=encoder.layer.11.intermediate.dense.bias]
14726.0s 3969 Loading weights:  97%|█████████▋| 193/199 [00:00<00:00, 5874.67it/s, Materializing param=encoder.layer.11.intermediate.dense.weight]
14726.0s 3970 Loading weights:  97%|█████████▋| 193/199 [00:00<00:00, 5865.48it/s, Materializing param=encoder.layer.11.intermediate.dense.weight]
14726.0s 3971 Loading weights:  97%|█████████▋| 194/199 [00:00<00:00, 5879.94it/s, Materializing param=encoder.layer.11.output.LayerNorm.bias]
14726.0s 3972 Loading weights:  97%|█████████▋| 194/199 [00:00<00:00, 5871.03it/s, Materializing param=encoder.layer.11.output.LayerNorm.bias]
14726.0s 3973 Loading weights:  98%|█████████▊| 195/199 [00:00<00:00, 5885.70it/s, Materializing param=encoder.layer.11.output.LayerNorm.weight]
14726.0s 3974 Loading weights:  98%|█████████▊| 195/199 [00:00<00:00, 5876.91it/s, Materializing param=encoder.layer.11.output.LayerNorm.weight]
14726.0s 3975 Loading weights:  98%|█████████▊| 196/199 [00:00<00:00, 5891.76it/s, Materializing param=encoder.layer.11.output.dense.bias]
14726.0s 3976 Loading weights:  98%|█████████▊| 196/199 [00:00<00:00, 5883.25it/s, Materializing param=encoder.layer.11.output.dense.bias]
14726.0s 3977 Loading weights:  99%|█████████▉| 197/199 [00:00<00:00, 5898.24it/s, Materializing param=encoder.layer.11.output.dense.weight]
14726.0s 3978 Loading weights:  99%|█████████▉| 197/199 [00:00<00:00, 5889.70it/s, Materializing param=encoder.layer.11.output.dense.weight]
14726.0s 3979 Loading weights:  99%|█████████▉| 198/199 [00:00<00:00, 5904.40it/s, Materializing param=pooler.dense.bias]
14726.0s 3980 Loading weights:  99%|█████████▉| 198/199 [00:00<00:00, 5895.06it/s, Materializing param=pooler.dense.bias]
14726.0s 3981 Loading weights: 100%|██████████| 199/199 [00:00<00:00, 5910.19it/s, Materializing param=pooler.dense.weight]
14726.0s 3982 Loading weights: 100%|██████████| 199/199 [00:00<00:00, 5901.96it/s, Materializing param=pooler.dense.weight]
14726.0s 3983 Loading weights: 100%|██████████| 199/199 [00:00<00:00, 5882.32it/s, Materializing param=pooler.dense.weight]
14726.0s 3984 BertModel LOAD REPORT from: google/muril-base-cased
14726.0s 3985 Key                                        | Status     |  |
14726.0s 3986 -------------------------------------------+------------+--+-
14726.0s 3987 cls.predictions.transform.LayerNorm.weight | UNEXPECTED |  |
14726.0s 3988 cls.seq_relationship.bias                  | UNEXPECTED |  |
14726.0s 3989 cls.predictions.transform.dense.weight     | UNEXPECTED |  |
14726.0s 3990 cls.predictions.decoder.bias               | UNEXPECTED |  |
14726.0s 3991 cls.seq_relationship.weight                | UNEXPECTED |  |
14726.0s 3992 cls.predictions.transform.LayerNorm.bias   | UNEXPECTED |  |
14726.0s 3993 bert.embeddings.position_ids               | UNEXPECTED |  |
14726.0s 3994 cls.predictions.bias                       | UNEXPECTED |  |
14726.0s 3995 cls.predictions.transform.dense.bias       | UNEXPECTED |  |
14726.0s 3996 cls.predictions.decoder.weight             | UNEXPECTED |  |
14726.0s 3997 
14726.0s 3998 Notes:
14726.0s 3999 - UNEXPECTED	:can be ignored when loading from different task/architecture; not ok if you expect identical arch.
14871.7s 4000 [s42f4] ep1 359/719 loss 0.3679 val 0.6790 * (0.40s/step)
15017.9s 4001 [s42f4] ep1 718/719 loss 0.5761 val 0.7266 * (0.41s/step)
15030.6s 4002 [s42f4] ep1 719/719 loss 0.8404 val 0.7266 (0.42s/step)
15030.6s 4003 [s42f4] ep1 done 5.1min  best 0.7266
15173.3s 4004 [s42f4] ep2 359/719 loss 0.4262 val 0.7336 * (0.40s/step)
15322.5s 4005 [s42f4] ep2 718/719 loss 0.6920 val 0.7444 * (0.41s/step)
15335.0s 4006 [s42f4] ep2 719/719 loss 0.4398 val 0.7444 (0.42s/step)
15335.0s 4007 [s42f4] ep2 done 5.1min  best 0.7444
15481.9s 4008 [s42f4] ep3 359/719 loss 0.6401 val 0.7561 * (0.41s/step)
15627.2s 4009 [s42f4] ep3 718/719 loss 0.4793 val 0.7606 * (0.41s/step)
15639.7s 4010 [s42f4] ep3 719/719 loss 0.5960 val 0.7606 (0.42s/step)
15639.7s 4011 [s42f4] ep3 done 5.1min  best 0.7606
15783.5s 4012 [s42f4] ep4 359/719 loss 0.4382 val 0.7689 * (0.40s/step)
15930.8s 4013 [s42f4] ep4 718/719 loss 0.3836 val 0.7700 * (0.41s/step)
15943.5s 4014 [s42f4] ep4 719/719 loss 0.3823 val 0.7700 (0.42s/step)
15943.5s 4015 [s42f4] ep4 done 5.1min  best 0.7700
16091.3s 4016 [s42f4] ep5 359/719 loss 0.3449 val 0.7727 * (0.41s/step)
16232.5s 4017 [s42f4] ep5 718/719 loss 0.6549 val 0.7770 * (0.40s/step)
16245.1s 4018 [s42f4] ep5 719/719 loss 0.5717 val 0.7770 (0.42s/step)
16245.1s 4019 [s42f4] ep5 done 5.0min  best 0.7770
16387.7s 4020 [s42f4] ep6 359/719 loss 0.6890 val 0.7799 * (0.40s/step)
16529.6s 4021 [s42f4] ep6 718/719 loss 0.2631 val 0.7785 (0.40s/step)
16549.1s 4022 [s42f4] ep6 719/719 loss 0.6109 val 0.7785 (0.42s/step)
16549.1s 4023 [s42f4] ep6 done 5.1min  best 0.7799
16549.1s 4024 [s42f4] best 0.7799  last 0.7785  (selected: last)
16549.1s 4025 ===== seed 42 fold 5/5 =====
16550.3s 4026 
16550.3s 4027 Loading weights:   0%|          | 0/199 [00:00<?, ?it/s]
16550.3s 4028 Loading weights:   1%|          | 1/199 [00:00<00:00, 32263.88it/s, Materializing param=embeddings.LayerNorm.bias]
16550.3s 4029 Loading weights:   1%|          | 1/199 [00:00<00:00, 2676.65it/s, Materializing param=embeddings.LayerNorm.bias]
16550.3s 4030 Loading weights:   1%|          | 2/199 [00:00<00:00, 3012.07it/s, Materializing param=embeddings.LayerNorm.weight]
16550.3s 4031 Loading weights:   1%|          | 2/199 [00:00<00:00, 2614.09it/s, Materializing param=embeddings.LayerNorm.weight]
16550.3s 4032 Loading weights:   2%|▏         | 3/199 [00:00<00:00, 2513.06it/s, Materializing param=embeddings.position_embeddings.weight]
16550.3s 4033 Loading weights:   2%|▏         | 3/199 [00:00<00:00, 1783.29it/s, Materializing param=embeddings.position_embeddings.weight]
16550.3s 4034 Loading weights:   2%|▏         | 4/199 [00:00<00:00, 2058.81it/s, Materializing param=embeddings.token_type_embeddings.weight]
16550.3s 4035 Loading weights:   2%|▏         | 4/199 [00:00<00:00, 1958.13it/s, Materializing param=embeddings.token_type_embeddings.weight]
16550.3s 4036 Loading weights:   3%|▎         | 5/199 [00:00<00:00, 2137.77it/s, Materializing param=embeddings.word_embeddings.weight]
16550.3s 4037 Loading weights:   3%|▎         | 5/199 [00:00<00:00, 2009.15it/s, Materializing param=embeddings.word_embeddings.weight]
16550.3s 4038 Loading weights:   3%|▎         | 6/199 [00:00<00:00, 1752.98it/s, Materializing param=encoder.layer.0.attention.output.LayerNorm.bias]
16550.3s 4039 Loading weights:   3%|▎         | 6/199 [00:00<00:00, 1623.08it/s, Materializing param=encoder.layer.0.attention.output.LayerNorm.bias]
16550.3s 4040 Loading weights:   4%|▎         | 7/199 [00:00<00:00, 1755.67it/s, Materializing param=encoder.layer.0.attention.output.LayerNorm.weight]
16550.3s 4041 Loading weights:   4%|▎         | 7/199 [00:00<00:00, 1667.24it/s, Materializing param=encoder.layer.0.attention.output.LayerNorm.weight]
16550.3s 4042 Loading weights:   4%|▍         | 8/199 [00:00<00:00, 1790.43it/s, Materializing param=encoder.layer.0.attention.output.dense.bias]
16550.3s 4043 Loading weights:   4%|▍         | 8/199 [00:00<00:00, 1744.17it/s, Materializing param=encoder.layer.0.attention.output.dense.bias]
16550.3s 4044 Loading weights:   5%|▍         | 9/199 [00:00<00:00, 1742.38it/s, Materializing param=encoder.layer.0.attention.output.dense.weight]
16550.3s 4045 Loading weights:   5%|▍         | 9/199 [00:00<00:00, 1715.15it/s, Materializing param=encoder.layer.0.attention.output.dense.weight]
16550.3s 4046 Loading weights:   5%|▌         | 10/199 [00:00<00:00, 1831.09it/s, Materializing param=encoder.layer.0.attention.self.key.bias]
16550.3s 4047 Loading weights:   5%|▌         | 10/199 [00:00<00:00, 1797.20it/s, Materializing param=encoder.layer.0.attention.self.key.bias]
16550.3s 4048 Loading weights:   6%|▌         | 11/199 [00:00<00:00, 1893.12it/s, Materializing param=encoder.layer.0.attention.self.key.weight]
16550.3s 4049 Loading weights:   6%|▌         | 11/199 [00:00<00:00, 1866.93it/s, Materializing param=encoder.layer.0.attention.self.key.weight]
16550.3s 4050 Loading weights:   6%|▌         | 12/199 [00:00<00:00, 1646.01it/s, Materializing param=encoder.layer.0.attention.self.query.bias]
16550.3s 4051 Loading weights:   6%|▌         | 12/199 [00:00<00:00, 1545.24it/s, Materializing param=encoder.layer.0.attention.self.query.bias]
16550.3s 4052 Loading weights:   7%|▋         | 13/199 [00:00<00:00, 1191.15it/s, Materializing param=encoder.layer.0.attention.self.query.weight]
16550.3s 4053 Loading weights:   7%|▋         | 13/199 [00:00<00:00, 1182.39it/s, Materializing param=encoder.layer.0.attention.self.query.weight]
16550.3s 4054 Loading weights:   7%|▋         | 14/199 [00:00<00:00, 1260.58it/s, Materializing param=encoder.layer.0.attention.self.value.bias]
16550.3s 4055 Loading weights:   7%|▋         | 14/199 [00:00<00:00, 1254.04it/s, Materializing param=encoder.layer.0.attention.self.value.bias]
16550.3s 4056 Loading weights:   8%|▊         | 15/199 [00:00<00:00, 1331.92it/s, Materializing param=encoder.layer.0.attention.self.value.weight]
16550.3s 4057 Loading weights:   8%|▊         | 15/199 [00:00<00:00, 1325.52it/s, Materializing param=encoder.layer.0.attention.self.value.weight]
16550.3s 4058 Loading weights:   8%|▊         | 16/199 [00:00<00:00, 1400.29it/s, Materializing param=encoder.layer.0.intermediate.dense.bias]
16550.3s 4059 Loading weights:   8%|▊         | 16/199 [00:00<00:00, 1393.63it/s, Materializing param=encoder.layer.0.intermediate.dense.bias]
16550.3s 4060 Loading weights:   9%|▊         | 17/199 [00:00<00:00, 1468.93it/s, Materializing param=encoder.layer.0.intermediate.dense.weight]
16550.3s 4061 Loading weights:   9%|▊         | 17/199 [00:00<00:00, 1455.26it/s, Materializing param=encoder.layer.0.intermediate.dense.weight]
16550.3s 4062 Loading weights:   9%|▉         | 18/199 [00:00<00:00, 1525.20it/s, Materializing param=encoder.layer.0.output.LayerNorm.bias]
16550.3s 4063 Loading weights:   9%|▉         | 18/199 [00:00<00:00, 1518.24it/s, Materializing param=encoder.layer.0.output.LayerNorm.bias]
16550.3s 4064 Loading weights:  10%|▉         | 19/199 [00:00<00:00, 1588.81it/s, Materializing param=encoder.layer.0.output.LayerNorm.weight]
16550.3s 4065 Loading weights:  10%|▉         | 19/199 [00:00<00:00, 1582.19it/s, Materializing param=encoder.layer.0.output.LayerNorm.weight]
16550.3s 4066 Loading weights:  10%|█         | 20/199 [00:00<00:00, 1653.22it/s, Materializing param=encoder.layer.0.output.dense.bias]
16550.3s 4067 Loading weights:  10%|█         | 20/199 [00:00<00:00, 1646.54it/s, Materializing param=encoder.layer.0.output.dense.bias]
16550.3s 4068 Loading weights:  11%|█         | 21/199 [00:00<00:00, 1716.53it/s, Materializing param=encoder.layer.0.output.dense.weight]
16550.3s 4069 Loading weights:  11%|█         | 21/199 [00:00<00:00, 1709.54it/s, Materializing param=encoder.layer.0.output.dense.weight]
16550.3s 4070 Loading weights:  11%|█         | 22/199 [00:00<00:00, 1777.49it/s, Materializing param=encoder.layer.1.attention.output.LayerNorm.bias]
16550.3s 4071 Loading weights:  11%|█         | 22/199 [00:00<00:00, 1770.05it/s, Materializing param=encoder.layer.1.attention.output.LayerNorm.bias]
16550.3s 4072 Loading weights:  12%|█▏        | 23/199 [00:00<00:00, 1836.87it/s, Materializing param=encoder.layer.1.attention.output.LayerNorm.weight]
16550.3s 4073 Loading weights:  12%|█▏        | 23/199 [00:00<00:00, 1829.63it/s, Materializing param=encoder.layer.1.attention.output.LayerNorm.weight]
16550.3s 4074 Loading weights:  12%|█▏        | 24/199 [00:00<00:00, 1892.49it/s, Materializing param=encoder.layer.1.attention.output.dense.bias]
16550.3s 4075 Loading weights:  12%|█▏        | 24/199 [00:00<00:00, 1884.66it/s, Materializing param=encoder.layer.1.attention.output.dense.bias]
16550.3s 4076 Loading weights:  13%|█▎        | 25/199 [00:00<00:00, 1949.42it/s, Materializing param=encoder.layer.1.attention.output.dense.weight]
16550.3s 4077 Loading weights:  13%|█▎        | 25/199 [00:00<00:00, 1941.99it/s, Materializing param=encoder.layer.1.attention.output.dense.weight]
16550.3s 4078 Loading weights:  13%|█▎        | 26/199 [00:00<00:00, 2005.88it/s, Materializing param=encoder.layer.1.attention.self.key.bias]
16550.3s 4079 Loading weights:  13%|█▎        | 26/199 [00:00<00:00, 1998.24it/s, Materializing param=encoder.layer.1.attention.self.key.bias]
16550.3s 4080 Loading weights:  14%|█▎        | 27/199 [00:00<00:00, 2061.31it/s, Materializing param=encoder.layer.1.attention.self.key.weight]
16550.3s 4081 Loading weights:  14%|█▎        | 27/199 [00:00<00:00, 2053.68it/s, Materializing param=encoder.layer.1.attention.self.key.weight]
16550.3s 4082 Loading weights:  14%|█▍        | 28/199 [00:00<00:00, 2115.78it/s, Materializing param=encoder.layer.1.attention.self.query.bias]
16550.3s 4083 Loading weights:  14%|█▍        | 28/199 [00:00<00:00, 2108.07it/s, Materializing param=encoder.layer.1.attention.self.query.bias]
16550.3s 4084 Loading weights:  15%|█▍        | 29/199 [00:00<00:00, 2168.22it/s, Materializing param=encoder.layer.1.attention.self.query.weight]
16550.3s 4085 Loading weights:  15%|█▍        | 29/199 [00:00<00:00, 2160.09it/s, Materializing param=encoder.layer.1.attention.self.query.weight]
16550.3s 4086 Loading weights:  15%|█▌        | 30/199 [00:00<00:00, 2219.76it/s, Materializing param=encoder.layer.1.attention.self.value.bias]
16550.3s 4087 Loading weights:  15%|█▌        | 30/199 [00:00<00:00, 2211.72it/s, Materializing param=encoder.layer.1.attention.self.value.bias]
16550.3s 4088 Loading weights:  16%|█▌        | 31/199 [00:00<00:00, 2259.74it/s, Materializing param=encoder.layer.1.attention.self.value.weight]
16550.3s 4089 Loading weights:  16%|█▌        | 31/199 [00:00<00:00, 2249.77it/s, Materializing param=encoder.layer.1.attention.self.value.weight]
16550.3s 4090 Loading weights:  16%|█▌        | 32/199 [00:00<00:00, 2306.62it/s, Materializing param=encoder.layer.1.intermediate.dense.bias]
16550.3s 4091 Loading weights:  16%|█▌        | 32/199 [00:00<00:00, 2297.82it/s, Materializing param=encoder.layer.1.intermediate.dense.bias]
16550.3s 4092 Loading weights:  17%|█▋        | 33/199 [00:00<00:00, 2354.83it/s, Materializing param=encoder.layer.1.intermediate.dense.weight]
16550.3s 4093 Loading weights:  17%|█▋        | 33/199 [00:00<00:00, 2346.60it/s, Materializing param=encoder.layer.1.intermediate.dense.weight]
16550.3s 4094 Loading weights:  17%|█▋        | 34/199 [00:00<00:00, 2403.09it/s, Materializing param=encoder.layer.1.output.LayerNorm.bias]
16550.3s 4095 Loading weights:  17%|█▋        | 34/199 [00:00<00:00, 2394.93it/s, Materializing param=encoder.layer.1.output.LayerNorm.bias]
16550.3s 4096 Loading weights:  18%|█▊        | 35/199 [00:00<00:00, 2450.56it/s, Materializing param=encoder.layer.1.output.LayerNorm.weight]
16550.3s 4097 Loading weights:  18%|█▊        | 35/199 [00:00<00:00, 2442.20it/s, Materializing param=encoder.layer.1.output.LayerNorm.weight]
16550.3s 4098 Loading weights:  18%|█▊        | 36/199 [00:00<00:00, 2492.90it/s, Materializing param=encoder.layer.1.output.dense.bias]
16550.3s 4099 Loading weights:  18%|█▊        | 36/199 [00:00<00:00, 2484.12it/s, Materializing param=encoder.layer.1.output.dense.bias]
16550.3s 4100 Loading weights:  19%|█▊        | 37/199 [00:00<00:00, 2537.85it/s, Materializing param=encoder.layer.1.output.dense.weight]
16550.3s 4101 Loading weights:  19%|█▊        | 37/199 [00:00<00:00, 2527.14it/s, Materializing param=encoder.layer.1.output.dense.weight]
16550.3s 4102 Loading weights:  19%|█▉        | 38/199 [00:00<00:00, 2578.15it/s, Materializing param=encoder.layer.2.attention.output.LayerNorm.bias]
16550.3s 4103 Loading weights:  19%|█▉        | 38/199 [00:00<00:00, 2568.38it/s, Materializing param=encoder.layer.2.attention.output.LayerNorm.bias]
16550.3s 4104 Loading weights:  20%|█▉        | 39/199 [00:00<00:00, 2619.63it/s, Materializing param=encoder.layer.2.attention.output.LayerNorm.weight]
16550.3s 4105 Loading weights:  20%|█▉        | 39/199 [00:00<00:00, 2610.94it/s, Materializing param=encoder.layer.2.attention.output.LayerNorm.weight]
16550.3s 4106 Loading weights:  20%|██        | 40/199 [00:00<00:00, 2658.62it/s, Materializing param=encoder.layer.2.attention.output.dense.bias]
16550.3s 4107 Loading weights:  20%|██        | 40/199 [00:00<00:00, 2649.34it/s, Materializing param=encoder.layer.2.attention.output.dense.bias]
16550.3s 4108 Loading weights:  21%|██        | 41/199 [00:00<00:00, 2698.78it/s, Materializing param=encoder.layer.2.attention.output.dense.weight]
16550.3s 4109 Loading weights:  21%|██        | 41/199 [00:00<00:00, 2689.50it/s, Materializing param=encoder.layer.2.attention.output.dense.weight]
16550.3s 4110 Loading weights:  21%|██        | 42/199 [00:00<00:00, 2738.35it/s, Materializing param=encoder.layer.2.attention.self.key.bias]
16550.3s 4111 Loading weights:  21%|██        | 42/199 [00:00<00:00, 2727.79it/s, Materializing param=encoder.layer.2.attention.self.key.bias]
16550.3s 4112 Loading weights:  22%|██▏       | 43/199 [00:00<00:00, 2775.38it/s, Materializing param=encoder.layer.2.attention.self.key.weight]
16550.3s 4113 Loading weights:  22%|██▏       | 43/199 [00:00<00:00, 2766.05it/s, Materializing param=encoder.layer.2.attention.self.key.weight]
16550.3s 4114 Loading weights:  22%|██▏       | 44/199 [00:00<00:00, 2797.77it/s, Materializing param=encoder.layer.2.attention.self.query.bias]
16550.3s 4115 Loading weights:  22%|██▏       | 44/199 [00:00<00:00, 2786.49it/s, Materializing param=encoder.layer.2.attention.self.query.bias]
16550.3s 4116 Loading weights:  23%|██▎       | 45/199 [00:00<00:00, 2832.08it/s, Materializing param=encoder.layer.2.attention.self.query.weight]
16550.3s 4117 Loading weights:  23%|██▎       | 45/199 [00:00<00:00, 2822.55it/s, Materializing param=encoder.layer.2.attention.self.query.weight]
16550.3s 4118 Loading weights:  23%|██▎       | 46/199 [00:00<00:00, 2868.24it/s, Materializing param=encoder.layer.2.attention.self.value.bias]
16550.3s 4119 Loading weights:  23%|██▎       | 46/199 [00:00<00:00, 2858.89it/s, Materializing param=encoder.layer.2.attention.self.value.bias]
16550.3s 4120 Loading weights:  24%|██▎       | 47/199 [00:00<00:00, 2903.66it/s, Materializing param=encoder.layer.2.attention.self.value.weight]
16550.3s 4121 Loading weights:  24%|██▎       | 47/199 [00:00<00:00, 2894.24it/s, Materializing param=encoder.layer.2.attention.self.value.weight]
16550.3s 4122 Loading weights:  24%|██▍       | 48/199 [00:00<00:00, 2938.86it/s, Materializing param=encoder.layer.2.intermediate.dense.bias]
16550.3s 4123 Loading weights:  24%|██▍       | 48/199 [00:00<00:00, 2928.26it/s, Materializing param=encoder.layer.2.intermediate.dense.bias]
16550.3s 4124 Loading weights:  25%|██▍       | 49/199 [00:00<00:00, 2972.06it/s, Materializing param=encoder.layer.2.intermediate.dense.weight]
16550.3s 4125 Loading weights:  25%|██▍       | 49/199 [00:00<00:00, 2962.68it/s, Materializing param=encoder.layer.2.intermediate.dense.weight]
16550.3s 4126 Loading weights:  25%|██▌       | 50/199 [00:00<00:00, 3003.57it/s, Materializing param=encoder.layer.2.output.LayerNorm.bias]
16550.3s 4127 Loading weights:  25%|██▌       | 50/199 [00:00<00:00, 2993.88it/s, Materializing param=encoder.layer.2.output.LayerNorm.bias]
16550.3s 4128 Loading weights:  26%|██▌       | 51/199 [00:00<00:00, 3036.68it/s, Materializing param=encoder.layer.2.output.LayerNorm.weight]
16550.3s 4129 Loading weights:  26%|██▌       | 51/199 [00:00<00:00, 3027.44it/s, Materializing param=encoder.layer.2.output.LayerNorm.weight]
16550.3s 4130 Loading weights:  26%|██▌       | 52/199 [00:00<00:00, 3070.33it/s, Materializing param=encoder.layer.2.output.dense.bias]
16550.3s 4131 Loading weights:  26%|██▌       | 52/199 [00:00<00:00, 3060.98it/s, Materializing param=encoder.layer.2.output.dense.bias]
16550.3s 4132 Loading weights:  27%|██▋       | 53/199 [00:00<00:00, 3103.51it/s, Materializing param=encoder.layer.2.output.dense.weight]
16550.3s 4133 Loading weights:  27%|██▋       | 53/199 [00:00<00:00, 3094.31it/s, Materializing param=encoder.layer.2.output.dense.weight]
16550.3s 4134 Loading weights:  27%|██▋       | 54/199 [00:00<00:00, 3136.54it/s, Materializing param=encoder.layer.3.attention.output.LayerNorm.bias]
16550.3s 4135 Loading weights:  27%|██▋       | 54/199 [00:00<00:00, 3126.92it/s, Materializing param=encoder.layer.3.attention.output.LayerNorm.bias]
16550.3s 4136 Loading weights:  28%|██▊       | 55/199 [00:00<00:00, 3165.12it/s, Materializing param=encoder.layer.3.attention.output.LayerNorm.weight]
16550.3s 4137 Loading weights:  28%|██▊       | 55/199 [00:00<00:00, 3153.18it/s, Materializing param=encoder.layer.3.attention.output.LayerNorm.weight]
16550.3s 4138 Loading weights:  28%|██▊       | 56/199 [00:00<00:00, 3190.75it/s, Materializing param=encoder.layer.3.attention.output.dense.bias]
16550.3s 4139 Loading weights:  28%|██▊       | 56/199 [00:00<00:00, 3181.07it/s, Materializing param=encoder.layer.3.attention.output.dense.bias]
16550.3s 4140 Loading weights:  29%|██▊       | 57/199 [00:00<00:00, 3204.46it/s, Materializing param=encoder.layer.3.attention.output.dense.weight]
16550.3s 4141 Loading weights:  29%|██▊       | 57/199 [00:00<00:00, 3194.87it/s, Materializing param=encoder.layer.3.attention.output.dense.weight]
16550.3s 4142 Loading weights:  29%|██▉       | 58/199 [00:00<00:00, 3234.28it/s, Materializing param=encoder.layer.3.attention.self.key.bias]
16550.3s 4143 Loading weights:  29%|██▉       | 58/199 [00:00<00:00, 3225.45it/s, Materializing param=encoder.layer.3.attention.self.key.bias]
16550.3s 4144 Loading weights:  30%|██▉       | 59/199 [00:00<00:00, 3264.78it/s, Materializing param=encoder.layer.3.attention.self.key.weight]
16550.3s 4145 Loading weights:  30%|██▉       | 59/199 [00:00<00:00, 3255.98it/s, Materializing param=encoder.layer.3.attention.self.key.weight]
16550.3s 4146 Loading weights:  30%|███       | 60/199 [00:00<00:00, 3295.21it/s, Materializing param=encoder.layer.3.attention.self.query.bias]
16550.3s 4147 Loading weights:  30%|███       | 60/199 [00:00<00:00, 3286.43it/s, Materializing param=encoder.layer.3.attention.self.query.bias]
16550.3s 4148 Loading weights:  31%|███       | 61/199 [00:00<00:00, 3325.61it/s, Materializing param=encoder.layer.3.attention.self.query.weight]
16550.3s 4149 Loading weights:  31%|███       | 61/199 [00:00<00:00, 3315.70it/s, Materializing param=encoder.layer.3.attention.self.query.weight]
16550.3s 4150 Loading weights:  31%|███       | 62/199 [00:00<00:00, 3353.63it/s, Materializing param=encoder.layer.3.attention.self.value.bias]
16550.3s 4151 Loading weights:  31%|███       | 62/199 [00:00<00:00, 3344.78it/s, Materializing param=encoder.layer.3.attention.self.value.bias]
16550.3s 4152 Loading weights:  32%|███▏      | 63/199 [00:00<00:00, 3380.43it/s, Materializing param=encoder.layer.3.attention.self.value.weight]
16550.3s 4153 Loading weights:  32%|███▏      | 63/199 [00:00<00:00, 3371.15it/s, Materializing param=encoder.layer.3.attention.self.value.weight]
16550.3s 4154 Loading weights:  32%|███▏      | 64/199 [00:00<00:00, 3408.44it/s, Materializing param=encoder.layer.3.intermediate.dense.bias]
16550.3s 4155 Loading weights:  32%|███▏      | 64/199 [00:00<00:00, 3399.60it/s, Materializing param=encoder.layer.3.intermediate.dense.bias]
16550.3s 4156 Loading weights:  33%|███▎      | 65/199 [00:00<00:00, 3436.78it/s, Materializing param=encoder.layer.3.intermediate.dense.weight]
16550.3s 4157 Loading weights:  33%|███▎      | 65/199 [00:00<00:00, 3427.97it/s, Materializing param=encoder.layer.3.intermediate.dense.weight]
16550.3s 4158 Loading weights:  33%|███▎      | 66/199 [00:00<00:00, 3465.11it/s, Materializing param=encoder.layer.3.output.LayerNorm.bias]
16550.3s 4159 Loading weights:  33%|███▎      | 66/199 [00:00<00:00, 3456.50it/s, Materializing param=encoder.layer.3.output.LayerNorm.bias]
16550.3s 4160 Loading weights:  34%|███▎      | 67/199 [00:00<00:00, 3492.99it/s, Materializing param=encoder.layer.3.output.LayerNorm.weight]
16550.3s 4161 Loading weights:  34%|███▎      | 67/199 [00:00<00:00, 3484.20it/s, Materializing param=encoder.layer.3.output.LayerNorm.weight]
16550.3s 4162 Loading weights:  34%|███▍      | 68/199 [00:00<00:00, 3520.75it/s, Materializing param=encoder.layer.3.output.dense.bias]
16550.3s 4163 Loading weights:  34%|███▍      | 68/199 [00:00<00:00, 3511.74it/s, Materializing param=encoder.layer.3.output.dense.bias]
16550.3s 4164 Loading weights:  35%|███▍      | 69/199 [00:00<00:00, 3545.79it/s, Materializing param=encoder.layer.3.output.dense.weight]
16550.3s 4165 Loading weights:  35%|███▍      | 69/199 [00:00<00:00, 3536.69it/s, Materializing param=encoder.layer.3.output.dense.weight]
16550.3s 4166 Loading weights:  35%|███▌      | 70/199 [00:00<00:00, 3571.97it/s, Materializing param=encoder.layer.4.attention.output.LayerNorm.bias]
16550.3s 4167 Loading weights:  35%|███▌      | 70/199 [00:00<00:00, 3560.01it/s, Materializing param=encoder.layer.4.attention.output.LayerNorm.bias]
16550.3s 4168 Loading weights:  36%|███▌      | 71/199 [00:00<00:00, 3593.27it/s, Materializing param=encoder.layer.4.attention.output.LayerNorm.weight]
16550.3s 4169 Loading weights:  36%|███▌      | 71/199 [00:00<00:00, 3583.93it/s, Materializing param=encoder.layer.4.attention.output.LayerNorm.weight]
16550.3s 4170 Loading weights:  36%|███▌      | 72/199 [00:00<00:00, 3617.60it/s, Materializing param=encoder.layer.4.attention.output.dense.bias]
16550.3s 4171 Loading weights:  36%|███▌      | 72/199 [00:00<00:00, 3608.43it/s, Materializing param=encoder.layer.4.attention.output.dense.bias]
16550.3s 4172 Loading weights:  37%|███▋      | 73/199 [00:00<00:00, 3642.40it/s, Materializing param=encoder.layer.4.attention.output.dense.weight]
16550.3s 4173 Loading weights:  37%|███▋      | 73/199 [00:00<00:00, 3633.33it/s, Materializing param=encoder.layer.4.attention.output.dense.weight]
16550.3s 4174 Loading weights:  37%|███▋      | 74/199 [00:00<00:00, 3666.83it/s, Materializing param=encoder.layer.4.attention.self.key.bias]
16550.3s 4175 Loading weights:  37%|███▋      | 74/199 [00:00<00:00, 3657.71it/s, Materializing param=encoder.layer.4.attention.self.key.bias]
16550.3s 4176 Loading weights:  38%|███▊      | 75/199 [00:00<00:00, 3690.87it/s, Materializing param=encoder.layer.4.attention.self.key.weight]
16550.3s 4177 Loading weights:  38%|███▊      | 75/199 [00:00<00:00, 3681.15it/s, Materializing param=encoder.layer.4.attention.self.key.weight]
16550.3s 4178 Loading weights:  38%|███▊      | 76/199 [00:00<00:00, 3713.59it/s, Materializing param=encoder.layer.4.attention.self.query.bias]
16550.3s 4179 Loading weights:  38%|███▊      | 76/199 [00:00<00:00, 3704.57it/s, Materializing param=encoder.layer.4.attention.self.query.bias]
16550.3s 4180 Loading weights:  39%|███▊      | 77/199 [00:00<00:00, 3737.29it/s, Materializing param=encoder.layer.4.attention.self.query.weight]
16550.3s 4181 Loading weights:  39%|███▊      | 77/199 [00:00<00:00, 3725.73it/s, Materializing param=encoder.layer.4.attention.self.query.weight]
16550.3s 4182 Loading weights:  39%|███▉      | 78/199 [00:00<00:00, 3757.52it/s, Materializing param=encoder.layer.4.attention.self.value.bias]
16550.3s 4183 Loading weights:  39%|███▉      | 78/199 [00:00<00:00, 3748.60it/s, Materializing param=encoder.layer.4.attention.self.value.bias]
16550.3s 4184 Loading weights:  40%|███▉      | 79/199 [00:00<00:00, 3780.64it/s, Materializing param=encoder.layer.4.attention.self.value.weight]
16550.3s 4185 Loading weights:  40%|███▉      | 79/199 [00:00<00:00, 3771.64it/s, Materializing param=encoder.layer.4.attention.self.value.weight]
16550.3s 4186 Loading weights:  40%|████      | 80/199 [00:00<00:00, 3803.37it/s, Materializing param=encoder.layer.4.intermediate.dense.bias]
16550.3s 4187 Loading weights:  40%|████      | 80/199 [00:00<00:00, 3794.46it/s, Materializing param=encoder.layer.4.intermediate.dense.bias]
16550.3s 4188 Loading weights:  41%|████      | 81/199 [00:00<00:00, 3825.71it/s, Materializing param=encoder.layer.4.intermediate.dense.weight]
16550.3s 4189 Loading weights:  41%|████      | 81/199 [00:00<00:00, 3816.82it/s, Materializing param=encoder.layer.4.intermediate.dense.weight]
16550.3s 4190 Loading weights:  41%|████      | 82/199 [00:00<00:00, 3847.99it/s, Materializing param=encoder.layer.4.output.LayerNorm.bias]
16550.3s 4191 Loading weights:  41%|████      | 82/199 [00:00<00:00, 3839.14it/s, Materializing param=encoder.layer.4.output.LayerNorm.bias]
16550.3s 4192 Loading weights:  42%|████▏     | 83/199 [00:00<00:00, 3868.64it/s, Materializing param=encoder.layer.4.output.LayerNorm.weight]
16550.3s 4193 Loading weights:  42%|████▏     | 83/199 [00:00<00:00, 3859.63it/s, Materializing param=encoder.layer.4.output.LayerNorm.weight]
16550.3s 4194 Loading weights:  42%|████▏     | 84/199 [00:00<00:00, 3890.65it/s, Materializing param=encoder.layer.4.output.dense.bias]
16550.3s 4195 Loading weights:  42%|████▏     | 84/199 [00:00<00:00, 3879.55it/s, Materializing param=encoder.layer.4.output.dense.bias]
16550.3s 4196 Loading weights:  43%|████▎     | 85/199 [00:00<00:00, 3909.59it/s, Materializing param=encoder.layer.4.output.dense.weight]
16550.3s 4197 Loading weights:  43%|████▎     | 85/199 [00:00<00:00, 3900.91it/s, Materializing param=encoder.layer.4.output.dense.weight]
16550.3s 4198 Loading weights:  43%|████▎     | 86/199 [00:00<00:00, 3931.27it/s, Materializing param=encoder.layer.5.attention.output.LayerNorm.bias]
16550.3s 4199 Loading weights:  43%|████▎     | 86/199 [00:00<00:00, 3922.21it/s, Materializing param=encoder.layer.5.attention.output.LayerNorm.bias]
16550.3s 4200 Loading weights:  44%|████▎     | 87/199 [00:00<00:00, 3951.23it/s, Materializing param=encoder.layer.5.attention.output.LayerNorm.weight]
16550.3s 4201 Loading weights:  44%|████▎     | 87/199 [00:00<00:00, 3942.19it/s, Materializing param=encoder.layer.5.attention.output.LayerNorm.weight]
16550.3s 4202 Loading weights:  44%|████▍     | 88/199 [00:00<00:00, 3970.60it/s, Materializing param=encoder.layer.5.attention.output.dense.bias]
16550.3s 4203 Loading weights:  44%|████▍     | 88/199 [00:00<00:00, 3961.39it/s, Materializing param=encoder.layer.5.attention.output.dense.bias]
16550.3s 4204 Loading weights:  45%|████▍     | 89/199 [00:00<00:00, 3990.01it/s, Materializing param=encoder.layer.5.attention.output.dense.weight]
16550.3s 4205 Loading weights:  45%|████▍     | 89/199 [00:00<00:00, 3980.99it/s, Materializing param=encoder.layer.5.attention.output.dense.weight]
16550.3s 4206 Loading weights:  45%|████▌     | 90/199 [00:00<00:00, 4008.23it/s, Materializing param=encoder.layer.5.attention.self.key.bias]
16550.3s 4207 Loading weights:  45%|████▌     | 90/199 [00:00<00:00, 3999.23it/s, Materializing param=encoder.layer.5.attention.self.key.bias]
16550.3s 4208 Loading weights:  46%|████▌     | 91/199 [00:00<00:00, 4027.45it/s, Materializing param=encoder.layer.5.attention.self.key.weight]
16550.3s 4209 Loading weights:  46%|████▌     | 91/199 [00:00<00:00, 4016.31it/s, Materializing param=encoder.layer.5.attention.self.key.weight]
16550.3s 4210 Loading weights:  46%|████▌     | 92/199 [00:00<00:00, 4044.23it/s, Materializing param=encoder.layer.5.attention.self.query.bias]
16550.3s 4211 Loading weights:  46%|████▌     | 92/199 [00:00<00:00, 4035.47it/s, Materializing param=encoder.layer.5.attention.self.query.bias]
16550.3s 4212 Loading weights:  47%|████▋     | 93/199 [00:00<00:00, 4063.61it/s, Materializing param=encoder.layer.5.attention.self.query.weight]
16550.3s 4213 Loading weights:  47%|████▋     | 93/199 [00:00<00:00, 4054.78it/s, Materializing param=encoder.layer.5.attention.self.query.weight]
16550.3s 4214 Loading weights:  47%|████▋     | 94/199 [00:00<00:00, 4082.39it/s, Materializing param=encoder.layer.5.attention.self.value.bias]
16550.3s 4215 Loading weights:  47%|████▋     | 94/199 [00:00<00:00, 4073.74it/s, Materializing param=encoder.layer.5.attention.self.value.bias]
16550.3s 4216 Loading weights:  48%|████▊     | 95/199 [00:00<00:00, 4101.40it/s, Materializing param=encoder.layer.5.attention.self.value.weight]
16550.3s 4217 Loading weights:  48%|████▊     | 95/199 [00:00<00:00, 4092.63it/s, Materializing param=encoder.layer.5.attention.self.value.weight]
16550.3s 4218 Loading weights:  48%|████▊     | 96/199 [00:00<00:00, 4119.80it/s, Materializing param=encoder.layer.5.intermediate.dense.bias]
16550.3s 4219 Loading weights:  48%|████▊     | 96/199 [00:00<00:00, 4111.10it/s, Materializing param=encoder.layer.5.intermediate.dense.bias]
16550.3s 4220 Loading weights:  49%|████▊     | 97/199 [00:00<00:00, 4137.28it/s, Materializing param=encoder.layer.5.intermediate.dense.weight]
16550.3s 4221 Loading weights:  49%|████▊     | 97/199 [00:00<00:00, 4128.63it/s, Materializing param=encoder.layer.5.intermediate.dense.weight]
16550.3s 4222 Loading weights:  49%|████▉     | 98/199 [00:00<00:00, 4155.93it/s, Materializing param=encoder.layer.5.output.LayerNorm.bias]
16550.3s 4223 Loading weights:  49%|████▉     | 98/199 [00:00<00:00, 4145.24it/s, Materializing param=encoder.layer.5.output.LayerNorm.bias]
16550.3s 4224 Loading weights:  50%|████▉     | 99/199 [00:00<00:00, 4169.54it/s, Materializing param=encoder.layer.5.output.LayerNorm.weight]
16550.3s 4225 Loading weights:  50%|████▉     | 99/199 [00:00<00:00, 4160.81it/s, Materializing param=encoder.layer.5.output.LayerNorm.weight]
16550.3s 4226 Loading weights:  50%|█████     | 100/199 [00:00<00:00, 4186.77it/s, Materializing param=encoder.layer.5.output.dense.bias]
16550.3s 4227 Loading weights:  50%|█████     | 100/199 [00:00<00:00, 4178.09it/s, Materializing param=encoder.layer.5.output.dense.bias]
16550.3s 4228 Loading weights:  51%|█████     | 101/199 [00:00<00:00, 4204.34it/s, Materializing param=encoder.layer.5.output.dense.weight]
16550.3s 4229 Loading weights:  51%|█████     | 101/199 [00:00<00:00, 4195.63it/s, Materializing param=encoder.layer.5.output.dense.weight]
16550.3s 4230 Loading weights:  51%|█████▏    | 102/199 [00:00<00:00, 4221.75it/s, Materializing param=encoder.layer.6.attention.output.LayerNorm.bias]
16550.3s 4231 Loading weights:  51%|█████▏    | 102/199 [00:00<00:00, 4212.89it/s, Materializing param=encoder.layer.6.attention.output.LayerNorm.bias]
16550.3s 4232 Loading weights:  52%|█████▏    | 103/199 [00:00<00:00, 4238.13it/s, Materializing param=encoder.layer.6.attention.output.LayerNorm.weight]
16550.3s 4233 Loading weights:  52%|█████▏    | 103/199 [00:00<00:00, 4229.16it/s, Materializing param=encoder.layer.6.attention.output.LayerNorm.weight]
16550.3s 4234 Loading weights:  52%|█████▏    | 104/199 [00:00<00:00, 4253.15it/s, Materializing param=encoder.layer.6.attention.output.dense.bias]
16550.3s 4235 Loading weights:  52%|█████▏    | 104/199 [00:00<00:00, 4244.50it/s, Materializing param=encoder.layer.6.attention.output.dense.bias]
16550.3s 4236 Loading weights:  53%|█████▎    | 105/199 [00:00<00:00, 4269.53it/s, Materializing param=encoder.layer.6.attention.output.dense.weight]
16550.3s 4237 Loading weights:  53%|█████▎    | 105/199 [00:00<00:00, 4258.38it/s, Materializing param=encoder.layer.6.attention.output.dense.weight]
16550.3s 4238 Loading weights:  53%|█████▎    | 106/199 [00:00<00:00, 4278.50it/s, Materializing param=encoder.layer.6.attention.self.key.bias]
16550.3s 4239 Loading weights:  53%|█████▎    | 106/199 [00:00<00:00, 4269.30it/s, Materializing param=encoder.layer.6.attention.self.key.bias]
16550.3s 4240 Loading weights:  54%|█████▍    | 107/199 [00:00<00:00, 4292.80it/s, Materializing param=encoder.layer.6.attention.self.key.weight]
16550.3s 4241 Loading weights:  54%|█████▍    | 107/199 [00:00<00:00, 4283.74it/s, Materializing param=encoder.layer.6.attention.self.key.weight]
16550.3s 4242 Loading weights:  54%|█████▍    | 108/199 [00:00<00:00, 4307.09it/s, Materializing param=encoder.layer.6.attention.self.query.bias]
16550.3s 4243 Loading weights:  54%|█████▍    | 108/199 [00:00<00:00, 4298.05it/s, Materializing param=encoder.layer.6.attention.self.query.bias]
16550.3s 4244 Loading weights:  55%|█████▍    | 109/199 [00:00<00:00, 4321.57it/s, Materializing param=encoder.layer.6.attention.self.query.weight]
16550.3s 4245 Loading weights:  55%|█████▍    | 109/199 [00:00<00:00, 4312.52it/s, Materializing param=encoder.layer.6.attention.self.query.weight]
16550.3s 4246 Loading weights:  55%|█████▌    | 110/199 [00:00<00:00, 4334.14it/s, Materializing param=encoder.layer.6.attention.self.value.bias]
16550.3s 4247 Loading weights:  55%|█████▌    | 110/199 [00:00<00:00, 4324.92it/s, Materializing param=encoder.layer.6.attention.self.value.bias]
16550.3s 4248 Loading weights:  56%|█████▌    | 111/199 [00:00<00:00, 4347.81it/s, Materializing param=encoder.layer.6.attention.self.value.weight]
16550.3s 4249 Loading weights:  56%|█████▌    | 111/199 [00:00<00:00, 4338.89it/s, Materializing param=encoder.layer.6.attention.self.value.weight]
16550.3s 4250 Loading weights:  56%|█████▋    | 112/199 [00:00<00:00, 4358.73it/s, Materializing param=encoder.layer.6.intermediate.dense.bias]
16550.3s 4251 Loading weights:  56%|█████▋    | 112/199 [00:00<00:00, 4349.65it/s, Materializing param=encoder.layer.6.intermediate.dense.bias]
16550.3s 4252 Loading weights:  57%|█████▋    | 113/199 [00:00<00:00, 4372.57it/s, Materializing param=encoder.layer.6.intermediate.dense.weight]
16550.3s 4253 Loading weights:  57%|█████▋    | 113/199 [00:00<00:00, 4363.80it/s, Materializing param=encoder.layer.6.intermediate.dense.weight]
16550.3s 4254 Loading weights:  57%|█████▋    | 114/199 [00:00<00:00, 4386.82it/s, Materializing param=encoder.layer.6.output.LayerNorm.bias]
16550.3s 4255 Loading weights:  57%|█████▋    | 114/199 [00:00<00:00, 4378.07it/s, Materializing param=encoder.layer.6.output.LayerNorm.bias]
16550.3s 4256 Loading weights:  58%|█████▊    | 115/199 [00:00<00:00, 4400.40it/s, Materializing param=encoder.layer.6.output.LayerNorm.weight]
16550.3s 4257 Loading weights:  58%|█████▊    | 115/199 [00:00<00:00, 4391.10it/s, Materializing param=encoder.layer.6.output.LayerNorm.weight]
16550.3s 4258 Loading weights:  58%|█████▊    | 116/199 [00:00<00:00, 4413.62it/s, Materializing param=encoder.layer.6.output.dense.bias]
16550.3s 4259 Loading weights:  58%|█████▊    | 116/199 [00:00<00:00, 4404.98it/s, Materializing param=encoder.layer.6.output.dense.bias]
16550.3s 4260 Loading weights:  59%|█████▉    | 117/199 [00:00<00:00, 4421.90it/s, Materializing param=encoder.layer.6.output.dense.weight]
16550.3s 4261 Loading weights:  59%|█████▉    | 117/199 [00:00<00:00, 4413.31it/s, Materializing param=encoder.layer.6.output.dense.weight]
16550.3s 4262 Loading weights:  59%|█████▉    | 118/199 [00:00<00:00, 4435.83it/s, Materializing param=encoder.layer.7.attention.output.LayerNorm.bias]
16550.3s 4263 Loading weights:  59%|█████▉    | 118/199 [00:00<00:00, 4423.15it/s, Materializing param=encoder.layer.7.attention.output.LayerNorm.bias]
16550.3s 4264 Loading weights:  60%|█████▉    | 119/199 [00:00<00:00, 4444.90it/s, Materializing param=encoder.layer.7.attention.output.LayerNorm.weight]
16550.3s 4265 Loading weights:  60%|█████▉    | 119/199 [00:00<00:00, 4436.25it/s, Materializing param=encoder.layer.7.attention.output.LayerNorm.weight]
16550.3s 4266 Loading weights:  60%|██████    | 120/199 [00:00<00:00, 4458.19it/s, Materializing param=encoder.layer.7.attention.output.dense.bias]
16550.3s 4267 Loading weights:  60%|██████    | 120/199 [00:00<00:00, 4449.95it/s, Materializing param=encoder.layer.7.attention.output.dense.bias]
16550.3s 4268 Loading weights:  61%|██████    | 121/199 [00:00<00:00, 4472.21it/s, Materializing param=encoder.layer.7.attention.output.dense.weight]
16550.3s 4269 Loading weights:  61%|██████    | 121/199 [00:00<00:00, 4464.07it/s, Materializing param=encoder.layer.7.attention.output.dense.weight]
16550.3s 4270 Loading weights:  61%|██████▏   | 122/199 [00:00<00:00, 4486.08it/s, Materializing param=encoder.layer.7.attention.self.key.bias]
16550.3s 4271 Loading weights:  61%|██████▏   | 122/199 [00:00<00:00, 4477.96it/s, Materializing param=encoder.layer.7.attention.self.key.bias]
16550.3s 4272 Loading weights:  62%|██████▏   | 123/199 [00:00<00:00, 4499.78it/s, Materializing param=encoder.layer.7.attention.self.key.weight]
16550.3s 4273 Loading weights:  62%|██████▏   | 123/199 [00:00<00:00, 4490.65it/s, Materializing param=encoder.layer.7.attention.self.key.weight]
16550.3s 4274 Loading weights:  62%|██████▏   | 124/199 [00:00<00:00, 4512.12it/s, Materializing param=encoder.layer.7.attention.self.query.bias]
16550.3s 4275 Loading weights:  62%|██████▏   | 124/199 [00:00<00:00, 4504.03it/s, Materializing param=encoder.layer.7.attention.self.query.bias]
16550.3s 4276 Loading weights:  63%|██████▎   | 125/199 [00:00<00:00, 4523.94it/s, Materializing param=encoder.layer.7.attention.self.query.weight]
16550.3s 4277 Loading weights:  63%|██████▎   | 125/199 [00:00<00:00, 4515.64it/s, Materializing param=encoder.layer.7.attention.self.query.weight]
16550.3s 4278 Loading weights:  63%|██████▎   | 126/199 [00:00<00:00, 4537.15it/s, Materializing param=encoder.layer.7.attention.self.value.bias]
16550.3s 4279 Loading weights:  63%|██████▎   | 126/199 [00:00<00:00, 4528.55it/s, Materializing param=encoder.layer.7.attention.self.value.bias]
16550.3s 4280 Loading weights:  64%|██████▍   | 127/199 [00:00<00:00, 4549.72it/s, Materializing param=encoder.layer.7.attention.self.value.weight]
16550.3s 4281 Loading weights:  64%|██████▍   | 127/199 [00:00<00:00, 4541.57it/s, Materializing param=encoder.layer.7.attention.self.value.weight]
16550.3s 4282 Loading weights:  64%|██████▍   | 128/199 [00:00<00:00, 4562.78it/s, Materializing param=encoder.layer.7.intermediate.dense.bias]
16550.3s 4283 Loading weights:  64%|██████▍   | 128/199 [00:00<00:00, 4554.73it/s, Materializing param=encoder.layer.7.intermediate.dense.bias]
16550.3s 4284 Loading weights:  65%|██████▍   | 129/199 [00:00<00:00, 4576.26it/s, Materializing param=encoder.layer.7.intermediate.dense.weight]
16550.3s 4285 Loading weights:  65%|██████▍   | 129/199 [00:00<00:00, 4568.15it/s, Materializing param=encoder.layer.7.intermediate.dense.weight]
16550.3s 4286 Loading weights:  65%|██████▌   | 130/199 [00:00<00:00, 4589.53it/s, Materializing param=encoder.layer.7.output.LayerNorm.bias]
16550.3s 4287 Loading weights:  65%|██████▌   | 130/199 [00:00<00:00, 4580.78it/s, Materializing param=encoder.layer.7.output.LayerNorm.bias]
16550.3s 4288 Loading weights:  66%|██████▌   | 131/199 [00:00<00:00, 4601.60it/s, Materializing param=encoder.layer.7.output.LayerNorm.weight]
16550.3s 4289 Loading weights:  66%|██████▌   | 131/199 [00:00<00:00, 4593.60it/s, Materializing param=encoder.layer.7.output.LayerNorm.weight]
16550.3s 4290 Loading weights:  66%|██████▋   | 132/199 [00:00<00:00, 4614.70it/s, Materializing param=encoder.layer.7.output.dense.bias]
16550.3s 4291 Loading weights:  66%|██████▋   | 132/199 [00:00<00:00, 4604.68it/s, Materializing param=encoder.layer.7.output.dense.bias]
16550.3s 4292 Loading weights:  67%|██████▋   | 133/199 [00:00<00:00, 4624.95it/s, Materializing param=encoder.layer.7.output.dense.weight]
16550.3s 4293 Loading weights:  67%|██████▋   | 133/199 [00:00<00:00, 4617.10it/s, Materializing param=encoder.layer.7.output.dense.weight]
16550.3s 4294 Loading weights:  67%|██████▋   | 134/199 [00:00<00:00, 4638.11it/s, Materializing param=encoder.layer.8.attention.output.LayerNorm.bias]
16550.3s 4295 Loading weights:  67%|██████▋   | 134/199 [00:00<00:00, 4630.16it/s, Materializing param=encoder.layer.8.attention.output.LayerNorm.bias]
16550.3s 4296 Loading weights:  68%|██████▊   | 135/199 [00:00<00:00, 4649.93it/s, Materializing param=encoder.layer.8.attention.output.LayerNorm.weight]
16550.3s 4297 Loading weights:  68%|██████▊   | 135/199 [00:00<00:00, 4641.88it/s, Materializing param=encoder.layer.8.attention.output.LayerNorm.weight]
16550.3s 4298 Loading weights:  68%|██████▊   | 136/199 [00:00<00:00, 4662.13it/s, Materializing param=encoder.layer.8.attention.output.dense.bias]
16550.3s 4299 Loading weights:  68%|██████▊   | 136/199 [00:00<00:00, 4654.25it/s, Materializing param=encoder.layer.8.attention.output.dense.bias]
16550.3s 4300 Loading weights:  69%|██████▉   | 137/199 [00:00<00:00, 4674.44it/s, Materializing param=encoder.layer.8.attention.output.dense.weight]
16550.3s 4301 Loading weights:  69%|██████▉   | 137/199 [00:00<00:00, 4666.58it/s, Materializing param=encoder.layer.8.attention.output.dense.weight]
16550.3s 4302 Loading weights:  69%|██████▉   | 138/199 [00:00<00:00, 4685.58it/s, Materializing param=encoder.layer.8.attention.self.key.bias]
16550.3s 4303 Loading weights:  69%|██████▉   | 138/199 [00:00<00:00, 4677.81it/s, Materializing param=encoder.layer.8.attention.self.key.bias]
16550.3s 4304 Loading weights:  70%|██████▉   | 139/199 [00:00<00:00, 4697.51it/s, Materializing param=encoder.layer.8.attention.self.key.weight]
16550.3s 4305 Loading weights:  70%|██████▉   | 139/199 [00:00<00:00, 4687.69it/s, Materializing param=encoder.layer.8.attention.self.key.weight]
16550.3s 4306 Loading weights:  70%|███████   | 140/199 [00:00<00:00, 4706.85it/s, Materializing param=encoder.layer.8.attention.self.query.bias]
16550.3s 4307 Loading weights:  70%|███████   | 140/199 [00:00<00:00, 4699.09it/s, Materializing param=encoder.layer.8.attention.self.query.bias]
16550.3s 4308 Loading weights:  71%|███████   | 141/199 [00:00<00:00, 4718.34it/s, Materializing param=encoder.layer.8.attention.self.query.weight]
16550.3s 4309 Loading weights:  71%|███████   | 141/199 [00:00<00:00, 4710.45it/s, Materializing param=encoder.layer.8.attention.self.query.weight]
16550.3s 4310 Loading weights:  71%|███████▏  | 142/199 [00:00<00:00, 4729.77it/s, Materializing param=encoder.layer.8.attention.self.value.bias]
16550.3s 4311 Loading weights:  71%|███████▏  | 142/199 [00:00<00:00, 4721.59it/s, Materializing param=encoder.layer.8.attention.self.value.bias]
16550.3s 4312 Loading weights:  72%|███████▏  | 143/199 [00:00<00:00, 4740.68it/s, Materializing param=encoder.layer.8.attention.self.value.weight]
16550.3s 4313 Loading weights:  72%|███████▏  | 143/199 [00:00<00:00, 4732.86it/s, Materializing param=encoder.layer.8.attention.self.value.weight]
16550.3s 4314 Loading weights:  72%|███████▏  | 144/199 [00:00<00:00, 4752.08it/s, Materializing param=encoder.layer.8.intermediate.dense.bias]
16550.3s 4315 Loading weights:  72%|███████▏  | 144/199 [00:00<00:00, 4744.43it/s, Materializing param=encoder.layer.8.intermediate.dense.bias]
16550.3s 4316 Loading weights:  73%|███████▎  | 145/199 [00:00<00:00, 4762.45it/s, Materializing param=encoder.layer.8.intermediate.dense.weight]
16550.3s 4317 Loading weights:  73%|███████▎  | 145/199 [00:00<00:00, 4754.74it/s, Materializing param=encoder.layer.8.intermediate.dense.weight]
16550.3s 4318 Loading weights:  73%|███████▎  | 146/199 [00:00<00:00, 4773.95it/s, Materializing param=encoder.layer.8.output.LayerNorm.bias]
16550.3s 4319 Loading weights:  73%|███████▎  | 146/199 [00:00<00:00, 4764.51it/s, Materializing param=encoder.layer.8.output.LayerNorm.bias]
16550.3s 4320 Loading weights:  74%|███████▍  | 147/199 [00:00<00:00, 4783.12it/s, Materializing param=encoder.layer.8.output.LayerNorm.weight]
16550.3s 4321 Loading weights:  74%|███████▍  | 147/199 [00:00<00:00, 4775.48it/s, Materializing param=encoder.layer.8.output.LayerNorm.weight]
16550.3s 4322 Loading weights:  74%|███████▍  | 148/199 [00:00<00:00, 4794.53it/s, Materializing param=encoder.layer.8.output.dense.bias]
16550.3s 4323 Loading weights:  74%|███████▍  | 148/199 [00:00<00:00, 4787.06it/s, Materializing param=encoder.layer.8.output.dense.bias]
16550.3s 4324 Loading weights:  75%|███████▍  | 149/199 [00:00<00:00, 4806.06it/s, Materializing param=encoder.layer.8.output.dense.weight]
16550.3s 4325 Loading weights:  75%|███████▍  | 149/199 [00:00<00:00, 4798.50it/s, Materializing param=encoder.layer.8.output.dense.weight]
16550.3s 4326 Loading weights:  75%|███████▌  | 150/199 [00:00<00:00, 4815.87it/s, Materializing param=encoder.layer.9.attention.output.LayerNorm.bias]
16550.3s 4327 Loading weights:  75%|███████▌  | 150/199 [00:00<00:00, 4803.48it/s, Materializing param=encoder.layer.9.attention.output.LayerNorm.bias]
16550.3s 4328 Loading weights:  76%|███████▌  | 151/199 [00:00<00:00, 4816.13it/s, Materializing param=encoder.layer.9.attention.output.LayerNorm.weight]
16550.3s 4329 Loading weights:  76%|███████▌  | 151/199 [00:00<00:00, 4803.05it/s, Materializing param=encoder.layer.9.attention.output.LayerNorm.weight]
16550.3s 4330 Loading weights:  76%|███████▋  | 152/199 [00:00<00:00, 4817.54it/s, Materializing param=encoder.layer.9.attention.output.dense.bias]
16550.3s 4331 Loading weights:  76%|███████▋  | 152/199 [00:00<00:00, 4800.42it/s, Materializing param=encoder.layer.9.attention.output.dense.bias]
16550.3s 4332 Loading weights:  77%|███████▋  | 153/199 [00:00<00:00, 4810.23it/s, Materializing param=encoder.layer.9.attention.output.dense.weight]
16550.3s 4333 Loading weights:  77%|███████▋  | 153/199 [00:00<00:00, 4800.88it/s, Materializing param=encoder.layer.9.attention.output.dense.weight]
16550.3s 4334 Loading weights:  77%|███████▋  | 154/199 [00:00<00:00, 4815.76it/s, Materializing param=encoder.layer.9.attention.self.key.bias]
16550.3s 4335 Loading weights:  77%|███████▋  | 154/199 [00:00<00:00, 4806.90it/s, Materializing param=encoder.layer.9.attention.self.key.bias]
16550.3s 4336 Loading weights:  78%|███████▊  | 155/199 [00:00<00:00, 4822.33it/s, Materializing param=encoder.layer.9.attention.self.key.weight]
16550.3s 4337 Loading weights:  78%|███████▊  | 155/199 [00:00<00:00, 4813.44it/s, Materializing param=encoder.layer.9.attention.self.key.weight]
16550.3s 4338 Loading weights:  78%|███████▊  | 156/199 [00:00<00:00, 4828.51it/s, Materializing param=encoder.layer.9.attention.self.query.bias]
16550.3s 4339 Loading weights:  78%|███████▊  | 156/199 [00:00<00:00, 4819.73it/s, Materializing param=encoder.layer.9.attention.self.query.bias]
16550.3s 4340 Loading weights:  79%|███████▉  | 157/199 [00:00<00:00, 4831.58it/s, Materializing param=encoder.layer.9.attention.self.query.weight]
16550.3s 4341 Loading weights:  79%|███████▉  | 157/199 [00:00<00:00, 4823.16it/s, Materializing param=encoder.layer.9.attention.self.query.weight]
16550.3s 4342 Loading weights:  79%|███████▉  | 158/199 [00:00<00:00, 4836.10it/s, Materializing param=encoder.layer.9.attention.self.value.bias]
16550.3s 4343 Loading weights:  79%|███████▉  | 158/199 [00:00<00:00, 4827.01it/s, Materializing param=encoder.layer.9.attention.self.value.bias]
16550.3s 4344 Loading weights:  80%|███████▉  | 159/199 [00:00<00:00, 4840.92it/s, Materializing param=encoder.layer.9.attention.self.value.weight]
16550.3s 4345 Loading weights:  80%|███████▉  | 159/199 [00:00<00:00, 4833.02it/s, Materializing param=encoder.layer.9.attention.self.value.weight]
16550.3s 4346 Loading weights:  80%|████████  | 160/199 [00:00<00:00, 4849.26it/s, Materializing param=encoder.layer.9.intermediate.dense.bias]
16550.3s 4347 Loading weights:  80%|████████  | 160/199 [00:00<00:00, 4841.39it/s, Materializing param=encoder.layer.9.intermediate.dense.bias]
16550.3s 4348 Loading weights:  81%|████████  | 161/199 [00:00<00:00, 4857.70it/s, Materializing param=encoder.layer.9.intermediate.dense.weight]
16550.3s 4349 Loading weights:  81%|████████  | 161/199 [00:00<00:00, 4849.92it/s, Materializing param=encoder.layer.9.intermediate.dense.weight]
16550.3s 4350 Loading weights:  81%|████████▏ | 162/199 [00:00<00:00, 4866.37it/s, Materializing param=encoder.layer.9.output.LayerNorm.bias]
16550.3s 4351 Loading weights:  81%|████████▏ | 162/199 [00:00<00:00, 4858.65it/s, Materializing param=encoder.layer.9.output.LayerNorm.bias]
16550.3s 4352 Loading weights:  82%|████████▏ | 163/199 [00:00<00:00, 4873.97it/s, Materializing param=encoder.layer.9.output.LayerNorm.weight]
16550.3s 4353 Loading weights:  82%|████████▏ | 163/199 [00:00<00:00, 4866.27it/s, Materializing param=encoder.layer.9.output.LayerNorm.weight]
16550.3s 4354 Loading weights:  82%|████████▏ | 164/199 [00:00<00:00, 4882.60it/s, Materializing param=encoder.layer.9.output.dense.bias]
16550.3s 4355 Loading weights:  82%|████████▏ | 164/199 [00:00<00:00, 4872.68it/s, Materializing param=encoder.layer.9.output.dense.bias]
16550.3s 4356 Loading weights:  83%|████████▎ | 165/199 [00:00<00:00, 4887.67it/s, Materializing param=encoder.layer.9.output.dense.weight]
16550.3s 4357 Loading weights:  83%|████████▎ | 165/199 [00:00<00:00, 4879.88it/s, Materializing param=encoder.layer.9.output.dense.weight]
16550.3s 4358 Loading weights:  83%|████████▎ | 166/199 [00:00<00:00, 4895.72it/s, Materializing param=encoder.layer.10.attention.output.LayerNorm.bias]
16550.3s 4359 Loading weights:  83%|████████▎ | 166/199 [00:00<00:00, 4887.88it/s, Materializing param=encoder.layer.10.attention.output.LayerNorm.bias]
16550.3s 4360 Loading weights:  84%|████████▍ | 167/199 [00:00<00:00, 4903.28it/s, Materializing param=encoder.layer.10.attention.output.LayerNorm.weight]
16550.3s 4361 Loading weights:  84%|████████▍ | 167/199 [00:00<00:00, 4895.40it/s, Materializing param=encoder.layer.10.attention.output.LayerNorm.weight]
16550.3s 4362 Loading weights:  84%|████████▍ | 168/199 [00:00<00:00, 4910.82it/s, Materializing param=encoder.layer.10.attention.output.dense.bias]
16550.3s 4363 Loading weights:  84%|████████▍ | 168/199 [00:00<00:00, 4903.06it/s, Materializing param=encoder.layer.10.attention.output.dense.bias]
16550.3s 4364 Loading weights:  85%|████████▍ | 169/199 [00:00<00:00, 4916.40it/s, Materializing param=encoder.layer.10.attention.output.dense.weight]
16550.3s 4365 Loading weights:  85%|████████▍ | 169/199 [00:00<00:00, 4908.03it/s, Materializing param=encoder.layer.10.attention.output.dense.weight]
16550.3s 4366 Loading weights:  85%|████████▌ | 170/199 [00:00<00:00, 4921.13it/s, Materializing param=encoder.layer.10.attention.self.key.bias]
16550.3s 4367 Loading weights:  85%|████████▌ | 170/199 [00:00<00:00, 4913.43it/s, Materializing param=encoder.layer.10.attention.self.key.bias]
16550.3s 4368 Loading weights:  86%|████████▌ | 171/199 [00:00<00:00, 4925.53it/s, Materializing param=encoder.layer.10.attention.self.key.weight]
16550.3s 4369 Loading weights:  86%|████████▌ | 171/199 [00:00<00:00, 4918.03it/s, Materializing param=encoder.layer.10.attention.self.key.weight]
16550.3s 4370 Loading weights:  86%|████████▋ | 172/199 [00:00<00:00, 4932.96it/s, Materializing param=encoder.layer.10.attention.self.query.bias]
16550.3s 4371 Loading weights:  86%|████████▋ | 172/199 [00:00<00:00, 4925.41it/s, Materializing param=encoder.layer.10.attention.self.query.bias]
16550.3s 4372 Loading weights:  87%|████████▋ | 173/199 [00:00<00:00, 4940.72it/s, Materializing param=encoder.layer.10.attention.self.query.weight]
16550.3s 4373 Loading weights:  87%|████████▋ | 173/199 [00:00<00:00, 4933.17it/s, Materializing param=encoder.layer.10.attention.self.query.weight]
16550.3s 4374 Loading weights:  87%|████████▋ | 174/199 [00:00<00:00, 4948.19it/s, Materializing param=encoder.layer.10.attention.self.value.bias]
16550.3s 4375 Loading weights:  87%|████████▋ | 174/199 [00:00<00:00, 4940.72it/s, Materializing param=encoder.layer.10.attention.self.value.bias]
16550.3s 4376 Loading weights:  88%|████████▊ | 175/199 [00:00<00:00, 4955.73it/s, Materializing param=encoder.layer.10.attention.self.value.weight]
16550.3s 4377 Loading weights:  88%|████████▊ | 175/199 [00:00<00:00, 4948.21it/s, Materializing param=encoder.layer.10.attention.self.value.weight]
16550.3s 4378 Loading weights:  88%|████████▊ | 176/199 [00:00<00:00, 4961.60it/s, Materializing param=encoder.layer.10.intermediate.dense.bias]
16550.3s 4379 Loading weights:  88%|████████▊ | 176/199 [00:00<00:00, 4954.01it/s, Materializing param=encoder.layer.10.intermediate.dense.bias]
16550.3s 4380 Loading weights:  89%|████████▉ | 177/199 [00:00<00:00, 4962.31it/s, Materializing param=encoder.layer.10.intermediate.dense.weight]
16550.3s 4381 Loading weights:  89%|████████▉ | 177/199 [00:00<00:00, 4953.77it/s, Materializing param=encoder.layer.10.intermediate.dense.weight]
16550.3s 4382 Loading weights:  89%|████████▉ | 178/199 [00:00<00:00, 4967.11it/s, Materializing param=encoder.layer.10.output.LayerNorm.bias]
16550.3s 4383 Loading weights:  89%|████████▉ | 178/199 [00:00<00:00, 4959.02it/s, Materializing param=encoder.layer.10.output.LayerNorm.bias]
16550.3s 4384 Loading weights:  90%|████████▉ | 179/199 [00:00<00:00, 4972.29it/s, Materializing param=encoder.layer.10.output.LayerNorm.weight]
16550.3s 4385 Loading weights:  90%|████████▉ | 179/199 [00:00<00:00, 4964.17it/s, Materializing param=encoder.layer.10.output.LayerNorm.weight]
16550.3s 4386 Loading weights:  90%|█████████ | 180/199 [00:00<00:00, 4977.38it/s, Materializing param=encoder.layer.10.output.dense.bias]
16550.3s 4387 Loading weights:  90%|█████████ | 180/199 [00:00<00:00, 4968.64it/s, Materializing param=encoder.layer.10.output.dense.bias]
16550.3s 4388 Loading weights:  91%|█████████ | 181/199 [00:00<00:00, 4981.85it/s, Materializing param=encoder.layer.10.output.dense.weight]
16550.3s 4389 Loading weights:  91%|█████████ | 181/199 [00:00<00:00, 4972.87it/s, Materializing param=encoder.layer.10.output.dense.weight]
16550.3s 4390 Loading weights:  91%|█████████▏| 182/199 [00:00<00:00, 4985.98it/s, Materializing param=encoder.layer.11.attention.output.LayerNorm.bias]
16550.3s 4391 Loading weights:  91%|█████████▏| 182/199 [00:00<00:00, 4977.82it/s, Materializing param=encoder.layer.11.attention.output.LayerNorm.bias]
16550.3s 4392 Loading weights:  92%|█████████▏| 183/199 [00:00<00:00, 4988.22it/s, Materializing param=encoder.layer.11.attention.output.LayerNorm.weight]
16550.3s 4393 Loading weights:  92%|█████████▏| 183/199 [00:00<00:00, 4979.84it/s, Materializing param=encoder.layer.11.attention.output.LayerNorm.weight]
16550.3s 4394 Loading weights:  92%|█████████▏| 184/199 [00:00<00:00, 4991.31it/s, Materializing param=encoder.layer.11.attention.output.dense.bias]
16550.3s 4395 Loading weights:  92%|█████████▏| 184/199 [00:00<00:00, 4983.96it/s, Materializing param=encoder.layer.11.attention.output.dense.bias]
16550.3s 4396 Loading weights:  93%|█████████▎| 185/199 [00:00<00:00, 4997.79it/s, Materializing param=encoder.layer.11.attention.output.dense.weight]
16550.3s 4397 Loading weights:  93%|█████████▎| 185/199 [00:00<00:00, 4990.59it/s, Materializing param=encoder.layer.11.attention.output.dense.weight]
16550.3s 4398 Loading weights:  93%|█████████▎| 186/199 [00:00<00:00, 5004.56it/s, Materializing param=encoder.layer.11.attention.self.key.bias]
16550.3s 4399 Loading weights:  93%|█████████▎| 186/199 [00:00<00:00, 4997.25it/s, Materializing param=encoder.layer.11.attention.self.key.bias]
16550.3s 4400 Loading weights:  94%|█████████▍| 187/199 [00:00<00:00, 5011.05it/s, Materializing param=encoder.layer.11.attention.self.key.weight]
16550.3s 4401 Loading weights:  94%|█████████▍| 187/199 [00:00<00:00, 5003.00it/s, Materializing param=encoder.layer.11.attention.self.key.weight]
16550.3s 4402 Loading weights:  94%|█████████▍| 188/199 [00:00<00:00, 5016.41it/s, Materializing param=encoder.layer.11.attention.self.query.bias]
16550.3s 4403 Loading weights:  94%|█████████▍| 188/199 [00:00<00:00, 5009.24it/s, Materializing param=encoder.layer.11.attention.self.query.bias]
16550.3s 4404 Loading weights:  95%|█████████▍| 189/199 [00:00<00:00, 5021.15it/s, Materializing param=encoder.layer.11.attention.self.query.weight]
16550.3s 4405 Loading weights:  95%|█████████▍| 189/199 [00:00<00:00, 5013.75it/s, Materializing param=encoder.layer.11.attention.self.query.weight]
16550.3s 4406 Loading weights:  95%|█████████▌| 190/199 [00:00<00:00, 5027.49it/s, Materializing param=encoder.layer.11.attention.self.value.bias]
16550.3s 4407 Loading weights:  95%|█████████▌| 190/199 [00:00<00:00, 5020.56it/s, Materializing param=encoder.layer.11.attention.self.value.bias]
16550.3s 4408 Loading weights:  96%|█████████▌| 191/199 [00:00<00:00, 5034.45it/s, Materializing param=encoder.layer.11.attention.self.value.weight]
16550.3s 4409 Loading weights:  96%|█████████▌| 191/199 [00:00<00:00, 5027.41it/s, Materializing param=encoder.layer.11.attention.self.value.weight]
16550.3s 4410 Loading weights:  96%|█████████▋| 192/199 [00:00<00:00, 5041.10it/s, Materializing param=encoder.layer.11.intermediate.dense.bias]
16550.3s 4411 Loading weights:  96%|█████████▋| 192/199 [00:00<00:00, 5034.17it/s, Materializing param=encoder.layer.11.intermediate.dense.bias]
16550.3s 4412 Loading weights:  97%|█████████▋| 193/199 [00:00<00:00, 5048.08it/s, Materializing param=encoder.layer.11.intermediate.dense.weight]
16550.3s 4413 Loading weights:  97%|█████████▋| 193/199 [00:00<00:00, 5041.20it/s, Materializing param=encoder.layer.11.intermediate.dense.weight]
16550.3s 4414 Loading weights:  97%|█████████▋| 194/199 [00:00<00:00, 5054.29it/s, Materializing param=encoder.layer.11.output.LayerNorm.bias]
16550.3s 4415 Loading weights:  97%|█████████▋| 194/199 [00:00<00:00, 5044.51it/s, Materializing param=encoder.layer.11.output.LayerNorm.bias]
16550.3s 4416 Loading weights:  98%|█████████▊| 195/199 [00:00<00:00, 5057.03it/s, Materializing param=encoder.layer.11.output.LayerNorm.weight]
16550.3s 4417 Loading weights:  98%|█████████▊| 195/199 [00:00<00:00, 5047.67it/s, Materializing param=encoder.layer.11.output.LayerNorm.weight]
16550.3s 4418 Loading weights:  98%|█████████▊| 196/199 [00:00<00:00, 5059.66it/s, Materializing param=encoder.layer.11.output.dense.bias]
16550.3s 4419 Loading weights:  98%|█████████▊| 196/199 [00:00<00:00, 5052.26it/s, Materializing param=encoder.layer.11.output.dense.bias]
16550.3s 4420 Loading weights:  99%|█████████▉| 197/199 [00:00<00:00, 5064.06it/s, Materializing param=encoder.layer.11.output.dense.weight]
16550.3s 4421 Loading weights:  99%|█████████▉| 197/199 [00:00<00:00, 5057.31it/s, Materializing param=encoder.layer.11.output.dense.weight]
16550.3s 4422 Loading weights:  99%|█████████▉| 198/199 [00:00<00:00, 5071.06it/s, Materializing param=pooler.dense.bias]
16550.3s 4423 Loading weights:  99%|█████████▉| 198/199 [00:00<00:00, 5064.57it/s, Materializing param=pooler.dense.bias]
16550.3s 4424 Loading weights: 100%|██████████| 199/199 [00:00<00:00, 5078.90it/s, Materializing param=pooler.dense.weight]
16550.3s 4425 Loading weights: 100%|██████████| 199/199 [00:00<00:00, 5072.57it/s, Materializing param=pooler.dense.weight]
16550.3s 4426 Loading weights: 100%|██████████| 199/199 [00:00<00:00, 5059.08it/s, Materializing param=pooler.dense.weight]
16550.3s 4427 BertModel LOAD REPORT from: google/muril-base-cased
16550.3s 4428 Key                                        | Status     |  |
16550.3s 4429 -------------------------------------------+------------+--+-
16550.3s 4430 cls.predictions.transform.LayerNorm.weight | UNEXPECTED |  |
16550.3s 4431 cls.seq_relationship.bias                  | UNEXPECTED |  |
16550.3s 4432 cls.predictions.transform.dense.weight     | UNEXPECTED |  |
16550.3s 4433 cls.predictions.decoder.bias               | UNEXPECTED |  |
16550.3s 4434 cls.seq_relationship.weight                | UNEXPECTED |  |
16550.3s 4435 cls.predictions.transform.LayerNorm.bias   | UNEXPECTED |  |
16550.3s 4436 bert.embeddings.position_ids               | UNEXPECTED |  |
16550.3s 4437 cls.predictions.bias                       | UNEXPECTED |  |
16550.3s 4438 cls.predictions.transform.dense.bias       | UNEXPECTED |  |
16550.3s 4439 cls.predictions.decoder.weight             | UNEXPECTED |  |
16550.3s 4440 
16550.3s 4441 Notes:
16550.3s 4442 - UNEXPECTED	:can be ignored when loading from different task/architecture; not ok if you expect identical arch.
16698.6s 4443 [s42f5] ep1 359/719 loss 0.3006 val 0.6785 * (0.41s/step)
16844.4s 4444 [s42f5] ep1 718/719 loss 0.4706 val 0.7147 * (0.41s/step)
16857.0s 4445 [s42f5] ep1 719/719 loss 0.7450 val 0.7147 (0.43s/step)
16857.0s 4446 [s42f5] ep1 done 5.1min  best 0.7147
17001.0s 4447 [s42f5] ep2 359/719 loss 0.5167 val 0.7410 * (0.40s/step)
17148.0s 4448 [s42f5] ep2 718/719 loss 0.7351 val 0.7476 * (0.41s/step)
17160.5s 4449 [s42f5] ep2 719/719 loss 0.3352 val 0.7476 (0.42s/step)
17160.5s 4450 [s42f5] ep2 done 5.1min  best 0.7476
17307.7s 4451 [s42f5] ep3 359/719 loss 0.6652 val 0.7593 * (0.41s/step)
17450.9s 4452 [s42f5] ep3 718/719 loss 0.8988 val 0.7630 * (0.40s/step)
17463.5s 4453 [s42f5] ep3 719/719 loss 0.4261 val 0.7630 (0.42s/step)
17463.5s 4454 [s42f5] ep3 done 5.1min  best 0.7630
17607.3s 4455 [s42f5] ep4 359/719 loss 0.3047 val 0.7670 * (0.40s/step)
17755.2s 4456 [s42f5] ep4 718/719 loss 0.2940 val 0.7756 * (0.41s/step)
17767.7s 4457 [s42f5] ep4 719/719 loss 0.8632 val 0.7756 (0.42s/step)
17767.7s 4458 [s42f5] ep4 done 5.1min  best 0.7756
17910.3s 4459 [s42f5] ep5 359/719 loss 0.4456 val 0.7763 * (0.40s/step)
18057.7s 4460 [s42f5] ep5 718/719 loss 0.3420 val 0.7806 * (0.40s/step)
18070.2s 4461 [s42f5] ep5 719/719 loss 0.3724 val 0.7806 (0.42s/step)
18070.2s 4462 [s42f5] ep5 done 5.0min  best 0.7806
18216.4s 4463 [s42f5] ep6 359/719 loss 0.2493 val 0.7827 * (0.41s/step)
18363.1s 4464 [s42f5] ep6 718/719 loss 0.2078 val 0.7835 * (0.41s/step)
18382.6s 4465 [s42f5] ep6 719/719 loss 0.2186 val 0.7835 (0.43s/step)
18382.6s 4466 [s42f5] ep6 done 5.2min  best 0.7835
18382.6s 4467 [s42f5] best 0.7835  last 0.7835  (selected: last)
18382.6s 4468 
18382.6s 4469 OOF macro-F1 0.7910 acc 0.7913
18383.3s 4470 threshold-tuned OOF macro-F1 0.7939 at p(Hate) > 0.463
18383.3s 4471 wrote /kaggle/working/hastika/artifacts/runs/a_oof_trainval_reinit2/predictions.csv (threshold 0.463)
18384.3s 4472 all three OOF runs completed
18384.7s 4473 dedupe task A: 7252 -> 7193 rows (49 duplicate, 10 in label-conflict groups)
18384.7s 4474 model threshold  macro_f1  accuracy
18384.7s 4475 demojized TF-IDF/SVM    argmax  0.811086  0.811205
18384.7s 4476 Run 11 MuRIL, one reinit layer    argmax  0.788873  0.789379
18384.7s 4477 Run 9 MuRIL, two reinit layers    argmax  0.790956  0.791325
18384.7s 4478 Run 11 locked ensemble      0.48  0.820356  0.820381
18384.7s 4479 Run 9 locked ensemble    argmax  0.821339  0.821493
18384.8s 4480 restored data/raw/binary_train.csv
18384.8s 4481 DOWNLOAD RESULTS FROM: /kaggle/working/task_a_oof_compare_outputs
18388.0s 4482 /usr/local/lib/python3.12/dist-packages/mistune.py:435: SyntaxWarning: invalid escape sequence '\|'
18388.0s 4483 cells[i][c] = re.sub('\\\\\|', '|', cell)
18388.2s 4484 /usr/local/lib/python3.12/dist-packages/nbconvert/filters/filter_links.py:36: SyntaxWarning: invalid escape sequence '\_'
18388.2s 4485 text = re.sub(r'_', '\_', text) # Escape underscores in display text
18388.9s 4486 [NbConvertApp] Converting notebook __notebook__.ipynb to notebook
18389.3s 4487 [NbConvertApp] Writing 615471 bytes to __notebook__.ipynb
18391.8s 4488 [NbConvertApp] Converting notebook __notebook__.ipynb to html
18392.6s 4489 [NbConvertApp] Writing 874376 bytes to __results__.html