12.6s 1 0.00s - Debugger warning: It seems that frozen modules are being used, which may
12.6s 2 0.00s - make the debugger miss breakpoints. Please pass -Xfrozen_modules=off
12.6s 3 0.00s - to python to disable frozen modules.
12.6s 4 0.00s - Note: Debugging will proceed. Set PYDEVD_DISABLE_FILE_VALIDATION=1 to disable this validation.
13.5s 5 0.00s - Debugger warning: It seems that frozen modules are being used, which may
13.5s 6 0.00s - make the debugger miss breakpoints. Please pass -Xfrozen_modules=off
13.5s 7 0.00s - to python to disable frozen modules.
13.5s 8 0.00s - Note: Debugging will proceed. Set PYDEVD_DISABLE_FILE_VALIDATION=1 to disable this validation.
16.7s 9 d70b00e exp: add Task A TAPT MuRIL notebook
16.9s 10 repo: /kaggle/working/hastika
16.9s 11 d70b00e exp: add Task A TAPT MuRIL notebook
20.7s 12 ━━━━━━━━━━━━━━━━━━━━━━━━━━━━━━━━━━━━━━━━ 44.8/44.8 kB 840.4 kB/s eta 0:00:00
21.0s 13 ━━━━━━━━━━━━━━━━━━━━━━━━━━━━━━━━━━━━━━━━ 44.8/44.8 kB 840.4 kB/s eta 0:00:00
32.8s 14 gpu: Tesla T4
32.8s 15 $ /usr/bin/python3 -u -m hastika.task_b.tapt --corpus data/raw/multiclass_train.csv data/external/offenseval_kn.csv --val-frac 0 --min-words 1 --no-dedupe --out artifacts/runs/tapt-d0v0-rdrop-full
73.6s 16 device=cuda model=google/muril-base-cased
74.0s 17 data/raw/multiclass_train.csv: 3159 rows
74.3s 18 data/external/offenseval_kn.csv: 3247 rows
74.3s 19 corpus: 6406 unique comments (from 6406)
74.3s 20 Warning: You are sending unauthenticated requests to the HF Hub. Please set a HF_TOKEN to enable higher rate limits and faster downloads.
87.4s 21 
87.4s 22 Loading weights:   0%|          | 0/204 [00:00<?, ?it/s]
87.4s 23 Loading weights:   0%|          | 1/204 [00:00<00:00, 7002.18it/s, Materializing param=bert.embeddings.LayerNorm.bias]
87.4s 24 Loading weights:   0%|          | 1/204 [00:00<00:00, 3201.76it/s, Materializing param=bert.embeddings.LayerNorm.bias]
87.4s 25 Loading weights:   1%|          | 2/204 [00:00<00:00, 3049.29it/s, Materializing param=bert.embeddings.LayerNorm.weight]
87.4s 26 Loading weights:   1%|          | 2/204 [00:00<00:00, 2667.28it/s, Materializing param=bert.embeddings.LayerNorm.weight]
87.4s 27 Loading weights:   1%|▏         | 3/204 [00:00<00:00, 1646.12it/s, Materializing param=bert.embeddings.position_embeddings.weight]
87.4s 28 Loading weights:   1%|▏         | 3/204 [00:00<00:00, 687.70it/s, Materializing param=bert.embeddings.position_embeddings.weight]
87.4s 29 Loading weights:   2%|▏         | 4/204 [00:00<00:00, 774.14it/s, Materializing param=bert.embeddings.token_type_embeddings.weight]
87.4s 30 Loading weights:   2%|▏         | 4/204 [00:00<00:00, 754.74it/s, Materializing param=bert.embeddings.token_type_embeddings.weight]
87.4s 31 Loading weights:   2%|▏         | 5/204 [00:00<00:00, 873.67it/s, Materializing param=bert.embeddings.word_embeddings.weight]
87.4s 32 Loading weights:   2%|▏         | 5/204 [00:00<00:00, 857.20it/s, Materializing param=bert.embeddings.word_embeddings.weight]
87.4s 33 Loading weights:   3%|▎         | 6/204 [00:00<00:00, 992.66it/s, Materializing param=bert.encoder.layer.0.attention.output.LayerNorm.bias]
87.4s 34 Loading weights:   3%|▎         | 6/204 [00:00<00:00, 966.39it/s, Materializing param=bert.encoder.layer.0.attention.output.LayerNorm.bias]
87.4s 35 Loading weights:   3%|▎         | 7/204 [00:00<00:00, 1081.80it/s, Materializing param=bert.encoder.layer.0.attention.output.LayerNorm.weight]
87.4s 36 Loading weights:   3%|▎         | 7/204 [00:00<00:00, 1064.58it/s, Materializing param=bert.encoder.layer.0.attention.output.LayerNorm.weight]
87.4s 37 Loading weights:   4%|▍         | 8/204 [00:00<00:00, 1174.22it/s, Materializing param=bert.encoder.layer.0.attention.output.dense.bias]
87.4s 38 Loading weights:   4%|▍         | 8/204 [00:00<00:00, 1157.61it/s, Materializing param=bert.encoder.layer.0.attention.output.dense.bias]
87.4s 39 Loading weights:   4%|▍         | 9/204 [00:00<00:00, 1257.37it/s, Materializing param=bert.encoder.layer.0.attention.output.dense.weight]
87.4s 40 Loading weights:   4%|▍         | 9/204 [00:00<00:00, 1238.03it/s, Materializing param=bert.encoder.layer.0.attention.output.dense.weight]
87.4s 41 Loading weights:   5%|▍         | 10/204 [00:00<00:00, 1325.63it/s, Materializing param=bert.encoder.layer.0.attention.self.key.bias]
87.4s 42 Loading weights:   5%|▍         | 10/204 [00:00<00:00, 1303.43it/s, Materializing param=bert.encoder.layer.0.attention.self.key.bias]
87.4s 43 Loading weights:   5%|▌         | 11/204 [00:00<00:00, 1395.27it/s, Materializing param=bert.encoder.layer.0.attention.self.key.weight]
87.4s 44 Loading weights:   5%|▌         | 11/204 [00:00<00:00, 1378.39it/s, Materializing param=bert.encoder.layer.0.attention.self.key.weight]
87.4s 45 Loading weights:   6%|▌         | 12/204 [00:00<00:00, 1455.72it/s, Materializing param=bert.encoder.layer.0.attention.self.query.bias]
87.4s 46 Loading weights:   6%|▌         | 12/204 [00:00<00:00, 1438.50it/s, Materializing param=bert.encoder.layer.0.attention.self.query.bias]
87.4s 47 Loading weights:   6%|▋         | 13/204 [00:00<00:00, 1517.81it/s, Materializing param=bert.encoder.layer.0.attention.self.query.weight]
87.4s 48 Loading weights:   6%|▋         | 13/204 [00:00<00:00, 1500.85it/s, Materializing param=bert.encoder.layer.0.attention.self.query.weight]
87.4s 49 Loading weights:   7%|▋         | 14/204 [00:00<00:00, 1573.38it/s, Materializing param=bert.encoder.layer.0.attention.self.value.bias]
87.4s 50 Loading weights:   7%|▋         | 14/204 [00:00<00:00, 1554.39it/s, Materializing param=bert.encoder.layer.0.attention.self.value.bias]
87.4s 51 Loading weights:   7%|▋         | 15/204 [00:00<00:00, 1617.38it/s, Materializing param=bert.encoder.layer.0.attention.self.value.weight]
87.4s 52 Loading weights:   7%|▋         | 15/204 [00:00<00:00, 1599.94it/s, Materializing param=bert.encoder.layer.0.attention.self.value.weight]
87.4s 53 Loading weights:   8%|▊         | 16/204 [00:00<00:00, 1664.98it/s, Materializing param=bert.encoder.layer.0.intermediate.dense.bias]
87.4s 54 Loading weights:   8%|▊         | 16/204 [00:00<00:00, 1648.34it/s, Materializing param=bert.encoder.layer.0.intermediate.dense.bias]
87.4s 55 Loading weights:   8%|▊         | 17/204 [00:00<00:00, 1712.95it/s, Materializing param=bert.encoder.layer.0.intermediate.dense.weight]
87.4s 56 Loading weights:   8%|▊         | 17/204 [00:00<00:00, 1696.36it/s, Materializing param=bert.encoder.layer.0.intermediate.dense.weight]
87.4s 57 Loading weights:   9%|▉         | 18/204 [00:00<00:00, 1751.40it/s, Materializing param=bert.encoder.layer.0.output.LayerNorm.bias]
87.4s 58 Loading weights:   9%|▉         | 18/204 [00:00<00:00, 1734.98it/s, Materializing param=bert.encoder.layer.0.output.LayerNorm.bias]
87.4s 59 Loading weights:   9%|▉         | 19/204 [00:00<00:00, 1793.57it/s, Materializing param=bert.encoder.layer.0.output.LayerNorm.weight]
87.4s 60 Loading weights:   9%|▉         | 19/204 [00:00<00:00, 1777.45it/s, Materializing param=bert.encoder.layer.0.output.LayerNorm.weight]
87.4s 61 Loading weights:  10%|▉         | 20/204 [00:00<00:00, 1832.17it/s, Materializing param=bert.encoder.layer.0.output.dense.bias]
87.4s 62 Loading weights:  10%|▉         | 20/204 [00:00<00:00, 1815.79it/s, Materializing param=bert.encoder.layer.0.output.dense.bias]
87.4s 63 Loading weights:  10%|█         | 21/204 [00:00<00:00, 1864.57it/s, Materializing param=bert.encoder.layer.0.output.dense.weight]
87.4s 64 Loading weights:  10%|█         | 21/204 [00:00<00:00, 1848.25it/s, Materializing param=bert.encoder.layer.0.output.dense.weight]
87.4s 65 Loading weights:  11%|█         | 22/204 [00:00<00:00, 1899.87it/s, Materializing param=bert.encoder.layer.1.attention.output.LayerNorm.bias]
87.4s 66 Loading weights:  11%|█         | 22/204 [00:00<00:00, 1883.73it/s, Materializing param=bert.encoder.layer.1.attention.output.LayerNorm.bias]
87.4s 67 Loading weights:  11%|█▏        | 23/204 [00:00<00:00, 1929.57it/s, Materializing param=bert.encoder.layer.1.attention.output.LayerNorm.weight]
87.4s 68 Loading weights:  11%|█▏        | 23/204 [00:00<00:00, 1913.92it/s, Materializing param=bert.encoder.layer.1.attention.output.LayerNorm.weight]
87.4s 69 Loading weights:  12%|█▏        | 24/204 [00:00<00:00, 1950.88it/s, Materializing param=bert.encoder.layer.1.attention.output.dense.bias]
87.4s 70 Loading weights:  12%|█▏        | 24/204 [00:00<00:00, 1934.64it/s, Materializing param=bert.encoder.layer.1.attention.output.dense.bias]
87.4s 71 Loading weights:  12%|█▏        | 25/204 [00:00<00:00, 1975.98it/s, Materializing param=bert.encoder.layer.1.attention.output.dense.weight]
87.4s 72 Loading weights:  12%|█▏        | 25/204 [00:00<00:00, 1960.58it/s, Materializing param=bert.encoder.layer.1.attention.output.dense.weight]
87.4s 73 Loading weights:  13%|█▎        | 26/204 [00:00<00:00, 2004.23it/s, Materializing param=bert.encoder.layer.1.attention.self.key.bias]
87.4s 74 Loading weights:  13%|█▎        | 26/204 [00:00<00:00, 1986.52it/s, Materializing param=bert.encoder.layer.1.attention.self.key.bias]
87.4s 75 Loading weights:  13%|█▎        | 27/204 [00:00<00:00, 2023.77it/s, Materializing param=bert.encoder.layer.1.attention.self.key.weight]
87.4s 76 Loading weights:  13%|█▎        | 27/204 [00:00<00:00, 2008.94it/s, Materializing param=bert.encoder.layer.1.attention.self.key.weight]
87.4s 77 Loading weights:  14%|█▎        | 28/204 [00:00<00:00, 2050.25it/s, Materializing param=bert.encoder.layer.1.attention.self.query.bias]
87.4s 78 Loading weights:  14%|█▎        | 28/204 [00:00<00:00, 2035.75it/s, Materializing param=bert.encoder.layer.1.attention.self.query.bias]
87.4s 79 Loading weights:  14%|█▍        | 29/204 [00:00<00:00, 2075.47it/s, Materializing param=bert.encoder.layer.1.attention.self.query.weight]
87.4s 80 Loading weights:  14%|█▍        | 29/204 [00:00<00:00, 2057.98it/s, Materializing param=bert.encoder.layer.1.attention.self.query.weight]
87.4s 81 Loading weights:  15%|█▍        | 30/204 [00:00<00:00, 2089.04it/s, Materializing param=bert.encoder.layer.1.attention.self.value.bias]
87.4s 82 Loading weights:  15%|█▍        | 30/204 [00:00<00:00, 2069.35it/s, Materializing param=bert.encoder.layer.1.attention.self.value.bias]
87.4s 83 Loading weights:  15%|█▌        | 31/204 [00:00<00:00, 2102.88it/s, Materializing param=bert.encoder.layer.1.attention.self.value.weight]
87.4s 84 Loading weights:  15%|█▌        | 31/204 [00:00<00:00, 2084.81it/s, Materializing param=bert.encoder.layer.1.attention.self.value.weight]
87.4s 85 Loading weights:  16%|█▌        | 32/204 [00:00<00:00, 2114.26it/s, Materializing param=bert.encoder.layer.1.intermediate.dense.bias]
87.4s 86 Loading weights:  16%|█▌        | 32/204 [00:00<00:00, 2091.53it/s, Materializing param=bert.encoder.layer.1.intermediate.dense.bias]
87.4s 87 Loading weights:  16%|█▌        | 33/204 [00:00<00:00, 2118.76it/s, Materializing param=bert.encoder.layer.1.intermediate.dense.weight]
87.4s 88 Loading weights:  16%|█▌        | 33/204 [00:00<00:00, 2101.67it/s, Materializing param=bert.encoder.layer.1.intermediate.dense.weight]
87.4s 89 Loading weights:  17%|█▋        | 34/204 [00:00<00:00, 2133.77it/s, Materializing param=bert.encoder.layer.1.output.LayerNorm.bias]
87.4s 90 Loading weights:  17%|█▋        | 34/204 [00:00<00:00, 2114.57it/s, Materializing param=bert.encoder.layer.1.output.LayerNorm.bias]
87.4s 91 Loading weights:  17%|█▋        | 35/204 [00:00<00:00, 2142.98it/s, Materializing param=bert.encoder.layer.1.output.LayerNorm.weight]
87.4s 92 Loading weights:  17%|█▋        | 35/204 [00:00<00:00, 2122.07it/s, Materializing param=bert.encoder.layer.1.output.LayerNorm.weight]
87.4s 93 Loading weights:  18%|█▊        | 36/204 [00:00<00:00, 2154.45it/s, Materializing param=bert.encoder.layer.1.output.dense.bias]
87.4s 94 Loading weights:  18%|█▊        | 36/204 [00:00<00:00, 2136.02it/s, Materializing param=bert.encoder.layer.1.output.dense.bias]
87.4s 95 Loading weights:  18%|█▊        | 37/204 [00:00<00:00, 2160.33it/s, Materializing param=bert.encoder.layer.1.output.dense.weight]
87.4s 96 Loading weights:  18%|█▊        | 37/204 [00:00<00:00, 2143.20it/s, Materializing param=bert.encoder.layer.1.output.dense.weight]
87.4s 97 Loading weights:  19%|█▊        | 38/204 [00:00<00:00, 2177.40it/s, Materializing param=bert.encoder.layer.2.attention.output.LayerNorm.bias]
87.4s 98 Loading weights:  19%|█▊        | 38/204 [00:00<00:00, 2163.60it/s, Materializing param=bert.encoder.layer.2.attention.output.LayerNorm.bias]
87.4s 99 Loading weights:  19%|█▉        | 39/204 [00:00<00:00, 2191.15it/s, Materializing param=bert.encoder.layer.2.attention.output.LayerNorm.weight]
87.4s 100 Loading weights:  19%|█▉        | 39/204 [00:00<00:00, 2174.14it/s, Materializing param=bert.encoder.layer.2.attention.output.LayerNorm.weight]
87.4s 101 Loading weights:  20%|█▉        | 40/204 [00:00<00:00, 2196.46it/s, Materializing param=bert.encoder.layer.2.attention.output.dense.bias]
87.4s 102 Loading weights:  20%|█▉        | 40/204 [00:00<00:00, 2180.62it/s, Materializing param=bert.encoder.layer.2.attention.output.dense.bias]
87.4s 103 Loading weights:  20%|██        | 41/204 [00:00<00:00, 2204.98it/s, Materializing param=bert.encoder.layer.2.attention.output.dense.weight]
87.4s 104 Loading weights:  20%|██        | 41/204 [00:00<00:00, 2190.01it/s, Materializing param=bert.encoder.layer.2.attention.output.dense.weight]
87.4s 105 Loading weights:  21%|██        | 42/204 [00:00<00:00, 2213.94it/s, Materializing param=bert.encoder.layer.2.attention.self.key.bias]
87.4s 106 Loading weights:  21%|██        | 42/204 [00:00<00:00, 2196.68it/s, Materializing param=bert.encoder.layer.2.attention.self.key.bias]
87.4s 107 Loading weights:  21%|██        | 43/204 [00:00<00:00, 2218.33it/s, Materializing param=bert.encoder.layer.2.attention.self.key.weight]
87.4s 108 Loading weights:  21%|██        | 43/204 [00:00<00:00, 2202.43it/s, Materializing param=bert.encoder.layer.2.attention.self.key.weight]
87.4s 109 Loading weights:  22%|██▏       | 44/204 [00:00<00:00, 2225.34it/s, Materializing param=bert.encoder.layer.2.attention.self.query.bias]
87.4s 110 Loading weights:  22%|██▏       | 44/204 [00:00<00:00, 2209.93it/s, Materializing param=bert.encoder.layer.2.attention.self.query.bias]
87.4s 111 Loading weights:  22%|██▏       | 45/204 [00:00<00:00, 2229.38it/s, Materializing param=bert.encoder.layer.2.attention.self.query.weight]
87.4s 112 Loading weights:  22%|██▏       | 45/204 [00:00<00:00, 2212.81it/s, Materializing param=bert.encoder.layer.2.attention.self.query.weight]
87.4s 113 Loading weights:  23%|██▎       | 46/204 [00:00<00:00, 2236.55it/s, Materializing param=bert.encoder.layer.2.attention.self.value.bias]
87.4s 114 Loading weights:  23%|██▎       | 46/204 [00:00<00:00, 2222.22it/s, Materializing param=bert.encoder.layer.2.attention.self.value.bias]
87.4s 115 Loading weights:  23%|██▎       | 47/204 [00:00<00:00, 2243.17it/s, Materializing param=bert.encoder.layer.2.attention.self.value.weight]
87.4s 116 Loading weights:  23%|██▎       | 47/204 [00:00<00:00, 2227.23it/s, Materializing param=bert.encoder.layer.2.attention.self.value.weight]
87.4s 117 Loading weights:  24%|██▎       | 48/204 [00:00<00:00, 2245.57it/s, Materializing param=bert.encoder.layer.2.intermediate.dense.bias]
87.4s 118 Loading weights:  24%|██▎       | 48/204 [00:00<00:00, 2231.19it/s, Materializing param=bert.encoder.layer.2.intermediate.dense.bias]
87.4s 119 Loading weights:  24%|██▍       | 49/204 [00:00<00:00, 2251.89it/s, Materializing param=bert.encoder.layer.2.intermediate.dense.weight]
87.4s 120 Loading weights:  24%|██▍       | 49/204 [00:00<00:00, 2237.23it/s, Materializing param=bert.encoder.layer.2.intermediate.dense.weight]
87.4s 121 Loading weights:  25%|██▍       | 50/204 [00:00<00:00, 2253.91it/s, Materializing param=bert.encoder.layer.2.output.LayerNorm.bias]
87.4s 122 Loading weights:  25%|██▍       | 50/204 [00:00<00:00, 2239.09it/s, Materializing param=bert.encoder.layer.2.output.LayerNorm.bias]
87.4s 123 Loading weights:  25%|██▌       | 51/204 [00:00<00:00, 2258.45it/s, Materializing param=bert.encoder.layer.2.output.LayerNorm.weight]
87.4s 124 Loading weights:  25%|██▌       | 51/204 [00:00<00:00, 2244.92it/s, Materializing param=bert.encoder.layer.2.output.LayerNorm.weight]
87.4s 125 Loading weights:  25%|██▌       | 52/204 [00:00<00:00, 2264.86it/s, Materializing param=bert.encoder.layer.2.output.dense.bias]
87.4s 126 Loading weights:  25%|██▌       | 52/204 [00:00<00:00, 2250.63it/s, Materializing param=bert.encoder.layer.2.output.dense.bias]
87.4s 127 Loading weights:  26%|██▌       | 53/204 [00:00<00:00, 2275.34it/s, Materializing param=bert.encoder.layer.2.output.dense.weight]
87.4s 128 Loading weights:  26%|██▌       | 53/204 [00:00<00:00, 2268.70it/s, Materializing param=bert.encoder.layer.2.output.dense.weight]
87.4s 129 Loading weights:  26%|██▋       | 54/204 [00:00<00:00, 2299.95it/s, Materializing param=bert.encoder.layer.3.attention.output.LayerNorm.bias]
87.4s 130 Loading weights:  26%|██▋       | 54/204 [00:00<00:00, 2293.32it/s, Materializing param=bert.encoder.layer.3.attention.output.LayerNorm.bias]
87.4s 131 Loading weights:  27%|██▋       | 55/204 [00:00<00:00, 2322.45it/s, Materializing param=bert.encoder.layer.3.attention.output.LayerNorm.weight]
87.4s 132 Loading weights:  27%|██▋       | 55/204 [00:00<00:00, 2315.95it/s, Materializing param=bert.encoder.layer.3.attention.output.LayerNorm.weight]
87.4s 133 Loading weights:  27%|██▋       | 56/204 [00:00<00:00, 2346.35it/s, Materializing param=bert.encoder.layer.3.attention.output.dense.bias]
87.4s 134 Loading weights:  27%|██▋       | 56/204 [00:00<00:00, 2340.08it/s, Materializing param=bert.encoder.layer.3.attention.output.dense.bias]
87.4s 135 Loading weights:  28%|██▊       | 57/204 [00:00<00:00, 2365.96it/s, Materializing param=bert.encoder.layer.3.attention.output.dense.weight]
87.4s 136 Loading weights:  28%|██▊       | 57/204 [00:00<00:00, 2357.23it/s, Materializing param=bert.encoder.layer.3.attention.output.dense.weight]
87.4s 137 Loading weights:  28%|██▊       | 58/204 [00:00<00:00, 2377.56it/s, Materializing param=bert.encoder.layer.3.attention.self.key.bias]
87.4s 138 Loading weights:  28%|██▊       | 58/204 [00:00<00:00, 2364.41it/s, Materializing param=bert.encoder.layer.3.attention.self.key.bias]
87.4s 139 Loading weights:  29%|██▉       | 59/204 [00:00<00:00, 2384.39it/s, Materializing param=bert.encoder.layer.3.attention.self.key.weight]
87.4s 140 Loading weights:  29%|██▉       | 59/204 [00:00<00:00, 2371.23it/s, Materializing param=bert.encoder.layer.3.attention.self.key.weight]
87.4s 141 Loading weights:  29%|██▉       | 60/204 [00:00<00:00, 2385.36it/s, Materializing param=bert.encoder.layer.3.attention.self.query.bias]
87.4s 142 Loading weights:  29%|██▉       | 60/204 [00:00<00:00, 2373.91it/s, Materializing param=bert.encoder.layer.3.attention.self.query.bias]
87.4s 143 Loading weights:  30%|██▉       | 61/204 [00:00<00:00, 2390.56it/s, Materializing param=bert.encoder.layer.3.attention.self.query.weight]
87.4s 144 Loading weights:  30%|██▉       | 61/204 [00:00<00:00, 2376.69it/s, Materializing param=bert.encoder.layer.3.attention.self.query.weight]
87.4s 145 Loading weights:  30%|███       | 62/204 [00:00<00:00, 2391.81it/s, Materializing param=bert.encoder.layer.3.attention.self.value.bias]
87.4s 146 Loading weights:  30%|███       | 62/204 [00:00<00:00, 2378.48it/s, Materializing param=bert.encoder.layer.3.attention.self.value.bias]
87.4s 147 Loading weights:  31%|███       | 63/204 [00:00<00:00, 2399.60it/s, Materializing param=bert.encoder.layer.3.attention.self.value.weight]
87.4s 148 Loading weights:  31%|███       | 63/204 [00:00<00:00, 2392.97it/s, Materializing param=bert.encoder.layer.3.attention.self.value.weight]
87.4s 149 Loading weights:  31%|███▏      | 64/204 [00:00<00:00, 2409.03it/s, Materializing param=bert.encoder.layer.3.intermediate.dense.bias]
87.4s 150 Loading weights:  31%|███▏      | 64/204 [00:00<00:00, 2397.34it/s, Materializing param=bert.encoder.layer.3.intermediate.dense.bias]
87.4s 151 Loading weights:  32%|███▏      | 65/204 [00:00<00:00, 2412.87it/s, Materializing param=bert.encoder.layer.3.intermediate.dense.weight]
87.4s 152 Loading weights:  32%|███▏      | 65/204 [00:00<00:00, 2403.78it/s, Materializing param=bert.encoder.layer.3.intermediate.dense.weight]
87.4s 153 Loading weights:  32%|███▏      | 66/204 [00:00<00:00, 2421.23it/s, Materializing param=bert.encoder.layer.3.output.LayerNorm.bias]
87.4s 154 Loading weights:  32%|███▏      | 66/204 [00:00<00:00, 2414.91it/s, Materializing param=bert.encoder.layer.3.output.LayerNorm.bias]
87.4s 155 Loading weights:  33%|███▎      | 67/204 [00:00<00:00, 2440.24it/s, Materializing param=bert.encoder.layer.3.output.LayerNorm.weight]
87.4s 156 Loading weights:  33%|███▎      | 67/204 [00:00<00:00, 2434.45it/s, Materializing param=bert.encoder.layer.3.output.LayerNorm.weight]
87.4s 157 Loading weights:  33%|███▎      | 68/204 [00:00<00:00, 2460.47it/s, Materializing param=bert.encoder.layer.3.output.dense.bias]
87.4s 158 Loading weights:  33%|███▎      | 68/204 [00:00<00:00, 2454.08it/s, Materializing param=bert.encoder.layer.3.output.dense.bias]
87.4s 159 Loading weights:  34%|███▍      | 69/204 [00:00<00:00, 2479.69it/s, Materializing param=bert.encoder.layer.3.output.dense.weight]
87.4s 160 Loading weights:  34%|███▍      | 69/204 [00:00<00:00, 2474.41it/s, Materializing param=bert.encoder.layer.3.output.dense.weight]
87.4s 161 Loading weights:  34%|███▍      | 70/204 [00:00<00:00, 2498.88it/s, Materializing param=bert.encoder.layer.4.attention.output.LayerNorm.bias]
87.4s 162 Loading weights:  34%|███▍      | 70/204 [00:00<00:00, 2492.37it/s, Materializing param=bert.encoder.layer.4.attention.output.LayerNorm.bias]
87.4s 163 Loading weights:  35%|███▍      | 71/204 [00:00<00:00, 2503.75it/s, Materializing param=bert.encoder.layer.4.attention.output.LayerNorm.weight]
87.4s 164 Loading weights:  35%|███▍      | 71/204 [00:00<00:00, 2494.66it/s, Materializing param=bert.encoder.layer.4.attention.output.LayerNorm.weight]
87.4s 165 Loading weights:  35%|███▌      | 72/204 [00:00<00:00, 2507.97it/s, Materializing param=bert.encoder.layer.4.attention.output.dense.bias]
87.4s 166 Loading weights:  35%|███▌      | 72/204 [00:00<00:00, 2496.82it/s, Materializing param=bert.encoder.layer.4.attention.output.dense.bias]
87.4s 167 Loading weights:  36%|███▌      | 73/204 [00:00<00:00, 2507.45it/s, Materializing param=bert.encoder.layer.4.attention.output.dense.weight]
87.4s 168 Loading weights:  36%|███▌      | 73/204 [00:00<00:00, 2497.65it/s, Materializing param=bert.encoder.layer.4.attention.output.dense.weight]
87.4s 169 Loading weights:  36%|███▋      | 74/204 [00:00<00:00, 2519.90it/s, Materializing param=bert.encoder.layer.4.attention.self.key.bias]
87.4s 170 Loading weights:  36%|███▋      | 74/204 [00:00<00:00, 2514.14it/s, Materializing param=bert.encoder.layer.4.attention.self.key.bias]
87.4s 171 Loading weights:  37%|███▋      | 75/204 [00:00<00:00, 2537.35it/s, Materializing param=bert.encoder.layer.4.attention.self.key.weight]
87.4s 172 Loading weights:  37%|███▋      | 75/204 [00:00<00:00, 2531.98it/s, Materializing param=bert.encoder.layer.4.attention.self.key.weight]
87.4s 173 Loading weights:  37%|███▋      | 76/204 [00:00<00:00, 2556.21it/s, Materializing param=bert.encoder.layer.4.attention.self.query.bias]
87.4s 174 Loading weights:  37%|███▋      | 76/204 [00:00<00:00, 2550.71it/s, Materializing param=bert.encoder.layer.4.attention.self.query.bias]
87.4s 175 Loading weights:  38%|███▊      | 77/204 [00:00<00:00, 2574.40it/s, Materializing param=bert.encoder.layer.4.attention.self.query.weight]
87.4s 176 Loading weights:  38%|███▊      | 77/204 [00:00<00:00, 2569.16it/s, Materializing param=bert.encoder.layer.4.attention.self.query.weight]
87.4s 177 Loading weights:  38%|███▊      | 78/204 [00:00<00:00, 2586.91it/s, Materializing param=bert.encoder.layer.4.attention.self.value.bias]
87.4s 178 Loading weights:  38%|███▊      | 78/204 [00:00<00:00, 2578.93it/s, Materializing param=bert.encoder.layer.4.attention.self.value.bias]
87.4s 179 Loading weights:  39%|███▊      | 79/204 [00:00<00:00, 2601.03it/s, Materializing param=bert.encoder.layer.4.attention.self.value.weight]
87.4s 180 Loading weights:  39%|███▊      | 79/204 [00:00<00:00, 2595.57it/s, Materializing param=bert.encoder.layer.4.attention.self.value.weight]
87.4s 181 Loading weights:  39%|███▉      | 80/204 [00:00<00:00, 2618.45it/s, Materializing param=bert.encoder.layer.4.intermediate.dense.bias]
87.4s 182 Loading weights:  39%|███▉      | 80/204 [00:00<00:00, 2613.09it/s, Materializing param=bert.encoder.layer.4.intermediate.dense.bias]
87.4s 183 Loading weights:  40%|███▉      | 81/204 [00:00<00:00, 2624.70it/s, Materializing param=bert.encoder.layer.4.intermediate.dense.weight]
87.4s 184 Loading weights:  40%|███▉      | 81/204 [00:00<00:00, 2612.59it/s, Materializing param=bert.encoder.layer.4.intermediate.dense.weight]
87.4s 185 Loading weights:  40%|████      | 82/204 [00:00<00:00, 2622.26it/s, Materializing param=bert.encoder.layer.4.output.LayerNorm.bias]
87.4s 186 Loading weights:  40%|████      | 82/204 [00:00<00:00, 2612.08it/s, Materializing param=bert.encoder.layer.4.output.LayerNorm.bias]
87.4s 187 Loading weights:  41%|████      | 83/204 [00:00<00:00, 2624.25it/s, Materializing param=bert.encoder.layer.4.output.LayerNorm.weight]
87.4s 188 Loading weights:  41%|████      | 83/204 [00:00<00:00, 2616.24it/s, Materializing param=bert.encoder.layer.4.output.LayerNorm.weight]
87.4s 189 Loading weights:  41%|████      | 84/204 [00:00<00:00, 2629.36it/s, Materializing param=bert.encoder.layer.4.output.dense.bias]
87.4s 190 Loading weights:  41%|████      | 84/204 [00:00<00:00, 2616.96it/s, Materializing param=bert.encoder.layer.4.output.dense.bias]
87.4s 191 Loading weights:  42%|████▏     | 85/204 [00:00<00:00, 2629.33it/s, Materializing param=bert.encoder.layer.4.output.dense.weight]
87.4s 192 Loading weights:  42%|████▏     | 85/204 [00:00<00:00, 2621.23it/s, Materializing param=bert.encoder.layer.4.output.dense.weight]
87.4s 193 Loading weights:  42%|████▏     | 86/204 [00:00<00:00, 2633.96it/s, Materializing param=bert.encoder.layer.5.attention.output.LayerNorm.bias]
87.4s 194 Loading weights:  42%|████▏     | 86/204 [00:00<00:00, 2625.83it/s, Materializing param=bert.encoder.layer.5.attention.output.LayerNorm.bias]
87.4s 195 Loading weights:  43%|████▎     | 87/204 [00:00<00:00, 2637.47it/s, Materializing param=bert.encoder.layer.5.attention.output.LayerNorm.weight]
87.4s 196 Loading weights:  43%|████▎     | 87/204 [00:00<00:00, 2627.35it/s, Materializing param=bert.encoder.layer.5.attention.output.LayerNorm.weight]
87.4s 197 Loading weights:  43%|████▎     | 88/204 [00:00<00:00, 2637.85it/s, Materializing param=bert.encoder.layer.5.attention.output.dense.bias]
87.4s 198 Loading weights:  43%|████▎     | 88/204 [00:00<00:00, 2627.43it/s, Materializing param=bert.encoder.layer.5.attention.output.dense.bias]
87.4s 199 Loading weights:  44%|████▎     | 89/204 [00:00<00:00, 2640.54it/s, Materializing param=bert.encoder.layer.5.attention.output.dense.weight]
87.4s 200 Loading weights:  44%|████▎     | 89/204 [00:00<00:00, 2634.52it/s, Materializing param=bert.encoder.layer.5.attention.output.dense.weight]
87.4s 201 Loading weights:  44%|████▍     | 90/204 [00:00<00:00, 2651.17it/s, Materializing param=bert.encoder.layer.5.attention.self.key.bias]
87.4s 202 Loading weights:  44%|████▍     | 90/204 [00:00<00:00, 2645.62it/s, Materializing param=bert.encoder.layer.5.attention.self.key.bias]
87.4s 203 Loading weights:  45%|████▍     | 91/204 [00:00<00:00, 2658.64it/s, Materializing param=bert.encoder.layer.5.attention.self.key.weight]
87.4s 204 Loading weights:  45%|████▍     | 91/204 [00:00<00:00, 2653.11it/s, Materializing param=bert.encoder.layer.5.attention.self.key.weight]
87.4s 205 Loading weights:  45%|████▌     | 92/204 [00:00<00:00, 2672.85it/s, Materializing param=bert.encoder.layer.5.attention.self.query.bias]
87.4s 206 Loading weights:  45%|████▌     | 92/204 [00:00<00:00, 2667.71it/s, Materializing param=bert.encoder.layer.5.attention.self.query.bias]
87.4s 207 Loading weights:  46%|████▌     | 93/204 [00:00<00:00, 2687.82it/s, Materializing param=bert.encoder.layer.5.attention.self.query.weight]
87.4s 208 Loading weights:  46%|████▌     | 93/204 [00:00<00:00, 2683.07it/s, Materializing param=bert.encoder.layer.5.attention.self.query.weight]
87.4s 209 Loading weights:  46%|████▌     | 94/204 [00:00<00:00, 2697.65it/s, Materializing param=bert.encoder.layer.5.attention.self.value.bias]
87.4s 210 Loading weights:  46%|████▌     | 94/204 [00:00<00:00, 2687.37it/s, Materializing param=bert.encoder.layer.5.attention.self.value.bias]
87.4s 211 Loading weights:  47%|████▋     | 95/204 [00:00<00:00, 2693.93it/s, Materializing param=bert.encoder.layer.5.attention.self.value.weight]
87.4s 212 Loading weights:  47%|████▋     | 95/204 [00:00<00:00, 2686.25it/s, Materializing param=bert.encoder.layer.5.attention.self.value.weight]
87.4s 213 Loading weights:  47%|████▋     | 96/204 [00:00<00:00, 2703.48it/s, Materializing param=bert.encoder.layer.5.intermediate.dense.bias]
87.4s 214 Loading weights:  47%|████▋     | 96/204 [00:00<00:00, 2696.02it/s, Materializing param=bert.encoder.layer.5.intermediate.dense.bias]
87.4s 215 Loading weights:  48%|████▊     | 97/204 [00:00<00:00, 2705.64it/s, Materializing param=bert.encoder.layer.5.intermediate.dense.weight]
87.4s 216 Loading weights:  48%|████▊     | 97/204 [00:00<00:00, 2694.53it/s, Materializing param=bert.encoder.layer.5.intermediate.dense.weight]
87.4s 217 Loading weights:  48%|████▊     | 98/204 [00:00<00:00, 2704.19it/s, Materializing param=bert.encoder.layer.5.output.LayerNorm.bias]
87.4s 218 Loading weights:  48%|████▊     | 98/204 [00:00<00:00, 2696.63it/s, Materializing param=bert.encoder.layer.5.output.LayerNorm.bias]
87.4s 219 Loading weights:  49%|████▊     | 99/204 [00:00<00:00, 2706.44it/s, Materializing param=bert.encoder.layer.5.output.LayerNorm.weight]
87.4s 220 Loading weights:  49%|████▊     | 99/204 [00:00<00:00, 2699.20it/s, Materializing param=bert.encoder.layer.5.output.LayerNorm.weight]
87.4s 221 Loading weights:  49%|████▉     | 100/204 [00:00<00:00, 2709.67it/s, Materializing param=bert.encoder.layer.5.output.dense.bias]
87.4s 222 Loading weights:  49%|████▉     | 100/204 [00:00<00:00, 2702.39it/s, Materializing param=bert.encoder.layer.5.output.dense.bias]
87.4s 223 Loading weights:  50%|████▉     | 101/204 [00:00<00:00, 2711.15it/s, Materializing param=bert.encoder.layer.5.output.dense.weight]
87.4s 224 Loading weights:  50%|████▉     | 101/204 [00:00<00:00, 2699.69it/s, Materializing param=bert.encoder.layer.5.output.dense.weight]
87.4s 225 Loading weights:  50%|█████     | 102/204 [00:00<00:00, 2709.48it/s, Materializing param=bert.encoder.layer.6.attention.output.LayerNorm.bias]
87.4s 226 Loading weights:  50%|█████     | 102/204 [00:00<00:00, 2698.82it/s, Materializing param=bert.encoder.layer.6.attention.output.LayerNorm.bias]
87.4s 227 Loading weights:  50%|█████     | 103/204 [00:00<00:00, 2709.99it/s, Materializing param=bert.encoder.layer.6.attention.output.LayerNorm.weight]
87.4s 228 Loading weights:  50%|█████     | 103/204 [00:00<00:00, 2700.40it/s, Materializing param=bert.encoder.layer.6.attention.output.LayerNorm.weight]
87.4s 229 Loading weights:  51%|█████     | 104/204 [00:00<00:00, 2715.96it/s, Materializing param=bert.encoder.layer.6.attention.output.dense.bias]
87.4s 230 Loading weights:  51%|█████     | 104/204 [00:00<00:00, 2708.99it/s, Materializing param=bert.encoder.layer.6.attention.output.dense.bias]
87.4s 231 Loading weights:  51%|█████▏    | 105/204 [00:00<00:00, 2719.55it/s, Materializing param=bert.encoder.layer.6.attention.output.dense.weight]
87.4s 232 Loading weights:  51%|█████▏    | 105/204 [00:00<00:00, 2714.29it/s, Materializing param=bert.encoder.layer.6.attention.output.dense.weight]
87.4s 233 Loading weights:  52%|█████▏    | 106/204 [00:00<00:00, 2724.71it/s, Materializing param=bert.encoder.layer.6.attention.self.key.bias]
87.4s 234 Loading weights:  52%|█████▏    | 106/204 [00:00<00:00, 2716.00it/s, Materializing param=bert.encoder.layer.6.attention.self.key.bias]
87.4s 235 Loading weights:  52%|█████▏    | 107/204 [00:00<00:00, 2721.38it/s, Materializing param=bert.encoder.layer.6.attention.self.key.weight]
87.4s 236 Loading weights:  52%|█████▏    | 107/204 [00:00<00:00, 2711.63it/s, Materializing param=bert.encoder.layer.6.attention.self.key.weight]
87.4s 237 Loading weights:  53%|█████▎    | 108/204 [00:00<00:00, 2719.68it/s, Materializing param=bert.encoder.layer.6.attention.self.query.bias]
87.4s 238 Loading weights:  53%|█████▎    | 108/204 [00:00<00:00, 2710.24it/s, Materializing param=bert.encoder.layer.6.attention.self.query.bias]
87.4s 239 Loading weights:  53%|█████▎    | 109/204 [00:00<00:00, 2715.50it/s, Materializing param=bert.encoder.layer.6.attention.self.query.weight]
87.4s 240 Loading weights:  53%|█████▎    | 109/204 [00:00<00:00, 2705.46it/s, Materializing param=bert.encoder.layer.6.attention.self.query.weight]
87.4s 241 Loading weights:  54%|█████▍    | 110/204 [00:00<00:00, 2711.68it/s, Materializing param=bert.encoder.layer.6.attention.self.value.bias]
87.4s 242 Loading weights:  54%|█████▍    | 110/204 [00:00<00:00, 2704.94it/s, Materializing param=bert.encoder.layer.6.attention.self.value.bias]
87.4s 243 Loading weights:  54%|█████▍    | 111/204 [00:00<00:00, 2717.47it/s, Materializing param=bert.encoder.layer.6.attention.self.value.weight]
87.4s 244 Loading weights:  54%|█████▍    | 111/204 [00:00<00:00, 2712.56it/s, Materializing param=bert.encoder.layer.6.attention.self.value.weight]
87.4s 245 Loading weights:  55%|█████▍    | 112/204 [00:00<00:00, 2724.96it/s, Materializing param=bert.encoder.layer.6.intermediate.dense.bias]
87.4s 246 Loading weights:  55%|█████▍    | 112/204 [00:00<00:00, 2716.24it/s, Materializing param=bert.encoder.layer.6.intermediate.dense.bias]
87.4s 247 Loading weights:  55%|█████▌    | 113/204 [00:00<00:00, 2726.66it/s, Materializing param=bert.encoder.layer.6.intermediate.dense.weight]
87.4s 248 Loading weights:  55%|█████▌    | 113/204 [00:00<00:00, 2721.63it/s, Materializing param=bert.encoder.layer.6.intermediate.dense.weight]
87.4s 249 Loading weights:  56%|█████▌    | 114/204 [00:00<00:00, 2737.45it/s, Materializing param=bert.encoder.layer.6.output.LayerNorm.bias]
87.4s 250 Loading weights:  56%|█████▌    | 114/204 [00:00<00:00, 2733.12it/s, Materializing param=bert.encoder.layer.6.output.LayerNorm.bias]
87.4s 251 Loading weights:  56%|█████▋    | 115/204 [00:00<00:00, 2749.14it/s, Materializing param=bert.encoder.layer.6.output.LayerNorm.weight]
87.4s 252 Loading weights:  56%|█████▋    | 115/204 [00:00<00:00, 2744.95it/s, Materializing param=bert.encoder.layer.6.output.LayerNorm.weight]
87.4s 253 Loading weights:  57%|█████▋    | 116/204 [00:00<00:00, 2761.45it/s, Materializing param=bert.encoder.layer.6.output.dense.bias]
87.4s 254 Loading weights:  57%|█████▋    | 116/204 [00:00<00:00, 2753.10it/s, Materializing param=bert.encoder.layer.6.output.dense.bias]
87.4s 255 Loading weights:  57%|█████▋    | 117/204 [00:00<00:00, 2767.03it/s, Materializing param=bert.encoder.layer.6.output.dense.weight]
87.4s 256 Loading weights:  57%|█████▋    | 117/204 [00:00<00:00, 2762.74it/s, Materializing param=bert.encoder.layer.6.output.dense.weight]
87.4s 257 Loading weights:  58%|█████▊    | 118/204 [00:00<00:00, 2779.09it/s, Materializing param=bert.encoder.layer.7.attention.output.LayerNorm.bias]
87.4s 258 Loading weights:  58%|█████▊    | 118/204 [00:00<00:00, 2774.96it/s, Materializing param=bert.encoder.layer.7.attention.output.LayerNorm.bias]
87.4s 259 Loading weights:  58%|█████▊    | 119/204 [00:00<00:00, 2790.22it/s, Materializing param=bert.encoder.layer.7.attention.output.LayerNorm.weight]
87.4s 260 Loading weights:  58%|█████▊    | 119/204 [00:00<00:00, 2786.10it/s, Materializing param=bert.encoder.layer.7.attention.output.LayerNorm.weight]
87.4s 261 Loading weights:  59%|█████▉    | 120/204 [00:00<00:00, 2801.87it/s, Materializing param=bert.encoder.layer.7.attention.output.dense.bias]
87.4s 262 Loading weights:  59%|█████▉    | 120/204 [00:00<00:00, 2797.79it/s, Materializing param=bert.encoder.layer.7.attention.output.dense.bias]
87.4s 263 Loading weights:  59%|█████▉    | 121/204 [00:00<00:00, 2811.04it/s, Materializing param=bert.encoder.layer.7.attention.output.dense.weight]
87.4s 264 Loading weights:  59%|█████▉    | 121/204 [00:00<00:00, 2802.43it/s, Materializing param=bert.encoder.layer.7.attention.output.dense.weight]
87.4s 265 Loading weights:  60%|█████▉    | 122/204 [00:00<00:00, 2815.88it/s, Materializing param=bert.encoder.layer.7.attention.self.key.bias]
87.4s 266 Loading weights:  60%|█████▉    | 122/204 [00:00<00:00, 2811.13it/s, Materializing param=bert.encoder.layer.7.attention.self.key.bias]
87.4s 267 Loading weights:  60%|██████    | 123/204 [00:00<00:00, 2819.74it/s, Materializing param=bert.encoder.layer.7.attention.self.key.weight]
87.4s 268 Loading weights:  60%|██████    | 123/204 [00:00<00:00, 2809.92it/s, Materializing param=bert.encoder.layer.7.attention.self.key.weight]
87.4s 269 Loading weights:  61%|██████    | 124/204 [00:00<00:00, 2821.38it/s, Materializing param=bert.encoder.layer.7.attention.self.query.bias]
87.4s 270 Loading weights:  61%|██████    | 124/204 [00:00<00:00, 2816.87it/s, Materializing param=bert.encoder.layer.7.attention.self.query.bias]
87.4s 271 Loading weights:  61%|██████▏   | 125/204 [00:00<00:00, 2823.82it/s, Materializing param=bert.encoder.layer.7.attention.self.query.weight]
87.4s 272 Loading weights:  61%|██████▏   | 125/204 [00:00<00:00, 2819.07it/s, Materializing param=bert.encoder.layer.7.attention.self.query.weight]
87.4s 273 Loading weights:  62%|██████▏   | 126/204 [00:00<00:00, 2833.75it/s, Materializing param=bert.encoder.layer.7.attention.self.value.bias]
87.4s 274 Loading weights:  62%|██████▏   | 126/204 [00:00<00:00, 2826.64it/s, Materializing param=bert.encoder.layer.7.attention.self.value.bias]
87.4s 275 Loading weights:  62%|██████▏   | 127/204 [00:00<00:00, 2835.33it/s, Materializing param=bert.encoder.layer.7.attention.self.value.weight]
87.4s 276 Loading weights:  62%|██████▏   | 127/204 [00:00<00:00, 2828.77it/s, Materializing param=bert.encoder.layer.7.attention.self.value.weight]
87.4s 277 Loading weights:  63%|██████▎   | 128/204 [00:00<00:00, 2842.41it/s, Materializing param=bert.encoder.layer.7.intermediate.dense.bias]
87.4s 278 Loading weights:  63%|██████▎   | 128/204 [00:00<00:00, 2833.73it/s, Materializing param=bert.encoder.layer.7.intermediate.dense.bias]
87.4s 279 Loading weights:  63%|██████▎   | 129/204 [00:00<00:00, 2840.22it/s, Materializing param=bert.encoder.layer.7.intermediate.dense.weight]
87.4s 280 Loading weights:  63%|██████▎   | 129/204 [00:00<00:00, 2832.37it/s, Materializing param=bert.encoder.layer.7.intermediate.dense.weight]
87.4s 281 Loading weights:  64%|██████▎   | 130/204 [00:00<00:00, 2844.29it/s, Materializing param=bert.encoder.layer.7.output.LayerNorm.bias]
87.4s 282 Loading weights:  64%|██████▎   | 130/204 [00:00<00:00, 2834.77it/s, Materializing param=bert.encoder.layer.7.output.LayerNorm.bias]
87.4s 283 Loading weights:  64%|██████▍   | 131/204 [00:00<00:00, 2840.38it/s, Materializing param=bert.encoder.layer.7.output.LayerNorm.weight]
87.4s 284 Loading weights:  64%|██████▍   | 131/204 [00:00<00:00, 2832.08it/s, Materializing param=bert.encoder.layer.7.output.LayerNorm.weight]
87.4s 285 Loading weights:  65%|██████▍   | 132/204 [00:00<00:00, 2840.21it/s, Materializing param=bert.encoder.layer.7.output.dense.bias]
87.4s 286 Loading weights:  65%|██████▍   | 132/204 [00:00<00:00, 2834.18it/s, Materializing param=bert.encoder.layer.7.output.dense.bias]
87.4s 287 Loading weights:  65%|██████▌   | 133/204 [00:00<00:00, 2842.25it/s, Materializing param=bert.encoder.layer.7.output.dense.weight]
87.4s 288 Loading weights:  65%|██████▌   | 133/204 [00:00<00:00, 2836.37it/s, Materializing param=bert.encoder.layer.7.output.dense.weight]
87.4s 289 Loading weights:  66%|██████▌   | 134/204 [00:00<00:00, 2843.35it/s, Materializing param=bert.encoder.layer.8.attention.output.LayerNorm.bias]
87.4s 290 Loading weights:  66%|██████▌   | 134/204 [00:00<00:00, 2833.99it/s, Materializing param=bert.encoder.layer.8.attention.output.LayerNorm.bias]
87.4s 291 Loading weights:  66%|██████▌   | 135/204 [00:00<00:00, 2840.57it/s, Materializing param=bert.encoder.layer.8.attention.output.LayerNorm.weight]
87.4s 292 Loading weights:  66%|██████▌   | 135/204 [00:00<00:00, 2832.12it/s, Materializing param=bert.encoder.layer.8.attention.output.LayerNorm.weight]
87.4s 293 Loading weights:  67%|██████▋   | 136/204 [00:00<00:00, 2839.51it/s, Materializing param=bert.encoder.layer.8.attention.output.dense.bias]
87.4s 294 Loading weights:  67%|██████▋   | 136/204 [00:00<00:00, 2832.72it/s, Materializing param=bert.encoder.layer.8.attention.output.dense.bias]
87.4s 295 Loading weights:  67%|██████▋   | 137/204 [00:00<00:00, 2838.47it/s, Materializing param=bert.encoder.layer.8.attention.output.dense.weight]
87.4s 296 Loading weights:  67%|██████▋   | 137/204 [00:00<00:00, 2829.91it/s, Materializing param=bert.encoder.layer.8.attention.output.dense.weight]
87.4s 297 Loading weights:  68%|██████▊   | 138/204 [00:00<00:00, 2837.13it/s, Materializing param=bert.encoder.layer.8.attention.self.key.bias]
87.4s 298 Loading weights:  68%|██████▊   | 138/204 [00:00<00:00, 2832.51it/s, Materializing param=bert.encoder.layer.8.attention.self.key.bias]
87.4s 299 Loading weights:  68%|██████▊   | 139/204 [00:00<00:00, 2840.81it/s, Materializing param=bert.encoder.layer.8.attention.self.key.weight]
87.4s 300 Loading weights:  68%|██████▊   | 139/204 [00:00<00:00, 2831.57it/s, Materializing param=bert.encoder.layer.8.attention.self.key.weight]
87.4s 301 Loading weights:  69%|██████▊   | 140/204 [00:00<00:00, 2835.02it/s, Materializing param=bert.encoder.layer.8.attention.self.query.bias]
87.4s 302 Loading weights:  69%|██████▊   | 140/204 [00:00<00:00, 2827.51it/s, Materializing param=bert.encoder.layer.8.attention.self.query.bias]
87.4s 303 Loading weights:  69%|██████▉   | 141/204 [00:00<00:00, 2835.48it/s, Materializing param=bert.encoder.layer.8.attention.self.query.weight]
87.4s 304 Loading weights:  69%|██████▉   | 141/204 [00:00<00:00, 2831.10it/s, Materializing param=bert.encoder.layer.8.attention.self.query.weight]
87.4s 305 Loading weights:  70%|██████▉   | 142/204 [00:00<00:00, 2843.99it/s, Materializing param=bert.encoder.layer.8.attention.self.value.bias]
87.4s 306 Loading weights:  70%|██████▉   | 142/204 [00:00<00:00, 2835.10it/s, Materializing param=bert.encoder.layer.8.attention.self.value.bias]
87.4s 307 Loading weights:  70%|███████   | 143/204 [00:00<00:00, 2842.46it/s, Materializing param=bert.encoder.layer.8.attention.self.value.weight]
87.4s 308 Loading weights:  70%|███████   | 143/204 [00:00<00:00, 2834.55it/s, Materializing param=bert.encoder.layer.8.attention.self.value.weight]
87.4s 309 Loading weights:  71%|███████   | 144/204 [00:00<00:00, 2843.92it/s, Materializing param=bert.encoder.layer.8.intermediate.dense.bias]
87.4s 310 Loading weights:  71%|███████   | 144/204 [00:00<00:00, 2839.83it/s, Materializing param=bert.encoder.layer.8.intermediate.dense.bias]
87.4s 311 Loading weights:  71%|███████   | 145/204 [00:00<00:00, 2848.82it/s, Materializing param=bert.encoder.layer.8.intermediate.dense.weight]
87.4s 312 Loading weights:  71%|███████   | 145/204 [00:00<00:00, 2843.40it/s, Materializing param=bert.encoder.layer.8.intermediate.dense.weight]
87.4s 313 Loading weights:  72%|███████▏  | 146/204 [00:00<00:00, 2848.93it/s, Materializing param=bert.encoder.layer.8.output.LayerNorm.bias]
87.4s 314 Loading weights:  72%|███████▏  | 146/204 [00:00<00:00, 2843.45it/s, Materializing param=bert.encoder.layer.8.output.LayerNorm.bias]
87.4s 315 Loading weights:  72%|███████▏  | 147/204 [00:00<00:00, 2850.89it/s, Materializing param=bert.encoder.layer.8.output.LayerNorm.weight]
87.4s 316 Loading weights:  72%|███████▏  | 147/204 [00:00<00:00, 2845.58it/s, Materializing param=bert.encoder.layer.8.output.LayerNorm.weight]
87.4s 317 Loading weights:  73%|███████▎  | 148/204 [00:00<00:00, 2853.52it/s, Materializing param=bert.encoder.layer.8.output.dense.bias]
87.4s 318 Loading weights:  73%|███████▎  | 148/204 [00:00<00:00, 2846.31it/s, Materializing param=bert.encoder.layer.8.output.dense.bias]
87.4s 319 Loading weights:  73%|███████▎  | 149/204 [00:00<00:00, 2851.56it/s, Materializing param=bert.encoder.layer.8.output.dense.weight]
87.4s 320 Loading weights:  73%|███████▎  | 149/204 [00:00<00:00, 2845.36it/s, Materializing param=bert.encoder.layer.8.output.dense.weight]
87.4s 321 Loading weights:  74%|███████▎  | 150/204 [00:00<00:00, 2856.01it/s, Materializing param=bert.encoder.layer.9.attention.output.LayerNorm.bias]
87.4s 322 Loading weights:  74%|███████▎  | 150/204 [00:00<00:00, 2850.11it/s, Materializing param=bert.encoder.layer.9.attention.output.LayerNorm.bias]
87.4s 323 Loading weights:  74%|███████▍  | 151/204 [00:00<00:00, 2854.23it/s, Materializing param=bert.encoder.layer.9.attention.output.LayerNorm.weight]
87.4s 324 Loading weights:  74%|███████▍  | 151/204 [00:00<00:00, 2846.86it/s, Materializing param=bert.encoder.layer.9.attention.output.LayerNorm.weight]
87.4s 325 Loading weights:  75%|███████▍  | 152/204 [00:00<00:00, 2851.28it/s, Materializing param=bert.encoder.layer.9.attention.output.dense.bias]
87.4s 326 Loading weights:  75%|███████▍  | 152/204 [00:00<00:00, 2845.77it/s, Materializing param=bert.encoder.layer.9.attention.output.dense.bias]
87.4s 327 Loading weights:  75%|███████▌  | 153/204 [00:00<00:00, 2851.05it/s, Materializing param=bert.encoder.layer.9.attention.output.dense.weight]
87.4s 328 Loading weights:  75%|███████▌  | 153/204 [00:00<00:00, 2843.65it/s, Materializing param=bert.encoder.layer.9.attention.output.dense.weight]
87.4s 329 Loading weights:  75%|███████▌  | 154/204 [00:00<00:00, 2847.44it/s, Materializing param=bert.encoder.layer.9.attention.self.key.bias]
87.4s 330 Loading weights:  75%|███████▌  | 154/204 [00:00<00:00, 2840.00it/s, Materializing param=bert.encoder.layer.9.attention.self.key.bias]
87.4s 331 Loading weights:  76%|███████▌  | 155/204 [00:00<00:00, 2845.21it/s, Materializing param=bert.encoder.layer.9.attention.self.key.weight]
87.4s 332 Loading weights:  76%|███████▌  | 155/204 [00:00<00:00, 2838.78it/s, Materializing param=bert.encoder.layer.9.attention.self.key.weight]
87.4s 333 Loading weights:  76%|███████▋  | 156/204 [00:00<00:00, 2845.35it/s, Materializing param=bert.encoder.layer.9.attention.self.query.bias]
87.4s 334 Loading weights:  76%|███████▋  | 156/204 [00:00<00:00, 2838.85it/s, Materializing param=bert.encoder.layer.9.attention.self.query.bias]
87.4s 335 Loading weights:  77%|███████▋  | 157/204 [00:00<00:00, 2842.16it/s, Materializing param=bert.encoder.layer.9.attention.self.query.weight]
87.4s 336 Loading weights:  77%|███████▋  | 157/204 [00:00<00:00, 2835.29it/s, Materializing param=bert.encoder.layer.9.attention.self.query.weight]
87.4s 337 Loading weights:  77%|███████▋  | 158/204 [00:00<00:00, 2841.40it/s, Materializing param=bert.encoder.layer.9.attention.self.value.bias]
87.4s 338 Loading weights:  77%|███████▋  | 158/204 [00:00<00:00, 2835.24it/s, Materializing param=bert.encoder.layer.9.attention.self.value.bias]
87.4s 339 Loading weights:  78%|███████▊  | 159/204 [00:00<00:00, 2839.54it/s, Materializing param=bert.encoder.layer.9.attention.self.value.weight]
87.4s 340 Loading weights:  78%|███████▊  | 159/204 [00:00<00:00, 2832.44it/s, Materializing param=bert.encoder.layer.9.attention.self.value.weight]
87.4s 341 Loading weights:  78%|███████▊  | 160/204 [00:00<00:00, 2837.49it/s, Materializing param=bert.encoder.layer.9.intermediate.dense.bias]
87.4s 342 Loading weights:  78%|███████▊  | 160/204 [00:00<00:00, 2831.75it/s, Materializing param=bert.encoder.layer.9.intermediate.dense.bias]
87.4s 343 Loading weights:  79%|███████▉  | 161/204 [00:00<00:00, 2838.74it/s, Materializing param=bert.encoder.layer.9.intermediate.dense.weight]
87.4s 344 Loading weights:  79%|███████▉  | 161/204 [00:00<00:00, 2833.99it/s, Materializing param=bert.encoder.layer.9.intermediate.dense.weight]
87.4s 345 Loading weights:  79%|███████▉  | 162/204 [00:00<00:00, 2840.96it/s, Materializing param=bert.encoder.layer.9.output.LayerNorm.bias]
87.4s 346 Loading weights:  79%|███████▉  | 162/204 [00:00<00:00, 2833.06it/s, Materializing param=bert.encoder.layer.9.output.LayerNorm.bias]
87.4s 347 Loading weights:  80%|███████▉  | 163/204 [00:00<00:00, 2838.67it/s, Materializing param=bert.encoder.layer.9.output.LayerNorm.weight]
87.4s 348 Loading weights:  80%|███████▉  | 163/204 [00:00<00:00, 2833.78it/s, Materializing param=bert.encoder.layer.9.output.LayerNorm.weight]
87.4s 349 Loading weights:  80%|████████  | 164/204 [00:00<00:00, 2840.19it/s, Materializing param=bert.encoder.layer.9.output.dense.bias]
87.4s 350 Loading weights:  80%|████████  | 164/204 [00:00<00:00, 2834.48it/s, Materializing param=bert.encoder.layer.9.output.dense.bias]
87.4s 351 Loading weights:  81%|████████  | 165/204 [00:00<00:00, 2838.05it/s, Materializing param=bert.encoder.layer.9.output.dense.weight]
87.4s 352 Loading weights:  81%|████████  | 165/204 [00:00<00:00, 2831.92it/s, Materializing param=bert.encoder.layer.9.output.dense.weight]
87.4s 353 Loading weights:  81%|████████▏ | 166/204 [00:00<00:00, 2837.50it/s, Materializing param=bert.encoder.layer.10.attention.output.LayerNorm.bias]
87.4s 354 Loading weights:  81%|████████▏ | 166/204 [00:00<00:00, 2831.11it/s, Materializing param=bert.encoder.layer.10.attention.output.LayerNorm.bias]
87.4s 355 Loading weights:  82%|████████▏ | 167/204 [00:00<00:00, 2836.12it/s, Materializing param=bert.encoder.layer.10.attention.output.LayerNorm.weight]
87.4s 356 Loading weights:  82%|████████▏ | 167/204 [00:00<00:00, 2829.27it/s, Materializing param=bert.encoder.layer.10.attention.output.LayerNorm.weight]
87.4s 357 Loading weights:  82%|████████▏ | 168/204 [00:00<00:00, 2831.52it/s, Materializing param=bert.encoder.layer.10.attention.output.dense.bias]
87.4s 358 Loading weights:  82%|████████▏ | 168/204 [00:00<00:00, 2825.29it/s, Materializing param=bert.encoder.layer.10.attention.output.dense.bias]
87.4s 359 Loading weights:  83%|████████▎ | 169/204 [00:00<00:00, 2831.44it/s, Materializing param=bert.encoder.layer.10.attention.output.dense.weight]
87.4s 360 Loading weights:  83%|████████▎ | 169/204 [00:00<00:00, 2827.85it/s, Materializing param=bert.encoder.layer.10.attention.output.dense.weight]
87.4s 361 Loading weights:  83%|████████▎ | 170/204 [00:00<00:00, 2834.92it/s, Materializing param=bert.encoder.layer.10.attention.self.key.bias]
87.4s 362 Loading weights:  83%|████████▎ | 170/204 [00:00<00:00, 2829.21it/s, Materializing param=bert.encoder.layer.10.attention.self.key.bias]
87.4s 363 Loading weights:  84%|████████▍ | 171/204 [00:00<00:00, 2837.43it/s, Materializing param=bert.encoder.layer.10.attention.self.key.weight]
87.4s 364 Loading weights:  84%|████████▍ | 171/204 [00:00<00:00, 2828.97it/s, Materializing param=bert.encoder.layer.10.attention.self.key.weight]
87.4s 365 Loading weights:  84%|████████▍ | 172/204 [00:00<00:00, 2833.42it/s, Materializing param=bert.encoder.layer.10.attention.self.query.bias]
87.4s 366 Loading weights:  84%|████████▍ | 172/204 [00:00<00:00, 2828.70it/s, Materializing param=bert.encoder.layer.10.attention.self.query.bias]
87.4s 367 Loading weights:  85%|████████▍ | 173/204 [00:00<00:00, 2834.72it/s, Materializing param=bert.encoder.layer.10.attention.self.query.weight]
87.4s 368 Loading weights:  85%|████████▍ | 173/204 [00:00<00:00, 2826.33it/s, Materializing param=bert.encoder.layer.10.attention.self.query.weight]
87.4s 369 Loading weights:  85%|████████▌ | 174/204 [00:00<00:00, 2831.73it/s, Materializing param=bert.encoder.layer.10.attention.self.value.bias]
87.4s 370 Loading weights:  85%|████████▌ | 174/204 [00:00<00:00, 2826.13it/s, Materializing param=bert.encoder.layer.10.attention.self.value.bias]
87.4s 371 Loading weights:  86%|████████▌ | 175/204 [00:00<00:00, 2835.05it/s, Materializing param=bert.encoder.layer.10.attention.self.value.weight]
87.4s 372 Loading weights:  86%|████████▌ | 175/204 [00:00<00:00, 2827.83it/s, Materializing param=bert.encoder.layer.10.attention.self.value.weight]
87.4s 373 Loading weights:  86%|████████▋ | 176/204 [00:00<00:00, 2831.49it/s, Materializing param=bert.encoder.layer.10.intermediate.dense.bias]
87.4s 374 Loading weights:  86%|████████▋ | 176/204 [00:00<00:00, 2824.05it/s, Materializing param=bert.encoder.layer.10.intermediate.dense.bias]
87.4s 375 Loading weights:  87%|████████▋ | 177/204 [00:00<00:00, 2827.84it/s, Materializing param=bert.encoder.layer.10.intermediate.dense.weight]
87.4s 376 Loading weights:  87%|████████▋ | 177/204 [00:00<00:00, 2821.63it/s, Materializing param=bert.encoder.layer.10.intermediate.dense.weight]
87.4s 377 Loading weights:  87%|████████▋ | 178/204 [00:00<00:00, 2826.59it/s, Materializing param=bert.encoder.layer.10.output.LayerNorm.bias]
87.4s 378 Loading weights:  87%|████████▋ | 178/204 [00:00<00:00, 2819.13it/s, Materializing param=bert.encoder.layer.10.output.LayerNorm.bias]
87.4s 379 Loading weights:  88%|████████▊ | 179/204 [00:00<00:00, 2824.21it/s, Materializing param=bert.encoder.layer.10.output.LayerNorm.weight]
87.4s 380 Loading weights:  88%|████████▊ | 179/204 [00:00<00:00, 2819.66it/s, Materializing param=bert.encoder.layer.10.output.LayerNorm.weight]
87.4s 381 Loading weights:  88%|████████▊ | 180/204 [00:00<00:00, 2825.44it/s, Materializing param=bert.encoder.layer.10.output.dense.bias]
87.4s 382 Loading weights:  88%|████████▊ | 180/204 [00:00<00:00, 2820.52it/s, Materializing param=bert.encoder.layer.10.output.dense.bias]
87.4s 383 Loading weights:  89%|████████▊ | 181/204 [00:00<00:00, 2825.79it/s, Materializing param=bert.encoder.layer.10.output.dense.weight]
87.4s 384 Loading weights:  89%|████████▊ | 181/204 [00:00<00:00, 2819.01it/s, Materializing param=bert.encoder.layer.10.output.dense.weight]
87.4s 385 Loading weights:  89%|████████▉ | 182/204 [00:00<00:00, 2823.54it/s, Materializing param=bert.encoder.layer.11.attention.output.LayerNorm.bias]
87.4s 386 Loading weights:  89%|████████▉ | 182/204 [00:00<00:00, 2818.87it/s, Materializing param=bert.encoder.layer.11.attention.output.LayerNorm.bias]
87.4s 387 Loading weights:  90%|████████▉ | 183/204 [00:00<00:00, 2823.51it/s, Materializing param=bert.encoder.layer.11.attention.output.LayerNorm.weight]
87.4s 388 Loading weights:  90%|████████▉ | 183/204 [00:00<00:00, 2819.10it/s, Materializing param=bert.encoder.layer.11.attention.output.LayerNorm.weight]
87.4s 389 Loading weights:  90%|█████████ | 184/204 [00:00<00:00, 2823.03it/s, Materializing param=bert.encoder.layer.11.attention.output.dense.bias]
87.4s 390 Loading weights:  90%|█████████ | 184/204 [00:00<00:00, 2818.20it/s, Materializing param=bert.encoder.layer.11.attention.output.dense.bias]
87.4s 391 Loading weights:  91%|█████████ | 185/204 [00:00<00:00, 2823.47it/s, Materializing param=bert.encoder.layer.11.attention.output.dense.weight]
87.4s 392 Loading weights:  91%|█████████ | 185/204 [00:00<00:00, 2819.07it/s, Materializing param=bert.encoder.layer.11.attention.output.dense.weight]
87.4s 393 Loading weights:  91%|█████████ | 186/204 [00:00<00:00, 2824.29it/s, Materializing param=bert.encoder.layer.11.attention.self.key.bias]
87.4s 394 Loading weights:  91%|█████████ | 186/204 [00:00<00:00, 2818.05it/s, Materializing param=bert.encoder.layer.11.attention.self.key.bias]
87.4s 395 Loading weights:  92%|█████████▏| 187/204 [00:00<00:00, 2820.28it/s, Materializing param=bert.encoder.layer.11.attention.self.key.weight]
87.4s 396 Loading weights:  92%|█████████▏| 187/204 [00:00<00:00, 2815.27it/s, Materializing param=bert.encoder.layer.11.attention.self.key.weight]
87.4s 397 Loading weights:  92%|█████████▏| 188/204 [00:00<00:00, 2820.65it/s, Materializing param=bert.encoder.layer.11.attention.self.query.bias]
87.4s 398 Loading weights:  92%|█████████▏| 188/204 [00:00<00:00, 2816.34it/s, Materializing param=bert.encoder.layer.11.attention.self.query.bias]
87.4s 399 Loading weights:  93%|█████████▎| 189/204 [00:00<00:00, 2821.83it/s, Materializing param=bert.encoder.layer.11.attention.self.query.weight]
87.4s 400 Loading weights:  93%|█████████▎| 189/204 [00:00<00:00, 2816.96it/s, Materializing param=bert.encoder.layer.11.attention.self.query.weight]
87.4s 401 Loading weights:  93%|█████████▎| 190/204 [00:00<00:00, 2821.45it/s, Materializing param=bert.encoder.layer.11.attention.self.value.bias]
87.4s 402 Loading weights:  93%|█████████▎| 190/204 [00:00<00:00, 2814.92it/s, Materializing param=bert.encoder.layer.11.attention.self.value.bias]
87.4s 403 Loading weights:  94%|█████████▎| 191/204 [00:00<00:00, 2819.77it/s, Materializing param=bert.encoder.layer.11.attention.self.value.weight]
87.4s 404 Loading weights:  94%|█████████▎| 191/204 [00:00<00:00, 2813.82it/s, Materializing param=bert.encoder.layer.11.attention.self.value.weight]
87.4s 405 Loading weights:  94%|█████████▍| 192/204 [00:00<00:00, 2817.42it/s, Materializing param=bert.encoder.layer.11.intermediate.dense.bias]
87.4s 406 Loading weights:  94%|█████████▍| 192/204 [00:00<00:00, 2811.26it/s, Materializing param=bert.encoder.layer.11.intermediate.dense.bias]
87.4s 407 Loading weights:  95%|█████████▍| 193/204 [00:00<00:00, 2815.39it/s, Materializing param=bert.encoder.layer.11.intermediate.dense.weight]
87.4s 408 Loading weights:  95%|█████████▍| 193/204 [00:00<00:00, 2809.73it/s, Materializing param=bert.encoder.layer.11.intermediate.dense.weight]
87.4s 409 Loading weights:  95%|█████████▌| 194/204 [00:00<00:00, 2814.62it/s, Materializing param=bert.encoder.layer.11.output.LayerNorm.bias]
87.4s 410 Loading weights:  95%|█████████▌| 194/204 [00:00<00:00, 2808.01it/s, Materializing param=bert.encoder.layer.11.output.LayerNorm.bias]
87.4s 411 Loading weights:  96%|█████████▌| 195/204 [00:00<00:00, 2811.76it/s, Materializing param=bert.encoder.layer.11.output.LayerNorm.weight]
87.4s 412 Loading weights:  96%|█████████▌| 195/204 [00:00<00:00, 2806.43it/s, Materializing param=bert.encoder.layer.11.output.LayerNorm.weight]
87.4s 413 Loading weights:  96%|█████████▌| 196/204 [00:00<00:00, 2810.49it/s, Materializing param=bert.encoder.layer.11.output.dense.bias]
87.4s 414 Loading weights:  96%|█████████▌| 196/204 [00:00<00:00, 2805.34it/s, Materializing param=bert.encoder.layer.11.output.dense.bias]
87.4s 415 Loading weights:  97%|█████████▋| 197/204 [00:00<00:00, 2810.01it/s, Materializing param=bert.encoder.layer.11.output.dense.weight]
87.4s 416 Loading weights:  97%|█████████▋| 197/204 [00:00<00:00, 2803.98it/s, Materializing param=bert.encoder.layer.11.output.dense.weight]
87.4s 417 Loading weights:  97%|█████████▋| 198/204 [00:00<00:00, 2808.73it/s, Materializing param=cls.predictions.bias]
87.4s 418 Loading weights:  97%|█████████▋| 198/204 [00:00<00:00, 2803.63it/s, Materializing param=cls.predictions.bias]
87.4s 419 Loading weights:  98%|█████████▊| 199/204 [00:00<00:00, 2809.53it/s, Materializing param=cls.predictions.decoder.bias]
87.4s 420 Loading weights:  98%|█████████▊| 199/204 [00:00<00:00, 2806.44it/s, Materializing param=cls.predictions.decoder.bias]
87.4s 421 Loading weights:  98%|█████████▊| 200/204 [00:00<00:00, 2815.90it/s, Materializing param=cls.predictions.decoder.weight]
87.4s 422 Loading weights:  98%|█████████▊| 200/204 [00:00<00:00, 2809.93it/s, Materializing param=cls.predictions.decoder.weight]
87.4s 423 Loading weights:  99%|█████████▊| 201/204 [00:00<00:00, 2814.36it/s, Materializing param=cls.predictions.transform.LayerNorm.bias]
87.4s 424 Loading weights:  99%|█████████▊| 201/204 [00:00<00:00, 2809.53it/s, Materializing param=cls.predictions.transform.LayerNorm.bias]
87.4s 425 Loading weights:  99%|█████████▉| 202/204 [00:00<00:00, 2814.94it/s, Materializing param=cls.predictions.transform.LayerNorm.weight]
87.4s 426 Loading weights:  99%|█████████▉| 202/204 [00:00<00:00, 2809.88it/s, Materializing param=cls.predictions.transform.LayerNorm.weight]
87.4s 427 Loading weights: 100%|█████████▉| 203/204 [00:00<00:00, 2814.41it/s, Materializing param=cls.predictions.transform.dense.bias]
87.4s 428 Loading weights: 100%|█████████▉| 203/204 [00:00<00:00, 2809.51it/s, Materializing param=cls.predictions.transform.dense.bias]
87.4s 429 Loading weights: 100%|██████████| 204/204 [00:00<00:00, 2814.59it/s, Materializing param=cls.predictions.transform.dense.weight]
87.4s 430 Loading weights: 100%|██████████| 204/204 [00:00<00:00, 2808.87it/s, Materializing param=cls.predictions.transform.dense.weight]
87.4s 431 Loading weights: 100%|██████████| 204/204 [00:00<00:00, 2798.00it/s, Materializing param=cls.predictions.transform.dense.weight]
87.4s 432 The tied weights mapping and config for this model specifies to tie bert.embeddings.word_embeddings.weight to cls.predictions.decoder.weight, but both are present in the checkpoints, so we will NOT tie them. You should update the config with `tie_word_embeddings=False` to silence this warning
87.4s 433 The tied weights mapping and config for this model specifies to tie cls.predictions.bias to cls.predictions.decoder.bias, but both are present in the checkpoints, so we will NOT tie them. You should update the config with `tie_word_embeddings=False` to silence this warning
87.4s 434 BertForMaskedLM LOAD REPORT from: google/muril-base-cased
87.4s 435 Key                          | Status     |  |
87.4s 436 -----------------------------+------------+--+-
87.4s 437 bert.pooler.dense.bias       | UNEXPECTED |  |
87.4s 438 bert.pooler.dense.weight     | UNEXPECTED |  |
87.4s 439 cls.seq_relationship.bias    | UNEXPECTED |  |
87.4s 440 cls.seq_relationship.weight  | UNEXPECTED |  |
87.4s 441 bert.embeddings.position_ids | UNEXPECTED |  |
87.4s 442 
87.4s 443 Notes:
87.4s 444 - UNEXPECTED	:can be ignored when loading from different task/architecture; not ok if you expect identical arch.
89.0s 445 MLM trains on 6406 of 6406 comments, 0 held out for perplexity
89.0s 446 effective batch 4 x 4 = 16, 401 optimizer steps/epoch
439.0s 447 epoch 1/8 train loss nan
787.2s 448 epoch 2/8 train loss nan
1135.5s 449 epoch 3/8 train loss nan
1485.0s 450 epoch 4/8 train loss 3.9264
1833.6s 451 epoch 5/8 train loss nan
2182.1s 452 epoch 6/8 train loss 3.5795
2532.2s 453 epoch 7/8 train loss nan
2883.1s 454 epoch 8/8 train loss nan
2883.1s 455 
2887.0s 456 Writing model shards:   0%|          | 0/1 [00:00<?, ?it/s]
2887.0s 457 Writing model shards: 100%|██████████| 1/1 [00:03<00:00,  3.84s/it]
2887.0s 458 Writing model shards: 100%|██████████| 1/1 [00:03<00:00,  3.84s/it]
2887.0s 459 The OrderedVocab you are attempting to save contains holes for indices [202, 437, 1046, 1057, 1118, 1135, 1150, 1162, 1318, 1445, 1473, 1610, 1626, 1775, 3517, 3643, 4513, 5830, 7834, 12787, 13244, 19712, 25184, 27726, 28024, 31739, 65274], your vocabulary could be corrupted!
2887.0s 460 
2887.0s 461 wrote /kaggle/working/hastika/artifacts/runs/tapt-d0v0-rdrop-full
2887.0s 462 use it with:  python -m hastika.task_b.train --model artifacts/runs/tapt-d0v0-rdrop-full --tag muril_b_tapt
2891.7s 463 full-data TAPT checkpoint ready: artifacts/runs/tapt-d0v0-rdrop-full
2891.7s 464 $ /usr/bin/python3 -u -m hastika.task_b.train --tag b_reinit1_rdrop_full --model artifacts/runs/tapt-d0v0-rdrop-full --folds 1 --no-dedupe --reinit-layers 1 --rdrop 0.5 --aux-weight 0 --seeds 42 43 44 45 46 --epochs 6
2901.2s 465 device=cuda (Tesla T4) model=artifacts/runs/tapt-d0v0-rdrop-full pooling=meanmax fgm=True ema=True reinit=1 class_weight=balanced loss=ce tags=False seeds=[42, 43, 44, 45, 46]
2901.9s 466 class weights: {'Gender': np.float64(0.387), 'Geo-political': np.float64(2.831), 'Others': np.float64(1.173), 'Political': np.float64(0.942), 'Religion': np.float64(1.378), 'Violence': np.float64(2.382)}
2902.9s 467 ===== seed 42 FULL FIT, 3159 rows, no validation =====
2903.2s 468 
2903.2s 469 Loading weights:   0%|          | 0/197 [00:00<?, ?it/s]
2903.2s 470 Loading weights:   1%|          | 1/197 [00:00<00:00, 11244.78it/s, Materializing param=embeddings.LayerNorm.bias]
2903.2s 471 Loading weights:   1%|          | 1/197 [00:00<00:00, 3539.50it/s, Materializing param=embeddings.LayerNorm.bias]
2903.2s 472 Loading weights:   1%|          | 2/197 [00:00<00:00, 3355.44it/s, Materializing param=embeddings.LayerNorm.weight]
2903.2s 473 Loading weights:   1%|          | 2/197 [00:00<00:00, 1471.69it/s, Materializing param=embeddings.LayerNorm.weight]
2903.2s 474 Loading weights:   2%|▏         | 3/197 [00:00<00:00, 1254.03it/s, Materializing param=embeddings.position_embeddings.weight]
2903.2s 475 Loading weights:   2%|▏         | 3/197 [00:00<00:00, 1192.13it/s, Materializing param=embeddings.position_embeddings.weight]
2903.2s 476 Loading weights:   2%|▏         | 4/197 [00:00<00:00, 921.93it/s, Materializing param=embeddings.token_type_embeddings.weight]
2903.2s 477 Loading weights:   2%|▏         | 4/197 [00:00<00:00, 875.04it/s, Materializing param=embeddings.token_type_embeddings.weight]
2903.2s 478 Loading weights:   3%|▎         | 5/197 [00:00<00:00, 1020.66it/s, Materializing param=embeddings.word_embeddings.weight]
2903.2s 479 Loading weights:   3%|▎         | 5/197 [00:00<00:00, 998.60it/s, Materializing param=embeddings.word_embeddings.weight]
2903.2s 480 Loading weights:   3%|▎         | 6/197 [00:00<00:00, 1121.42it/s, Materializing param=encoder.layer.0.attention.output.LayerNorm.bias]
2903.2s 481 Loading weights:   3%|▎         | 6/197 [00:00<00:00, 1100.87it/s, Materializing param=encoder.layer.0.attention.output.LayerNorm.bias]
2903.2s 482 Loading weights:   4%|▎         | 7/197 [00:00<00:00, 1225.74it/s, Materializing param=encoder.layer.0.attention.output.LayerNorm.weight]
2903.2s 483 Loading weights:   4%|▎         | 7/197 [00:00<00:00, 1208.43it/s, Materializing param=encoder.layer.0.attention.output.LayerNorm.weight]
2903.2s 484 Loading weights:   4%|▍         | 8/197 [00:00<00:00, 1312.72it/s, Materializing param=encoder.layer.0.attention.output.dense.bias]
2903.2s 485 Loading weights:   4%|▍         | 8/197 [00:00<00:00, 1291.45it/s, Materializing param=encoder.layer.0.attention.output.dense.bias]
2903.2s 486 Loading weights:   5%|▍         | 9/197 [00:00<00:00, 1334.87it/s, Materializing param=encoder.layer.0.attention.output.dense.weight]
2903.2s 487 Loading weights:   5%|▍         | 9/197 [00:00<00:00, 1318.50it/s, Materializing param=encoder.layer.0.attention.output.dense.weight]
2903.2s 488 Loading weights:   5%|▌         | 10/197 [00:00<00:00, 1395.50it/s, Materializing param=encoder.layer.0.attention.self.key.bias]
2903.2s 489 Loading weights:   5%|▌         | 10/197 [00:00<00:00, 1376.58it/s, Materializing param=encoder.layer.0.attention.self.key.bias]
2903.2s 490 Loading weights:   6%|▌         | 11/197 [00:00<00:00, 1439.54it/s, Materializing param=encoder.layer.0.attention.self.key.weight]
2903.2s 491 Loading weights:   6%|▌         | 11/197 [00:00<00:00, 1420.53it/s, Materializing param=encoder.layer.0.attention.self.key.weight]
2903.2s 492 Loading weights:   6%|▌         | 12/197 [00:00<00:00, 1476.69it/s, Materializing param=encoder.layer.0.attention.self.query.bias]
2903.2s 493 Loading weights:   6%|▌         | 12/197 [00:00<00:00, 1461.18it/s, Materializing param=encoder.layer.0.attention.self.query.bias]
2903.2s 494 Loading weights:   7%|▋         | 13/197 [00:00<00:00, 1532.45it/s, Materializing param=encoder.layer.0.attention.self.query.weight]
2903.2s 495 Loading weights:   7%|▋         | 13/197 [00:00<00:00, 1514.86it/s, Materializing param=encoder.layer.0.attention.self.query.weight]
2903.2s 496 Loading weights:   7%|▋         | 14/197 [00:00<00:00, 1477.54it/s, Materializing param=encoder.layer.0.attention.self.value.bias]
2903.2s 497 Loading weights:   7%|▋         | 14/197 [00:00<00:00, 1461.14it/s, Materializing param=encoder.layer.0.attention.self.value.bias]
2903.2s 498 Loading weights:   8%|▊         | 15/197 [00:00<00:00, 1515.65it/s, Materializing param=encoder.layer.0.attention.self.value.weight]
2903.2s 499 Loading weights:   8%|▊         | 15/197 [00:00<00:00, 1500.82it/s, Materializing param=encoder.layer.0.attention.self.value.weight]
2903.2s 500 Loading weights:   8%|▊         | 16/197 [00:00<00:00, 1455.85it/s, Materializing param=encoder.layer.0.intermediate.dense.bias]
2903.2s 501 Loading weights:   8%|▊         | 16/197 [00:00<00:00, 1408.05it/s, Materializing param=encoder.layer.0.intermediate.dense.bias]
2903.2s 502 Loading weights:   9%|▊         | 17/197 [00:00<00:00, 1412.87it/s, Materializing param=encoder.layer.0.intermediate.dense.weight]
2903.2s 503 Loading weights:   9%|▊         | 17/197 [00:00<00:00, 1398.90it/s, Materializing param=encoder.layer.0.intermediate.dense.weight]
2903.2s 504 Loading weights:   9%|▉         | 18/197 [00:00<00:00, 1395.18it/s, Materializing param=encoder.layer.0.output.LayerNorm.bias]
2903.2s 505 Loading weights:   9%|▉         | 18/197 [00:00<00:00, 1384.41it/s, Materializing param=encoder.layer.0.output.LayerNorm.bias]
2903.2s 506 Loading weights:  10%|▉         | 19/197 [00:00<00:00, 1427.17it/s, Materializing param=encoder.layer.0.output.LayerNorm.weight]
2903.2s 507 Loading weights:  10%|▉         | 19/197 [00:00<00:00, 1418.10it/s, Materializing param=encoder.layer.0.output.LayerNorm.weight]
2903.2s 508 Loading weights:  10%|█         | 20/197 [00:00<00:00, 1439.46it/s, Materializing param=encoder.layer.0.output.dense.bias]
2903.2s 509 Loading weights:  10%|█         | 20/197 [00:00<00:00, 1428.60it/s, Materializing param=encoder.layer.0.output.dense.bias]
2903.2s 510 Loading weights:  11%|█         | 21/197 [00:00<00:00, 1471.81it/s, Materializing param=encoder.layer.0.output.dense.weight]
2903.2s 511 Loading weights:  11%|█         | 21/197 [00:00<00:00, 1460.17it/s, Materializing param=encoder.layer.0.output.dense.weight]
2903.2s 512 Loading weights:  11%|█         | 22/197 [00:00<00:00, 1457.87it/s, Materializing param=encoder.layer.1.attention.output.LayerNorm.bias]
2903.2s 513 Loading weights:  11%|█         | 22/197 [00:00<00:00, 1446.40it/s, Materializing param=encoder.layer.1.attention.output.LayerNorm.bias]
2903.2s 514 Loading weights:  12%|█▏        | 23/197 [00:00<00:00, 1461.58it/s, Materializing param=encoder.layer.1.attention.output.LayerNorm.weight]
2903.2s 515 Loading weights:  12%|█▏        | 23/197 [00:00<00:00, 1440.55it/s, Materializing param=encoder.layer.1.attention.output.LayerNorm.weight]
2903.2s 516 Loading weights:  12%|█▏        | 24/197 [00:00<00:00, 1475.96it/s, Materializing param=encoder.layer.1.attention.output.dense.bias]
2903.2s 517 Loading weights:  12%|█▏        | 24/197 [00:00<00:00, 1465.07it/s, Materializing param=encoder.layer.1.attention.output.dense.bias]
2903.2s 518 Loading weights:  13%|█▎        | 25/197 [00:00<00:00, 1502.73it/s, Materializing param=encoder.layer.1.attention.output.dense.weight]
2903.2s 519 Loading weights:  13%|█▎        | 25/197 [00:00<00:00, 1493.55it/s, Materializing param=encoder.layer.1.attention.output.dense.weight]
2903.2s 520 Loading weights:  13%|█▎        | 26/197 [00:00<00:00, 1422.22it/s, Materializing param=encoder.layer.1.attention.self.key.bias]
2903.2s 521 Loading weights:  13%|█▎        | 26/197 [00:00<00:00, 1412.70it/s, Materializing param=encoder.layer.1.attention.self.key.bias]
2903.2s 522 Loading weights:  14%|█▎        | 27/197 [00:00<00:00, 1408.48it/s, Materializing param=encoder.layer.1.attention.self.key.weight]
2903.2s 523 Loading weights:  14%|█▎        | 27/197 [00:00<00:00, 1385.95it/s, Materializing param=encoder.layer.1.attention.self.key.weight]
2903.2s 524 Loading weights:  14%|█▍        | 28/197 [00:00<00:00, 1405.82it/s, Materializing param=encoder.layer.1.attention.self.query.bias]
2903.2s 525 Loading weights:  14%|█▍        | 28/197 [00:00<00:00, 1396.07it/s, Materializing param=encoder.layer.1.attention.self.query.bias]
2903.2s 526 Loading weights:  15%|█▍        | 29/197 [00:00<00:00, 1417.24it/s, Materializing param=encoder.layer.1.attention.self.query.weight]
2903.2s 527 Loading weights:  15%|█▍        | 29/197 [00:00<00:00, 1351.02it/s, Materializing param=encoder.layer.1.attention.self.query.weight]
2903.2s 528 Loading weights:  15%|█▌        | 30/197 [00:00<00:00, 1379.34it/s, Materializing param=encoder.layer.1.attention.self.value.bias]
2903.2s 529 Loading weights:  15%|█▌        | 30/197 [00:00<00:00, 1352.17it/s, Materializing param=encoder.layer.1.attention.self.value.bias]
2903.2s 530 Loading weights:  16%|█▌        | 31/197 [00:00<00:00, 1378.90it/s, Materializing param=encoder.layer.1.attention.self.value.weight]
2903.2s 531 Loading weights:  16%|█▌        | 31/197 [00:00<00:00, 1372.50it/s, Materializing param=encoder.layer.1.attention.self.value.weight]
2903.2s 532 Loading weights:  16%|█▌        | 32/197 [00:00<00:00, 1398.22it/s, Materializing param=encoder.layer.1.intermediate.dense.bias]
2903.2s 533 Loading weights:  16%|█▌        | 32/197 [00:00<00:00, 1391.66it/s, Materializing param=encoder.layer.1.intermediate.dense.bias]
2903.2s 534 Loading weights:  17%|█▋        | 33/197 [00:00<00:00, 1405.83it/s, Materializing param=encoder.layer.1.intermediate.dense.weight]
2903.2s 535 Loading weights:  17%|█▋        | 33/197 [00:00<00:00, 1393.54it/s, Materializing param=encoder.layer.1.intermediate.dense.weight]
2903.2s 536 Loading weights:  17%|█▋        | 34/197 [00:00<00:00, 1373.34it/s, Materializing param=encoder.layer.1.output.LayerNorm.bias]
2903.2s 537 Loading weights:  17%|█▋        | 34/197 [00:00<00:00, 1366.30it/s, Materializing param=encoder.layer.1.output.LayerNorm.bias]
2903.2s 538 Loading weights:  18%|█▊        | 35/197 [00:00<00:00, 1366.94it/s, Materializing param=encoder.layer.1.output.LayerNorm.weight]
2903.2s 539 Loading weights:  18%|█▊        | 35/197 [00:00<00:00, 1360.95it/s, Materializing param=encoder.layer.1.output.LayerNorm.weight]
2903.2s 540 Loading weights:  18%|█▊        | 36/197 [00:00<00:00, 1386.14it/s, Materializing param=encoder.layer.1.output.dense.bias]
2903.2s 541 Loading weights:  18%|█▊        | 36/197 [00:00<00:00, 1379.43it/s, Materializing param=encoder.layer.1.output.dense.bias]
2903.2s 542 Loading weights:  19%|█▉        | 37/197 [00:00<00:00, 1401.59it/s, Materializing param=encoder.layer.1.output.dense.weight]
2903.2s 543 Loading weights:  19%|█▉        | 37/197 [00:00<00:00, 1396.32it/s, Materializing param=encoder.layer.1.output.dense.weight]
2903.2s 544 Loading weights:  19%|█▉        | 38/197 [00:00<00:00, 1408.22it/s, Materializing param=encoder.layer.2.attention.output.LayerNorm.bias]
2903.2s 545 Loading weights:  19%|█▉        | 38/197 [00:00<00:00, 1403.26it/s, Materializing param=encoder.layer.2.attention.output.LayerNorm.bias]
2903.2s 546 Loading weights:  20%|█▉        | 39/197 [00:00<00:00, 1419.92it/s, Materializing param=encoder.layer.2.attention.output.LayerNorm.weight]
2903.2s 547 Loading weights:  20%|█▉        | 39/197 [00:00<00:00, 1415.52it/s, Materializing param=encoder.layer.2.attention.output.LayerNorm.weight]
2903.2s 548 Loading weights:  20%|██        | 40/197 [00:00<00:00, 1437.14it/s, Materializing param=encoder.layer.2.attention.output.dense.bias]
2903.2s 549 Loading weights:  20%|██        | 40/197 [00:00<00:00, 1429.50it/s, Materializing param=encoder.layer.2.attention.output.dense.bias]
2903.2s 550 Loading weights:  21%|██        | 41/197 [00:00<00:00, 1415.22it/s, Materializing param=encoder.layer.2.attention.output.dense.weight]
2903.2s 551 Loading weights:  21%|██        | 41/197 [00:00<00:00, 1408.63it/s, Materializing param=encoder.layer.2.attention.output.dense.weight]
2903.2s 552 Loading weights:  21%|██▏       | 42/197 [00:00<00:00, 1403.65it/s, Materializing param=encoder.layer.2.attention.self.key.bias]
2903.2s 553 Loading weights:  21%|██▏       | 42/197 [00:00<00:00, 1397.89it/s, Materializing param=encoder.layer.2.attention.self.key.bias]
2903.2s 554 Loading weights:  22%|██▏       | 43/197 [00:00<00:00, 1406.87it/s, Materializing param=encoder.layer.2.attention.self.key.weight]
2903.2s 555 Loading weights:  22%|██▏       | 43/197 [00:00<00:00, 1395.76it/s, Materializing param=encoder.layer.2.attention.self.key.weight]
2903.2s 556 Loading weights:  22%|██▏       | 44/197 [00:00<00:00, 1414.58it/s, Materializing param=encoder.layer.2.attention.self.query.bias]
2903.2s 557 Loading weights:  22%|██▏       | 44/197 [00:00<00:00, 1410.82it/s, Materializing param=encoder.layer.2.attention.self.query.bias]
2903.2s 558 Loading weights:  23%|██▎       | 45/197 [00:00<00:00, 1430.67it/s, Materializing param=encoder.layer.2.attention.self.query.weight]
2903.2s 559 Loading weights:  23%|██▎       | 45/197 [00:00<00:00, 1426.15it/s, Materializing param=encoder.layer.2.attention.self.query.weight]
2903.2s 560 Loading weights:  23%|██▎       | 46/197 [00:00<00:00, 1436.65it/s, Materializing param=encoder.layer.2.attention.self.value.bias]
2903.2s 561 Loading weights:  23%|██▎       | 46/197 [00:00<00:00, 1432.37it/s, Materializing param=encoder.layer.2.attention.self.value.bias]
2903.2s 562 Loading weights:  24%|██▍       | 47/197 [00:00<00:00, 1386.29it/s, Materializing param=encoder.layer.2.attention.self.value.weight]
2903.2s 563 Loading weights:  24%|██▍       | 47/197 [00:00<00:00, 1376.91it/s, Materializing param=encoder.layer.2.attention.self.value.weight]
2903.2s 564 Loading weights:  24%|██▍       | 48/197 [00:00<00:00, 1363.19it/s, Materializing param=encoder.layer.2.intermediate.dense.bias]
2903.2s 565 Loading weights:  24%|██▍       | 48/197 [00:00<00:00, 1353.77it/s, Materializing param=encoder.layer.2.intermediate.dense.bias]
2903.2s 566 Loading weights:  25%|██▍       | 49/197 [00:00<00:00, 1340.64it/s, Materializing param=encoder.layer.2.intermediate.dense.weight]
2903.2s 567 Loading weights:  25%|██▍       | 49/197 [00:00<00:00, 1322.85it/s, Materializing param=encoder.layer.2.intermediate.dense.weight]
2903.2s 568 Loading weights:  25%|██▌       | 50/197 [00:00<00:00, 1270.26it/s, Materializing param=encoder.layer.2.output.LayerNorm.bias]
2903.2s 569 Loading weights:  25%|██▌       | 50/197 [00:00<00:00, 1267.13it/s, Materializing param=encoder.layer.2.output.LayerNorm.bias]
2903.2s 570 Loading weights:  26%|██▌       | 51/197 [00:00<00:00, 1252.62it/s, Materializing param=encoder.layer.2.output.LayerNorm.weight]
2903.2s 571 Loading weights:  26%|██▌       | 51/197 [00:00<00:00, 1247.83it/s, Materializing param=encoder.layer.2.output.LayerNorm.weight]
2903.2s 572 Loading weights:  26%|██▋       | 52/197 [00:00<00:00, 1261.61it/s, Materializing param=encoder.layer.2.output.dense.bias]
2903.2s 573 Loading weights:  26%|██▋       | 52/197 [00:00<00:00, 1247.05it/s, Materializing param=encoder.layer.2.output.dense.bias]
2903.2s 574 Loading weights:  27%|██▋       | 53/197 [00:00<00:00, 1225.57it/s, Materializing param=encoder.layer.2.output.dense.weight]
2903.2s 575 Loading weights:  27%|██▋       | 53/197 [00:00<00:00, 1199.72it/s, Materializing param=encoder.layer.2.output.dense.weight]
2903.2s 576 Loading weights:  27%|██▋       | 54/197 [00:00<00:00, 1170.23it/s, Materializing param=encoder.layer.3.attention.output.LayerNorm.bias]
2903.2s 577 Loading weights:  27%|██▋       | 54/197 [00:00<00:00, 1160.18it/s, Materializing param=encoder.layer.3.attention.output.LayerNorm.bias]
2903.2s 578 Loading weights:  28%|██▊       | 55/197 [00:00<00:00, 1143.36it/s, Materializing param=encoder.layer.3.attention.output.LayerNorm.weight]
2903.2s 579 Loading weights:  28%|██▊       | 55/197 [00:00<00:00, 1140.34it/s, Materializing param=encoder.layer.3.attention.output.LayerNorm.weight]
2903.2s 580 Loading weights:  28%|██▊       | 56/197 [00:00<00:00, 1151.83it/s, Materializing param=encoder.layer.3.attention.output.dense.bias]
2903.2s 581 Loading weights:  28%|██▊       | 56/197 [00:00<00:00, 1137.21it/s, Materializing param=encoder.layer.3.attention.output.dense.bias]
2903.2s 582 Loading weights:  29%|██▉       | 57/197 [00:00<00:00, 1125.38it/s, Materializing param=encoder.layer.3.attention.output.dense.weight]
2903.2s 583 Loading weights:  29%|██▉       | 57/197 [00:00<00:00, 1120.65it/s, Materializing param=encoder.layer.3.attention.output.dense.weight]
2903.2s 584 Loading weights:  29%|██▉       | 58/197 [00:00<00:00, 1132.81it/s, Materializing param=encoder.layer.3.attention.self.key.bias]
2903.2s 585 Loading weights:  29%|██▉       | 58/197 [00:00<00:00, 1130.24it/s, Materializing param=encoder.layer.3.attention.self.key.bias]
2903.2s 586 Loading weights:  30%|██▉       | 59/197 [00:00<00:00, 1139.95it/s, Materializing param=encoder.layer.3.attention.self.key.weight]
2903.2s 587 Loading weights:  30%|██▉       | 59/197 [00:00<00:00, 1136.47it/s, Materializing param=encoder.layer.3.attention.self.key.weight]
2903.2s 588 Loading weights:  30%|███       | 60/197 [00:00<00:00, 1128.67it/s, Materializing param=encoder.layer.3.attention.self.query.bias]
2903.2s 589 Loading weights:  30%|███       | 60/197 [00:00<00:00, 1126.15it/s, Materializing param=encoder.layer.3.attention.self.query.bias]
2903.2s 590 Loading weights:  31%|███       | 61/197 [00:00<00:00, 1137.70it/s, Materializing param=encoder.layer.3.attention.self.query.weight]
2903.2s 591 Loading weights:  31%|███       | 61/197 [00:00<00:00, 1135.76it/s, Materializing param=encoder.layer.3.attention.self.query.weight]
2903.2s 592 Loading weights:  31%|███▏      | 62/197 [00:00<00:00, 1146.72it/s, Materializing param=encoder.layer.3.attention.self.value.bias]
2903.2s 593 Loading weights:  31%|███▏      | 62/197 [00:00<00:00, 1144.35it/s, Materializing param=encoder.layer.3.attention.self.value.bias]
2903.2s 594 Loading weights:  32%|███▏      | 63/197 [00:00<00:00, 1153.10it/s, Materializing param=encoder.layer.3.attention.self.value.weight]
2903.2s 595 Loading weights:  32%|███▏      | 63/197 [00:00<00:00, 1150.42it/s, Materializing param=encoder.layer.3.attention.self.value.weight]
2903.2s 596 Loading weights:  32%|███▏      | 64/197 [00:00<00:00, 1161.65it/s, Materializing param=encoder.layer.3.intermediate.dense.bias]
2903.2s 597 Loading weights:  32%|███▏      | 64/197 [00:00<00:00, 1157.16it/s, Materializing param=encoder.layer.3.intermediate.dense.bias]
2903.2s 598 Loading weights:  33%|███▎      | 65/197 [00:00<00:00, 1168.77it/s, Materializing param=encoder.layer.3.intermediate.dense.weight]
2903.2s 599 Loading weights:  33%|███▎      | 65/197 [00:00<00:00, 1166.55it/s, Materializing param=encoder.layer.3.intermediate.dense.weight]
2903.2s 600 Loading weights:  34%|███▎      | 66/197 [00:00<00:00, 1160.67it/s, Materializing param=encoder.layer.3.output.LayerNorm.bias]
2903.2s 601 Loading weights:  34%|███▎      | 66/197 [00:00<00:00, 1157.82it/s, Materializing param=encoder.layer.3.output.LayerNorm.bias]
2903.2s 602 Loading weights:  34%|███▍      | 67/197 [00:00<00:00, 1169.67it/s, Materializing param=encoder.layer.3.output.LayerNorm.weight]
2903.2s 603 Loading weights:  34%|███▍      | 67/197 [00:00<00:00, 1165.73it/s, Materializing param=encoder.layer.3.output.LayerNorm.weight]
2903.2s 604 Loading weights:  35%|███▍      | 68/197 [00:00<00:00, 1162.24it/s, Materializing param=encoder.layer.3.output.dense.bias]
2903.2s 605 Loading weights:  35%|███▍      | 68/197 [00:00<00:00, 1159.87it/s, Materializing param=encoder.layer.3.output.dense.bias]
2903.2s 606 Loading weights:  35%|███▌      | 69/197 [00:00<00:00, 1170.21it/s, Materializing param=encoder.layer.3.output.dense.weight]
2903.2s 607 Loading weights:  35%|███▌      | 69/197 [00:00<00:00, 1168.16it/s, Materializing param=encoder.layer.3.output.dense.weight]
2903.2s 608 Loading weights:  36%|███▌      | 70/197 [00:00<00:00, 1174.58it/s, Materializing param=encoder.layer.4.attention.output.LayerNorm.bias]
2903.2s 609 Loading weights:  36%|███▌      | 70/197 [00:00<00:00, 1172.28it/s, Materializing param=encoder.layer.4.attention.output.LayerNorm.bias]
2903.2s 610 Loading weights:  36%|███▌      | 71/197 [00:00<00:00, 1133.29it/s, Materializing param=encoder.layer.4.attention.output.LayerNorm.weight]
2903.2s 611 Loading weights:  36%|███▌      | 71/197 [00:00<00:00, 1127.19it/s, Materializing param=encoder.layer.4.attention.output.LayerNorm.weight]
2903.2s 612 Loading weights:  37%|███▋      | 72/197 [00:00<00:00, 1123.86it/s, Materializing param=encoder.layer.4.attention.output.dense.bias]
2903.2s 613 Loading weights:  37%|███▋      | 72/197 [00:00<00:00, 1111.17it/s, Materializing param=encoder.layer.4.attention.output.dense.bias]
2903.2s 614 Loading weights:  37%|███▋      | 73/197 [00:00<00:00, 1114.57it/s, Materializing param=encoder.layer.4.attention.output.dense.weight]
2903.2s 615 Loading weights:  37%|███▋      | 73/197 [00:00<00:00, 1109.70it/s, Materializing param=encoder.layer.4.attention.output.dense.weight]
2903.2s 616 Loading weights:  38%|███▊      | 74/197 [00:00<00:00, 1119.45it/s, Materializing param=encoder.layer.4.attention.self.key.bias]
2903.2s 617 Loading weights:  38%|███▊      | 74/197 [00:00<00:00, 1117.92it/s, Materializing param=encoder.layer.4.attention.self.key.bias]
2903.2s 618 Loading weights:  38%|███▊      | 75/197 [00:00<00:00, 1114.26it/s, Materializing param=encoder.layer.4.attention.self.key.weight]
2903.2s 619 Loading weights:  38%|███▊      | 75/197 [00:00<00:00, 1106.33it/s, Materializing param=encoder.layer.4.attention.self.key.weight]
2903.2s 620 Loading weights:  39%|███▊      | 76/197 [00:00<00:00, 1115.84it/s, Materializing param=encoder.layer.4.attention.self.query.bias]
2903.2s 621 Loading weights:  39%|███▊      | 76/197 [00:00<00:00, 1108.89it/s, Materializing param=encoder.layer.4.attention.self.query.bias]
2903.2s 622 Loading weights:  39%|███▉      | 77/197 [00:00<00:00, 1115.12it/s, Materializing param=encoder.layer.4.attention.self.query.weight]
2903.2s 623 Loading weights:  39%|███▉      | 77/197 [00:00<00:00, 1113.48it/s, Materializing param=encoder.layer.4.attention.self.query.weight]
2903.2s 624 Loading weights:  40%|███▉      | 78/197 [00:00<00:00, 1115.92it/s, Materializing param=encoder.layer.4.attention.self.value.bias]
2903.2s 625 Loading weights:  40%|███▉      | 78/197 [00:00<00:00, 1108.57it/s, Materializing param=encoder.layer.4.attention.self.value.bias]
2903.2s 626 Loading weights:  40%|████      | 79/197 [00:00<00:00, 1087.19it/s, Materializing param=encoder.layer.4.attention.self.value.weight]
2903.2s 627 Loading weights:  40%|████      | 79/197 [00:00<00:00, 1079.51it/s, Materializing param=encoder.layer.4.attention.self.value.weight]
2903.2s 628 Loading weights:  41%|████      | 80/197 [00:00<00:00, 1084.39it/s, Materializing param=encoder.layer.4.intermediate.dense.bias]
2903.2s 629 Loading weights:  41%|████      | 80/197 [00:00<00:00, 1081.83it/s, Materializing param=encoder.layer.4.intermediate.dense.bias]
2903.2s 630 Loading weights:  41%|████      | 81/197 [00:00<00:00, 1073.29it/s, Materializing param=encoder.layer.4.intermediate.dense.weight]
2903.2s 631 Loading weights:  41%|████      | 81/197 [00:00<00:00, 1071.72it/s, Materializing param=encoder.layer.4.intermediate.dense.weight]
2903.2s 632 Loading weights:  42%|████▏     | 82/197 [00:00<00:00, 1071.81it/s, Materializing param=encoder.layer.4.output.LayerNorm.bias]
2903.2s 633 Loading weights:  42%|████▏     | 82/197 [00:00<00:00, 1070.46it/s, Materializing param=encoder.layer.4.output.LayerNorm.bias]
2903.2s 634 Loading weights:  42%|████▏     | 83/197 [00:00<00:00, 1079.63it/s, Materializing param=encoder.layer.4.output.LayerNorm.weight]
2903.2s 635 Loading weights:  42%|████▏     | 83/197 [00:00<00:00, 1078.24it/s, Materializing param=encoder.layer.4.output.LayerNorm.weight]
2903.2s 636 Loading weights:  43%|████▎     | 84/197 [00:00<00:00, 1083.90it/s, Materializing param=encoder.layer.4.output.dense.bias]
2903.2s 637 Loading weights:  43%|████▎     | 84/197 [00:00<00:00, 1080.66it/s, Materializing param=encoder.layer.4.output.dense.bias]
2903.2s 638 Loading weights:  43%|████▎     | 85/197 [00:00<00:00, 1087.30it/s, Materializing param=encoder.layer.4.output.dense.weight]
2903.2s 639 Loading weights:  43%|████▎     | 85/197 [00:00<00:00, 1086.06it/s, Materializing param=encoder.layer.4.output.dense.weight]
2903.2s 640 Loading weights:  44%|████▎     | 86/197 [00:00<00:00, 1081.70it/s, Materializing param=encoder.layer.5.attention.output.LayerNorm.bias]
2903.2s 641 Loading weights:  44%|████▎     | 86/197 [00:00<00:00, 1080.20it/s, Materializing param=encoder.layer.5.attention.output.LayerNorm.bias]
2903.2s 642 Loading weights:  44%|████▍     | 87/197 [00:00<00:00, 1088.66it/s, Materializing param=encoder.layer.5.attention.output.LayerNorm.weight]
2903.2s 643 Loading weights:  44%|████▍     | 87/197 [00:00<00:00, 1087.03it/s, Materializing param=encoder.layer.5.attention.output.LayerNorm.weight]
2903.2s 644 Loading weights:  45%|████▍     | 88/197 [00:00<00:00, 1083.66it/s, Materializing param=encoder.layer.5.attention.output.dense.bias]
2903.2s 645 Loading weights:  45%|████▍     | 88/197 [00:00<00:00, 1081.67it/s, Materializing param=encoder.layer.5.attention.output.dense.bias]
2903.2s 646 Loading weights:  45%|████▌     | 89/197 [00:00<00:00, 1085.65it/s, Materializing param=encoder.layer.5.attention.output.dense.weight]
2903.2s 647 Loading weights:  45%|████▌     | 89/197 [00:00<00:00, 1084.03it/s, Materializing param=encoder.layer.5.attention.output.dense.weight]
2903.2s 648 Loading weights:  46%|████▌     | 90/197 [00:00<00:00, 1089.15it/s, Materializing param=encoder.layer.5.attention.self.key.bias]
2903.2s 649 Loading weights:  46%|████▌     | 90/197 [00:00<00:00, 1087.92it/s, Materializing param=encoder.layer.5.attention.self.key.bias]
2903.2s 650 Loading weights:  46%|████▌     | 91/197 [00:00<00:00, 1095.43it/s, Materializing param=encoder.layer.5.attention.self.key.weight]
2903.2s 651 Loading weights:  46%|████▌     | 91/197 [00:00<00:00, 1094.02it/s, Materializing param=encoder.layer.5.attention.self.key.weight]
2903.2s 652 Loading weights:  47%|████▋     | 92/197 [00:00<00:00, 1101.46it/s, Materializing param=encoder.layer.5.attention.self.query.bias]
2903.2s 653 Loading weights:  47%|████▋     | 92/197 [00:00<00:00, 1100.03it/s, Materializing param=encoder.layer.5.attention.self.query.bias]
2903.2s 654 Loading weights:  47%|████▋     | 93/197 [00:00<00:00, 1103.98it/s, Materializing param=encoder.layer.5.attention.self.query.weight]
2903.2s 655 Loading weights:  47%|████▋     | 93/197 [00:00<00:00, 1100.94it/s, Materializing param=encoder.layer.5.attention.self.query.weight]
2903.2s 656 Loading weights:  48%|████▊     | 94/197 [00:00<00:00, 1103.42it/s, Materializing param=encoder.layer.5.attention.self.value.bias]
2903.2s 657 Loading weights:  48%|████▊     | 94/197 [00:00<00:00, 1089.41it/s, Materializing param=encoder.layer.5.attention.self.value.bias]
2903.2s 658 Loading weights:  48%|████▊     | 95/197 [00:00<00:00, 1090.56it/s, Materializing param=encoder.layer.5.attention.self.value.weight]
2903.2s 659 Loading weights:  48%|████▊     | 95/197 [00:00<00:00, 1089.13it/s, Materializing param=encoder.layer.5.attention.self.value.weight]
2903.2s 660 Loading weights:  49%|████▊     | 96/197 [00:00<00:00, 1091.60it/s, Materializing param=encoder.layer.5.intermediate.dense.bias]
2903.2s 661 Loading weights:  49%|████▊     | 96/197 [00:00<00:00, 1090.14it/s, Materializing param=encoder.layer.5.intermediate.dense.bias]
2903.2s 662 Loading weights:  49%|████▉     | 97/197 [00:00<00:00, 1097.70it/s, Materializing param=encoder.layer.5.intermediate.dense.weight]
2903.2s 663 Loading weights:  49%|████▉     | 97/197 [00:00<00:00, 1096.38it/s, Materializing param=encoder.layer.5.intermediate.dense.weight]
2903.2s 664 Loading weights:  50%|████▉     | 98/197 [00:00<00:00, 1104.36it/s, Materializing param=encoder.layer.5.output.LayerNorm.bias]
2903.2s 665 Loading weights:  50%|████▉     | 98/197 [00:00<00:00, 1089.65it/s, Materializing param=encoder.layer.5.output.LayerNorm.bias]
2903.2s 666 Loading weights:  50%|█████     | 99/197 [00:00<00:00, 1097.10it/s, Materializing param=encoder.layer.5.output.LayerNorm.weight]
2903.2s 667 Loading weights:  50%|█████     | 99/197 [00:00<00:00, 1095.81it/s, Materializing param=encoder.layer.5.output.LayerNorm.weight]
2903.2s 668 Loading weights:  51%|█████     | 100/197 [00:00<00:00, 1103.57it/s, Materializing param=encoder.layer.5.output.dense.bias]
2903.2s 669 Loading weights:  51%|█████     | 100/197 [00:00<00:00, 1102.32it/s, Materializing param=encoder.layer.5.output.dense.bias]
2903.2s 670 Loading weights:  51%|█████▏    | 101/197 [00:00<00:00, 1108.26it/s, Materializing param=encoder.layer.5.output.dense.weight]
2903.2s 671 Loading weights:  51%|█████▏    | 101/197 [00:00<00:00, 1107.11it/s, Materializing param=encoder.layer.5.output.dense.weight]
2903.2s 672 Loading weights:  52%|█████▏    | 102/197 [00:00<00:00, 1111.93it/s, Materializing param=encoder.layer.6.attention.output.LayerNorm.bias]
2903.2s 673 Loading weights:  52%|█████▏    | 102/197 [00:00<00:00, 1109.85it/s, Materializing param=encoder.layer.6.attention.output.LayerNorm.bias]
2903.2s 674 Loading weights:  52%|█████▏    | 103/197 [00:00<00:00, 1117.68it/s, Materializing param=encoder.layer.6.attention.output.LayerNorm.weight]
2903.2s 675 Loading weights:  52%|█████▏    | 103/197 [00:00<00:00, 1116.38it/s, Materializing param=encoder.layer.6.attention.output.LayerNorm.weight]
2903.2s 676 Loading weights:  53%|█████▎    | 104/197 [00:00<00:00, 1122.83it/s, Materializing param=encoder.layer.6.attention.output.dense.bias]
2903.2s 677 Loading weights:  53%|█████▎    | 104/197 [00:00<00:00, 1121.71it/s, Materializing param=encoder.layer.6.attention.output.dense.bias]
2903.2s 678 Loading weights:  53%|█████▎    | 105/197 [00:00<00:00, 1121.98it/s, Materializing param=encoder.layer.6.attention.output.dense.weight]
2903.2s 679 Loading weights:  53%|█████▎    | 105/197 [00:00<00:00, 1120.54it/s, Materializing param=encoder.layer.6.attention.output.dense.weight]
2903.2s 680 Loading weights:  54%|█████▍    | 106/197 [00:00<00:00, 1127.28it/s, Materializing param=encoder.layer.6.attention.self.key.bias]
2903.2s 681 Loading weights:  54%|█████▍    | 106/197 [00:00<00:00, 1126.08it/s, Materializing param=encoder.layer.6.attention.self.key.bias]
2903.2s 682 Loading weights:  54%|█████▍    | 107/197 [00:00<00:00, 1128.20it/s, Materializing param=encoder.layer.6.attention.self.key.weight]
2903.2s 683 Loading weights:  54%|█████▍    | 107/197 [00:00<00:00, 1123.83it/s, Materializing param=encoder.layer.6.attention.self.key.weight]
2903.2s 684 Loading weights:  55%|█████▍    | 108/197 [00:00<00:00, 1125.92it/s, Materializing param=encoder.layer.6.attention.self.query.bias]
2903.2s 685 Loading weights:  55%|█████▍    | 108/197 [00:00<00:00, 1124.42it/s, Materializing param=encoder.layer.6.attention.self.query.bias]
2903.2s 686 Loading weights:  55%|█████▌    | 109/197 [00:00<00:00, 1129.37it/s, Materializing param=encoder.layer.6.attention.self.query.weight]
2903.2s 687 Loading weights:  55%|█████▌    | 109/197 [00:00<00:00, 1128.02it/s, Materializing param=encoder.layer.6.attention.self.query.weight]
2903.2s 688 Loading weights:  56%|█████▌    | 110/197 [00:00<00:00, 1128.47it/s, Materializing param=encoder.layer.6.attention.self.value.bias]
2903.2s 689 Loading weights:  56%|█████▌    | 110/197 [00:00<00:00, 1119.97it/s, Materializing param=encoder.layer.6.attention.self.value.bias]
2903.2s 690 Loading weights:  56%|█████▋    | 111/197 [00:00<00:00, 1126.82it/s, Materializing param=encoder.layer.6.attention.self.value.weight]
2903.2s 691 Loading weights:  56%|█████▋    | 111/197 [00:00<00:00, 1125.55it/s, Materializing param=encoder.layer.6.attention.self.value.weight]
2903.2s 692 Loading weights:  57%|█████▋    | 112/197 [00:00<00:00, 1131.66it/s, Materializing param=encoder.layer.6.intermediate.dense.bias]
2903.2s 693 Loading weights:  57%|█████▋    | 112/197 [00:00<00:00, 1130.29it/s, Materializing param=encoder.layer.6.intermediate.dense.bias]
2903.2s 694 Loading weights:  57%|█████▋    | 113/197 [00:00<00:00, 1132.38it/s, Materializing param=encoder.layer.6.intermediate.dense.weight]
2903.2s 695 Loading weights:  57%|█████▋    | 113/197 [00:00<00:00, 1130.69it/s, Materializing param=encoder.layer.6.intermediate.dense.weight]
2903.2s 696 Loading weights:  58%|█████▊    | 114/197 [00:00<00:00, 1132.80it/s, Materializing param=encoder.layer.6.intermediate.dense.weight]
2903.2s 697 Loading weights:  58%|█████▊    | 114/197 [00:00<00:00, 1132.80it/s, Materializing param=encoder.layer.6.output.LayerNorm.bias]
2903.2s 698 Loading weights:  58%|█████▊    | 114/197 [00:00<00:00, 1132.80it/s, Materializing param=encoder.layer.6.output.LayerNorm.bias]
2903.2s 699 Loading weights:  58%|█████▊    | 115/197 [00:00<00:00, 1132.80it/s, Materializing param=encoder.layer.6.output.LayerNorm.weight]
2903.2s 700 Loading weights:  58%|█████▊    | 115/197 [00:00<00:00, 1132.80it/s, Materializing param=encoder.layer.6.output.LayerNorm.weight]
2903.2s 701 Loading weights:  59%|█████▉    | 116/197 [00:00<00:00, 1132.80it/s, Materializing param=encoder.layer.6.output.dense.bias]
2903.2s 702 Loading weights:  59%|█████▉    | 116/197 [00:00<00:00, 1132.80it/s, Materializing param=encoder.layer.6.output.dense.bias]
2903.2s 703 Loading weights:  59%|█████▉    | 117/197 [00:00<00:00, 1132.80it/s, Materializing param=encoder.layer.6.output.dense.weight]
2903.2s 704 Loading weights:  59%|█████▉    | 117/197 [00:00<00:00, 1132.80it/s, Materializing param=encoder.layer.6.output.dense.weight]
2903.2s 705 Loading weights:  60%|█████▉    | 118/197 [00:00<00:00, 1132.80it/s, Materializing param=encoder.layer.7.attention.output.LayerNorm.bias]
2903.2s 706 Loading weights:  60%|█████▉    | 118/197 [00:00<00:00, 1132.80it/s, Materializing param=encoder.layer.7.attention.output.LayerNorm.bias]
2903.2s 707 Loading weights:  60%|██████    | 119/197 [00:00<00:00, 1132.80it/s, Materializing param=encoder.layer.7.attention.output.LayerNorm.weight]
2903.2s 708 Loading weights:  60%|██████    | 119/197 [00:00<00:00, 1132.80it/s, Materializing param=encoder.layer.7.attention.output.LayerNorm.weight]
2903.2s 709 Loading weights:  61%|██████    | 120/197 [00:00<00:00, 1132.80it/s, Materializing param=encoder.layer.7.attention.output.dense.bias]
2903.2s 710 Loading weights:  61%|██████    | 120/197 [00:00<00:00, 1132.80it/s, Materializing param=encoder.layer.7.attention.output.dense.bias]
2903.2s 711 Loading weights:  61%|██████▏   | 121/197 [00:00<00:00, 1132.80it/s, Materializing param=encoder.layer.7.attention.output.dense.weight]
2903.2s 712 Loading weights:  61%|██████▏   | 121/197 [00:00<00:00, 1132.80it/s, Materializing param=encoder.layer.7.attention.output.dense.weight]
2903.2s 713 Loading weights:  62%|██████▏   | 122/197 [00:00<00:00, 1132.80it/s, Materializing param=encoder.layer.7.attention.self.key.bias]
2903.2s 714 Loading weights:  62%|██████▏   | 122/197 [00:00<00:00, 1132.80it/s, Materializing param=encoder.layer.7.attention.self.key.bias]
2903.2s 715 Loading weights:  62%|██████▏   | 123/197 [00:00<00:00, 1132.80it/s, Materializing param=encoder.layer.7.attention.self.key.weight]
2903.2s 716 Loading weights:  62%|██████▏   | 123/197 [00:00<00:00, 1132.80it/s, Materializing param=encoder.layer.7.attention.self.key.weight]
2903.2s 717 Loading weights:  63%|██████▎   | 124/197 [00:00<00:00, 1132.80it/s, Materializing param=encoder.layer.7.attention.self.query.bias]
2903.2s 718 Loading weights:  63%|██████▎   | 124/197 [00:00<00:00, 1132.80it/s, Materializing param=encoder.layer.7.attention.self.query.bias]
2903.2s 719 Loading weights:  63%|██████▎   | 125/197 [00:00<00:00, 1132.80it/s, Materializing param=encoder.layer.7.attention.self.query.weight]
2903.2s 720 Loading weights:  63%|██████▎   | 125/197 [00:00<00:00, 1132.80it/s, Materializing param=encoder.layer.7.attention.self.query.weight]
2903.2s 721 Loading weights:  64%|██████▍   | 126/197 [00:00<00:00, 1132.80it/s, Materializing param=encoder.layer.7.attention.self.value.bias]
2903.2s 722 Loading weights:  64%|██████▍   | 126/197 [00:00<00:00, 1132.80it/s, Materializing param=encoder.layer.7.attention.self.value.bias]
2903.2s 723 Loading weights:  64%|██████▍   | 127/197 [00:00<00:00, 1132.80it/s, Materializing param=encoder.layer.7.attention.self.value.weight]
2903.2s 724 Loading weights:  64%|██████▍   | 127/197 [00:00<00:00, 1132.80it/s, Materializing param=encoder.layer.7.attention.self.value.weight]
2903.2s 725 Loading weights:  65%|██████▍   | 128/197 [00:00<00:00, 1132.80it/s, Materializing param=encoder.layer.7.intermediate.dense.bias]
2903.2s 726 Loading weights:  65%|██████▍   | 128/197 [00:00<00:00, 1132.80it/s, Materializing param=encoder.layer.7.intermediate.dense.bias]
2903.2s 727 Loading weights:  65%|██████▌   | 129/197 [00:00<00:00, 1132.80it/s, Materializing param=encoder.layer.7.intermediate.dense.weight]
2903.2s 728 Loading weights:  65%|██████▌   | 129/197 [00:00<00:00, 1132.80it/s, Materializing param=encoder.layer.7.intermediate.dense.weight]
2903.2s 729 Loading weights:  66%|██████▌   | 130/197 [00:00<00:00, 1132.80it/s, Materializing param=encoder.layer.7.output.LayerNorm.bias]
2903.2s 730 Loading weights:  66%|██████▌   | 130/197 [00:00<00:00, 1132.80it/s, Materializing param=encoder.layer.7.output.LayerNorm.bias]
2903.2s 731 Loading weights:  66%|██████▋   | 131/197 [00:00<00:00, 1132.80it/s, Materializing param=encoder.layer.7.output.LayerNorm.weight]
2903.2s 732 Loading weights:  66%|██████▋   | 131/197 [00:00<00:00, 1132.80it/s, Materializing param=encoder.layer.7.output.LayerNorm.weight]
2903.2s 733 Loading weights:  67%|██████▋   | 132/197 [00:00<00:00, 1132.80it/s, Materializing param=encoder.layer.7.output.dense.bias]
2903.2s 734 Loading weights:  67%|██████▋   | 132/197 [00:00<00:00, 1132.80it/s, Materializing param=encoder.layer.7.output.dense.bias]
2903.2s 735 Loading weights:  68%|██████▊   | 133/197 [00:00<00:00, 1132.80it/s, Materializing param=encoder.layer.7.output.dense.weight]
2903.2s 736 Loading weights:  68%|██████▊   | 133/197 [00:00<00:00, 1132.80it/s, Materializing param=encoder.layer.7.output.dense.weight]
2903.2s 737 Loading weights:  68%|██████▊   | 134/197 [00:00<00:00, 1132.80it/s, Materializing param=encoder.layer.8.attention.output.LayerNorm.bias]
2903.2s 738 Loading weights:  68%|██████▊   | 134/197 [00:00<00:00, 1132.80it/s, Materializing param=encoder.layer.8.attention.output.LayerNorm.bias]
2903.2s 739 Loading weights:  69%|██████▊   | 135/197 [00:00<00:00, 1132.80it/s, Materializing param=encoder.layer.8.attention.output.LayerNorm.weight]
2903.2s 740 Loading weights:  69%|██████▊   | 135/197 [00:00<00:00, 1132.80it/s, Materializing param=encoder.layer.8.attention.output.LayerNorm.weight]
2903.2s 741 Loading weights:  69%|██████▉   | 136/197 [00:00<00:00, 1132.80it/s, Materializing param=encoder.layer.8.attention.output.dense.bias]
2903.2s 742 Loading weights:  69%|██████▉   | 136/197 [00:00<00:00, 1132.80it/s, Materializing param=encoder.layer.8.attention.output.dense.bias]
2903.2s 743 Loading weights:  70%|██████▉   | 137/197 [00:00<00:00, 1132.80it/s, Materializing param=encoder.layer.8.attention.output.dense.weight]
2903.2s 744 Loading weights:  70%|██████▉   | 137/197 [00:00<00:00, 1132.80it/s, Materializing param=encoder.layer.8.attention.output.dense.weight]
2903.2s 745 Loading weights:  70%|███████   | 138/197 [00:00<00:00, 1132.80it/s, Materializing param=encoder.layer.8.attention.self.key.bias]
2903.2s 746 Loading weights:  70%|███████   | 138/197 [00:00<00:00, 1132.80it/s, Materializing param=encoder.layer.8.attention.self.key.bias]
2903.2s 747 Loading weights:  71%|███████   | 139/197 [00:00<00:00, 1132.80it/s, Materializing param=encoder.layer.8.attention.self.key.weight]
2903.2s 748 Loading weights:  71%|███████   | 139/197 [00:00<00:00, 1132.80it/s, Materializing param=encoder.layer.8.attention.self.key.weight]
2903.2s 749 Loading weights:  71%|███████   | 140/197 [00:00<00:00, 1132.80it/s, Materializing param=encoder.layer.8.attention.self.query.bias]
2903.2s 750 Loading weights:  71%|███████   | 140/197 [00:00<00:00, 1132.80it/s, Materializing param=encoder.layer.8.attention.self.query.bias]
2903.2s 751 Loading weights:  72%|███████▏  | 141/197 [00:00<00:00, 1132.80it/s, Materializing param=encoder.layer.8.attention.self.query.weight]
2903.2s 752 Loading weights:  72%|███████▏  | 141/197 [00:00<00:00, 1132.80it/s, Materializing param=encoder.layer.8.attention.self.query.weight]
2903.2s 753 Loading weights:  72%|███████▏  | 142/197 [00:00<00:00, 1132.80it/s, Materializing param=encoder.layer.8.attention.self.value.bias]
2903.2s 754 Loading weights:  72%|███████▏  | 142/197 [00:00<00:00, 1132.80it/s, Materializing param=encoder.layer.8.attention.self.value.bias]
2903.2s 755 Loading weights:  73%|███████▎  | 143/197 [00:00<00:00, 1132.80it/s, Materializing param=encoder.layer.8.attention.self.value.weight]
2903.2s 756 Loading weights:  73%|███████▎  | 143/197 [00:00<00:00, 1132.80it/s, Materializing param=encoder.layer.8.attention.self.value.weight]
2903.2s 757 Loading weights:  73%|███████▎  | 144/197 [00:00<00:00, 1132.80it/s, Materializing param=encoder.layer.8.intermediate.dense.bias]
2903.2s 758 Loading weights:  73%|███████▎  | 144/197 [00:00<00:00, 1132.80it/s, Materializing param=encoder.layer.8.intermediate.dense.bias]
2903.2s 759 Loading weights:  74%|███████▎  | 145/197 [00:00<00:00, 1132.80it/s, Materializing param=encoder.layer.8.intermediate.dense.weight]
2903.2s 760 Loading weights:  74%|███████▎  | 145/197 [00:00<00:00, 1132.80it/s, Materializing param=encoder.layer.8.intermediate.dense.weight]
2903.2s 761 Loading weights:  74%|███████▍  | 146/197 [00:00<00:00, 1132.80it/s, Materializing param=encoder.layer.8.output.LayerNorm.bias]
2903.2s 762 Loading weights:  74%|███████▍  | 146/197 [00:00<00:00, 1132.80it/s, Materializing param=encoder.layer.8.output.LayerNorm.bias]
2903.2s 763 Loading weights:  75%|███████▍  | 147/197 [00:00<00:00, 1132.80it/s, Materializing param=encoder.layer.8.output.LayerNorm.weight]
2903.2s 764 Loading weights:  75%|███████▍  | 147/197 [00:00<00:00, 1132.80it/s, Materializing param=encoder.layer.8.output.LayerNorm.weight]
2903.2s 765 Loading weights:  75%|███████▌  | 148/197 [00:00<00:00, 1132.80it/s, Materializing param=encoder.layer.8.output.dense.bias]
2903.2s 766 Loading weights:  75%|███████▌  | 148/197 [00:00<00:00, 1132.80it/s, Materializing param=encoder.layer.8.output.dense.bias]
2903.2s 767 Loading weights:  76%|███████▌  | 149/197 [00:00<00:00, 1132.80it/s, Materializing param=encoder.layer.8.output.dense.weight]
2903.2s 768 Loading weights:  76%|███████▌  | 149/197 [00:00<00:00, 1132.80it/s, Materializing param=encoder.layer.8.output.dense.weight]
2903.2s 769 Loading weights:  76%|███████▌  | 150/197 [00:00<00:00, 1132.80it/s, Materializing param=encoder.layer.9.attention.output.LayerNorm.bias]
2903.2s 770 Loading weights:  76%|███████▌  | 150/197 [00:00<00:00, 1132.80it/s, Materializing param=encoder.layer.9.attention.output.LayerNorm.bias]
2903.2s 771 Loading weights:  77%|███████▋  | 151/197 [00:00<00:00, 1132.80it/s, Materializing param=encoder.layer.9.attention.output.LayerNorm.weight]
2903.2s 772 Loading weights:  77%|███████▋  | 151/197 [00:00<00:00, 1132.80it/s, Materializing param=encoder.layer.9.attention.output.LayerNorm.weight]
2903.2s 773 Loading weights:  77%|███████▋  | 152/197 [00:00<00:00, 1132.80it/s, Materializing param=encoder.layer.9.attention.output.dense.bias]
2903.2s 774 Loading weights:  77%|███████▋  | 152/197 [00:00<00:00, 1132.80it/s, Materializing param=encoder.layer.9.attention.output.dense.bias]
2903.2s 775 Loading weights:  78%|███████▊  | 153/197 [00:00<00:00, 1132.80it/s, Materializing param=encoder.layer.9.attention.output.dense.weight]
2903.2s 776 Loading weights:  78%|███████▊  | 153/197 [00:00<00:00, 1132.80it/s, Materializing param=encoder.layer.9.attention.output.dense.weight]
2903.2s 777 Loading weights:  78%|███████▊  | 154/197 [00:00<00:00, 1132.80it/s, Materializing param=encoder.layer.9.attention.self.key.bias]
2903.2s 778 Loading weights:  78%|███████▊  | 154/197 [00:00<00:00, 1132.80it/s, Materializing param=encoder.layer.9.attention.self.key.bias]
2903.2s 779 Loading weights:  79%|███████▊  | 155/197 [00:00<00:00, 1132.80it/s, Materializing param=encoder.layer.9.attention.self.key.weight]
2903.2s 780 Loading weights:  79%|███████▊  | 155/197 [00:00<00:00, 1132.80it/s, Materializing param=encoder.layer.9.attention.self.key.weight]
2903.2s 781 Loading weights:  79%|███████▉  | 156/197 [00:00<00:00, 1132.80it/s, Materializing param=encoder.layer.9.attention.self.query.bias]
2903.2s 782 Loading weights:  79%|███████▉  | 156/197 [00:00<00:00, 1132.80it/s, Materializing param=encoder.layer.9.attention.self.query.bias]
2903.2s 783 Loading weights:  80%|███████▉  | 157/197 [00:00<00:00, 1132.80it/s, Materializing param=encoder.layer.9.attention.self.query.weight]
2903.2s 784 Loading weights:  80%|███████▉  | 157/197 [00:00<00:00, 1132.80it/s, Materializing param=encoder.layer.9.attention.self.query.weight]
2903.2s 785 Loading weights:  80%|████████  | 158/197 [00:00<00:00, 1132.80it/s, Materializing param=encoder.layer.9.attention.self.value.bias]
2903.2s 786 Loading weights:  80%|████████  | 158/197 [00:00<00:00, 1132.80it/s, Materializing param=encoder.layer.9.attention.self.value.bias]
2903.2s 787 Loading weights:  81%|████████  | 159/197 [00:00<00:00, 1132.80it/s, Materializing param=encoder.layer.9.attention.self.value.weight]
2903.2s 788 Loading weights:  81%|████████  | 159/197 [00:00<00:00, 1132.80it/s, Materializing param=encoder.layer.9.attention.self.value.weight]
2903.2s 789 Loading weights:  81%|████████  | 160/197 [00:00<00:00, 1132.80it/s, Materializing param=encoder.layer.9.intermediate.dense.bias]
2903.2s 790 Loading weights:  81%|████████  | 160/197 [00:00<00:00, 1132.80it/s, Materializing param=encoder.layer.9.intermediate.dense.bias]
2903.2s 791 Loading weights:  82%|████████▏ | 161/197 [00:00<00:00, 1132.80it/s, Materializing param=encoder.layer.9.intermediate.dense.weight]
2903.2s 792 Loading weights:  82%|████████▏ | 161/197 [00:00<00:00, 1132.80it/s, Materializing param=encoder.layer.9.intermediate.dense.weight]
2903.2s 793 Loading weights:  82%|████████▏ | 162/197 [00:00<00:00, 1132.80it/s, Materializing param=encoder.layer.9.output.LayerNorm.bias]
2903.2s 794 Loading weights:  82%|████████▏ | 162/197 [00:00<00:00, 1132.80it/s, Materializing param=encoder.layer.9.output.LayerNorm.bias]
2903.2s 795 Loading weights:  83%|████████▎ | 163/197 [00:00<00:00, 1132.80it/s, Materializing param=encoder.layer.9.output.LayerNorm.weight]
2903.2s 796 Loading weights:  83%|████████▎ | 163/197 [00:00<00:00, 1132.80it/s, Materializing param=encoder.layer.9.output.LayerNorm.weight]
2903.2s 797 Loading weights:  83%|████████▎ | 164/197 [00:00<00:00, 1132.80it/s, Materializing param=encoder.layer.9.output.dense.bias]
2903.2s 798 Loading weights:  83%|████████▎ | 164/197 [00:00<00:00, 1132.80it/s, Materializing param=encoder.layer.9.output.dense.bias]
2903.2s 799 Loading weights:  84%|████████▍ | 165/197 [00:00<00:00, 1132.80it/s, Materializing param=encoder.layer.9.output.dense.weight]
2903.2s 800 Loading weights:  84%|████████▍ | 165/197 [00:00<00:00, 1132.80it/s, Materializing param=encoder.layer.9.output.dense.weight]
2903.2s 801 Loading weights:  84%|████████▍ | 166/197 [00:00<00:00, 1132.80it/s, Materializing param=encoder.layer.10.attention.output.LayerNorm.bias]
2903.2s 802 Loading weights:  84%|████████▍ | 166/197 [00:00<00:00, 1132.80it/s, Materializing param=encoder.layer.10.attention.output.LayerNorm.bias]
2903.2s 803 Loading weights:  85%|████████▍ | 167/197 [00:00<00:00, 1132.80it/s, Materializing param=encoder.layer.10.attention.output.LayerNorm.weight]
2903.2s 804 Loading weights:  85%|████████▍ | 167/197 [00:00<00:00, 1132.80it/s, Materializing param=encoder.layer.10.attention.output.LayerNorm.weight]
2903.2s 805 Loading weights:  85%|████████▌ | 168/197 [00:00<00:00, 1132.80it/s, Materializing param=encoder.layer.10.attention.output.dense.bias]
2903.2s 806 Loading weights:  85%|████████▌ | 168/197 [00:00<00:00, 1132.80it/s, Materializing param=encoder.layer.10.attention.output.dense.bias]
2903.2s 807 Loading weights:  86%|████████▌ | 169/197 [00:00<00:00, 1132.80it/s, Materializing param=encoder.layer.10.attention.output.dense.weight]
2903.2s 808 Loading weights:  86%|████████▌ | 169/197 [00:00<00:00, 1132.80it/s, Materializing param=encoder.layer.10.attention.output.dense.weight]
2903.2s 809 Loading weights:  86%|████████▋ | 170/197 [00:00<00:00, 1132.80it/s, Materializing param=encoder.layer.10.attention.self.key.bias]
2903.2s 810 Loading weights:  86%|████████▋ | 170/197 [00:00<00:00, 1132.80it/s, Materializing param=encoder.layer.10.attention.self.key.bias]
2903.2s 811 Loading weights:  87%|████████▋ | 171/197 [00:00<00:00, 1132.80it/s, Materializing param=encoder.layer.10.attention.self.key.weight]
2903.2s 812 Loading weights:  87%|████████▋ | 171/197 [00:00<00:00, 1132.80it/s, Materializing param=encoder.layer.10.attention.self.key.weight]
2903.2s 813 Loading weights:  87%|████████▋ | 172/197 [00:00<00:00, 1132.80it/s, Materializing param=encoder.layer.10.attention.self.query.bias]
2903.2s 814 Loading weights:  87%|████████▋ | 172/197 [00:00<00:00, 1132.80it/s, Materializing param=encoder.layer.10.attention.self.query.bias]
2903.2s 815 Loading weights:  88%|████████▊ | 173/197 [00:00<00:00, 1132.80it/s, Materializing param=encoder.layer.10.attention.self.query.weight]
2903.2s 816 Loading weights:  88%|████████▊ | 173/197 [00:00<00:00, 1132.80it/s, Materializing param=encoder.layer.10.attention.self.query.weight]
2903.2s 817 Loading weights:  88%|████████▊ | 174/197 [00:00<00:00, 1132.80it/s, Materializing param=encoder.layer.10.attention.self.value.bias]
2903.2s 818 Loading weights:  88%|████████▊ | 174/197 [00:00<00:00, 1132.80it/s, Materializing param=encoder.layer.10.attention.self.value.bias]
2903.2s 819 Loading weights:  89%|████████▉ | 175/197 [00:00<00:00, 1132.80it/s, Materializing param=encoder.layer.10.attention.self.value.weight]
2903.2s 820 Loading weights:  89%|████████▉ | 175/197 [00:00<00:00, 1132.80it/s, Materializing param=encoder.layer.10.attention.self.value.weight]
2903.2s 821 Loading weights:  89%|████████▉ | 176/197 [00:00<00:00, 1132.80it/s, Materializing param=encoder.layer.10.intermediate.dense.bias]
2903.2s 822 Loading weights:  89%|████████▉ | 176/197 [00:00<00:00, 1132.80it/s, Materializing param=encoder.layer.10.intermediate.dense.bias]
2903.2s 823 Loading weights:  90%|████████▉ | 177/197 [00:00<00:00, 1132.80it/s, Materializing param=encoder.layer.10.intermediate.dense.weight]
2903.2s 824 Loading weights:  90%|████████▉ | 177/197 [00:00<00:00, 1132.80it/s, Materializing param=encoder.layer.10.intermediate.dense.weight]
2903.2s 825 Loading weights:  90%|█████████ | 178/197 [00:00<00:00, 1132.80it/s, Materializing param=encoder.layer.10.output.LayerNorm.bias]
2903.2s 826 Loading weights:  90%|█████████ | 178/197 [00:00<00:00, 1132.80it/s, Materializing param=encoder.layer.10.output.LayerNorm.bias]
2903.2s 827 Loading weights:  91%|█████████ | 179/197 [00:00<00:00, 1132.80it/s, Materializing param=encoder.layer.10.output.LayerNorm.weight]
2903.2s 828 Loading weights:  91%|█████████ | 179/197 [00:00<00:00, 1132.80it/s, Materializing param=encoder.layer.10.output.LayerNorm.weight]
2903.2s 829 Loading weights:  91%|█████████▏| 180/197 [00:00<00:00, 1132.80it/s, Materializing param=encoder.layer.10.output.dense.bias]
2903.2s 830 Loading weights:  91%|█████████▏| 180/197 [00:00<00:00, 1132.80it/s, Materializing param=encoder.layer.10.output.dense.bias]
2903.2s 831 Loading weights:  92%|█████████▏| 181/197 [00:00<00:00, 1132.80it/s, Materializing param=encoder.layer.10.output.dense.weight]
2903.2s 832 Loading weights:  92%|█████████▏| 181/197 [00:00<00:00, 1132.80it/s, Materializing param=encoder.layer.10.output.dense.weight]
2903.2s 833 Loading weights:  92%|█████████▏| 182/197 [00:00<00:00, 1132.80it/s, Materializing param=encoder.layer.11.attention.output.LayerNorm.bias]
2903.2s 834 Loading weights:  92%|█████████▏| 182/197 [00:00<00:00, 1132.80it/s, Materializing param=encoder.layer.11.attention.output.LayerNorm.bias]
2903.2s 835 Loading weights:  93%|█████████▎| 183/197 [00:00<00:00, 1132.80it/s, Materializing param=encoder.layer.11.attention.output.LayerNorm.weight]
2903.2s 836 Loading weights:  93%|█████████▎| 183/197 [00:00<00:00, 1132.80it/s, Materializing param=encoder.layer.11.attention.output.LayerNorm.weight]
2903.2s 837 Loading weights:  93%|█████████▎| 184/197 [00:00<00:00, 1132.80it/s, Materializing param=encoder.layer.11.attention.output.dense.bias]
2903.2s 838 Loading weights:  93%|█████████▎| 184/197 [00:00<00:00, 1132.80it/s, Materializing param=encoder.layer.11.attention.output.dense.bias]
2903.2s 839 Loading weights:  94%|█████████▍| 185/197 [00:00<00:00, 1132.80it/s, Materializing param=encoder.layer.11.attention.output.dense.weight]
2903.2s 840 Loading weights:  94%|█████████▍| 185/197 [00:00<00:00, 1132.80it/s, Materializing param=encoder.layer.11.attention.output.dense.weight]
2903.2s 841 Loading weights:  94%|█████████▍| 186/197 [00:00<00:00, 1132.80it/s, Materializing param=encoder.layer.11.attention.self.key.bias]
2903.2s 842 Loading weights:  94%|█████████▍| 186/197 [00:00<00:00, 1132.80it/s, Materializing param=encoder.layer.11.attention.self.key.bias]
2903.2s 843 Loading weights:  95%|█████████▍| 187/197 [00:00<00:00, 1132.80it/s, Materializing param=encoder.layer.11.attention.self.key.weight]
2903.2s 844 Loading weights:  95%|█████████▍| 187/197 [00:00<00:00, 1132.80it/s, Materializing param=encoder.layer.11.attention.self.key.weight]
2903.2s 845 Loading weights:  95%|█████████▌| 188/197 [00:00<00:00, 1132.80it/s, Materializing param=encoder.layer.11.attention.self.query.bias]
2903.2s 846 Loading weights:  95%|█████████▌| 188/197 [00:00<00:00, 1132.80it/s, Materializing param=encoder.layer.11.attention.self.query.bias]
2903.2s 847 Loading weights:  96%|█████████▌| 189/197 [00:00<00:00, 1132.80it/s, Materializing param=encoder.layer.11.attention.self.query.weight]
2903.2s 848 Loading weights:  96%|█████████▌| 189/197 [00:00<00:00, 1132.80it/s, Materializing param=encoder.layer.11.attention.self.query.weight]
2903.2s 849 Loading weights:  96%|█████████▋| 190/197 [00:00<00:00, 1132.80it/s, Materializing param=encoder.layer.11.attention.self.value.bias]
2903.2s 850 Loading weights:  96%|█████████▋| 190/197 [00:00<00:00, 1132.80it/s, Materializing param=encoder.layer.11.attention.self.value.bias]
2903.2s 851 Loading weights:  97%|█████████▋| 191/197 [00:00<00:00, 1132.80it/s, Materializing param=encoder.layer.11.attention.self.value.weight]
2903.2s 852 Loading weights:  97%|█████████▋| 191/197 [00:00<00:00, 1132.80it/s, Materializing param=encoder.layer.11.attention.self.value.weight]
2903.2s 853 Loading weights:  97%|█████████▋| 192/197 [00:00<00:00, 1132.80it/s, Materializing param=encoder.layer.11.intermediate.dense.bias]
2903.2s 854 Loading weights:  97%|█████████▋| 192/197 [00:00<00:00, 1132.80it/s, Materializing param=encoder.layer.11.intermediate.dense.bias]
2903.2s 855 Loading weights:  98%|█████████▊| 193/197 [00:00<00:00, 1132.80it/s, Materializing param=encoder.layer.11.intermediate.dense.weight]
2903.2s 856 Loading weights:  98%|█████████▊| 193/197 [00:00<00:00, 1132.80it/s, Materializing param=encoder.layer.11.intermediate.dense.weight]
2903.2s 857 Loading weights:  98%|█████████▊| 194/197 [00:00<00:00, 1132.80it/s, Materializing param=encoder.layer.11.output.LayerNorm.bias]
2903.2s 858 Loading weights:  98%|█████████▊| 194/197 [00:00<00:00, 1132.80it/s, Materializing param=encoder.layer.11.output.LayerNorm.bias]
2903.2s 859 Loading weights:  99%|█████████▉| 195/197 [00:00<00:00, 1132.80it/s, Materializing param=encoder.layer.11.output.LayerNorm.weight]
2903.2s 860 Loading weights:  99%|█████████▉| 195/197 [00:00<00:00, 1132.80it/s, Materializing param=encoder.layer.11.output.LayerNorm.weight]
2903.2s 861 Loading weights:  99%|█████████▉| 196/197 [00:00<00:00, 1132.80it/s, Materializing param=encoder.layer.11.output.dense.bias]
2903.2s 862 Loading weights:  99%|█████████▉| 196/197 [00:00<00:00, 1132.80it/s, Materializing param=encoder.layer.11.output.dense.bias]
2903.2s 863 Loading weights: 100%|██████████| 197/197 [00:00<00:00, 1132.80it/s, Materializing param=encoder.layer.11.output.dense.weight]
2903.2s 864 Loading weights: 100%|██████████| 197/197 [00:00<00:00, 1132.80it/s, Materializing param=encoder.layer.11.output.dense.weight]
2903.2s 865 Loading weights: 100%|██████████| 197/197 [00:00<00:00, 1499.39it/s, Materializing param=encoder.layer.11.output.dense.weight]
2903.2s 866 BertModel LOAD REPORT from: artifacts/runs/tapt-d0v0-rdrop-full
2903.2s 867 Key                                        | Status     |
2903.2s 868 -------------------------------------------+------------+-
2903.2s 869 cls.predictions.decoder.weight             | UNEXPECTED |
2903.2s 870 cls.predictions.transform.LayerNorm.weight | UNEXPECTED |
2903.2s 871 cls.predictions.transform.dense.weight     | UNEXPECTED |
2903.2s 872 cls.predictions.bias                       | UNEXPECTED |
2903.2s 873 cls.predictions.transform.LayerNorm.bias   | UNEXPECTED |
2903.2s 874 cls.predictions.transform.dense.bias       | UNEXPECTED |
2903.2s 875 cls.predictions.decoder.bias               | UNEXPECTED |
2903.2s 876 pooler.dense.weight                        | MISSING    |
2903.2s 877 pooler.dense.bias                          | MISSING    |
2903.2s 878 
2903.2s 879 Notes:
2903.2s 880 - UNEXPECTED	:can be ignored when loading from different task/architecture; not ok if you expect identical arch.
2903.2s 881 - MISSING	:those params were newly initialized because missing from the checkpoint. Consider training on your downstream task.
3128.0s 882 [s42full] ep1 done 3.7min  no val
3353.6s 883 [s42full] ep2 done 3.8min  no val
3574.8s 884 [s42full] ep3 done 3.7min  no val
3802.1s 885 [s42full] ep4 done 3.8min  no val
4024.5s 886 [s42full] ep5 done 3.7min  no val
4256.9s 887 [s42full] ep6 197/197 loss 1.1934   no val (1.18s/step)
4256.9s 888 [s42full] ep6 done 3.9min  no val
4256.9s 889 [s42full] trained on every row; final checkpoint taken, no score
4256.9s 890 ===== seed 43 FULL FIT, 3159 rows, no validation =====
4256.9s 891 
4256.9s 892 Loading weights:   0%|          | 0/197 [00:00<?, ?it/s]
4256.9s 893 Loading weights:   1%|          | 1/197 [00:00<00:00, 41527.76it/s, Materializing param=embeddings.LayerNorm.bias]
4256.9s 894 Loading weights:   1%|          | 1/197 [00:00<00:00, 9731.56it/s, Materializing param=embeddings.LayerNorm.bias]
4256.9s 895 Loading weights:   1%|          | 2/197 [00:00<00:00, 5236.33it/s, Materializing param=embeddings.LayerNorm.weight]
4256.9s 896 Loading weights:   1%|          | 2/197 [00:00<00:00, 4196.40it/s, Materializing param=embeddings.LayerNorm.weight]
4256.9s 897 Loading weights:   2%|▏         | 3/197 [00:00<00:00, 1874.69it/s, Materializing param=embeddings.position_embeddings.weight]
4256.9s 898 Loading weights:   2%|▏         | 3/197 [00:00<00:00, 1748.11it/s, Materializing param=embeddings.position_embeddings.weight]
4256.9s 899 Loading weights:   2%|▏         | 4/197 [00:00<00:00, 1355.41it/s, Materializing param=embeddings.token_type_embeddings.weight]
4256.9s 900 Loading weights:   2%|▏         | 4/197 [00:00<00:00, 1251.00it/s, Materializing param=embeddings.token_type_embeddings.weight]
4256.9s 901 Loading weights:   3%|▎         | 5/197 [00:00<00:00, 1436.01it/s, Materializing param=embeddings.word_embeddings.weight]
4256.9s 902 Loading weights:   3%|▎         | 5/197 [00:00<00:00, 1393.27it/s, Materializing param=embeddings.word_embeddings.weight]
4256.9s 903 Loading weights:   3%|▎         | 6/197 [00:00<00:00, 1207.57it/s, Materializing param=encoder.layer.0.attention.output.LayerNorm.bias]
4256.9s 904 Loading weights:   3%|▎         | 6/197 [00:00<00:00, 1108.38it/s, Materializing param=encoder.layer.0.attention.output.LayerNorm.bias]
4256.9s 905 Loading weights:   4%|▎         | 7/197 [00:00<00:00, 1219.93it/s, Materializing param=encoder.layer.0.attention.output.LayerNorm.weight]
4256.9s 906 Loading weights:   4%|▎         | 7/197 [00:00<00:00, 1199.25it/s, Materializing param=encoder.layer.0.attention.output.LayerNorm.weight]
4256.9s 907 Loading weights:   4%|▍         | 8/197 [00:00<00:00, 963.07it/s, Materializing param=encoder.layer.0.attention.output.dense.bias]
4256.9s 908 Loading weights:   4%|▍         | 8/197 [00:00<00:00, 949.72it/s, Materializing param=encoder.layer.0.attention.output.dense.bias]
4256.9s 909 Loading weights:   5%|▍         | 9/197 [00:00<00:00, 1032.83it/s, Materializing param=encoder.layer.0.attention.output.dense.weight]
4256.9s 910 Loading weights:   5%|▍         | 9/197 [00:00<00:00, 1021.48it/s, Materializing param=encoder.layer.0.attention.output.dense.weight]
4256.9s 911 Loading weights:   5%|▌         | 10/197 [00:00<00:00, 1032.52it/s, Materializing param=encoder.layer.0.attention.self.key.bias]
4256.9s 912 Loading weights:   5%|▌         | 10/197 [00:00<00:00, 991.56it/s, Materializing param=encoder.layer.0.attention.self.key.bias]
4256.9s 913 Loading weights:   6%|▌         | 11/197 [00:00<00:00, 1055.92it/s, Materializing param=encoder.layer.0.attention.self.key.weight]
4256.9s 914 Loading weights:   6%|▌         | 11/197 [00:00<00:00, 1045.39it/s, Materializing param=encoder.layer.0.attention.self.key.weight]
4256.9s 915 Loading weights:   6%|▌         | 12/197 [00:00<00:00, 1102.89it/s, Materializing param=encoder.layer.0.attention.self.query.bias]
4256.9s 916 Loading weights:   6%|▌         | 12/197 [00:00<00:00, 1088.58it/s, Materializing param=encoder.layer.0.attention.self.query.bias]
4256.9s 917 Loading weights:   7%|▋         | 13/197 [00:00<00:00, 1151.48it/s, Materializing param=encoder.layer.0.attention.self.query.weight]
4256.9s 918 Loading weights:   7%|▋         | 13/197 [00:00<00:00, 1119.56it/s, Materializing param=encoder.layer.0.attention.self.query.weight]
4256.9s 919 Loading weights:   7%|▋         | 14/197 [00:00<00:00, 1145.25it/s, Materializing param=encoder.layer.0.attention.self.value.bias]
4256.9s 920 Loading weights:   7%|▋         | 14/197 [00:00<00:00, 1135.39it/s, Materializing param=encoder.layer.0.attention.self.value.bias]
4256.9s 921 Loading weights:   8%|▊         | 15/197 [00:00<00:00, 1163.99it/s, Materializing param=encoder.layer.0.attention.self.value.weight]
4256.9s 922 Loading weights:   8%|▊         | 15/197 [00:00<00:00, 1153.06it/s, Materializing param=encoder.layer.0.attention.self.value.weight]
4256.9s 923 Loading weights:   8%|▊         | 16/197 [00:00<00:00, 1202.32it/s, Materializing param=encoder.layer.0.intermediate.dense.bias]
4257.1s 924 Loading weights:   8%|▊         | 16/197 [00:00<00:00, 1192.09it/s, Materializing param=encoder.layer.0.intermediate.dense.bias]
4257.1s 925 Loading weights:   9%|▊         | 17/197 [00:00<00:00, 1192.58it/s, Materializing param=encoder.layer.0.intermediate.dense.weight]
4257.1s 926 Loading weights:   9%|▊         | 17/197 [00:00<00:00, 1150.96it/s, Materializing param=encoder.layer.0.intermediate.dense.weight]
4257.1s 927 Loading weights:   9%|▉         | 18/197 [00:00<00:00, 1151.35it/s, Materializing param=encoder.layer.0.output.LayerNorm.bias]
4257.1s 928 Loading weights:   9%|▉         | 18/197 [00:00<00:00, 1132.76it/s, Materializing param=encoder.layer.0.output.LayerNorm.bias]
4257.1s 929 Loading weights:  10%|▉         | 19/197 [00:00<00:00, 1142.09it/s, Materializing param=encoder.layer.0.output.LayerNorm.weight]
4257.1s 930 Loading weights:  10%|▉         | 19/197 [00:00<00:00, 1132.44it/s, Materializing param=encoder.layer.0.output.LayerNorm.weight]
4257.1s 931 Loading weights:  10%|█         | 20/197 [00:00<00:00, 1142.47it/s, Materializing param=encoder.layer.0.output.dense.bias]
4257.1s 932 Loading weights:  10%|█         | 20/197 [00:00<00:00, 1113.34it/s, Materializing param=encoder.layer.0.output.dense.bias]
4257.1s 933 Loading weights:  11%|█         | 21/197 [00:00<00:00, 1046.20it/s, Materializing param=encoder.layer.0.output.dense.weight]
4257.1s 934 Loading weights:  11%|█         | 21/197 [00:00<00:00, 1037.20it/s, Materializing param=encoder.layer.0.output.dense.weight]
4257.1s 935 Loading weights:  11%|█         | 22/197 [00:00<00:00, 1054.13it/s, Materializing param=encoder.layer.1.attention.output.LayerNorm.bias]
4257.1s 936 Loading weights:  11%|█         | 22/197 [00:00<00:00, 1047.67it/s, Materializing param=encoder.layer.1.attention.output.LayerNorm.bias]
4257.1s 937 Loading weights:  12%|█▏        | 23/197 [00:00<00:00, 1070.19it/s, Materializing param=encoder.layer.1.attention.output.LayerNorm.weight]
4257.1s 938 Loading weights:  12%|█▏        | 23/197 [00:00<00:00, 1045.62it/s, Materializing param=encoder.layer.1.attention.output.LayerNorm.weight]
4257.1s 939 Loading weights:  12%|█▏        | 24/197 [00:00<00:00, 1076.16it/s, Materializing param=encoder.layer.1.attention.output.dense.bias]
4257.1s 940 Loading weights:  12%|█▏        | 24/197 [00:00<00:00, 1059.15it/s, Materializing param=encoder.layer.1.attention.output.dense.bias]
4257.1s 941 Loading weights:  13%|█▎        | 25/197 [00:00<00:00, 1085.52it/s, Materializing param=encoder.layer.1.attention.output.dense.weight]
4257.1s 942 Loading weights:  13%|█▎        | 25/197 [00:00<00:00, 1065.08it/s, Materializing param=encoder.layer.1.attention.output.dense.weight]
4257.1s 943 Loading weights:  13%|█▎        | 26/197 [00:00<00:00, 1086.42it/s, Materializing param=encoder.layer.1.attention.self.key.bias]
4257.1s 944 Loading weights:  13%|█▎        | 26/197 [00:00<00:00, 1076.99it/s, Materializing param=encoder.layer.1.attention.self.key.bias]
4257.1s 945 Loading weights:  14%|█▎        | 27/197 [00:00<00:00, 1103.32it/s, Materializing param=encoder.layer.1.attention.self.key.weight]
4257.1s 946 Loading weights:  14%|█▎        | 27/197 [00:00<00:00, 1098.10it/s, Materializing param=encoder.layer.1.attention.self.key.weight]
4257.1s 947 Loading weights:  14%|█▍        | 28/197 [00:00<00:00, 1089.04it/s, Materializing param=encoder.layer.1.attention.self.query.bias]
4257.1s 948 Loading weights:  14%|█▍        | 28/197 [00:00<00:00, 1083.17it/s, Materializing param=encoder.layer.1.attention.self.query.bias]
4257.1s 949 Loading weights:  15%|█▍        | 29/197 [00:00<00:00, 1061.90it/s, Materializing param=encoder.layer.1.attention.self.query.weight]
4257.1s 950 Loading weights:  15%|█▍        | 29/197 [00:00<00:00, 1052.93it/s, Materializing param=encoder.layer.1.attention.self.query.weight]
4257.1s 951 Loading weights:  15%|█▌        | 30/197 [00:00<00:00, 1042.15it/s, Materializing param=encoder.layer.1.attention.self.value.bias]
4257.1s 952 Loading weights:  15%|█▌        | 30/197 [00:00<00:00, 1038.79it/s, Materializing param=encoder.layer.1.attention.self.value.bias]
4257.1s 953 Loading weights:  16%|█▌        | 31/197 [00:00<00:00, 1048.25it/s, Materializing param=encoder.layer.1.attention.self.value.weight]
4257.1s 954 Loading weights:  16%|█▌        | 31/197 [00:00<00:00, 1028.27it/s, Materializing param=encoder.layer.1.attention.self.value.weight]
4257.1s 955 Loading weights:  16%|█▌        | 32/197 [00:00<00:00, 1038.48it/s, Materializing param=encoder.layer.1.intermediate.dense.bias]
4257.1s 956 Loading weights:  16%|█▌        | 32/197 [00:00<00:00, 1034.45it/s, Materializing param=encoder.layer.1.intermediate.dense.bias]
4257.1s 957 Loading weights:  17%|█▋        | 33/197 [00:00<00:00, 1034.82it/s, Materializing param=encoder.layer.1.intermediate.dense.weight]
4257.1s 958 Loading weights:  17%|█▋        | 33/197 [00:00<00:00, 1031.24it/s, Materializing param=encoder.layer.1.intermediate.dense.weight]
4257.1s 959 Loading weights:  17%|█▋        | 34/197 [00:00<00:00, 1039.36it/s, Materializing param=encoder.layer.1.output.LayerNorm.bias]
4257.1s 960 Loading weights:  17%|█▋        | 34/197 [00:00<00:00, 1023.31it/s, Materializing param=encoder.layer.1.output.LayerNorm.bias]
4257.1s 961 Loading weights:  18%|█▊        | 35/197 [00:00<00:00, 1041.12it/s, Materializing param=encoder.layer.1.output.LayerNorm.weight]
4257.1s 962 Loading weights:  18%|█▊        | 35/197 [00:00<00:00, 1037.87it/s, Materializing param=encoder.layer.1.output.LayerNorm.weight]
4257.1s 963 Loading weights:  18%|█▊        | 36/197 [00:00<00:00, 1058.88it/s, Materializing param=encoder.layer.1.output.dense.bias]
4257.1s 964 Loading weights:  18%|█▊        | 36/197 [00:00<00:00, 1056.33it/s, Materializing param=encoder.layer.1.output.dense.bias]
4257.1s 965 Loading weights:  19%|█▉        | 37/197 [00:00<00:00, 1075.99it/s, Materializing param=encoder.layer.1.output.dense.weight]
4257.1s 966 Loading weights:  19%|█▉        | 37/197 [00:00<00:00, 1073.08it/s, Materializing param=encoder.layer.1.output.dense.weight]
4257.1s 967 Loading weights:  19%|█▉        | 38/197 [00:00<00:00, 1068.57it/s, Materializing param=encoder.layer.2.attention.output.LayerNorm.bias]
4257.1s 968 Loading weights:  19%|█▉        | 38/197 [00:00<00:00, 1057.59it/s, Materializing param=encoder.layer.2.attention.output.LayerNorm.bias]
4257.1s 969 Loading weights:  20%|█▉        | 39/197 [00:00<00:00, 1074.54it/s, Materializing param=encoder.layer.2.attention.output.LayerNorm.weight]
4257.1s 970 Loading weights:  20%|█▉        | 39/197 [00:00<00:00, 1064.32it/s, Materializing param=encoder.layer.2.attention.output.LayerNorm.weight]
4257.1s 971 Loading weights:  20%|██        | 40/197 [00:00<00:00, 1077.92it/s, Materializing param=encoder.layer.2.attention.output.dense.bias]
4257.1s 972 Loading weights:  20%|██        | 40/197 [00:00<00:00, 1073.25it/s, Materializing param=encoder.layer.2.attention.output.dense.bias]
4257.1s 973 Loading weights:  21%|██        | 41/197 [00:00<00:00, 1083.62it/s, Materializing param=encoder.layer.2.attention.output.dense.weight]
4257.1s 974 Loading weights:  21%|██        | 41/197 [00:00<00:00, 1075.01it/s, Materializing param=encoder.layer.2.attention.output.dense.weight]
4257.1s 975 Loading weights:  21%|██▏       | 42/197 [00:00<00:00, 1063.03it/s, Materializing param=encoder.layer.2.attention.self.key.bias]
4257.1s 976 Loading weights:  21%|██▏       | 42/197 [00:00<00:00, 1051.20it/s, Materializing param=encoder.layer.2.attention.self.key.bias]
4257.1s 977 Loading weights:  22%|██▏       | 43/197 [00:00<00:00, 1065.40it/s, Materializing param=encoder.layer.2.attention.self.key.weight]
4257.1s 978 Loading weights:  22%|██▏       | 43/197 [00:00<00:00, 1059.67it/s, Materializing param=encoder.layer.2.attention.self.key.weight]
4257.1s 979 Loading weights:  22%|██▏       | 44/197 [00:00<00:00, 1076.90it/s, Materializing param=encoder.layer.2.attention.self.query.bias]
4257.1s 980 Loading weights:  22%|██▏       | 44/197 [00:00<00:00, 1074.35it/s, Materializing param=encoder.layer.2.attention.self.query.bias]
4257.1s 981 Loading weights:  23%|██▎       | 45/197 [00:00<00:00, 1065.89it/s, Materializing param=encoder.layer.2.attention.self.query.weight]
4257.1s 982 Loading weights:  23%|██▎       | 45/197 [00:00<00:00, 1059.46it/s, Materializing param=encoder.layer.2.attention.self.query.weight]
4257.1s 983 Loading weights:  23%|██▎       | 46/197 [00:00<00:00, 1065.84it/s, Materializing param=encoder.layer.2.attention.self.value.bias]
4257.1s 984 Loading weights:  23%|██▎       | 46/197 [00:00<00:00, 1061.36it/s, Materializing param=encoder.layer.2.attention.self.value.bias]
4257.1s 985 Loading weights:  24%|██▍       | 47/197 [00:00<00:00, 1066.53it/s, Materializing param=encoder.layer.2.attention.self.value.weight]
4257.1s 986 Loading weights:  24%|██▍       | 47/197 [00:00<00:00, 1049.00it/s, Materializing param=encoder.layer.2.attention.self.value.weight]
4257.1s 987 Loading weights:  24%|██▍       | 48/197 [00:00<00:00, 1061.38it/s, Materializing param=encoder.layer.2.intermediate.dense.bias]
4257.1s 988 Loading weights:  24%|██▍       | 48/197 [00:00<00:00, 1058.04it/s, Materializing param=encoder.layer.2.intermediate.dense.bias]
4257.1s 989 Loading weights:  25%|██▍       | 49/197 [00:00<00:00, 1043.07it/s, Materializing param=encoder.layer.2.intermediate.dense.weight]
4257.1s 990 Loading weights:  25%|██▍       | 49/197 [00:00<00:00, 1039.74it/s, Materializing param=encoder.layer.2.intermediate.dense.weight]
4257.1s 991 Loading weights:  25%|██▌       | 50/197 [00:00<00:00, 1051.63it/s, Materializing param=encoder.layer.2.output.LayerNorm.bias]
4257.1s 992 Loading weights:  25%|██▌       | 50/197 [00:00<00:00, 1049.74it/s, Materializing param=encoder.layer.2.output.LayerNorm.bias]
4257.1s 993 Loading weights:  26%|██▌       | 51/197 [00:00<00:00, 1064.88it/s, Materializing param=encoder.layer.2.output.LayerNorm.weight]
4257.1s 994 Loading weights:  26%|██▌       | 51/197 [00:00<00:00, 1062.77it/s, Materializing param=encoder.layer.2.output.LayerNorm.weight]
4257.1s 995 Loading weights:  26%|██▋       | 52/197 [00:00<00:00, 1072.65it/s, Materializing param=encoder.layer.2.output.dense.bias]
4257.1s 996 Loading weights:  26%|██▋       | 52/197 [00:00<00:00, 1070.10it/s, Materializing param=encoder.layer.2.output.dense.bias]
4257.1s 997 Loading weights:  27%|██▋       | 53/197 [00:00<00:00, 1076.43it/s, Materializing param=encoder.layer.2.output.dense.weight]
4257.1s 998 Loading weights:  27%|██▋       | 53/197 [00:00<00:00, 1073.43it/s, Materializing param=encoder.layer.2.output.dense.weight]
4257.1s 999 Loading weights:  27%|██▋       | 54/197 [00:00<00:00, 1086.96it/s, Materializing param=encoder.layer.3.attention.output.LayerNorm.bias]
4257.1s 1000 Loading weights:  27%|██▋       | 54/197 [00:00<00:00, 1085.05it/s, Materializing param=encoder.layer.3.attention.output.LayerNorm.bias]
4257.1s 1001 Loading weights:  28%|██▊       | 55/197 [00:00<00:00, 1093.37it/s, Materializing param=encoder.layer.3.attention.output.LayerNorm.weight]
4257.1s 1002 Loading weights:  28%|██▊       | 55/197 [00:00<00:00, 1090.71it/s, Materializing param=encoder.layer.3.attention.output.LayerNorm.weight]
4257.1s 1003 Loading weights:  28%|██▊       | 56/197 [00:00<00:00, 1090.69it/s, Materializing param=encoder.layer.3.attention.output.dense.bias]
4257.1s 1004 Loading weights:  28%|██▊       | 56/197 [00:00<00:00, 1088.22it/s, Materializing param=encoder.layer.3.attention.output.dense.bias]
4257.1s 1005 Loading weights:  29%|██▉       | 57/197 [00:00<00:00, 1087.95it/s, Materializing param=encoder.layer.3.attention.output.dense.weight]
4257.1s 1006 Loading weights:  29%|██▉       | 57/197 [00:00<00:00, 1084.68it/s, Materializing param=encoder.layer.3.attention.output.dense.weight]
4257.1s 1007 Loading weights:  29%|██▉       | 58/197 [00:00<00:00, 1091.14it/s, Materializing param=encoder.layer.3.attention.self.key.bias]
4257.1s 1008 Loading weights:  29%|██▉       | 58/197 [00:00<00:00, 1081.44it/s, Materializing param=encoder.layer.3.attention.self.key.bias]
4257.1s 1009 Loading weights:  30%|██▉       | 59/197 [00:00<00:00, 1075.07it/s, Materializing param=encoder.layer.3.attention.self.key.weight]
4257.1s 1010 Loading weights:  30%|██▉       | 59/197 [00:00<00:00, 1072.78it/s, Materializing param=encoder.layer.3.attention.self.key.weight]
4257.1s 1011 Loading weights:  30%|███       | 60/197 [00:00<00:00, 1085.92it/s, Materializing param=encoder.layer.3.attention.self.query.bias]
4257.1s 1012 Loading weights:  30%|███       | 60/197 [00:00<00:00, 1083.25it/s, Materializing param=encoder.layer.3.attention.self.query.bias]
4257.1s 1013 Loading weights:  31%|███       | 61/197 [00:00<00:00, 1095.70it/s, Materializing param=encoder.layer.3.attention.self.query.weight]
4257.1s 1014 Loading weights:  31%|███       | 61/197 [00:00<00:00, 1093.82it/s, Materializing param=encoder.layer.3.attention.self.query.weight]
4257.1s 1015 Loading weights:  31%|███▏      | 62/197 [00:00<00:00, 1107.01it/s, Materializing param=encoder.layer.3.attention.self.value.bias]
4257.1s 1016 Loading weights:  31%|███▏      | 62/197 [00:00<00:00, 1105.44it/s, Materializing param=encoder.layer.3.attention.self.value.bias]
4257.1s 1017 Loading weights:  32%|███▏      | 63/197 [00:00<00:00, 1116.95it/s, Materializing param=encoder.layer.3.attention.self.value.weight]
4257.1s 1018 Loading weights:  32%|███▏      | 63/197 [00:00<00:00, 1115.15it/s, Materializing param=encoder.layer.3.attention.self.value.weight]
4257.1s 1019 Loading weights:  32%|███▏      | 64/197 [00:00<00:00, 1127.85it/s, Materializing param=encoder.layer.3.intermediate.dense.bias]
4257.1s 1020 Loading weights:  32%|███▏      | 64/197 [00:00<00:00, 1126.13it/s, Materializing param=encoder.layer.3.intermediate.dense.bias]
4257.1s 1021 Loading weights:  33%|███▎      | 65/197 [00:00<00:00, 1130.02it/s, Materializing param=encoder.layer.3.intermediate.dense.weight]
4257.1s 1022 Loading weights:  33%|███▎      | 65/197 [00:00<00:00, 1127.92it/s, Materializing param=encoder.layer.3.intermediate.dense.weight]
4257.1s 1023 Loading weights:  34%|███▎      | 66/197 [00:00<00:00, 1132.23it/s, Materializing param=encoder.layer.3.output.LayerNorm.bias]
4257.1s 1024 Loading weights:  34%|███▎      | 66/197 [00:00<00:00, 1130.03it/s, Materializing param=encoder.layer.3.output.LayerNorm.bias]
4257.1s 1025 Loading weights:  34%|███▍      | 67/197 [00:00<00:00, 1119.46it/s, Materializing param=encoder.layer.3.output.LayerNorm.weight]
4257.1s 1026 Loading weights:  34%|███▍      | 67/197 [00:00<00:00, 1117.67it/s, Materializing param=encoder.layer.3.output.LayerNorm.weight]
4257.1s 1027 Loading weights:  35%|███▍      | 68/197 [00:00<00:00, 1128.29it/s, Materializing param=encoder.layer.3.output.dense.bias]
4257.1s 1028 Loading weights:  35%|███▍      | 68/197 [00:00<00:00, 1126.40it/s, Materializing param=encoder.layer.3.output.dense.bias]
4257.1s 1029 Loading weights:  35%|███▌      | 69/197 [00:00<00:00, 1137.89it/s, Materializing param=encoder.layer.3.output.dense.weight]
4257.1s 1030 Loading weights:  35%|███▌      | 69/197 [00:00<00:00, 1135.92it/s, Materializing param=encoder.layer.3.output.dense.weight]
4257.1s 1031 Loading weights:  36%|███▌      | 70/197 [00:00<00:00, 1147.30it/s, Materializing param=encoder.layer.4.attention.output.LayerNorm.bias]
4257.1s 1032 Loading weights:  36%|███▌      | 70/197 [00:00<00:00, 1144.97it/s, Materializing param=encoder.layer.4.attention.output.LayerNorm.bias]
4257.1s 1033 Loading weights:  36%|███▌      | 71/197 [00:00<00:00, 1144.35it/s, Materializing param=encoder.layer.4.attention.output.LayerNorm.weight]
4257.1s 1034 Loading weights:  36%|███▌      | 71/197 [00:00<00:00, 1141.64it/s, Materializing param=encoder.layer.4.attention.output.LayerNorm.weight]
4257.1s 1035 Loading weights:  37%|███▋      | 72/197 [00:00<00:00, 1147.10it/s, Materializing param=encoder.layer.4.attention.output.dense.bias]
4257.1s 1036 Loading weights:  37%|███▋      | 72/197 [00:00<00:00, 1144.96it/s, Materializing param=encoder.layer.4.attention.output.dense.bias]
4257.1s 1037 Loading weights:  37%|███▋      | 73/197 [00:00<00:00, 1154.30it/s, Materializing param=encoder.layer.4.attention.output.dense.weight]
4257.1s 1038 Loading weights:  37%|███▋      | 73/197 [00:00<00:00, 1148.38it/s, Materializing param=encoder.layer.4.attention.output.dense.weight]
4257.1s 1039 Loading weights:  38%|███▊      | 74/197 [00:00<00:00, 1149.33it/s, Materializing param=encoder.layer.4.attention.self.key.bias]
4257.1s 1040 Loading weights:  38%|███▊      | 74/197 [00:00<00:00, 1144.32it/s, Materializing param=encoder.layer.4.attention.self.key.bias]
4257.1s 1041 Loading weights:  38%|███▊      | 75/197 [00:00<00:00, 1149.99it/s, Materializing param=encoder.layer.4.attention.self.key.weight]
4257.1s 1042 Loading weights:  38%|███▊      | 75/197 [00:00<00:00, 1147.58it/s, Materializing param=encoder.layer.4.attention.self.key.weight]
4257.1s 1043 Loading weights:  39%|███▊      | 76/197 [00:00<00:00, 1150.86it/s, Materializing param=encoder.layer.4.attention.self.query.bias]
4257.1s 1044 Loading weights:  39%|███▊      | 76/197 [00:00<00:00, 1148.87it/s, Materializing param=encoder.layer.4.attention.self.query.bias]
4257.1s 1045 Loading weights:  39%|███▉      | 77/197 [00:00<00:00, 1157.44it/s, Materializing param=encoder.layer.4.attention.self.query.weight]
4257.1s 1046 Loading weights:  39%|███▉      | 77/197 [00:00<00:00, 1155.13it/s, Materializing param=encoder.layer.4.attention.self.query.weight]
4257.1s 1047 Loading weights:  40%|███▉      | 78/197 [00:00<00:00, 1149.62it/s, Materializing param=encoder.layer.4.attention.self.value.bias]
4257.1s 1048 Loading weights:  40%|███▉      | 78/197 [00:00<00:00, 1145.46it/s, Materializing param=encoder.layer.4.attention.self.value.bias]
4257.1s 1049 Loading weights:  40%|████      | 79/197 [00:00<00:00, 1149.17it/s, Materializing param=encoder.layer.4.attention.self.value.weight]
4257.1s 1050 Loading weights:  40%|████      | 79/197 [00:00<00:00, 1145.35it/s, Materializing param=encoder.layer.4.attention.self.value.weight]
4257.1s 1051 Loading weights:  41%|████      | 80/197 [00:00<00:00, 1154.14it/s, Materializing param=encoder.layer.4.intermediate.dense.bias]
4257.1s 1052 Loading weights:  41%|████      | 80/197 [00:00<00:00, 1152.23it/s, Materializing param=encoder.layer.4.intermediate.dense.bias]
4257.1s 1053 Loading weights:  41%|████      | 81/197 [00:00<00:00, 1161.99it/s, Materializing param=encoder.layer.4.intermediate.dense.weight]
4257.1s 1054 Loading weights:  41%|████      | 81/197 [00:00<00:00, 1160.29it/s, Materializing param=encoder.layer.4.intermediate.dense.weight]
4257.1s 1055 Loading weights:  42%|████▏     | 82/197 [00:00<00:00, 1170.23it/s, Materializing param=encoder.layer.4.output.LayerNorm.bias]
4257.1s 1056 Loading weights:  42%|████▏     | 82/197 [00:00<00:00, 1168.85it/s, Materializing param=encoder.layer.4.output.LayerNorm.bias]
4257.1s 1057 Loading weights:  42%|████▏     | 83/197 [00:00<00:00, 1168.13it/s, Materializing param=encoder.layer.4.output.LayerNorm.weight]
4257.1s 1058 Loading weights:  42%|████▏     | 83/197 [00:00<00:00, 1165.77it/s, Materializing param=encoder.layer.4.output.LayerNorm.weight]
4257.1s 1059 Loading weights:  43%|████▎     | 84/197 [00:00<00:00, 1164.58it/s, Materializing param=encoder.layer.4.output.dense.bias]
4257.1s 1060 Loading weights:  43%|████▎     | 84/197 [00:00<00:00, 1162.17it/s, Materializing param=encoder.layer.4.output.dense.bias]
4257.1s 1061 Loading weights:  43%|████▎     | 85/197 [00:00<00:00, 1155.52it/s, Materializing param=encoder.layer.4.output.dense.weight]
4257.1s 1062 Loading weights:  43%|████▎     | 85/197 [00:00<00:00, 1153.92it/s, Materializing param=encoder.layer.4.output.dense.weight]
4257.1s 1063 Loading weights:  44%|████▎     | 86/197 [00:00<00:00, 1160.13it/s, Materializing param=encoder.layer.5.attention.output.LayerNorm.bias]
4257.1s 1064 Loading weights:  44%|████▎     | 86/197 [00:00<00:00, 1157.35it/s, Materializing param=encoder.layer.5.attention.output.LayerNorm.bias]
4257.1s 1065 Loading weights:  44%|████▍     | 87/197 [00:00<00:00, 1164.63it/s, Materializing param=encoder.layer.5.attention.output.LayerNorm.weight]
4257.1s 1066 Loading weights:  44%|████▍     | 87/197 [00:00<00:00, 1162.86it/s, Materializing param=encoder.layer.5.attention.output.LayerNorm.weight]
4257.1s 1067 Loading weights:  45%|████▍     | 88/197 [00:00<00:00, 1171.84it/s, Materializing param=encoder.layer.5.attention.output.dense.bias]
4257.1s 1068 Loading weights:  45%|████▍     | 88/197 [00:00<00:00, 1169.75it/s, Materializing param=encoder.layer.5.attention.output.dense.bias]
4257.1s 1069 Loading weights:  45%|████▌     | 89/197 [00:00<00:00, 1166.72it/s, Materializing param=encoder.layer.5.attention.output.dense.weight]
4257.1s 1070 Loading weights:  45%|████▌     | 89/197 [00:00<00:00, 1158.08it/s, Materializing param=encoder.layer.5.attention.output.dense.weight]
4257.1s 1071 Loading weights:  46%|████▌     | 90/197 [00:00<00:00, 1162.20it/s, Materializing param=encoder.layer.5.attention.self.key.bias]
4257.1s 1072 Loading weights:  46%|████▌     | 90/197 [00:00<00:00, 1160.32it/s, Materializing param=encoder.layer.5.attention.self.key.bias]
4257.1s 1073 Loading weights:  46%|████▌     | 91/197 [00:00<00:00, 1168.76it/s, Materializing param=encoder.layer.5.attention.self.key.weight]
4257.1s 1074 Loading weights:  46%|████▌     | 91/197 [00:00<00:00, 1167.05it/s, Materializing param=encoder.layer.5.attention.self.key.weight]
4257.1s 1075 Loading weights:  47%|████▋     | 92/197 [00:00<00:00, 1172.69it/s, Materializing param=encoder.layer.5.attention.self.query.bias]
4257.1s 1076 Loading weights:  47%|████▋     | 92/197 [00:00<00:00, 1170.86it/s, Materializing param=encoder.layer.5.attention.self.query.bias]
4257.1s 1077 Loading weights:  47%|████▋     | 93/197 [00:00<00:00, 1169.62it/s, Materializing param=encoder.layer.5.attention.self.query.weight]
4257.1s 1078 Loading weights:  47%|████▋     | 93/197 [00:00<00:00, 1155.38it/s, Materializing param=encoder.layer.5.attention.self.query.weight]
4257.1s 1079 Loading weights:  48%|████▊     | 94/197 [00:00<00:00, 1162.92it/s, Materializing param=encoder.layer.5.attention.self.value.bias]
4257.1s 1080 Loading weights:  48%|████▊     | 94/197 [00:00<00:00, 1161.57it/s, Materializing param=encoder.layer.5.attention.self.value.bias]
4257.1s 1081 Loading weights:  48%|████▊     | 95/197 [00:00<00:00, 1170.55it/s, Materializing param=encoder.layer.5.attention.self.value.weight]
4257.1s 1082 Loading weights:  48%|████▊     | 95/197 [00:00<00:00, 1152.29it/s, Materializing param=encoder.layer.5.attention.self.value.weight]
4257.1s 1083 Loading weights:  49%|████▊     | 96/197 [00:00<00:00, 1156.23it/s, Materializing param=encoder.layer.5.intermediate.dense.bias]
4257.1s 1084 Loading weights:  49%|████▊     | 96/197 [00:00<00:00, 1139.86it/s, Materializing param=encoder.layer.5.intermediate.dense.bias]
4257.1s 1085 Loading weights:  49%|████▉     | 97/197 [00:00<00:00, 1137.93it/s, Materializing param=encoder.layer.5.intermediate.dense.weight]
4257.1s 1086 Loading weights:  49%|████▉     | 97/197 [00:00<00:00, 1136.13it/s, Materializing param=encoder.layer.5.intermediate.dense.weight]
4257.1s 1087 Loading weights:  50%|████▉     | 98/197 [00:00<00:00, 1141.51it/s, Materializing param=encoder.layer.5.output.LayerNorm.bias]
4257.1s 1088 Loading weights:  50%|████▉     | 98/197 [00:00<00:00, 1139.97it/s, Materializing param=encoder.layer.5.output.LayerNorm.bias]
4257.1s 1089 Loading weights:  50%|█████     | 99/197 [00:00<00:00, 1145.27it/s, Materializing param=encoder.layer.5.output.LayerNorm.weight]
4257.1s 1090 Loading weights:  50%|█████     | 99/197 [00:00<00:00, 1123.12it/s, Materializing param=encoder.layer.5.output.LayerNorm.weight]
4257.1s 1091 Loading weights:  51%|█████     | 100/197 [00:00<00:00, 1129.72it/s, Materializing param=encoder.layer.5.output.dense.bias]
4257.1s 1092 Loading weights:  51%|█████     | 100/197 [00:00<00:00, 1128.06it/s, Materializing param=encoder.layer.5.output.dense.bias]
4257.1s 1093 Loading weights:  51%|█████▏    | 101/197 [00:00<00:00, 1129.61it/s, Materializing param=encoder.layer.5.output.dense.weight]
4257.1s 1094 Loading weights:  51%|█████▏    | 101/197 [00:00<00:00, 1123.13it/s, Materializing param=encoder.layer.5.output.dense.weight]
4257.1s 1095 Loading weights:  52%|█████▏    | 102/197 [00:00<00:00, 1128.90it/s, Materializing param=encoder.layer.6.attention.output.LayerNorm.bias]
4257.1s 1096 Loading weights:  52%|█████▏    | 102/197 [00:00<00:00, 1124.59it/s, Materializing param=encoder.layer.6.attention.output.LayerNorm.bias]
4257.1s 1097 Loading weights:  52%|█████▏    | 103/197 [00:00<00:00, 1129.57it/s, Materializing param=encoder.layer.6.attention.output.LayerNorm.weight]
4257.1s 1098 Loading weights:  52%|█████▏    | 103/197 [00:00<00:00, 1126.55it/s, Materializing param=encoder.layer.6.attention.output.LayerNorm.weight]
4257.1s 1099 Loading weights:  53%|█████▎    | 104/197 [00:00<00:00, 1124.11it/s, Materializing param=encoder.layer.6.attention.output.dense.bias]
4257.1s 1100 Loading weights:  53%|█████▎    | 104/197 [00:00<00:00, 1122.62it/s, Materializing param=encoder.layer.6.attention.output.dense.bias]
4257.1s 1101 Loading weights:  53%|█████▎    | 105/197 [00:00<00:00, 1125.67it/s, Materializing param=encoder.layer.6.attention.output.dense.weight]
4257.1s 1102 Loading weights:  53%|█████▎    | 105/197 [00:00<00:00, 1124.35it/s, Materializing param=encoder.layer.6.attention.output.dense.weight]
4257.1s 1103 Loading weights:  54%|█████▍    | 106/197 [00:00<00:00, 1127.53it/s, Materializing param=encoder.layer.6.attention.self.key.bias]
4257.1s 1104 Loading weights:  54%|█████▍    | 106/197 [00:00<00:00, 1124.94it/s, Materializing param=encoder.layer.6.attention.self.key.bias]
4257.1s 1105 Loading weights:  54%|█████▍    | 107/197 [00:00<00:00, 1131.42it/s, Materializing param=encoder.layer.6.attention.self.key.weight]
4257.1s 1106 Loading weights:  54%|█████▍    | 107/197 [00:00<00:00, 1130.16it/s, Materializing param=encoder.layer.6.attention.self.key.weight]
4257.1s 1107 Loading weights:  55%|█████▍    | 108/197 [00:00<00:00, 1137.64it/s, Materializing param=encoder.layer.6.attention.self.query.bias]
4257.1s 1108 Loading weights:  55%|█████▍    | 108/197 [00:00<00:00, 1136.52it/s, Materializing param=encoder.layer.6.attention.self.query.bias]
4257.1s 1109 Loading weights:  55%|█████▌    | 109/197 [00:00<00:00, 1139.57it/s, Materializing param=encoder.layer.6.attention.self.query.weight]
4257.1s 1110 Loading weights:  55%|█████▌    | 109/197 [00:00<00:00, 1133.13it/s, Materializing param=encoder.layer.6.attention.self.query.weight]
4257.1s 1111 Loading weights:  56%|█████▌    | 110/197 [00:00<00:00, 1140.10it/s, Materializing param=encoder.layer.6.attention.self.value.bias]
4257.1s 1112 Loading weights:  56%|█████▌    | 110/197 [00:00<00:00, 1137.29it/s, Materializing param=encoder.layer.6.attention.self.value.bias]
4257.1s 1113 Loading weights:  56%|█████▋    | 111/197 [00:00<00:00, 1143.99it/s, Materializing param=encoder.layer.6.attention.self.value.weight]
4257.1s 1114 Loading weights:  56%|█████▋    | 111/197 [00:00<00:00, 1142.88it/s, Materializing param=encoder.layer.6.attention.self.value.weight]
4257.1s 1115 Loading weights:  57%|█████▋    | 112/197 [00:00<00:00, 1138.48it/s, Materializing param=encoder.layer.6.intermediate.dense.bias]
4257.1s 1116 Loading weights:  57%|█████▋    | 112/197 [00:00<00:00, 1132.26it/s, Materializing param=encoder.layer.6.intermediate.dense.bias]
4257.1s 1117 Loading weights:  57%|█████▋    | 113/197 [00:00<00:00, 1134.75it/s, Materializing param=encoder.layer.6.intermediate.dense.weight]
4257.1s 1118 Loading weights:  57%|█████▋    | 113/197 [00:00<00:00, 1133.49it/s, Materializing param=encoder.layer.6.intermediate.dense.weight]
4257.1s 1119 Loading weights:  58%|█████▊    | 114/197 [00:00<00:00, 1135.66it/s, Materializing param=encoder.layer.6.intermediate.dense.weight]
4257.1s 1120 Loading weights:  58%|█████▊    | 114/197 [00:00<00:00, 1135.66it/s, Materializing param=encoder.layer.6.output.LayerNorm.bias]
4257.1s 1121 Loading weights:  58%|█████▊    | 114/197 [00:00<00:00, 1135.66it/s, Materializing param=encoder.layer.6.output.LayerNorm.bias]
4257.1s 1122 Loading weights:  58%|█████▊    | 115/197 [00:00<00:00, 1135.66it/s, Materializing param=encoder.layer.6.output.LayerNorm.weight]
4257.1s 1123 Loading weights:  58%|█████▊    | 115/197 [00:00<00:00, 1135.66it/s, Materializing param=encoder.layer.6.output.LayerNorm.weight]
4257.1s 1124 Loading weights:  59%|█████▉    | 116/197 [00:00<00:00, 1135.66it/s, Materializing param=encoder.layer.6.output.dense.bias]
4257.1s 1125 Loading weights:  59%|█████▉    | 116/197 [00:00<00:00, 1135.66it/s, Materializing param=encoder.layer.6.output.dense.bias]
4257.1s 1126 Loading weights:  59%|█████▉    | 117/197 [00:00<00:00, 1135.66it/s, Materializing param=encoder.layer.6.output.dense.weight]
4257.1s 1127 Loading weights:  59%|█████▉    | 117/197 [00:00<00:00, 1135.66it/s, Materializing param=encoder.layer.6.output.dense.weight]
4257.1s 1128 Loading weights:  60%|█████▉    | 118/197 [00:00<00:00, 1135.66it/s, Materializing param=encoder.layer.7.attention.output.LayerNorm.bias]
4257.1s 1129 Loading weights:  60%|█████▉    | 118/197 [00:00<00:00, 1135.66it/s, Materializing param=encoder.layer.7.attention.output.LayerNorm.bias]
4257.1s 1130 Loading weights:  60%|██████    | 119/197 [00:00<00:00, 1135.66it/s, Materializing param=encoder.layer.7.attention.output.LayerNorm.weight]
4257.1s 1131 Loading weights:  60%|██████    | 119/197 [00:00<00:00, 1135.66it/s, Materializing param=encoder.layer.7.attention.output.LayerNorm.weight]
4257.1s 1132 Loading weights:  61%|██████    | 120/197 [00:00<00:00, 1135.66it/s, Materializing param=encoder.layer.7.attention.output.dense.bias]
4257.1s 1133 Loading weights:  61%|██████    | 120/197 [00:00<00:00, 1135.66it/s, Materializing param=encoder.layer.7.attention.output.dense.bias]
4257.1s 1134 Loading weights:  61%|██████▏   | 121/197 [00:00<00:00, 1135.66it/s, Materializing param=encoder.layer.7.attention.output.dense.weight]
4257.1s 1135 Loading weights:  61%|██████▏   | 121/197 [00:00<00:00, 1135.66it/s, Materializing param=encoder.layer.7.attention.output.dense.weight]
4257.1s 1136 Loading weights:  62%|██████▏   | 122/197 [00:00<00:00, 1135.66it/s, Materializing param=encoder.layer.7.attention.self.key.bias]
4257.1s 1137 Loading weights:  62%|██████▏   | 122/197 [00:00<00:00, 1135.66it/s, Materializing param=encoder.layer.7.attention.self.key.bias]
4257.1s 1138 Loading weights:  62%|██████▏   | 123/197 [00:00<00:00, 1135.66it/s, Materializing param=encoder.layer.7.attention.self.key.weight]
4257.1s 1139 Loading weights:  62%|██████▏   | 123/197 [00:00<00:00, 1135.66it/s, Materializing param=encoder.layer.7.attention.self.key.weight]
4257.1s 1140 Loading weights:  63%|██████▎   | 124/197 [00:00<00:00, 1135.66it/s, Materializing param=encoder.layer.7.attention.self.query.bias]
4257.1s 1141 Loading weights:  63%|██████▎   | 124/197 [00:00<00:00, 1135.66it/s, Materializing param=encoder.layer.7.attention.self.query.bias]
4257.1s 1142 Loading weights:  63%|██████▎   | 125/197 [00:00<00:00, 1135.66it/s, Materializing param=encoder.layer.7.attention.self.query.weight]
4257.1s 1143 Loading weights:  63%|██████▎   | 125/197 [00:00<00:00, 1135.66it/s, Materializing param=encoder.layer.7.attention.self.query.weight]
4257.1s 1144 Loading weights:  64%|██████▍   | 126/197 [00:00<00:00, 1135.66it/s, Materializing param=encoder.layer.7.attention.self.value.bias]
4257.1s 1145 Loading weights:  64%|██████▍   | 126/197 [00:00<00:00, 1135.66it/s, Materializing param=encoder.layer.7.attention.self.value.bias]
4257.1s 1146 Loading weights:  64%|██████▍   | 127/197 [00:00<00:00, 1135.66it/s, Materializing param=encoder.layer.7.attention.self.value.weight]
4257.1s 1147 Loading weights:  64%|██████▍   | 127/197 [00:00<00:00, 1135.66it/s, Materializing param=encoder.layer.7.attention.self.value.weight]
4257.1s 1148 Loading weights:  65%|██████▍   | 128/197 [00:00<00:00, 1135.66it/s, Materializing param=encoder.layer.7.intermediate.dense.bias]
4257.1s 1149 Loading weights:  65%|██████▍   | 128/197 [00:00<00:00, 1135.66it/s, Materializing param=encoder.layer.7.intermediate.dense.bias]
4257.1s 1150 Loading weights:  65%|██████▌   | 129/197 [00:00<00:00, 1135.66it/s, Materializing param=encoder.layer.7.intermediate.dense.weight]
4257.1s 1151 Loading weights:  65%|██████▌   | 129/197 [00:00<00:00, 1135.66it/s, Materializing param=encoder.layer.7.intermediate.dense.weight]
4257.1s 1152 Loading weights:  66%|██████▌   | 130/197 [00:00<00:00, 1135.66it/s, Materializing param=encoder.layer.7.output.LayerNorm.bias]
4257.1s 1153 Loading weights:  66%|██████▌   | 130/197 [00:00<00:00, 1135.66it/s, Materializing param=encoder.layer.7.output.LayerNorm.bias]
4257.1s 1154 Loading weights:  66%|██████▋   | 131/197 [00:00<00:00, 1135.66it/s, Materializing param=encoder.layer.7.output.LayerNorm.weight]
4257.1s 1155 Loading weights:  66%|██████▋   | 131/197 [00:00<00:00, 1135.66it/s, Materializing param=encoder.layer.7.output.LayerNorm.weight]
4257.1s 1156 Loading weights:  67%|██████▋   | 132/197 [00:00<00:00, 1135.66it/s, Materializing param=encoder.layer.7.output.dense.bias]
4257.1s 1157 Loading weights:  67%|██████▋   | 132/197 [00:00<00:00, 1135.66it/s, Materializing param=encoder.layer.7.output.dense.bias]
4257.1s 1158 Loading weights:  68%|██████▊   | 133/197 [00:00<00:00, 1135.66it/s, Materializing param=encoder.layer.7.output.dense.weight]
4257.1s 1159 Loading weights:  68%|██████▊   | 133/197 [00:00<00:00, 1135.66it/s, Materializing param=encoder.layer.7.output.dense.weight]
4257.1s 1160 Loading weights:  68%|██████▊   | 134/197 [00:00<00:00, 1135.66it/s, Materializing param=encoder.layer.8.attention.output.LayerNorm.bias]
4257.1s 1161 Loading weights:  68%|██████▊   | 134/197 [00:00<00:00, 1135.66it/s, Materializing param=encoder.layer.8.attention.output.LayerNorm.bias]
4257.1s 1162 Loading weights:  69%|██████▊   | 135/197 [00:00<00:00, 1135.66it/s, Materializing param=encoder.layer.8.attention.output.LayerNorm.weight]
4257.1s 1163 Loading weights:  69%|██████▊   | 135/197 [00:00<00:00, 1135.66it/s, Materializing param=encoder.layer.8.attention.output.LayerNorm.weight]
4257.1s 1164 Loading weights:  69%|██████▉   | 136/197 [00:00<00:00, 1135.66it/s, Materializing param=encoder.layer.8.attention.output.dense.bias]
4257.1s 1165 Loading weights:  69%|██████▉   | 136/197 [00:00<00:00, 1135.66it/s, Materializing param=encoder.layer.8.attention.output.dense.bias]
4257.1s 1166 Loading weights:  70%|██████▉   | 137/197 [00:00<00:00, 1135.66it/s, Materializing param=encoder.layer.8.attention.output.dense.weight]
4257.1s 1167 Loading weights:  70%|██████▉   | 137/197 [00:00<00:00, 1135.66it/s, Materializing param=encoder.layer.8.attention.output.dense.weight]
4257.1s 1168 Loading weights:  70%|███████   | 138/197 [00:00<00:00, 1135.66it/s, Materializing param=encoder.layer.8.attention.self.key.bias]
4257.1s 1169 Loading weights:  70%|███████   | 138/197 [00:00<00:00, 1135.66it/s, Materializing param=encoder.layer.8.attention.self.key.bias]
4257.1s 1170 Loading weights:  71%|███████   | 139/197 [00:00<00:00, 1135.66it/s, Materializing param=encoder.layer.8.attention.self.key.weight]
4257.1s 1171 Loading weights:  71%|███████   | 139/197 [00:00<00:00, 1135.66it/s, Materializing param=encoder.layer.8.attention.self.key.weight]
4257.1s 1172 Loading weights:  71%|███████   | 140/197 [00:00<00:00, 1135.66it/s, Materializing param=encoder.layer.8.attention.self.query.bias]
4257.1s 1173 Loading weights:  71%|███████   | 140/197 [00:00<00:00, 1135.66it/s, Materializing param=encoder.layer.8.attention.self.query.bias]
4257.1s 1174 Loading weights:  72%|███████▏  | 141/197 [00:00<00:00, 1135.66it/s, Materializing param=encoder.layer.8.attention.self.query.weight]
4257.1s 1175 Loading weights:  72%|███████▏  | 141/197 [00:00<00:00, 1135.66it/s, Materializing param=encoder.layer.8.attention.self.query.weight]
4257.1s 1176 Loading weights:  72%|███████▏  | 142/197 [00:00<00:00, 1135.66it/s, Materializing param=encoder.layer.8.attention.self.value.bias]
4257.1s 1177 Loading weights:  72%|███████▏  | 142/197 [00:00<00:00, 1135.66it/s, Materializing param=encoder.layer.8.attention.self.value.bias]
4257.1s 1178 Loading weights:  73%|███████▎  | 143/197 [00:00<00:00, 1135.66it/s, Materializing param=encoder.layer.8.attention.self.value.weight]
4257.1s 1179 Loading weights:  73%|███████▎  | 143/197 [00:00<00:00, 1135.66it/s, Materializing param=encoder.layer.8.attention.self.value.weight]
4257.1s 1180 Loading weights:  73%|███████▎  | 144/197 [00:00<00:00, 1135.66it/s, Materializing param=encoder.layer.8.intermediate.dense.bias]
4257.1s 1181 Loading weights:  73%|███████▎  | 144/197 [00:00<00:00, 1135.66it/s, Materializing param=encoder.layer.8.intermediate.dense.bias]
4257.1s 1182 Loading weights:  74%|███████▎  | 145/197 [00:00<00:00, 1135.66it/s, Materializing param=encoder.layer.8.intermediate.dense.weight]
4257.1s 1183 Loading weights:  74%|███████▎  | 145/197 [00:00<00:00, 1135.66it/s, Materializing param=encoder.layer.8.intermediate.dense.weight]
4257.1s 1184 Loading weights:  74%|███████▍  | 146/197 [00:00<00:00, 1135.66it/s, Materializing param=encoder.layer.8.output.LayerNorm.bias]
4257.1s 1185 Loading weights:  74%|███████▍  | 146/197 [00:00<00:00, 1135.66it/s, Materializing param=encoder.layer.8.output.LayerNorm.bias]
4257.1s 1186 Loading weights:  75%|███████▍  | 147/197 [00:00<00:00, 1135.66it/s, Materializing param=encoder.layer.8.output.LayerNorm.weight]
4257.1s 1187 Loading weights:  75%|███████▍  | 147/197 [00:00<00:00, 1135.66it/s, Materializing param=encoder.layer.8.output.LayerNorm.weight]
4257.1s 1188 Loading weights:  75%|███████▌  | 148/197 [00:00<00:00, 1135.66it/s, Materializing param=encoder.layer.8.output.dense.bias]
4257.1s 1189 Loading weights:  75%|███████▌  | 148/197 [00:00<00:00, 1135.66it/s, Materializing param=encoder.layer.8.output.dense.bias]
4257.1s 1190 Loading weights:  76%|███████▌  | 149/197 [00:00<00:00, 1135.66it/s, Materializing param=encoder.layer.8.output.dense.weight]
4257.1s 1191 Loading weights:  76%|███████▌  | 149/197 [00:00<00:00, 1135.66it/s, Materializing param=encoder.layer.8.output.dense.weight]
4257.1s 1192 Loading weights:  76%|███████▌  | 150/197 [00:00<00:00, 1135.66it/s, Materializing param=encoder.layer.9.attention.output.LayerNorm.bias]
4257.1s 1193 Loading weights:  76%|███████▌  | 150/197 [00:00<00:00, 1135.66it/s, Materializing param=encoder.layer.9.attention.output.LayerNorm.bias]
4257.1s 1194 Loading weights:  77%|███████▋  | 151/197 [00:00<00:00, 1135.66it/s, Materializing param=encoder.layer.9.attention.output.LayerNorm.weight]
4257.1s 1195 Loading weights:  77%|███████▋  | 151/197 [00:00<00:00, 1135.66it/s, Materializing param=encoder.layer.9.attention.output.LayerNorm.weight]
4257.1s 1196 Loading weights:  77%|███████▋  | 152/197 [00:00<00:00, 1135.66it/s, Materializing param=encoder.layer.9.attention.output.dense.bias]
4257.1s 1197 Loading weights:  77%|███████▋  | 152/197 [00:00<00:00, 1135.66it/s, Materializing param=encoder.layer.9.attention.output.dense.bias]
4257.1s 1198 Loading weights:  78%|███████▊  | 153/197 [00:00<00:00, 1135.66it/s, Materializing param=encoder.layer.9.attention.output.dense.weight]
4257.1s 1199 Loading weights:  78%|███████▊  | 153/197 [00:00<00:00, 1135.66it/s, Materializing param=encoder.layer.9.attention.output.dense.weight]
4257.1s 1200 Loading weights:  78%|███████▊  | 154/197 [00:00<00:00, 1135.66it/s, Materializing param=encoder.layer.9.attention.self.key.bias]
4257.1s 1201 Loading weights:  78%|███████▊  | 154/197 [00:00<00:00, 1135.66it/s, Materializing param=encoder.layer.9.attention.self.key.bias]
4257.1s 1202 Loading weights:  79%|███████▊  | 155/197 [00:00<00:00, 1135.66it/s, Materializing param=encoder.layer.9.attention.self.key.weight]
4257.1s 1203 Loading weights:  79%|███████▊  | 155/197 [00:00<00:00, 1135.66it/s, Materializing param=encoder.layer.9.attention.self.key.weight]
4257.1s 1204 Loading weights:  79%|███████▉  | 156/197 [00:00<00:00, 1135.66it/s, Materializing param=encoder.layer.9.attention.self.query.bias]
4257.1s 1205 Loading weights:  79%|███████▉  | 156/197 [00:00<00:00, 1135.66it/s, Materializing param=encoder.layer.9.attention.self.query.bias]
4257.1s 1206 Loading weights:  80%|███████▉  | 157/197 [00:00<00:00, 1135.66it/s, Materializing param=encoder.layer.9.attention.self.query.weight]
4257.1s 1207 Loading weights:  80%|███████▉  | 157/197 [00:00<00:00, 1135.66it/s, Materializing param=encoder.layer.9.attention.self.query.weight]
4257.1s 1208 Loading weights:  80%|████████  | 158/197 [00:00<00:00, 1135.66it/s, Materializing param=encoder.layer.9.attention.self.value.bias]
4257.1s 1209 Loading weights:  80%|████████  | 158/197 [00:00<00:00, 1135.66it/s, Materializing param=encoder.layer.9.attention.self.value.bias]
4257.1s 1210 Loading weights:  81%|████████  | 159/197 [00:00<00:00, 1135.66it/s, Materializing param=encoder.layer.9.attention.self.value.weight]
4257.1s 1211 Loading weights:  81%|████████  | 159/197 [00:00<00:00, 1135.66it/s, Materializing param=encoder.layer.9.attention.self.value.weight]
4257.1s 1212 Loading weights:  81%|████████  | 160/197 [00:00<00:00, 1135.66it/s, Materializing param=encoder.layer.9.intermediate.dense.bias]
4257.1s 1213 Loading weights:  81%|████████  | 160/197 [00:00<00:00, 1135.66it/s, Materializing param=encoder.layer.9.intermediate.dense.bias]
4257.1s 1214 Loading weights:  82%|████████▏ | 161/197 [00:00<00:00, 1135.66it/s, Materializing param=encoder.layer.9.intermediate.dense.weight]
4257.1s 1215 Loading weights:  82%|████████▏ | 161/197 [00:00<00:00, 1135.66it/s, Materializing param=encoder.layer.9.intermediate.dense.weight]
4257.1s 1216 Loading weights:  82%|████████▏ | 162/197 [00:00<00:00, 1135.66it/s, Materializing param=encoder.layer.9.output.LayerNorm.bias]
4257.1s 1217 Loading weights:  82%|████████▏ | 162/197 [00:00<00:00, 1135.66it/s, Materializing param=encoder.layer.9.output.LayerNorm.bias]
4257.1s 1218 Loading weights:  83%|████████▎ | 163/197 [00:00<00:00, 1135.66it/s, Materializing param=encoder.layer.9.output.LayerNorm.weight]
4257.1s 1219 Loading weights:  83%|████████▎ | 163/197 [00:00<00:00, 1135.66it/s, Materializing param=encoder.layer.9.output.LayerNorm.weight]
4257.1s 1220 Loading weights:  83%|████████▎ | 164/197 [00:00<00:00, 1135.66it/s, Materializing param=encoder.layer.9.output.dense.bias]
4257.1s 1221 Loading weights:  83%|████████▎ | 164/197 [00:00<00:00, 1135.66it/s, Materializing param=encoder.layer.9.output.dense.bias]
4257.1s 1222 Loading weights:  84%|████████▍ | 165/197 [00:00<00:00, 1135.66it/s, Materializing param=encoder.layer.9.output.dense.weight]
4257.1s 1223 Loading weights:  84%|████████▍ | 165/197 [00:00<00:00, 1135.66it/s, Materializing param=encoder.layer.9.output.dense.weight]
4257.1s 1224 Loading weights:  84%|████████▍ | 166/197 [00:00<00:00, 1135.66it/s, Materializing param=encoder.layer.10.attention.output.LayerNorm.bias]
4257.1s 1225 Loading weights:  84%|████████▍ | 166/197 [00:00<00:00, 1135.66it/s, Materializing param=encoder.layer.10.attention.output.LayerNorm.bias]
4257.1s 1226 Loading weights:  85%|████████▍ | 167/197 [00:00<00:00, 1135.66it/s, Materializing param=encoder.layer.10.attention.output.LayerNorm.weight]
4257.1s 1227 Loading weights:  85%|████████▍ | 167/197 [00:00<00:00, 1135.66it/s, Materializing param=encoder.layer.10.attention.output.LayerNorm.weight]
4257.1s 1228 Loading weights:  85%|████████▌ | 168/197 [00:00<00:00, 1135.66it/s, Materializing param=encoder.layer.10.attention.output.dense.bias]
4257.1s 1229 Loading weights:  85%|████████▌ | 168/197 [00:00<00:00, 1135.66it/s, Materializing param=encoder.layer.10.attention.output.dense.bias]
4257.1s 1230 Loading weights:  86%|████████▌ | 169/197 [00:00<00:00, 1135.66it/s, Materializing param=encoder.layer.10.attention.output.dense.weight]
4257.1s 1231 Loading weights:  86%|████████▌ | 169/197 [00:00<00:00, 1135.66it/s, Materializing param=encoder.layer.10.attention.output.dense.weight]
4257.1s 1232 Loading weights:  86%|████████▋ | 170/197 [00:00<00:00, 1135.66it/s, Materializing param=encoder.layer.10.attention.self.key.bias]
4257.1s 1233 Loading weights:  86%|████████▋ | 170/197 [00:00<00:00, 1135.66it/s, Materializing param=encoder.layer.10.attention.self.key.bias]
4257.1s 1234 Loading weights:  87%|████████▋ | 171/197 [00:00<00:00, 1135.66it/s, Materializing param=encoder.layer.10.attention.self.key.weight]
4257.1s 1235 Loading weights:  87%|████████▋ | 171/197 [00:00<00:00, 1135.66it/s, Materializing param=encoder.layer.10.attention.self.key.weight]
4257.1s 1236 Loading weights:  87%|████████▋ | 172/197 [00:00<00:00, 1135.66it/s, Materializing param=encoder.layer.10.attention.self.query.bias]
4257.1s 1237 Loading weights:  87%|████████▋ | 172/197 [00:00<00:00, 1135.66it/s, Materializing param=encoder.layer.10.attention.self.query.bias]
4257.1s 1238 Loading weights:  88%|████████▊ | 173/197 [00:00<00:00, 1135.66it/s, Materializing param=encoder.layer.10.attention.self.query.weight]
4257.1s 1239 Loading weights:  88%|████████▊ | 173/197 [00:00<00:00, 1135.66it/s, Materializing param=encoder.layer.10.attention.self.query.weight]
4257.1s 1240 Loading weights:  88%|████████▊ | 174/197 [00:00<00:00, 1135.66it/s, Materializing param=encoder.layer.10.attention.self.value.bias]
4257.1s 1241 Loading weights:  88%|████████▊ | 174/197 [00:00<00:00, 1135.66it/s, Materializing param=encoder.layer.10.attention.self.value.bias]
4257.1s 1242 Loading weights:  89%|████████▉ | 175/197 [00:00<00:00, 1135.66it/s, Materializing param=encoder.layer.10.attention.self.value.weight]
4257.1s 1243 Loading weights:  89%|████████▉ | 175/197 [00:00<00:00, 1135.66it/s, Materializing param=encoder.layer.10.attention.self.value.weight]
4257.1s 1244 Loading weights:  89%|████████▉ | 176/197 [00:00<00:00, 1135.66it/s, Materializing param=encoder.layer.10.intermediate.dense.bias]
4257.1s 1245 Loading weights:  89%|████████▉ | 176/197 [00:00<00:00, 1135.66it/s, Materializing param=encoder.layer.10.intermediate.dense.bias]
4257.1s 1246 Loading weights:  90%|████████▉ | 177/197 [00:00<00:00, 1135.66it/s, Materializing param=encoder.layer.10.intermediate.dense.weight]
4257.1s 1247 Loading weights:  90%|████████▉ | 177/197 [00:00<00:00, 1135.66it/s, Materializing param=encoder.layer.10.intermediate.dense.weight]
4257.1s 1248 Loading weights:  90%|█████████ | 178/197 [00:00<00:00, 1135.66it/s, Materializing param=encoder.layer.10.output.LayerNorm.bias]
4257.1s 1249 Loading weights:  90%|█████████ | 178/197 [00:00<00:00, 1135.66it/s, Materializing param=encoder.layer.10.output.LayerNorm.bias]
4257.1s 1250 Loading weights:  91%|█████████ | 179/197 [00:00<00:00, 1135.66it/s, Materializing param=encoder.layer.10.output.LayerNorm.weight]
4257.1s 1251 Loading weights:  91%|█████████ | 179/197 [00:00<00:00, 1135.66it/s, Materializing param=encoder.layer.10.output.LayerNorm.weight]
4257.1s 1252 Loading weights:  91%|█████████▏| 180/197 [00:00<00:00, 1135.66it/s, Materializing param=encoder.layer.10.output.dense.bias]
4257.1s 1253 Loading weights:  91%|█████████▏| 180/197 [00:00<00:00, 1135.66it/s, Materializing param=encoder.layer.10.output.dense.bias]
4257.1s 1254 Loading weights:  92%|█████████▏| 181/197 [00:00<00:00, 1135.66it/s, Materializing param=encoder.layer.10.output.dense.weight]
4257.1s 1255 Loading weights:  92%|█████████▏| 181/197 [00:00<00:00, 1135.66it/s, Materializing param=encoder.layer.10.output.dense.weight]
4257.1s 1256 Loading weights:  92%|█████████▏| 182/197 [00:00<00:00, 1135.66it/s, Materializing param=encoder.layer.11.attention.output.LayerNorm.bias]
4257.1s 1257 Loading weights:  92%|█████████▏| 182/197 [00:00<00:00, 1135.66it/s, Materializing param=encoder.layer.11.attention.output.LayerNorm.bias]
4257.1s 1258 Loading weights:  93%|█████████▎| 183/197 [00:00<00:00, 1135.66it/s, Materializing param=encoder.layer.11.attention.output.LayerNorm.weight]
4257.1s 1259 Loading weights:  93%|█████████▎| 183/197 [00:00<00:00, 1135.66it/s, Materializing param=encoder.layer.11.attention.output.LayerNorm.weight]
4257.1s 1260 Loading weights:  93%|█████████▎| 184/197 [00:00<00:00, 1135.66it/s, Materializing param=encoder.layer.11.attention.output.dense.bias]
4257.1s 1261 Loading weights:  93%|█████████▎| 184/197 [00:00<00:00, 1135.66it/s, Materializing param=encoder.layer.11.attention.output.dense.bias]
4257.1s 1262 Loading weights:  94%|█████████▍| 185/197 [00:00<00:00, 1135.66it/s, Materializing param=encoder.layer.11.attention.output.dense.weight]
4257.1s 1263 Loading weights:  94%|█████████▍| 185/197 [00:00<00:00, 1135.66it/s, Materializing param=encoder.layer.11.attention.output.dense.weight]
4257.1s 1264 Loading weights:  94%|█████████▍| 186/197 [00:00<00:00, 1135.66it/s, Materializing param=encoder.layer.11.attention.self.key.bias]
4257.1s 1265 Loading weights:  94%|█████████▍| 186/197 [00:00<00:00, 1135.66it/s, Materializing param=encoder.layer.11.attention.self.key.bias]
4257.1s 1266 Loading weights:  95%|█████████▍| 187/197 [00:00<00:00, 1135.66it/s, Materializing param=encoder.layer.11.attention.self.key.weight]
4257.1s 1267 Loading weights:  95%|█████████▍| 187/197 [00:00<00:00, 1135.66it/s, Materializing param=encoder.layer.11.attention.self.key.weight]
4257.1s 1268 Loading weights:  95%|█████████▌| 188/197 [00:00<00:00, 1135.66it/s, Materializing param=encoder.layer.11.attention.self.query.bias]
4257.1s 1269 Loading weights:  95%|█████████▌| 188/197 [00:00<00:00, 1135.66it/s, Materializing param=encoder.layer.11.attention.self.query.bias]
4257.1s 1270 Loading weights:  96%|█████████▌| 189/197 [00:00<00:00, 1135.66it/s, Materializing param=encoder.layer.11.attention.self.query.weight]
4257.1s 1271 Loading weights:  96%|█████████▌| 189/197 [00:00<00:00, 1135.66it/s, Materializing param=encoder.layer.11.attention.self.query.weight]
4257.1s 1272 Loading weights:  96%|█████████▋| 190/197 [00:00<00:00, 1135.66it/s, Materializing param=encoder.layer.11.attention.self.value.bias]
4257.1s 1273 Loading weights:  96%|█████████▋| 190/197 [00:00<00:00, 1135.66it/s, Materializing param=encoder.layer.11.attention.self.value.bias]
4257.1s 1274 Loading weights:  97%|█████████▋| 191/197 [00:00<00:00, 1135.66it/s, Materializing param=encoder.layer.11.attention.self.value.weight]
4257.1s 1275 Loading weights:  97%|█████████▋| 191/197 [00:00<00:00, 1135.66it/s, Materializing param=encoder.layer.11.attention.self.value.weight]
4257.1s 1276 Loading weights:  97%|█████████▋| 192/197 [00:00<00:00, 1135.66it/s, Materializing param=encoder.layer.11.intermediate.dense.bias]
4257.1s 1277 Loading weights:  97%|█████████▋| 192/197 [00:00<00:00, 1135.66it/s, Materializing param=encoder.layer.11.intermediate.dense.bias]
4257.1s 1278 Loading weights:  98%|█████████▊| 193/197 [00:00<00:00, 1135.66it/s, Materializing param=encoder.layer.11.intermediate.dense.weight]
4257.1s 1279 Loading weights:  98%|█████████▊| 193/197 [00:00<00:00, 1135.66it/s, Materializing param=encoder.layer.11.intermediate.dense.weight]
4257.1s 1280 Loading weights:  98%|█████████▊| 194/197 [00:00<00:00, 1135.66it/s, Materializing param=encoder.layer.11.output.LayerNorm.bias]
4257.1s 1281 Loading weights:  98%|█████████▊| 194/197 [00:00<00:00, 1135.66it/s, Materializing param=encoder.layer.11.output.LayerNorm.bias]
4257.1s 1282 Loading weights:  99%|█████████▉| 195/197 [00:00<00:00, 1135.66it/s, Materializing param=encoder.layer.11.output.LayerNorm.weight]
4257.1s 1283 Loading weights:  99%|█████████▉| 195/197 [00:00<00:00, 1135.66it/s, Materializing param=encoder.layer.11.output.LayerNorm.weight]
4257.1s 1284 Loading weights:  99%|█████████▉| 196/197 [00:00<00:00, 1135.66it/s, Materializing param=encoder.layer.11.output.dense.bias]
4257.1s 1285 Loading weights:  99%|█████████▉| 196/197 [00:00<00:00, 1135.66it/s, Materializing param=encoder.layer.11.output.dense.bias]
4257.1s 1286 Loading weights: 100%|██████████| 197/197 [00:00<00:00, 1135.66it/s, Materializing param=encoder.layer.11.output.dense.weight]
4257.1s 1287 Loading weights: 100%|██████████| 197/197 [00:00<00:00, 1135.66it/s, Materializing param=encoder.layer.11.output.dense.weight]
4257.1s 1288 Loading weights: 100%|██████████| 197/197 [00:00<00:00, 1477.65it/s, Materializing param=encoder.layer.11.output.dense.weight]
4257.1s 1289 BertModel LOAD REPORT from: artifacts/runs/tapt-d0v0-rdrop-full
4257.1s 1290 Key                                        | Status     |
4257.1s 1291 -------------------------------------------+------------+-
4257.1s 1292 cls.predictions.decoder.weight             | UNEXPECTED |
4257.1s 1293 cls.predictions.transform.LayerNorm.weight | UNEXPECTED |
4257.1s 1294 cls.predictions.transform.dense.weight     | UNEXPECTED |
4257.1s 1295 cls.predictions.bias                       | UNEXPECTED |
4257.1s 1296 cls.predictions.transform.LayerNorm.bias   | UNEXPECTED |
4257.1s 1297 cls.predictions.transform.dense.bias       | UNEXPECTED |
4257.1s 1298 cls.predictions.decoder.bias               | UNEXPECTED |
4257.1s 1299 pooler.dense.weight                        | MISSING    |
4257.1s 1300 pooler.dense.bias                          | MISSING    |
4257.1s 1301 
4257.1s 1302 Notes:
4257.1s 1303 - UNEXPECTED	:can be ignored when loading from different task/architecture; not ok if you expect identical arch.
4257.1s 1304 - MISSING	:those params were newly initialized because missing from the checkpoint. Consider training on your downstream task.
4481.1s 1305 [s43full] ep1 done 3.7min  no val
4707.7s 1306 [s43full] ep2 done 3.8min  no val
4935.1s 1307 [s43full] ep3 done 3.8min  no val
5158.3s 1308 [s43full] ep4 done 3.7min  no val
5381.6s 1309 [s43full] ep5 done 3.7min  no val
5611.1s 1310 [s43full] ep6 197/197 loss 0.9848   no val (1.16s/step)
5611.1s 1311 [s43full] ep6 done 3.8min  no val
5611.1s 1312 [s43full] trained on every row; final checkpoint taken, no score
5611.1s 1313 ===== seed 44 FULL FIT, 3159 rows, no validation =====
5611.1s 1314 
5611.1s 1315 Loading weights:   0%|          | 0/197 [00:00<?, ?it/s]
5611.1s 1316 Loading weights:   1%|          | 1/197 [00:00<00:00, 22310.13it/s, Materializing param=embeddings.LayerNorm.bias]
5611.1s 1317 Loading weights:   1%|          | 1/197 [00:00<00:00, 965.10it/s, Materializing param=embeddings.LayerNorm.bias]
5611.1s 1318 Loading weights:   1%|          | 2/197 [00:00<00:00, 1308.68it/s, Materializing param=embeddings.LayerNorm.weight]
5611.1s 1319 Loading weights:   1%|          | 2/197 [00:00<00:00, 1223.72it/s, Materializing param=embeddings.LayerNorm.weight]
5611.1s 1320 Loading weights:   2%|▏         | 3/197 [00:00<00:00, 1021.51it/s, Materializing param=embeddings.position_embeddings.weight]
5611.1s 1321 Loading weights:   2%|▏         | 3/197 [00:00<00:00, 983.73it/s, Materializing param=embeddings.position_embeddings.weight]
5611.1s 1322 Loading weights:   2%|▏         | 4/197 [00:00<00:00, 1055.97it/s, Materializing param=embeddings.token_type_embeddings.weight]
5611.1s 1323 Loading weights:   2%|▏         | 4/197 [00:00<00:00, 1027.76it/s, Materializing param=embeddings.token_type_embeddings.weight]
5611.1s 1324 Loading weights:   3%|▎         | 5/197 [00:00<00:00, 1224.69it/s, Materializing param=embeddings.word_embeddings.weight]
5611.1s 1325 Loading weights:   3%|▎         | 5/197 [00:00<00:00, 1182.23it/s, Materializing param=embeddings.word_embeddings.weight]
5611.1s 1326 Loading weights:   3%|▎         | 6/197 [00:00<00:00, 1296.67it/s, Materializing param=encoder.layer.0.attention.output.LayerNorm.bias]
5611.1s 1327 Loading weights:   3%|▎         | 6/197 [00:00<00:00, 1268.76it/s, Materializing param=encoder.layer.0.attention.output.LayerNorm.bias]
5611.1s 1328 Loading weights:   4%|▎         | 7/197 [00:00<00:00, 1047.12it/s, Materializing param=encoder.layer.0.attention.output.LayerNorm.weight]
5611.1s 1329 Loading weights:   4%|▎         | 7/197 [00:00<00:00, 1029.78it/s, Materializing param=encoder.layer.0.attention.output.LayerNorm.weight]
5611.1s 1330 Loading weights:   4%|▍         | 8/197 [00:00<00:00, 1129.17it/s, Materializing param=encoder.layer.0.attention.output.dense.bias]
5611.1s 1331 Loading weights:   4%|▍         | 8/197 [00:00<00:00, 1104.27it/s, Materializing param=encoder.layer.0.attention.output.dense.bias]
5611.1s 1332 Loading weights:   5%|▍         | 9/197 [00:00<00:00, 1014.34it/s, Materializing param=encoder.layer.0.attention.output.dense.weight]
5611.1s 1333 Loading weights:   5%|▍         | 9/197 [00:00<00:00, 980.33it/s, Materializing param=encoder.layer.0.attention.output.dense.weight]
5611.1s 1334 Loading weights:   5%|▌         | 10/197 [00:00<00:00, 1043.70it/s, Materializing param=encoder.layer.0.attention.self.key.bias]
5611.1s 1335 Loading weights:   5%|▌         | 10/197 [00:00<00:00, 1032.22it/s, Materializing param=encoder.layer.0.attention.self.key.bias]
5611.1s 1336 Loading weights:   6%|▌         | 11/197 [00:00<00:00, 1100.42it/s, Materializing param=encoder.layer.0.attention.self.key.weight]
5611.1s 1337 Loading weights:   6%|▌         | 11/197 [00:00<00:00, 1088.56it/s, Materializing param=encoder.layer.0.attention.self.key.weight]
5611.1s 1338 Loading weights:   6%|▌         | 12/197 [00:00<00:00, 1041.74it/s, Materializing param=encoder.layer.0.attention.self.query.bias]
5611.1s 1339 Loading weights:   6%|▌         | 12/197 [00:00<00:00, 1007.70it/s, Materializing param=encoder.layer.0.attention.self.query.bias]
5611.1s 1340 Loading weights:   7%|▋         | 13/197 [00:00<00:00, 985.09it/s, Materializing param=encoder.layer.0.attention.self.query.weight]
5611.1s 1341 Loading weights:   7%|▋         | 13/197 [00:00<00:00, 955.86it/s, Materializing param=encoder.layer.0.attention.self.query.weight]
5611.1s 1342 Loading weights:   7%|▋         | 14/197 [00:00<00:00, 999.92it/s, Materializing param=encoder.layer.0.attention.self.value.bias]
5611.1s 1343 Loading weights:   7%|▋         | 14/197 [00:00<00:00, 990.02it/s, Materializing param=encoder.layer.0.attention.self.value.bias]
5611.1s 1344 Loading weights:   8%|▊         | 15/197 [00:00<00:00, 1024.13it/s, Materializing param=encoder.layer.0.attention.self.value.weight]
5611.1s 1345 Loading weights:   8%|▊         | 15/197 [00:00<00:00, 1016.55it/s, Materializing param=encoder.layer.0.attention.self.value.weight]
5611.1s 1346 Loading weights:   8%|▊         | 16/197 [00:00<00:00, 1066.37it/s, Materializing param=encoder.layer.0.intermediate.dense.bias]
5611.1s 1347 Loading weights:   8%|▊         | 16/197 [00:00<00:00, 1056.88it/s, Materializing param=encoder.layer.0.intermediate.dense.bias]
5611.1s 1348 Loading weights:   9%|▊         | 17/197 [00:00<00:00, 1095.84it/s, Materializing param=encoder.layer.0.intermediate.dense.weight]
5611.3s 1349 Loading weights:   9%|▊         | 17/197 [00:00<00:00, 1061.63it/s, Materializing param=encoder.layer.0.intermediate.dense.weight]
5611.3s 1350 Loading weights:   9%|▉         | 18/197 [00:00<00:00, 1076.43it/s, Materializing param=encoder.layer.0.output.LayerNorm.bias]
5611.3s 1351 Loading weights:   9%|▉         | 18/197 [00:00<00:00, 1068.10it/s, Materializing param=encoder.layer.0.output.LayerNorm.bias]
5611.3s 1352 Loading weights:  10%|▉         | 19/197 [00:00<00:00, 1113.39it/s, Materializing param=encoder.layer.0.output.LayerNorm.weight]
5611.3s 1353 Loading weights:  10%|▉         | 19/197 [00:00<00:00, 1105.63it/s, Materializing param=encoder.layer.0.output.LayerNorm.weight]
5611.3s 1354 Loading weights:  10%|█         | 20/197 [00:00<00:00, 1122.16it/s, Materializing param=encoder.layer.0.output.dense.bias]
5611.3s 1355 Loading weights:  10%|█         | 20/197 [00:00<00:00, 1098.69it/s, Materializing param=encoder.layer.0.output.dense.bias]
5611.3s 1356 Loading weights:  11%|█         | 21/197 [00:00<00:00, 1108.56it/s, Materializing param=encoder.layer.0.output.dense.weight]
5611.3s 1357 Loading weights:  11%|█         | 21/197 [00:00<00:00, 1101.43it/s, Materializing param=encoder.layer.0.output.dense.weight]
5611.3s 1358 Loading weights:  11%|█         | 22/197 [00:00<00:00, 1089.31it/s, Materializing param=encoder.layer.1.attention.output.LayerNorm.bias]
5611.3s 1359 Loading weights:  11%|█         | 22/197 [00:00<00:00, 1081.89it/s, Materializing param=encoder.layer.1.attention.output.LayerNorm.bias]
5611.3s 1360 Loading weights:  12%|█▏        | 23/197 [00:00<00:00, 1105.92it/s, Materializing param=encoder.layer.1.attention.output.LayerNorm.weight]
5611.3s 1361 Loading weights:  12%|█▏        | 23/197 [00:00<00:00, 1098.10it/s, Materializing param=encoder.layer.1.attention.output.LayerNorm.weight]
5611.3s 1362 Loading weights:  12%|█▏        | 24/197 [00:00<00:00, 1129.47it/s, Materializing param=encoder.layer.1.attention.output.dense.bias]
5611.3s 1363 Loading weights:  12%|█▏        | 24/197 [00:00<00:00, 1123.31it/s, Materializing param=encoder.layer.1.attention.output.dense.bias]
5611.3s 1364 Loading weights:  13%|█▎        | 25/197 [00:00<00:00, 1120.27it/s, Materializing param=encoder.layer.1.attention.output.dense.weight]
5611.3s 1365 Loading weights:  13%|█▎        | 25/197 [00:00<00:00, 1110.32it/s, Materializing param=encoder.layer.1.attention.output.dense.weight]
5611.3s 1366 Loading weights:  13%|█▎        | 26/197 [00:00<00:00, 1140.89it/s, Materializing param=encoder.layer.1.attention.self.key.bias]
5611.3s 1367 Loading weights:  13%|█▎        | 26/197 [00:00<00:00, 1135.64it/s, Materializing param=encoder.layer.1.attention.self.key.bias]
5611.3s 1368 Loading weights:  14%|█▎        | 27/197 [00:00<00:00, 1146.59it/s, Materializing param=encoder.layer.1.attention.self.key.weight]
5611.3s 1369 Loading weights:  14%|█▎        | 27/197 [00:00<00:00, 1140.61it/s, Materializing param=encoder.layer.1.attention.self.key.weight]
5611.3s 1370 Loading weights:  14%|█▍        | 28/197 [00:00<00:00, 1141.53it/s, Materializing param=encoder.layer.1.attention.self.query.bias]
5611.3s 1371 Loading weights:  14%|█▍        | 28/197 [00:00<00:00, 1123.55it/s, Materializing param=encoder.layer.1.attention.self.query.bias]
5611.3s 1372 Loading weights:  15%|█▍        | 29/197 [00:00<00:00, 1129.44it/s, Materializing param=encoder.layer.1.attention.self.query.weight]
5611.3s 1373 Loading weights:  15%|█▍        | 29/197 [00:00<00:00, 1114.94it/s, Materializing param=encoder.layer.1.attention.self.query.weight]
5611.3s 1374 Loading weights:  15%|█▌        | 30/197 [00:00<00:00, 1120.83it/s, Materializing param=encoder.layer.1.attention.self.value.bias]
5611.3s 1375 Loading weights:  15%|█▌        | 30/197 [00:00<00:00, 1099.33it/s, Materializing param=encoder.layer.1.attention.self.value.bias]
5611.3s 1376 Loading weights:  16%|█▌        | 31/197 [00:00<00:00, 1083.63it/s, Materializing param=encoder.layer.1.attention.self.value.weight]
5611.3s 1377 Loading weights:  16%|█▌        | 31/197 [00:00<00:00, 1074.60it/s, Materializing param=encoder.layer.1.attention.self.value.weight]
5611.3s 1378 Loading weights:  16%|█▌        | 32/197 [00:00<00:00, 1067.49it/s, Materializing param=encoder.layer.1.intermediate.dense.bias]
5611.3s 1379 Loading weights:  16%|█▌        | 32/197 [00:00<00:00, 1061.92it/s, Materializing param=encoder.layer.1.intermediate.dense.bias]
5611.3s 1380 Loading weights:  17%|█▋        | 33/197 [00:00<00:00, 1084.50it/s, Materializing param=encoder.layer.1.intermediate.dense.weight]
5611.3s 1381 Loading weights:  17%|█▋        | 33/197 [00:00<00:00, 1078.63it/s, Materializing param=encoder.layer.1.intermediate.dense.weight]
5611.3s 1382 Loading weights:  17%|█▋        | 34/197 [00:00<00:00, 1090.19it/s, Materializing param=encoder.layer.1.output.LayerNorm.bias]
5611.3s 1383 Loading weights:  17%|█▋        | 34/197 [00:00<00:00, 1085.54it/s, Materializing param=encoder.layer.1.output.LayerNorm.bias]
5611.3s 1384 Loading weights:  18%|█▊        | 35/197 [00:00<00:00, 1105.43it/s, Materializing param=encoder.layer.1.output.LayerNorm.weight]
5611.3s 1385 Loading weights:  18%|█▊        | 35/197 [00:00<00:00, 1076.55it/s, Materializing param=encoder.layer.1.output.LayerNorm.weight]
5611.3s 1386 Loading weights:  18%|█▊        | 36/197 [00:00<00:00, 1096.57it/s, Materializing param=encoder.layer.1.output.dense.bias]
5611.3s 1387 Loading weights:  18%|█▊        | 36/197 [00:00<00:00, 1083.89it/s, Materializing param=encoder.layer.1.output.dense.bias]
5611.3s 1388 Loading weights:  19%|█▉        | 37/197 [00:00<00:00, 1076.22it/s, Materializing param=encoder.layer.1.output.dense.weight]
5611.3s 1389 Loading weights:  19%|█▉        | 37/197 [00:00<00:00, 1072.48it/s, Materializing param=encoder.layer.1.output.dense.weight]
5611.3s 1390 Loading weights:  19%|█▉        | 38/197 [00:00<00:00, 1086.40it/s, Materializing param=encoder.layer.2.attention.output.LayerNorm.bias]
5611.3s 1391 Loading weights:  19%|█▉        | 38/197 [00:00<00:00, 1082.82it/s, Materializing param=encoder.layer.2.attention.output.LayerNorm.bias]
5611.3s 1392 Loading weights:  20%|█▉        | 39/197 [00:00<00:00, 1093.65it/s, Materializing param=encoder.layer.2.attention.output.LayerNorm.weight]
5611.3s 1393 Loading weights:  20%|█▉        | 39/197 [00:00<00:00, 1090.41it/s, Materializing param=encoder.layer.2.attention.output.LayerNorm.weight]
5611.3s 1394 Loading weights:  20%|██        | 40/197 [00:00<00:00, 1110.66it/s, Materializing param=encoder.layer.2.attention.output.dense.bias]
5611.3s 1395 Loading weights:  20%|██        | 40/197 [00:00<00:00, 1093.08it/s, Materializing param=encoder.layer.2.attention.output.dense.bias]
5611.3s 1396 Loading weights:  21%|██        | 41/197 [00:00<00:00, 1093.52it/s, Materializing param=encoder.layer.2.attention.output.dense.weight]
5611.3s 1397 Loading weights:  21%|██        | 41/197 [00:00<00:00, 1084.60it/s, Materializing param=encoder.layer.2.attention.output.dense.weight]
5611.3s 1398 Loading weights:  21%|██▏       | 42/197 [00:00<00:00, 1100.28it/s, Materializing param=encoder.layer.2.attention.self.key.bias]
5611.3s 1399 Loading weights:  21%|██▏       | 42/197 [00:00<00:00, 1097.03it/s, Materializing param=encoder.layer.2.attention.self.key.bias]
5611.3s 1400 Loading weights:  22%|██▏       | 43/197 [00:00<00:00, 1056.53it/s, Materializing param=encoder.layer.2.attention.self.key.weight]
5611.3s 1401 Loading weights:  22%|██▏       | 43/197 [00:00<00:00, 1053.43it/s, Materializing param=encoder.layer.2.attention.self.key.weight]
5611.3s 1402 Loading weights:  22%|██▏       | 44/197 [00:00<00:00, 1051.70it/s, Materializing param=encoder.layer.2.attention.self.query.bias]
5611.3s 1403 Loading weights:  22%|██▏       | 44/197 [00:00<00:00, 1046.09it/s, Materializing param=encoder.layer.2.attention.self.query.bias]
5611.3s 1404 Loading weights:  23%|██▎       | 45/197 [00:00<00:00, 1058.38it/s, Materializing param=encoder.layer.2.attention.self.query.weight]
5611.3s 1405 Loading weights:  23%|██▎       | 45/197 [00:00<00:00, 1050.20it/s, Materializing param=encoder.layer.2.attention.self.query.weight]
5611.3s 1406 Loading weights:  23%|██▎       | 46/197 [00:00<00:00, 1066.59it/s, Materializing param=encoder.layer.2.attention.self.value.bias]
5611.3s 1407 Loading weights:  23%|██▎       | 46/197 [00:00<00:00, 1063.61it/s, Materializing param=encoder.layer.2.attention.self.value.bias]
5611.3s 1408 Loading weights:  24%|██▍       | 47/197 [00:00<00:00, 1079.27it/s, Materializing param=encoder.layer.2.attention.self.value.weight]
5611.3s 1409 Loading weights:  24%|██▍       | 47/197 [00:00<00:00, 1077.27it/s, Materializing param=encoder.layer.2.attention.self.value.weight]
5611.3s 1410 Loading weights:  24%|██▍       | 48/197 [00:00<00:00, 1092.88it/s, Materializing param=encoder.layer.2.intermediate.dense.bias]
5611.3s 1411 Loading weights:  24%|██▍       | 48/197 [00:00<00:00, 1087.06it/s, Materializing param=encoder.layer.2.intermediate.dense.bias]
5611.3s 1412 Loading weights:  25%|██▍       | 49/197 [00:00<00:00, 1094.84it/s, Materializing param=encoder.layer.2.intermediate.dense.weight]
5611.3s 1413 Loading weights:  25%|██▍       | 49/197 [00:00<00:00, 1085.71it/s, Materializing param=encoder.layer.2.intermediate.dense.weight]
5611.3s 1414 Loading weights:  25%|██▌       | 50/197 [00:00<00:00, 1098.84it/s, Materializing param=encoder.layer.2.output.LayerNorm.bias]
5611.3s 1415 Loading weights:  25%|██▌       | 50/197 [00:00<00:00, 1091.61it/s, Materializing param=encoder.layer.2.output.LayerNorm.bias]
5611.3s 1416 Loading weights:  26%|██▌       | 51/197 [00:00<00:00, 1099.05it/s, Materializing param=encoder.layer.2.output.LayerNorm.weight]
5611.3s 1417 Loading weights:  26%|██▌       | 51/197 [00:00<00:00, 1091.60it/s, Materializing param=encoder.layer.2.output.LayerNorm.weight]
5611.3s 1418 Loading weights:  26%|██▋       | 52/197 [00:00<00:00, 1088.62it/s, Materializing param=encoder.layer.2.output.dense.bias]
5611.3s 1419 Loading weights:  26%|██▋       | 52/197 [00:00<00:00, 1086.66it/s, Materializing param=encoder.layer.2.output.dense.bias]
5611.3s 1420 Loading weights:  27%|██▋       | 53/197 [00:00<00:00, 1101.83it/s, Materializing param=encoder.layer.2.output.dense.weight]
5611.3s 1421 Loading weights:  27%|██▋       | 53/197 [00:00<00:00, 1098.52it/s, Materializing param=encoder.layer.2.output.dense.weight]
5611.3s 1422 Loading weights:  27%|██▋       | 54/197 [00:00<00:00, 1112.54it/s, Materializing param=encoder.layer.3.attention.output.LayerNorm.bias]
5611.3s 1423 Loading weights:  27%|██▋       | 54/197 [00:00<00:00, 1109.96it/s, Materializing param=encoder.layer.3.attention.output.LayerNorm.bias]
5611.3s 1424 Loading weights:  28%|██▊       | 55/197 [00:00<00:00, 1123.74it/s, Materializing param=encoder.layer.3.attention.output.LayerNorm.weight]
5611.3s 1425 Loading weights:  28%|██▊       | 55/197 [00:00<00:00, 1121.73it/s, Materializing param=encoder.layer.3.attention.output.LayerNorm.weight]
5611.3s 1426 Loading weights:  28%|██▊       | 56/197 [00:00<00:00, 1136.63it/s, Materializing param=encoder.layer.3.attention.output.dense.bias]
5611.3s 1427 Loading weights:  28%|██▊       | 56/197 [00:00<00:00, 1128.99it/s, Materializing param=encoder.layer.3.attention.output.dense.bias]
5611.3s 1428 Loading weights:  29%|██▉       | 57/197 [00:00<00:00, 1143.60it/s, Materializing param=encoder.layer.3.attention.output.dense.weight]
5611.3s 1429 Loading weights:  29%|██▉       | 57/197 [00:00<00:00, 1140.96it/s, Materializing param=encoder.layer.3.attention.output.dense.weight]
5611.3s 1430 Loading weights:  29%|██▉       | 58/197 [00:00<00:00, 1150.53it/s, Materializing param=encoder.layer.3.attention.self.key.bias]
5611.3s 1431 Loading weights:  29%|██▉       | 58/197 [00:00<00:00, 1148.10it/s, Materializing param=encoder.layer.3.attention.self.key.bias]
5611.3s 1432 Loading weights:  30%|██▉       | 59/197 [00:00<00:00, 1161.48it/s, Materializing param=encoder.layer.3.attention.self.key.weight]
5611.3s 1433 Loading weights:  30%|██▉       | 59/197 [00:00<00:00, 1159.14it/s, Materializing param=encoder.layer.3.attention.self.key.weight]
5611.3s 1434 Loading weights:  30%|███       | 60/197 [00:00<00:00, 1171.35it/s, Materializing param=encoder.layer.3.attention.self.query.bias]
5611.3s 1435 Loading weights:  30%|███       | 60/197 [00:00<00:00, 1169.11it/s, Materializing param=encoder.layer.3.attention.self.query.bias]
5611.3s 1436 Loading weights:  31%|███       | 61/197 [00:00<00:00, 1183.45it/s, Materializing param=encoder.layer.3.attention.self.query.weight]
5611.3s 1437 Loading weights:  31%|███       | 61/197 [00:00<00:00, 1181.74it/s, Materializing param=encoder.layer.3.attention.self.query.weight]
5611.3s 1438 Loading weights:  31%|███▏      | 62/197 [00:00<00:00, 1183.37it/s, Materializing param=encoder.layer.3.attention.self.value.bias]
5611.3s 1439 Loading weights:  31%|███▏      | 62/197 [00:00<00:00, 1177.67it/s, Materializing param=encoder.layer.3.attention.self.value.bias]
5611.3s 1440 Loading weights:  32%|███▏      | 63/197 [00:00<00:00, 1187.38it/s, Materializing param=encoder.layer.3.attention.self.value.weight]
5611.3s 1441 Loading weights:  32%|███▏      | 63/197 [00:00<00:00, 1170.77it/s, Materializing param=encoder.layer.3.attention.self.value.weight]
5611.3s 1442 Loading weights:  32%|███▏      | 64/197 [00:00<00:00, 1167.02it/s, Materializing param=encoder.layer.3.intermediate.dense.bias]
5611.3s 1443 Loading weights:  32%|███▏      | 64/197 [00:00<00:00, 1164.13it/s, Materializing param=encoder.layer.3.intermediate.dense.bias]
5611.3s 1444 Loading weights:  33%|███▎      | 65/197 [00:00<00:00, 1171.27it/s, Materializing param=encoder.layer.3.intermediate.dense.weight]
5611.3s 1445 Loading weights:  33%|███▎      | 65/197 [00:00<00:00, 1165.28it/s, Materializing param=encoder.layer.3.intermediate.dense.weight]
5611.3s 1446 Loading weights:  34%|███▎      | 66/197 [00:00<00:00, 1178.43it/s, Materializing param=encoder.layer.3.output.LayerNorm.bias]
5611.3s 1447 Loading weights:  34%|███▎      | 66/197 [00:00<00:00, 1176.48it/s, Materializing param=encoder.layer.3.output.LayerNorm.bias]
5611.3s 1448 Loading weights:  34%|███▍      | 67/197 [00:00<00:00, 1182.90it/s, Materializing param=encoder.layer.3.output.LayerNorm.weight]
5611.3s 1449 Loading weights:  34%|███▍      | 67/197 [00:00<00:00, 1180.91it/s, Materializing param=encoder.layer.3.output.LayerNorm.weight]
5611.3s 1450 Loading weights:  35%|███▍      | 68/197 [00:00<00:00, 1191.78it/s, Materializing param=encoder.layer.3.output.dense.bias]
5611.3s 1451 Loading weights:  35%|███▍      | 68/197 [00:00<00:00, 1188.37it/s, Materializing param=encoder.layer.3.output.dense.bias]
5611.3s 1452 Loading weights:  35%|███▌      | 69/197 [00:00<00:00, 1189.67it/s, Materializing param=encoder.layer.3.output.dense.weight]
5611.3s 1453 Loading weights:  35%|███▌      | 69/197 [00:00<00:00, 1187.76it/s, Materializing param=encoder.layer.3.output.dense.weight]
5611.3s 1454 Loading weights:  36%|███▌      | 70/197 [00:00<00:00, 1196.94it/s, Materializing param=encoder.layer.4.attention.output.LayerNorm.bias]
5611.3s 1455 Loading weights:  36%|███▌      | 70/197 [00:00<00:00, 1190.45it/s, Materializing param=encoder.layer.4.attention.output.LayerNorm.bias]
5611.3s 1456 Loading weights:  36%|███▌      | 71/197 [00:00<00:00, 1194.34it/s, Materializing param=encoder.layer.4.attention.output.LayerNorm.weight]
5611.3s 1457 Loading weights:  36%|███▌      | 71/197 [00:00<00:00, 1192.18it/s, Materializing param=encoder.layer.4.attention.output.LayerNorm.weight]
5611.3s 1458 Loading weights:  37%|███▋      | 72/197 [00:00<00:00, 1186.60it/s, Materializing param=encoder.layer.4.attention.output.dense.bias]
5611.3s 1459 Loading weights:  37%|███▋      | 72/197 [00:00<00:00, 1169.39it/s, Materializing param=encoder.layer.4.attention.output.dense.bias]
5611.3s 1460 Loading weights:  37%|███▋      | 73/197 [00:00<00:00, 1179.30it/s, Materializing param=encoder.layer.4.attention.output.dense.weight]
5611.3s 1461 Loading weights:  37%|███▋      | 73/197 [00:00<00:00, 1165.07it/s, Materializing param=encoder.layer.4.attention.output.dense.weight]
5611.3s 1462 Loading weights:  38%|███▊      | 74/197 [00:00<00:00, 1171.35it/s, Materializing param=encoder.layer.4.attention.self.key.bias]
5611.3s 1463 Loading weights:  38%|███▊      | 74/197 [00:00<00:00, 1169.37it/s, Materializing param=encoder.layer.4.attention.self.key.bias]
5611.3s 1464 Loading weights:  38%|███▊      | 75/197 [00:00<00:00, 1179.26it/s, Materializing param=encoder.layer.4.attention.self.key.weight]
5611.3s 1465 Loading weights:  38%|███▊      | 75/197 [00:00<00:00, 1177.81it/s, Materializing param=encoder.layer.4.attention.self.key.weight]
5611.3s 1466 Loading weights:  39%|███▊      | 76/197 [00:00<00:00, 1183.61it/s, Materializing param=encoder.layer.4.attention.self.query.bias]
5611.3s 1467 Loading weights:  39%|███▊      | 76/197 [00:00<00:00, 1181.83it/s, Materializing param=encoder.layer.4.attention.self.query.bias]
5611.3s 1468 Loading weights:  39%|███▉      | 77/197 [00:00<00:00, 1188.43it/s, Materializing param=encoder.layer.4.attention.self.query.weight]
5611.3s 1469 Loading weights:  39%|███▉      | 77/197 [00:00<00:00, 1186.46it/s, Materializing param=encoder.layer.4.attention.self.query.weight]
5611.3s 1470 Loading weights:  40%|███▉      | 78/197 [00:00<00:00, 1183.89it/s, Materializing param=encoder.layer.4.attention.self.value.bias]
5611.3s 1471 Loading weights:  40%|███▉      | 78/197 [00:00<00:00, 1173.06it/s, Materializing param=encoder.layer.4.attention.self.value.bias]
5611.3s 1472 Loading weights:  40%|████      | 79/197 [00:00<00:00, 1182.98it/s, Materializing param=encoder.layer.4.attention.self.value.weight]
5611.3s 1473 Loading weights:  40%|████      | 79/197 [00:00<00:00, 1181.46it/s, Materializing param=encoder.layer.4.attention.self.value.weight]
5611.3s 1474 Loading weights:  41%|████      | 80/197 [00:00<00:00, 1175.15it/s, Materializing param=encoder.layer.4.intermediate.dense.bias]
5611.3s 1475 Loading weights:  41%|████      | 80/197 [00:00<00:00, 1169.56it/s, Materializing param=encoder.layer.4.intermediate.dense.bias]
5611.3s 1476 Loading weights:  41%|████      | 81/197 [00:00<00:00, 1179.26it/s, Materializing param=encoder.layer.4.intermediate.dense.weight]
5611.3s 1477 Loading weights:  41%|████      | 81/197 [00:00<00:00, 1177.60it/s, Materializing param=encoder.layer.4.intermediate.dense.weight]
5611.3s 1478 Loading weights:  42%|████▏     | 82/197 [00:00<00:00, 1179.64it/s, Materializing param=encoder.layer.4.output.LayerNorm.bias]
5611.3s 1479 Loading weights:  42%|████▏     | 82/197 [00:00<00:00, 1177.81it/s, Materializing param=encoder.layer.4.output.LayerNorm.bias]
5611.3s 1480 Loading weights:  42%|████▏     | 83/197 [00:00<00:00, 1187.25it/s, Materializing param=encoder.layer.4.output.LayerNorm.weight]
5611.3s 1481 Loading weights:  42%|████▏     | 83/197 [00:00<00:00, 1185.16it/s, Materializing param=encoder.layer.4.output.LayerNorm.weight]
5611.3s 1482 Loading weights:  43%|████▎     | 84/197 [00:00<00:00, 1194.61it/s, Materializing param=encoder.layer.4.output.dense.bias]
5611.3s 1483 Loading weights:  43%|████▎     | 84/197 [00:00<00:00, 1192.73it/s, Materializing param=encoder.layer.4.output.dense.bias]
5611.3s 1484 Loading weights:  43%|████▎     | 85/197 [00:00<00:00, 1191.47it/s, Materializing param=encoder.layer.4.output.dense.weight]
5611.3s 1485 Loading weights:  43%|████▎     | 85/197 [00:00<00:00, 1189.56it/s, Materializing param=encoder.layer.4.output.dense.weight]
5611.3s 1486 Loading weights:  44%|████▎     | 86/197 [00:00<00:00, 1199.47it/s, Materializing param=encoder.layer.5.attention.output.LayerNorm.bias]
5611.3s 1487 Loading weights:  44%|████▎     | 86/197 [00:00<00:00, 1197.88it/s, Materializing param=encoder.layer.5.attention.output.LayerNorm.bias]
5611.3s 1488 Loading weights:  44%|████▍     | 87/197 [00:00<00:00, 1205.42it/s, Materializing param=encoder.layer.5.attention.output.LayerNorm.weight]
5611.3s 1489 Loading weights:  44%|████▍     | 87/197 [00:00<00:00, 1203.35it/s, Materializing param=encoder.layer.5.attention.output.LayerNorm.weight]
5611.3s 1490 Loading weights:  45%|████▍     | 88/197 [00:00<00:00, 1190.93it/s, Materializing param=encoder.layer.5.attention.output.dense.bias]
5611.3s 1491 Loading weights:  45%|████▍     | 88/197 [00:00<00:00, 1189.01it/s, Materializing param=encoder.layer.5.attention.output.dense.bias]
5611.3s 1492 Loading weights:  45%|████▌     | 89/197 [00:00<00:00, 1188.65it/s, Materializing param=encoder.layer.5.attention.output.dense.weight]
5611.3s 1493 Loading weights:  45%|████▌     | 89/197 [00:00<00:00, 1186.72it/s, Materializing param=encoder.layer.5.attention.output.dense.weight]
5611.3s 1494 Loading weights:  46%|████▌     | 90/197 [00:00<00:00, 1192.92it/s, Materializing param=encoder.layer.5.attention.self.key.bias]
5611.3s 1495 Loading weights:  46%|████▌     | 90/197 [00:00<00:00, 1191.09it/s, Materializing param=encoder.layer.5.attention.self.key.bias]
5611.3s 1496 Loading weights:  46%|████▌     | 91/197 [00:00<00:00, 1194.39it/s, Materializing param=encoder.layer.5.attention.self.key.weight]
5611.3s 1497 Loading weights:  46%|████▌     | 91/197 [00:00<00:00, 1192.87it/s, Materializing param=encoder.layer.5.attention.self.key.weight]
5611.3s 1498 Loading weights:  47%|████▋     | 92/197 [00:00<00:00, 1201.14it/s, Materializing param=encoder.layer.5.attention.self.query.bias]
5611.3s 1499 Loading weights:  47%|████▋     | 92/197 [00:00<00:00, 1199.59it/s, Materializing param=encoder.layer.5.attention.self.query.bias]
5611.3s 1500 Loading weights:  47%|████▋     | 93/197 [00:00<00:00, 1199.39it/s, Materializing param=encoder.layer.5.attention.self.query.weight]
5611.3s 1501 Loading weights:  47%|████▋     | 93/197 [00:00<00:00, 1197.91it/s, Materializing param=encoder.layer.5.attention.self.query.weight]
5611.3s 1502 Loading weights:  48%|████▊     | 94/197 [00:00<00:00, 1205.95it/s, Materializing param=encoder.layer.5.attention.self.value.bias]
5611.3s 1503 Loading weights:  48%|████▊     | 94/197 [00:00<00:00, 1204.54it/s, Materializing param=encoder.layer.5.attention.self.value.bias]
5611.3s 1504 Loading weights:  48%|████▊     | 95/197 [00:00<00:00, 1212.01it/s, Materializing param=encoder.layer.5.attention.self.value.weight]
5611.3s 1505 Loading weights:  48%|████▊     | 95/197 [00:00<00:00, 1210.45it/s, Materializing param=encoder.layer.5.attention.self.value.weight]
5611.3s 1506 Loading weights:  49%|████▊     | 96/197 [00:00<00:00, 1213.62it/s, Materializing param=encoder.layer.5.intermediate.dense.bias]
5611.3s 1507 Loading weights:  49%|████▊     | 96/197 [00:00<00:00, 1211.24it/s, Materializing param=encoder.layer.5.intermediate.dense.bias]
5611.3s 1508 Loading weights:  49%|████▉     | 97/197 [00:00<00:00, 1215.17it/s, Materializing param=encoder.layer.5.intermediate.dense.weight]
5611.3s 1509 Loading weights:  49%|████▉     | 97/197 [00:00<00:00, 1212.97it/s, Materializing param=encoder.layer.5.intermediate.dense.weight]
5611.3s 1510 Loading weights:  50%|████▉     | 98/197 [00:00<00:00, 1215.04it/s, Materializing param=encoder.layer.5.output.LayerNorm.bias]
5611.3s 1511 Loading weights:  50%|████▉     | 98/197 [00:00<00:00, 1207.59it/s, Materializing param=encoder.layer.5.output.LayerNorm.bias]
5611.3s 1512 Loading weights:  50%|█████     | 99/197 [00:00<00:00, 1215.05it/s, Materializing param=encoder.layer.5.output.LayerNorm.weight]
5611.3s 1513 Loading weights:  50%|█████     | 99/197 [00:00<00:00, 1213.39it/s, Materializing param=encoder.layer.5.output.LayerNorm.weight]
5611.3s 1514 Loading weights:  51%|█████     | 100/197 [00:00<00:00, 1221.51it/s, Materializing param=encoder.layer.5.output.dense.bias]
5611.3s 1515 Loading weights:  51%|█████     | 100/197 [00:00<00:00, 1214.19it/s, Materializing param=encoder.layer.5.output.dense.bias]
5611.3s 1516 Loading weights:  51%|█████▏    | 101/197 [00:00<00:00, 1217.30it/s, Materializing param=encoder.layer.5.output.dense.weight]
5611.3s 1517 Loading weights:  51%|█████▏    | 101/197 [00:00<00:00, 1209.16it/s, Materializing param=encoder.layer.5.output.dense.weight]
5611.3s 1518 Loading weights:  52%|█████▏    | 102/197 [00:00<00:00, 1215.01it/s, Materializing param=encoder.layer.6.attention.output.LayerNorm.bias]
5611.3s 1519 Loading weights:  52%|█████▏    | 102/197 [00:00<00:00, 1213.51it/s, Materializing param=encoder.layer.6.attention.output.LayerNorm.bias]
5611.3s 1520 Loading weights:  52%|█████▏    | 103/197 [00:00<00:00, 1220.67it/s, Materializing param=encoder.layer.6.attention.output.LayerNorm.weight]
5611.3s 1521 Loading weights:  52%|█████▏    | 103/197 [00:00<00:00, 1219.35it/s, Materializing param=encoder.layer.6.attention.output.LayerNorm.weight]
5611.3s 1522 Loading weights:  53%|█████▎    | 104/197 [00:00<00:00, 1224.99it/s, Materializing param=encoder.layer.6.attention.output.dense.bias]
5611.3s 1523 Loading weights:  53%|█████▎    | 104/197 [00:00<00:00, 1223.66it/s, Materializing param=encoder.layer.6.attention.output.dense.bias]
5611.3s 1524 Loading weights:  53%|█████▎    | 105/197 [00:00<00:00, 1232.22it/s, Materializing param=encoder.layer.6.attention.output.dense.weight]
5611.3s 1525 Loading weights:  53%|█████▎    | 105/197 [00:00<00:00, 1231.13it/s, Materializing param=encoder.layer.6.attention.output.dense.weight]
5611.3s 1526 Loading weights:  54%|█████▍    | 106/197 [00:00<00:00, 1239.10it/s, Materializing param=encoder.layer.6.attention.self.key.bias]
5611.3s 1527 Loading weights:  54%|█████▍    | 106/197 [00:00<00:00, 1237.90it/s, Materializing param=encoder.layer.6.attention.self.key.bias]
5611.3s 1528 Loading weights:  54%|█████▍    | 107/197 [00:00<00:00, 1238.79it/s, Materializing param=encoder.layer.6.attention.self.key.weight]
5611.3s 1529 Loading weights:  54%|█████▍    | 107/197 [00:00<00:00, 1237.37it/s, Materializing param=encoder.layer.6.attention.self.key.weight]
5611.3s 1530 Loading weights:  55%|█████▍    | 108/197 [00:00<00:00, 1237.74it/s, Materializing param=encoder.layer.6.attention.self.query.bias]
5611.3s 1531 Loading weights:  55%|█████▍    | 108/197 [00:00<00:00, 1236.06it/s, Materializing param=encoder.layer.6.attention.self.query.bias]
5611.3s 1532 Loading weights:  55%|█████▌    | 109/197 [00:00<00:00, 1243.31it/s, Materializing param=encoder.layer.6.attention.self.query.weight]
5611.3s 1533 Loading weights:  55%|█████▌    | 109/197 [00:00<00:00, 1241.93it/s, Materializing param=encoder.layer.6.attention.self.query.weight]
5611.3s 1534 Loading weights:  56%|█████▌    | 110/197 [00:00<00:00, 1247.29it/s, Materializing param=encoder.layer.6.attention.self.value.bias]
5611.3s 1535 Loading weights:  56%|█████▌    | 110/197 [00:00<00:00, 1245.90it/s, Materializing param=encoder.layer.6.attention.self.value.bias]
5611.3s 1536 Loading weights:  56%|█████▋    | 111/197 [00:00<00:00, 1252.30it/s, Materializing param=encoder.layer.6.attention.self.value.weight]
5611.3s 1537 Loading weights:  56%|█████▋    | 111/197 [00:00<00:00, 1245.02it/s, Materializing param=encoder.layer.6.attention.self.value.weight]
5611.3s 1538 Loading weights:  57%|█████▋    | 112/197 [00:00<00:00, 1246.82it/s, Materializing param=encoder.layer.6.intermediate.dense.bias]
5611.3s 1539 Loading weights:  57%|█████▋    | 112/197 [00:00<00:00, 1245.53it/s, Materializing param=encoder.layer.6.intermediate.dense.bias]
5611.3s 1540 Loading weights:  57%|█████▋    | 113/197 [00:00<00:00, 1250.54it/s, Materializing param=encoder.layer.6.intermediate.dense.weight]
5611.3s 1541 Loading weights:  57%|█████▋    | 113/197 [00:00<00:00, 1245.66it/s, Materializing param=encoder.layer.6.intermediate.dense.weight]
5611.3s 1542 Loading weights:  58%|█████▊    | 114/197 [00:00<00:00, 1249.84it/s, Materializing param=encoder.layer.6.output.LayerNorm.bias]
5611.3s 1543 Loading weights:  58%|█████▊    | 114/197 [00:00<00:00, 1246.28it/s, Materializing param=encoder.layer.6.output.LayerNorm.bias]
5611.3s 1544 Loading weights:  58%|█████▊    | 115/197 [00:00<00:00, 1250.29it/s, Materializing param=encoder.layer.6.output.LayerNorm.weight]
5611.3s 1545 Loading weights:  58%|█████▊    | 115/197 [00:00<00:00, 1242.81it/s, Materializing param=encoder.layer.6.output.LayerNorm.weight]
5611.3s 1546 Loading weights:  59%|█████▉    | 116/197 [00:00<00:00, 1236.66it/s, Materializing param=encoder.layer.6.output.dense.bias]
5611.3s 1547 Loading weights:  59%|█████▉    | 116/197 [00:00<00:00, 1235.29it/s, Materializing param=encoder.layer.6.output.dense.bias]
5611.3s 1548 Loading weights:  59%|█████▉    | 117/197 [00:00<00:00, 1238.73it/s, Materializing param=encoder.layer.6.output.dense.weight]
5611.3s 1549 Loading weights:  59%|█████▉    | 117/197 [00:00<00:00, 1235.42it/s, Materializing param=encoder.layer.6.output.dense.weight]
5611.3s 1550 Loading weights:  60%|█████▉    | 118/197 [00:00<00:00, 1237.27it/s, Materializing param=encoder.layer.7.attention.output.LayerNorm.bias]
5611.3s 1551 Loading weights:  60%|█████▉    | 118/197 [00:00<00:00, 1234.05it/s, Materializing param=encoder.layer.7.attention.output.LayerNorm.bias]
5611.3s 1552 Loading weights:  60%|██████    | 119/197 [00:00<00:00, 1236.54it/s, Materializing param=encoder.layer.7.attention.output.LayerNorm.weight]
5611.3s 1553 Loading weights:  60%|██████    | 119/197 [00:00<00:00, 1234.76it/s, Materializing param=encoder.layer.7.attention.output.LayerNorm.weight]
5611.3s 1554 Loading weights:  61%|██████    | 120/197 [00:00<00:00, 1236.74it/s, Materializing param=encoder.layer.7.attention.output.dense.bias]
5611.3s 1555 Loading weights:  61%|██████    | 120/197 [00:00<00:00, 1234.94it/s, Materializing param=encoder.layer.7.attention.output.dense.bias]
5611.3s 1556 Loading weights:  61%|██████▏   | 121/197 [00:00<00:00, 1241.14it/s, Materializing param=encoder.layer.7.attention.output.dense.weight]
5611.3s 1557 Loading weights:  61%|██████▏   | 121/197 [00:00<00:00, 1237.05it/s, Materializing param=encoder.layer.7.attention.output.dense.weight]
5611.3s 1558 Loading weights:  62%|██████▏   | 122/197 [00:00<00:00, 1232.01it/s, Materializing param=encoder.layer.7.attention.self.key.bias]
5611.3s 1559 Loading weights:  62%|██████▏   | 122/197 [00:00<00:00, 1230.11it/s, Materializing param=encoder.layer.7.attention.self.key.bias]
5611.3s 1560 Loading weights:  62%|██████▏   | 123/197 [00:00<00:00, 1235.64it/s, Materializing param=encoder.layer.7.attention.self.key.weight]
5611.3s 1561 Loading weights:  62%|██████▏   | 123/197 [00:00<00:00, 1234.28it/s, Materializing param=encoder.layer.7.attention.self.key.weight]
5611.3s 1562 Loading weights:  63%|██████▎   | 124/197 [00:00<00:00, 1231.48it/s, Materializing param=encoder.layer.7.attention.self.key.weight]
5611.3s 1563 Loading weights:  63%|██████▎   | 124/197 [00:00<00:00, 1231.48it/s, Materializing param=encoder.layer.7.attention.self.query.bias]
5611.3s 1564 Loading weights:  63%|██████▎   | 124/197 [00:00<00:00, 1231.48it/s, Materializing param=encoder.layer.7.attention.self.query.bias]
5611.3s 1565 Loading weights:  63%|██████▎   | 125/197 [00:00<00:00, 1231.48it/s, Materializing param=encoder.layer.7.attention.self.query.weight]
5611.3s 1566 Loading weights:  63%|██████▎   | 125/197 [00:00<00:00, 1231.48it/s, Materializing param=encoder.layer.7.attention.self.query.weight]
5611.3s 1567 Loading weights:  64%|██████▍   | 126/197 [00:00<00:00, 1231.48it/s, Materializing param=encoder.layer.7.attention.self.value.bias]
5611.3s 1568 Loading weights:  64%|██████▍   | 126/197 [00:00<00:00, 1231.48it/s, Materializing param=encoder.layer.7.attention.self.value.bias]
5611.3s 1569 Loading weights:  64%|██████▍   | 127/197 [00:00<00:00, 1231.48it/s, Materializing param=encoder.layer.7.attention.self.value.weight]
5611.3s 1570 Loading weights:  64%|██████▍   | 127/197 [00:00<00:00, 1231.48it/s, Materializing param=encoder.layer.7.attention.self.value.weight]
5611.3s 1571 Loading weights:  65%|██████▍   | 128/197 [00:00<00:00, 1231.48it/s, Materializing param=encoder.layer.7.intermediate.dense.bias]
5611.3s 1572 Loading weights:  65%|██████▍   | 128/197 [00:00<00:00, 1231.48it/s, Materializing param=encoder.layer.7.intermediate.dense.bias]
5611.3s 1573 Loading weights:  65%|██████▌   | 129/197 [00:00<00:00, 1231.48it/s, Materializing param=encoder.layer.7.intermediate.dense.weight]
5611.3s 1574 Loading weights:  65%|██████▌   | 129/197 [00:00<00:00, 1231.48it/s, Materializing param=encoder.layer.7.intermediate.dense.weight]
5611.3s 1575 Loading weights:  66%|██████▌   | 130/197 [00:00<00:00, 1231.48it/s, Materializing param=encoder.layer.7.output.LayerNorm.bias]
5611.3s 1576 Loading weights:  66%|██████▌   | 130/197 [00:00<00:00, 1231.48it/s, Materializing param=encoder.layer.7.output.LayerNorm.bias]
5611.3s 1577 Loading weights:  66%|██████▋   | 131/197 [00:00<00:00, 1231.48it/s, Materializing param=encoder.layer.7.output.LayerNorm.weight]
5611.3s 1578 Loading weights:  66%|██████▋   | 131/197 [00:00<00:00, 1231.48it/s, Materializing param=encoder.layer.7.output.LayerNorm.weight]
5611.3s 1579 Loading weights:  67%|██████▋   | 132/197 [00:00<00:00, 1231.48it/s, Materializing param=encoder.layer.7.output.dense.bias]
5611.3s 1580 Loading weights:  67%|██████▋   | 132/197 [00:00<00:00, 1231.48it/s, Materializing param=encoder.layer.7.output.dense.bias]
5611.3s 1581 Loading weights:  68%|██████▊   | 133/197 [00:00<00:00, 1231.48it/s, Materializing param=encoder.layer.7.output.dense.weight]
5611.3s 1582 Loading weights:  68%|██████▊   | 133/197 [00:00<00:00, 1231.48it/s, Materializing param=encoder.layer.7.output.dense.weight]
5611.3s 1583 Loading weights:  68%|██████▊   | 134/197 [00:00<00:00, 1231.48it/s, Materializing param=encoder.layer.8.attention.output.LayerNorm.bias]
5611.3s 1584 Loading weights:  68%|██████▊   | 134/197 [00:00<00:00, 1231.48it/s, Materializing param=encoder.layer.8.attention.output.LayerNorm.bias]
5611.3s 1585 Loading weights:  69%|██████▊   | 135/197 [00:00<00:00, 1231.48it/s, Materializing param=encoder.layer.8.attention.output.LayerNorm.weight]
5611.3s 1586 Loading weights:  69%|██████▊   | 135/197 [00:00<00:00, 1231.48it/s, Materializing param=encoder.layer.8.attention.output.LayerNorm.weight]
5611.3s 1587 Loading weights:  69%|██████▉   | 136/197 [00:00<00:00, 1231.48it/s, Materializing param=encoder.layer.8.attention.output.dense.bias]
5611.3s 1588 Loading weights:  69%|██████▉   | 136/197 [00:00<00:00, 1231.48it/s, Materializing param=encoder.layer.8.attention.output.dense.bias]
5611.3s 1589 Loading weights:  70%|██████▉   | 137/197 [00:00<00:00, 1231.48it/s, Materializing param=encoder.layer.8.attention.output.dense.weight]
5611.3s 1590 Loading weights:  70%|██████▉   | 137/197 [00:00<00:00, 1231.48it/s, Materializing param=encoder.layer.8.attention.output.dense.weight]
5611.3s 1591 Loading weights:  70%|███████   | 138/197 [00:00<00:00, 1231.48it/s, Materializing param=encoder.layer.8.attention.self.key.bias]
5611.3s 1592 Loading weights:  70%|███████   | 138/197 [00:00<00:00, 1231.48it/s, Materializing param=encoder.layer.8.attention.self.key.bias]
5611.3s 1593 Loading weights:  71%|███████   | 139/197 [00:00<00:00, 1231.48it/s, Materializing param=encoder.layer.8.attention.self.key.weight]
5611.3s 1594 Loading weights:  71%|███████   | 139/197 [00:00<00:00, 1231.48it/s, Materializing param=encoder.layer.8.attention.self.key.weight]
5611.3s 1595 Loading weights:  71%|███████   | 140/197 [00:00<00:00, 1231.48it/s, Materializing param=encoder.layer.8.attention.self.query.bias]
5611.3s 1596 Loading weights:  71%|███████   | 140/197 [00:00<00:00, 1231.48it/s, Materializing param=encoder.layer.8.attention.self.query.bias]
5611.3s 1597 Loading weights:  72%|███████▏  | 141/197 [00:00<00:00, 1231.48it/s, Materializing param=encoder.layer.8.attention.self.query.weight]
5611.3s 1598 Loading weights:  72%|███████▏  | 141/197 [00:00<00:00, 1231.48it/s, Materializing param=encoder.layer.8.attention.self.query.weight]
5611.3s 1599 Loading weights:  72%|███████▏  | 142/197 [00:00<00:00, 1231.48it/s, Materializing param=encoder.layer.8.attention.self.value.bias]
5611.3s 1600 Loading weights:  72%|███████▏  | 142/197 [00:00<00:00, 1231.48it/s, Materializing param=encoder.layer.8.attention.self.value.bias]
5611.3s 1601 Loading weights:  73%|███████▎  | 143/197 [00:00<00:00, 1231.48it/s, Materializing param=encoder.layer.8.attention.self.value.weight]
5611.3s 1602 Loading weights:  73%|███████▎  | 143/197 [00:00<00:00, 1231.48it/s, Materializing param=encoder.layer.8.attention.self.value.weight]
5611.3s 1603 Loading weights:  73%|███████▎  | 144/197 [00:00<00:00, 1231.48it/s, Materializing param=encoder.layer.8.intermediate.dense.bias]
5611.3s 1604 Loading weights:  73%|███████▎  | 144/197 [00:00<00:00, 1231.48it/s, Materializing param=encoder.layer.8.intermediate.dense.bias]
5611.3s 1605 Loading weights:  74%|███████▎  | 145/197 [00:00<00:00, 1231.48it/s, Materializing param=encoder.layer.8.intermediate.dense.weight]
5611.3s 1606 Loading weights:  74%|███████▎  | 145/197 [00:00<00:00, 1231.48it/s, Materializing param=encoder.layer.8.intermediate.dense.weight]
5611.3s 1607 Loading weights:  74%|███████▍  | 146/197 [00:00<00:00, 1231.48it/s, Materializing param=encoder.layer.8.output.LayerNorm.bias]
5611.3s 1608 Loading weights:  74%|███████▍  | 146/197 [00:00<00:00, 1231.48it/s, Materializing param=encoder.layer.8.output.LayerNorm.bias]
5611.3s 1609 Loading weights:  75%|███████▍  | 147/197 [00:00<00:00, 1231.48it/s, Materializing param=encoder.layer.8.output.LayerNorm.weight]
5611.3s 1610 Loading weights:  75%|███████▍  | 147/197 [00:00<00:00, 1231.48it/s, Materializing param=encoder.layer.8.output.LayerNorm.weight]
5611.3s 1611 Loading weights:  75%|███████▌  | 148/197 [00:00<00:00, 1231.48it/s, Materializing param=encoder.layer.8.output.dense.bias]
5611.3s 1612 Loading weights:  75%|███████▌  | 148/197 [00:00<00:00, 1231.48it/s, Materializing param=encoder.layer.8.output.dense.bias]
5611.3s 1613 Loading weights:  76%|███████▌  | 149/197 [00:00<00:00, 1231.48it/s, Materializing param=encoder.layer.8.output.dense.weight]
5611.3s 1614 Loading weights:  76%|███████▌  | 149/197 [00:00<00:00, 1231.48it/s, Materializing param=encoder.layer.8.output.dense.weight]
5611.3s 1615 Loading weights:  76%|███████▌  | 150/197 [00:00<00:00, 1231.48it/s, Materializing param=encoder.layer.9.attention.output.LayerNorm.bias]
5611.3s 1616 Loading weights:  76%|███████▌  | 150/197 [00:00<00:00, 1231.48it/s, Materializing param=encoder.layer.9.attention.output.LayerNorm.bias]
5611.3s 1617 Loading weights:  77%|███████▋  | 151/197 [00:00<00:00, 1231.48it/s, Materializing param=encoder.layer.9.attention.output.LayerNorm.weight]
5611.3s 1618 Loading weights:  77%|███████▋  | 151/197 [00:00<00:00, 1231.48it/s, Materializing param=encoder.layer.9.attention.output.LayerNorm.weight]
5611.3s 1619 Loading weights:  77%|███████▋  | 152/197 [00:00<00:00, 1231.48it/s, Materializing param=encoder.layer.9.attention.output.dense.bias]
5611.3s 1620 Loading weights:  77%|███████▋  | 152/197 [00:00<00:00, 1231.48it/s, Materializing param=encoder.layer.9.attention.output.dense.bias]
5611.3s 1621 Loading weights:  78%|███████▊  | 153/197 [00:00<00:00, 1231.48it/s, Materializing param=encoder.layer.9.attention.output.dense.weight]
5611.3s 1622 Loading weights:  78%|███████▊  | 153/197 [00:00<00:00, 1231.48it/s, Materializing param=encoder.layer.9.attention.output.dense.weight]
5611.3s 1623 Loading weights:  78%|███████▊  | 154/197 [00:00<00:00, 1231.48it/s, Materializing param=encoder.layer.9.attention.self.key.bias]
5611.3s 1624 Loading weights:  78%|███████▊  | 154/197 [00:00<00:00, 1231.48it/s, Materializing param=encoder.layer.9.attention.self.key.bias]
5611.3s 1625 Loading weights:  79%|███████▊  | 155/197 [00:00<00:00, 1231.48it/s, Materializing param=encoder.layer.9.attention.self.key.weight]
5611.3s 1626 Loading weights:  79%|███████▊  | 155/197 [00:00<00:00, 1231.48it/s, Materializing param=encoder.layer.9.attention.self.key.weight]
5611.3s 1627 Loading weights:  79%|███████▉  | 156/197 [00:00<00:00, 1231.48it/s, Materializing param=encoder.layer.9.attention.self.query.bias]
5611.3s 1628 Loading weights:  79%|███████▉  | 156/197 [00:00<00:00, 1231.48it/s, Materializing param=encoder.layer.9.attention.self.query.bias]
5611.3s 1629 Loading weights:  80%|███████▉  | 157/197 [00:00<00:00, 1231.48it/s, Materializing param=encoder.layer.9.attention.self.query.weight]
5611.3s 1630 Loading weights:  80%|███████▉  | 157/197 [00:00<00:00, 1231.48it/s, Materializing param=encoder.layer.9.attention.self.query.weight]
5611.3s 1631 Loading weights:  80%|████████  | 158/197 [00:00<00:00, 1231.48it/s, Materializing param=encoder.layer.9.attention.self.value.bias]
5611.3s 1632 Loading weights:  80%|████████  | 158/197 [00:00<00:00, 1231.48it/s, Materializing param=encoder.layer.9.attention.self.value.bias]
5611.3s 1633 Loading weights:  81%|████████  | 159/197 [00:00<00:00, 1231.48it/s, Materializing param=encoder.layer.9.attention.self.value.weight]
5611.3s 1634 Loading weights:  81%|████████  | 159/197 [00:00<00:00, 1231.48it/s, Materializing param=encoder.layer.9.attention.self.value.weight]
5611.3s 1635 Loading weights:  81%|████████  | 160/197 [00:00<00:00, 1231.48it/s, Materializing param=encoder.layer.9.intermediate.dense.bias]
5611.3s 1636 Loading weights:  81%|████████  | 160/197 [00:00<00:00, 1231.48it/s, Materializing param=encoder.layer.9.intermediate.dense.bias]
5611.3s 1637 Loading weights:  82%|████████▏ | 161/197 [00:00<00:00, 1231.48it/s, Materializing param=encoder.layer.9.intermediate.dense.weight]
5611.3s 1638 Loading weights:  82%|████████▏ | 161/197 [00:00<00:00, 1231.48it/s, Materializing param=encoder.layer.9.intermediate.dense.weight]
5611.3s 1639 Loading weights:  82%|████████▏ | 162/197 [00:00<00:00, 1231.48it/s, Materializing param=encoder.layer.9.output.LayerNorm.bias]
5611.3s 1640 Loading weights:  82%|████████▏ | 162/197 [00:00<00:00, 1231.48it/s, Materializing param=encoder.layer.9.output.LayerNorm.bias]
5611.3s 1641 Loading weights:  83%|████████▎ | 163/197 [00:00<00:00, 1231.48it/s, Materializing param=encoder.layer.9.output.LayerNorm.weight]
5611.3s 1642 Loading weights:  83%|████████▎ | 163/197 [00:00<00:00, 1231.48it/s, Materializing param=encoder.layer.9.output.LayerNorm.weight]
5611.3s 1643 Loading weights:  83%|████████▎ | 164/197 [00:00<00:00, 1231.48it/s, Materializing param=encoder.layer.9.output.dense.bias]
5611.3s 1644 Loading weights:  83%|████████▎ | 164/197 [00:00<00:00, 1231.48it/s, Materializing param=encoder.layer.9.output.dense.bias]
5611.3s 1645 Loading weights:  84%|████████▍ | 165/197 [00:00<00:00, 1231.48it/s, Materializing param=encoder.layer.9.output.dense.weight]
5611.3s 1646 Loading weights:  84%|████████▍ | 165/197 [00:00<00:00, 1231.48it/s, Materializing param=encoder.layer.9.output.dense.weight]
5611.3s 1647 Loading weights:  84%|████████▍ | 166/197 [00:00<00:00, 1231.48it/s, Materializing param=encoder.layer.10.attention.output.LayerNorm.bias]
5611.3s 1648 Loading weights:  84%|████████▍ | 166/197 [00:00<00:00, 1231.48it/s, Materializing param=encoder.layer.10.attention.output.LayerNorm.bias]
5611.3s 1649 Loading weights:  85%|████████▍ | 167/197 [00:00<00:00, 1231.48it/s, Materializing param=encoder.layer.10.attention.output.LayerNorm.weight]
5611.3s 1650 Loading weights:  85%|████████▍ | 167/197 [00:00<00:00, 1231.48it/s, Materializing param=encoder.layer.10.attention.output.LayerNorm.weight]
5611.3s 1651 Loading weights:  85%|████████▌ | 168/197 [00:00<00:00, 1231.48it/s, Materializing param=encoder.layer.10.attention.output.dense.bias]
5611.3s 1652 Loading weights:  85%|████████▌ | 168/197 [00:00<00:00, 1231.48it/s, Materializing param=encoder.layer.10.attention.output.dense.bias]
5611.3s 1653 Loading weights:  86%|████████▌ | 169/197 [00:00<00:00, 1231.48it/s, Materializing param=encoder.layer.10.attention.output.dense.weight]
5611.3s 1654 Loading weights:  86%|████████▌ | 169/197 [00:00<00:00, 1231.48it/s, Materializing param=encoder.layer.10.attention.output.dense.weight]
5611.3s 1655 Loading weights:  86%|████████▋ | 170/197 [00:00<00:00, 1231.48it/s, Materializing param=encoder.layer.10.attention.self.key.bias]
5611.3s 1656 Loading weights:  86%|████████▋ | 170/197 [00:00<00:00, 1231.48it/s, Materializing param=encoder.layer.10.attention.self.key.bias]
5611.3s 1657 Loading weights:  87%|████████▋ | 171/197 [00:00<00:00, 1231.48it/s, Materializing param=encoder.layer.10.attention.self.key.weight]
5611.3s 1658 Loading weights:  87%|████████▋ | 171/197 [00:00<00:00, 1231.48it/s, Materializing param=encoder.layer.10.attention.self.key.weight]
5611.3s 1659 Loading weights:  87%|████████▋ | 172/197 [00:00<00:00, 1231.48it/s, Materializing param=encoder.layer.10.attention.self.query.bias]
5611.3s 1660 Loading weights:  87%|████████▋ | 172/197 [00:00<00:00, 1231.48it/s, Materializing param=encoder.layer.10.attention.self.query.bias]
5611.3s 1661 Loading weights:  88%|████████▊ | 173/197 [00:00<00:00, 1231.48it/s, Materializing param=encoder.layer.10.attention.self.query.weight]
5611.3s 1662 Loading weights:  88%|████████▊ | 173/197 [00:00<00:00, 1231.48it/s, Materializing param=encoder.layer.10.attention.self.query.weight]
5611.3s 1663 Loading weights:  88%|████████▊ | 174/197 [00:00<00:00, 1231.48it/s, Materializing param=encoder.layer.10.attention.self.value.bias]
5611.3s 1664 Loading weights:  88%|████████▊ | 174/197 [00:00<00:00, 1231.48it/s, Materializing param=encoder.layer.10.attention.self.value.bias]
5611.3s 1665 Loading weights:  89%|████████▉ | 175/197 [00:00<00:00, 1231.48it/s, Materializing param=encoder.layer.10.attention.self.value.weight]
5611.3s 1666 Loading weights:  89%|████████▉ | 175/197 [00:00<00:00, 1231.48it/s, Materializing param=encoder.layer.10.attention.self.value.weight]
5611.3s 1667 Loading weights:  89%|████████▉ | 176/197 [00:00<00:00, 1231.48it/s, Materializing param=encoder.layer.10.intermediate.dense.bias]
5611.3s 1668 Loading weights:  89%|████████▉ | 176/197 [00:00<00:00, 1231.48it/s, Materializing param=encoder.layer.10.intermediate.dense.bias]
5611.3s 1669 Loading weights:  90%|████████▉ | 177/197 [00:00<00:00, 1231.48it/s, Materializing param=encoder.layer.10.intermediate.dense.weight]
5611.3s 1670 Loading weights:  90%|████████▉ | 177/197 [00:00<00:00, 1231.48it/s, Materializing param=encoder.layer.10.intermediate.dense.weight]
5611.3s 1671 Loading weights:  90%|█████████ | 178/197 [00:00<00:00, 1231.48it/s, Materializing param=encoder.layer.10.output.LayerNorm.bias]
5611.3s 1672 Loading weights:  90%|█████████ | 178/197 [00:00<00:00, 1231.48it/s, Materializing param=encoder.layer.10.output.LayerNorm.bias]
5611.3s 1673 Loading weights:  91%|█████████ | 179/197 [00:00<00:00, 1231.48it/s, Materializing param=encoder.layer.10.output.LayerNorm.weight]
5611.3s 1674 Loading weights:  91%|█████████ | 179/197 [00:00<00:00, 1231.48it/s, Materializing param=encoder.layer.10.output.LayerNorm.weight]
5611.3s 1675 Loading weights:  91%|█████████▏| 180/197 [00:00<00:00, 1231.48it/s, Materializing param=encoder.layer.10.output.dense.bias]
5611.3s 1676 Loading weights:  91%|█████████▏| 180/197 [00:00<00:00, 1231.48it/s, Materializing param=encoder.layer.10.output.dense.bias]
5611.3s 1677 Loading weights:  92%|█████████▏| 181/197 [00:00<00:00, 1231.48it/s, Materializing param=encoder.layer.10.output.dense.weight]
5611.3s 1678 Loading weights:  92%|█████████▏| 181/197 [00:00<00:00, 1231.48it/s, Materializing param=encoder.layer.10.output.dense.weight]
5611.3s 1679 Loading weights:  92%|█████████▏| 182/197 [00:00<00:00, 1231.48it/s, Materializing param=encoder.layer.11.attention.output.LayerNorm.bias]
5611.3s 1680 Loading weights:  92%|█████████▏| 182/197 [00:00<00:00, 1231.48it/s, Materializing param=encoder.layer.11.attention.output.LayerNorm.bias]
5611.3s 1681 Loading weights:  93%|█████████▎| 183/197 [00:00<00:00, 1231.48it/s, Materializing param=encoder.layer.11.attention.output.LayerNorm.weight]
5611.3s 1682 Loading weights:  93%|█████████▎| 183/197 [00:00<00:00, 1231.48it/s, Materializing param=encoder.layer.11.attention.output.LayerNorm.weight]
5611.3s 1683 Loading weights:  93%|█████████▎| 184/197 [00:00<00:00, 1231.48it/s, Materializing param=encoder.layer.11.attention.output.dense.bias]
5611.3s 1684 Loading weights:  93%|█████████▎| 184/197 [00:00<00:00, 1231.48it/s, Materializing param=encoder.layer.11.attention.output.dense.bias]
5611.3s 1685 Loading weights:  94%|█████████▍| 185/197 [00:00<00:00, 1231.48it/s, Materializing param=encoder.layer.11.attention.output.dense.weight]
5611.3s 1686 Loading weights:  94%|█████████▍| 185/197 [00:00<00:00, 1231.48it/s, Materializing param=encoder.layer.11.attention.output.dense.weight]
5611.3s 1687 Loading weights:  94%|█████████▍| 186/197 [00:00<00:00, 1231.48it/s, Materializing param=encoder.layer.11.attention.self.key.bias]
5611.3s 1688 Loading weights:  94%|█████████▍| 186/197 [00:00<00:00, 1231.48it/s, Materializing param=encoder.layer.11.attention.self.key.bias]
5611.3s 1689 Loading weights:  95%|█████████▍| 187/197 [00:00<00:00, 1231.48it/s, Materializing param=encoder.layer.11.attention.self.key.weight]
5611.3s 1690 Loading weights:  95%|█████████▍| 187/197 [00:00<00:00, 1231.48it/s, Materializing param=encoder.layer.11.attention.self.key.weight]
5611.3s 1691 Loading weights:  95%|█████████▌| 188/197 [00:00<00:00, 1231.48it/s, Materializing param=encoder.layer.11.attention.self.query.bias]
5611.3s 1692 Loading weights:  95%|█████████▌| 188/197 [00:00<00:00, 1231.48it/s, Materializing param=encoder.layer.11.attention.self.query.bias]
5611.3s 1693 Loading weights:  96%|█████████▌| 189/197 [00:00<00:00, 1231.48it/s, Materializing param=encoder.layer.11.attention.self.query.weight]
5611.3s 1694 Loading weights:  96%|█████████▌| 189/197 [00:00<00:00, 1231.48it/s, Materializing param=encoder.layer.11.attention.self.query.weight]
5611.3s 1695 Loading weights:  96%|█████████▋| 190/197 [00:00<00:00, 1231.48it/s, Materializing param=encoder.layer.11.attention.self.value.bias]
5611.3s 1696 Loading weights:  96%|█████████▋| 190/197 [00:00<00:00, 1231.48it/s, Materializing param=encoder.layer.11.attention.self.value.bias]
5611.3s 1697 Loading weights:  97%|█████████▋| 191/197 [00:00<00:00, 1231.48it/s, Materializing param=encoder.layer.11.attention.self.value.weight]
5611.3s 1698 Loading weights:  97%|█████████▋| 191/197 [00:00<00:00, 1231.48it/s, Materializing param=encoder.layer.11.attention.self.value.weight]
5611.3s 1699 Loading weights:  97%|█████████▋| 192/197 [00:00<00:00, 1231.48it/s, Materializing param=encoder.layer.11.intermediate.dense.bias]
5611.3s 1700 Loading weights:  97%|█████████▋| 192/197 [00:00<00:00, 1231.48it/s, Materializing param=encoder.layer.11.intermediate.dense.bias]
5611.3s 1701 Loading weights:  98%|█████████▊| 193/197 [00:00<00:00, 1231.48it/s, Materializing param=encoder.layer.11.intermediate.dense.weight]
5611.3s 1702 Loading weights:  98%|█████████▊| 193/197 [00:00<00:00, 1231.48it/s, Materializing param=encoder.layer.11.intermediate.dense.weight]
5611.3s 1703 Loading weights:  98%|█████████▊| 194/197 [00:00<00:00, 1231.48it/s, Materializing param=encoder.layer.11.output.LayerNorm.bias]
5611.3s 1704 Loading weights:  98%|█████████▊| 194/197 [00:00<00:00, 1231.48it/s, Materializing param=encoder.layer.11.output.LayerNorm.bias]
5611.3s 1705 Loading weights:  99%|█████████▉| 195/197 [00:00<00:00, 1231.48it/s, Materializing param=encoder.layer.11.output.LayerNorm.weight]
5611.3s 1706 Loading weights:  99%|█████████▉| 195/197 [00:00<00:00, 1231.48it/s, Materializing param=encoder.layer.11.output.LayerNorm.weight]
5611.3s 1707 Loading weights:  99%|█████████▉| 196/197 [00:00<00:00, 1231.48it/s, Materializing param=encoder.layer.11.output.dense.bias]
5611.3s 1708 Loading weights:  99%|█████████▉| 196/197 [00:00<00:00, 1231.48it/s, Materializing param=encoder.layer.11.output.dense.bias]
5611.3s 1709 Loading weights: 100%|██████████| 197/197 [00:00<00:00, 1231.48it/s, Materializing param=encoder.layer.11.output.dense.weight]
5611.3s 1710 Loading weights: 100%|██████████| 197/197 [00:00<00:00, 1231.48it/s, Materializing param=encoder.layer.11.output.dense.weight]
5611.3s 1711 Loading weights: 100%|██████████| 197/197 [00:00<00:00, 1697.93it/s, Materializing param=encoder.layer.11.output.dense.weight]
5611.3s 1712 BertModel LOAD REPORT from: artifacts/runs/tapt-d0v0-rdrop-full
5611.3s 1713 Key                                        | Status     |
5611.3s 1714 -------------------------------------------+------------+-
5611.3s 1715 cls.predictions.decoder.weight             | UNEXPECTED |
5611.3s 1716 cls.predictions.transform.LayerNorm.weight | UNEXPECTED |
5611.3s 1717 cls.predictions.transform.dense.weight     | UNEXPECTED |
5611.3s 1718 cls.predictions.bias                       | UNEXPECTED |
5611.3s 1719 cls.predictions.transform.LayerNorm.bias   | UNEXPECTED |
5611.3s 1720 cls.predictions.transform.dense.bias       | UNEXPECTED |
5611.3s 1721 cls.predictions.decoder.bias               | UNEXPECTED |
5611.3s 1722 pooler.dense.weight                        | MISSING    |
5611.3s 1723 pooler.dense.bias                          | MISSING    |
5611.3s 1724 
5611.3s 1725 Notes:
5611.3s 1726 - UNEXPECTED	:can be ignored when loading from different task/architecture; not ok if you expect identical arch.
5611.3s 1727 - MISSING	:those params were newly initialized because missing from the checkpoint. Consider training on your downstream task.
5836.7s 1728 [s44full] ep1 done 3.7min  no val
6063.0s 1729 [s44full] ep2 done 3.8min  no val
6288.7s 1730 [s44full] ep3 done 3.8min  no val
6514.9s 1731 [s44full] ep4 done 3.8min  no val
6739.7s 1732 [s44full] ep5 done 3.7min  no val
6967.4s 1733 [s44full] ep6 197/197 loss 0.7909   no val (1.16s/step)
6967.4s 1734 [s44full] ep6 done 3.8min  no val
6967.4s 1735 [s44full] trained on every row; final checkpoint taken, no score
6967.4s 1736 ===== seed 45 FULL FIT, 3159 rows, no validation =====
6967.4s 1737 
6967.4s 1738 Loading weights:   0%|          | 0/197 [00:00<?, ?it/s]
6967.4s 1739 Loading weights:   1%|          | 1/197 [00:00<00:00, 21399.51it/s, Materializing param=embeddings.LayerNorm.bias]
6967.4s 1740 Loading weights:   1%|          | 1/197 [00:00<00:00, 1188.86it/s, Materializing param=embeddings.LayerNorm.bias]
6967.4s 1741 Loading weights:   1%|          | 2/197 [00:00<00:00, 1113.73it/s, Materializing param=embeddings.LayerNorm.weight]
6967.4s 1742 Loading weights:   1%|          | 2/197 [00:00<00:00, 954.66it/s, Materializing param=embeddings.LayerNorm.weight]
6967.4s 1743 Loading weights:   2%|▏         | 3/197 [00:00<00:00, 1155.56it/s, Materializing param=embeddings.position_embeddings.weight]
6967.4s 1744 Loading weights:   2%|▏         | 3/197 [00:00<00:00, 990.31it/s, Materializing param=embeddings.position_embeddings.weight]
6967.4s 1745 Loading weights:   2%|▏         | 4/197 [00:00<00:00, 954.39it/s, Materializing param=embeddings.token_type_embeddings.weight]
6967.4s 1746 Loading weights:   2%|▏         | 4/197 [00:00<00:00, 927.43it/s, Materializing param=embeddings.token_type_embeddings.weight]
6967.4s 1747 Loading weights:   3%|▎         | 5/197 [00:00<00:00, 1084.70it/s, Materializing param=embeddings.word_embeddings.weight]
6967.4s 1748 Loading weights:   3%|▎         | 5/197 [00:00<00:00, 1031.76it/s, Materializing param=embeddings.word_embeddings.weight]
6967.4s 1749 Loading weights:   3%|▎         | 6/197 [00:00<00:00, 1105.75it/s, Materializing param=encoder.layer.0.attention.output.LayerNorm.bias]
6967.4s 1750 Loading weights:   3%|▎         | 6/197 [00:00<00:00, 1078.87it/s, Materializing param=encoder.layer.0.attention.output.LayerNorm.bias]
6967.4s 1751 Loading weights:   4%|▎         | 7/197 [00:00<00:00, 1106.80it/s, Materializing param=encoder.layer.0.attention.output.LayerNorm.weight]
6967.4s 1752 Loading weights:   4%|▎         | 7/197 [00:00<00:00, 1089.67it/s, Materializing param=encoder.layer.0.attention.output.LayerNorm.weight]
6967.4s 1753 Loading weights:   4%|▍         | 8/197 [00:00<00:00, 1184.83it/s, Materializing param=encoder.layer.0.attention.output.dense.bias]
6967.4s 1754 Loading weights:   4%|▍         | 8/197 [00:00<00:00, 1045.34it/s, Materializing param=encoder.layer.0.attention.output.dense.bias]
6967.4s 1755 Loading weights:   5%|▍         | 9/197 [00:00<00:00, 1013.01it/s, Materializing param=encoder.layer.0.attention.output.dense.weight]
6967.4s 1756 Loading weights:   5%|▍         | 9/197 [00:00<00:00, 953.18it/s, Materializing param=encoder.layer.0.attention.output.dense.weight]
6967.4s 1757 Loading weights:   5%|▌         | 10/197 [00:00<00:00, 1004.07it/s, Materializing param=encoder.layer.0.attention.self.key.bias]
6967.4s 1758 Loading weights:   5%|▌         | 10/197 [00:00<00:00, 989.97it/s, Materializing param=encoder.layer.0.attention.self.key.bias]
6967.4s 1759 Loading weights:   6%|▌         | 11/197 [00:00<00:00, 1007.06it/s, Materializing param=encoder.layer.0.attention.self.key.weight]
6967.4s 1760 Loading weights:   6%|▌         | 11/197 [00:00<00:00, 991.58it/s, Materializing param=encoder.layer.0.attention.self.key.weight]
6967.4s 1761 Loading weights:   6%|▌         | 12/197 [00:00<00:00, 1038.32it/s, Materializing param=encoder.layer.0.attention.self.query.bias]
6967.4s 1762 Loading weights:   6%|▌         | 12/197 [00:00<00:00, 1027.13it/s, Materializing param=encoder.layer.0.attention.self.query.bias]
6967.4s 1763 Loading weights:   7%|▋         | 13/197 [00:00<00:00, 906.50it/s, Materializing param=encoder.layer.0.attention.self.query.weight]
6967.4s 1764 Loading weights:   7%|▋         | 13/197 [00:00<00:00, 851.41it/s, Materializing param=encoder.layer.0.attention.self.query.weight]
6967.4s 1765 Loading weights:   7%|▋         | 14/197 [00:00<00:00, 888.68it/s, Materializing param=encoder.layer.0.attention.self.value.bias]
6967.4s 1766 Loading weights:   7%|▋         | 14/197 [00:00<00:00, 881.29it/s, Materializing param=encoder.layer.0.attention.self.value.bias]
6967.4s 1767 Loading weights:   8%|▊         | 15/197 [00:00<00:00, 885.72it/s, Materializing param=encoder.layer.0.attention.self.value.weight]
6967.4s 1768 Loading weights:   8%|▊         | 15/197 [00:00<00:00, 876.83it/s, Materializing param=encoder.layer.0.attention.self.value.weight]
6967.4s 1769 Loading weights:   8%|▊         | 16/197 [00:00<00:00, 918.17it/s, Materializing param=encoder.layer.0.intermediate.dense.bias]
6967.4s 1770 Loading weights:   8%|▊         | 16/197 [00:00<00:00, 912.43it/s, Materializing param=encoder.layer.0.intermediate.dense.bias]
6967.4s 1771 Loading weights:   9%|▊         | 17/197 [00:00<00:00, 937.56it/s, Materializing param=encoder.layer.0.intermediate.dense.weight]
6967.4s 1772 Loading weights:   9%|▊         | 17/197 [00:00<00:00, 921.50it/s, Materializing param=encoder.layer.0.intermediate.dense.weight]
6967.4s 1773 Loading weights:   9%|▉         | 18/197 [00:00<00:00, 946.13it/s, Materializing param=encoder.layer.0.output.LayerNorm.bias]
6967.4s 1774 Loading weights:   9%|▉         | 18/197 [00:00<00:00, 940.57it/s, Materializing param=encoder.layer.0.output.LayerNorm.bias]
6967.4s 1775 Loading weights:  10%|▉         | 19/197 [00:00<00:00, 965.18it/s, Materializing param=encoder.layer.0.output.LayerNorm.weight]
6967.4s 1776 Loading weights:  10%|▉         | 19/197 [00:00<00:00, 959.89it/s, Materializing param=encoder.layer.0.output.LayerNorm.weight]
6967.4s 1777 Loading weights:  10%|█         | 20/197 [00:00<00:00, 992.18it/s, Materializing param=encoder.layer.0.output.dense.bias]
6967.4s 1778 Loading weights:  10%|█         | 20/197 [00:00<00:00, 987.70it/s, Materializing param=encoder.layer.0.output.dense.bias]
6967.4s 1779 Loading weights:  11%|█         | 21/197 [00:00<00:00, 1021.04it/s, Materializing param=encoder.layer.0.output.dense.weight]
6967.4s 1780 Loading weights:  11%|█         | 21/197 [00:00<00:00, 1015.27it/s, Materializing param=encoder.layer.0.output.dense.weight]
6967.4s 1781 Loading weights:  11%|█         | 22/197 [00:00<00:00, 1048.96it/s, Materializing param=encoder.layer.1.attention.output.LayerNorm.bias]
6967.4s 1782 Loading weights:  11%|█         | 22/197 [00:00<00:00, 1040.34it/s, Materializing param=encoder.layer.1.attention.output.LayerNorm.bias]
6967.4s 1783 Loading weights:  12%|█▏        | 23/197 [00:00<00:00, 988.36it/s, Materializing param=encoder.layer.1.attention.output.LayerNorm.weight]
6967.4s 1784 Loading weights:  12%|█▏        | 23/197 [00:00<00:00, 982.50it/s, Materializing param=encoder.layer.1.attention.output.LayerNorm.weight]
6967.4s 1785 Loading weights:  12%|█▏        | 24/197 [00:00<00:00, 1009.01it/s, Materializing param=encoder.layer.1.attention.output.dense.bias]
6967.4s 1786 Loading weights:  12%|█▏        | 24/197 [00:00<00:00, 1004.14it/s, Materializing param=encoder.layer.1.attention.output.dense.bias]
6967.4s 1787 Loading weights:  13%|█▎        | 25/197 [00:00<00:00, 1029.52it/s, Materializing param=encoder.layer.1.attention.output.dense.weight]
6967.4s 1788 Loading weights:  13%|█▎        | 25/197 [00:00<00:00, 1012.56it/s, Materializing param=encoder.layer.1.attention.output.dense.weight]
6967.4s 1789 Loading weights:  13%|█▎        | 26/197 [00:00<00:00, 1025.92it/s, Materializing param=encoder.layer.1.attention.self.key.bias]
6967.4s 1790 Loading weights:  13%|█▎        | 26/197 [00:00<00:00, 1004.85it/s, Materializing param=encoder.layer.1.attention.self.key.bias]
6967.4s 1791 Loading weights:  14%|█▎        | 27/197 [00:00<00:00, 1027.36it/s, Materializing param=encoder.layer.1.attention.self.key.weight]
6967.4s 1792 Loading weights:  14%|█▎        | 27/197 [00:00<00:00, 1010.83it/s, Materializing param=encoder.layer.1.attention.self.key.weight]
6967.4s 1793 Loading weights:  14%|█▍        | 28/197 [00:00<00:00, 1033.18it/s, Materializing param=encoder.layer.1.attention.self.query.bias]
6967.4s 1794 Loading weights:  14%|█▍        | 28/197 [00:00<00:00, 1028.50it/s, Materializing param=encoder.layer.1.attention.self.query.bias]
6967.4s 1795 Loading weights:  15%|█▍        | 29/197 [00:00<00:00, 1033.43it/s, Materializing param=encoder.layer.1.attention.self.query.weight]
6967.4s 1796 Loading weights:  15%|█▍        | 29/197 [00:00<00:00, 1023.28it/s, Materializing param=encoder.layer.1.attention.self.query.weight]
6967.4s 1797 Loading weights:  15%|█▌        | 30/197 [00:00<00:00, 1025.00it/s, Materializing param=encoder.layer.1.attention.self.value.bias]
6967.4s 1798 Loading weights:  15%|█▌        | 30/197 [00:00<00:00, 1020.12it/s, Materializing param=encoder.layer.1.attention.self.value.bias]
6967.4s 1799 Loading weights:  16%|█▌        | 31/197 [00:00<00:00, 1035.62it/s, Materializing param=encoder.layer.1.attention.self.value.weight]
6967.4s 1800 Loading weights:  16%|█▌        | 31/197 [00:00<00:00, 1008.84it/s, Materializing param=encoder.layer.1.attention.self.value.weight]
6967.6s 1801 Loading weights:  16%|█▌        | 32/197 [00:00<00:00, 1014.60it/s, Materializing param=encoder.layer.1.intermediate.dense.bias]
6967.6s 1802 Loading weights:  16%|█▌        | 32/197 [00:00<00:00, 1003.21it/s, Materializing param=encoder.layer.1.intermediate.dense.bias]
6967.6s 1803 Loading weights:  17%|█▋        | 33/197 [00:00<00:00, 995.10it/s, Materializing param=encoder.layer.1.intermediate.dense.weight]
6967.6s 1804 Loading weights:  17%|█▋        | 33/197 [00:00<00:00, 989.52it/s, Materializing param=encoder.layer.1.intermediate.dense.weight]
6967.6s 1805 Loading weights:  17%|█▋        | 34/197 [00:00<00:00, 999.35it/s, Materializing param=encoder.layer.1.output.LayerNorm.bias]
6967.6s 1806 Loading weights:  17%|█▋        | 34/197 [00:00<00:00, 994.85it/s, Materializing param=encoder.layer.1.output.LayerNorm.bias]
6967.6s 1807 Loading weights:  18%|█▊        | 35/197 [00:00<00:00, 998.94it/s, Materializing param=encoder.layer.1.output.LayerNorm.weight]
6967.6s 1808 Loading weights:  18%|█▊        | 35/197 [00:00<00:00, 994.36it/s, Materializing param=encoder.layer.1.output.LayerNorm.weight]
6967.6s 1809 Loading weights:  18%|█▊        | 36/197 [00:00<00:00, 994.95it/s, Materializing param=encoder.layer.1.output.dense.bias]
6967.6s 1810 Loading weights:  18%|█▊        | 36/197 [00:00<00:00, 991.03it/s, Materializing param=encoder.layer.1.output.dense.bias]
6967.6s 1811 Loading weights:  19%|█▉        | 37/197 [00:00<00:00, 967.60it/s, Materializing param=encoder.layer.1.output.dense.weight]
6967.6s 1812 Loading weights:  19%|█▉        | 37/197 [00:00<00:00, 951.42it/s, Materializing param=encoder.layer.1.output.dense.weight]
6967.6s 1813 Loading weights:  19%|█▉        | 38/197 [00:00<00:00, 954.37it/s, Materializing param=encoder.layer.2.attention.output.LayerNorm.bias]
6967.6s 1814 Loading weights:  19%|█▉        | 38/197 [00:00<00:00, 948.69it/s, Materializing param=encoder.layer.2.attention.output.LayerNorm.bias]
6967.6s 1815 Loading weights:  20%|█▉        | 39/197 [00:00<00:00, 944.67it/s, Materializing param=encoder.layer.2.attention.output.LayerNorm.weight]
6967.6s 1816 Loading weights:  20%|█▉        | 39/197 [00:00<00:00, 941.10it/s, Materializing param=encoder.layer.2.attention.output.LayerNorm.weight]
6967.6s 1817 Loading weights:  20%|██        | 40/197 [00:00<00:00, 953.37it/s, Materializing param=encoder.layer.2.attention.output.dense.bias]
6967.6s 1818 Loading weights:  20%|██        | 40/197 [00:00<00:00, 949.66it/s, Materializing param=encoder.layer.2.attention.output.dense.bias]
6967.6s 1819 Loading weights:  21%|██        | 41/197 [00:00<00:00, 966.07it/s, Materializing param=encoder.layer.2.attention.output.dense.weight]
6967.6s 1820 Loading weights:  21%|██        | 41/197 [00:00<00:00, 963.19it/s, Materializing param=encoder.layer.2.attention.output.dense.weight]
6967.6s 1821 Loading weights:  21%|██▏       | 42/197 [00:00<00:00, 979.81it/s, Materializing param=encoder.layer.2.attention.self.key.bias]
6967.6s 1822 Loading weights:  21%|██▏       | 42/197 [00:00<00:00, 976.65it/s, Materializing param=encoder.layer.2.attention.self.key.bias]
6967.6s 1823 Loading weights:  22%|██▏       | 43/197 [00:00<00:00, 982.10it/s, Materializing param=encoder.layer.2.attention.self.key.weight]
6967.6s 1824 Loading weights:  22%|██▏       | 43/197 [00:00<00:00, 975.45it/s, Materializing param=encoder.layer.2.attention.self.key.weight]
6967.6s 1825 Loading weights:  22%|██▏       | 44/197 [00:00<00:00, 986.43it/s, Materializing param=encoder.layer.2.attention.self.query.bias]
6967.6s 1826 Loading weights:  22%|██▏       | 44/197 [00:00<00:00, 975.14it/s, Materializing param=encoder.layer.2.attention.self.query.bias]
6967.6s 1827 Loading weights:  23%|██▎       | 45/197 [00:00<00:00, 983.59it/s, Materializing param=encoder.layer.2.attention.self.query.weight]
6967.6s 1828 Loading weights:  23%|██▎       | 45/197 [00:00<00:00, 980.66it/s, Materializing param=encoder.layer.2.attention.self.query.weight]
6967.6s 1829 Loading weights:  23%|██▎       | 46/197 [00:00<00:00, 991.65it/s, Materializing param=encoder.layer.2.attention.self.value.bias]
6967.6s 1830 Loading weights:  23%|██▎       | 46/197 [00:00<00:00, 988.75it/s, Materializing param=encoder.layer.2.attention.self.value.bias]
6967.6s 1831 Loading weights:  24%|██▍       | 47/197 [00:00<00:00, 986.83it/s, Materializing param=encoder.layer.2.attention.self.value.weight]
6967.6s 1832 Loading weights:  24%|██▍       | 47/197 [00:00<00:00, 972.23it/s, Materializing param=encoder.layer.2.attention.self.value.weight]
6967.6s 1833 Loading weights:  24%|██▍       | 48/197 [00:00<00:00, 977.93it/s, Materializing param=encoder.layer.2.intermediate.dense.bias]
6967.6s 1834 Loading weights:  24%|██▍       | 48/197 [00:00<00:00, 966.99it/s, Materializing param=encoder.layer.2.intermediate.dense.bias]
6967.6s 1835 Loading weights:  25%|██▍       | 49/197 [00:00<00:00, 942.85it/s, Materializing param=encoder.layer.2.intermediate.dense.weight]
6967.6s 1836 Loading weights:  25%|██▍       | 49/197 [00:00<00:00, 932.77it/s, Materializing param=encoder.layer.2.intermediate.dense.weight]
6967.6s 1837 Loading weights:  25%|██▌       | 50/197 [00:00<00:00, 945.40it/s, Materializing param=encoder.layer.2.output.LayerNorm.bias]
6967.6s 1838 Loading weights:  25%|██▌       | 50/197 [00:00<00:00, 934.42it/s, Materializing param=encoder.layer.2.output.LayerNorm.bias]
6967.6s 1839 Loading weights:  26%|██▌       | 51/197 [00:00<00:00, 946.26it/s, Materializing param=encoder.layer.2.output.LayerNorm.weight]
6967.6s 1840 Loading weights:  26%|██▌       | 51/197 [00:00<00:00, 941.94it/s, Materializing param=encoder.layer.2.output.LayerNorm.weight]
6967.6s 1841 Loading weights:  26%|██▋       | 52/197 [00:00<00:00, 941.96it/s, Materializing param=encoder.layer.2.output.dense.bias]
6967.6s 1842 Loading weights:  26%|██▋       | 52/197 [00:00<00:00, 940.32it/s, Materializing param=encoder.layer.2.output.dense.bias]
6967.6s 1843 Loading weights:  27%|██▋       | 53/197 [00:00<00:00, 943.02it/s, Materializing param=encoder.layer.2.output.dense.weight]
6967.6s 1844 Loading weights:  27%|██▋       | 53/197 [00:00<00:00, 941.12it/s, Materializing param=encoder.layer.2.output.dense.weight]
6967.6s 1845 Loading weights:  27%|██▋       | 54/197 [00:00<00:00, 954.56it/s, Materializing param=encoder.layer.3.attention.output.LayerNorm.bias]
6967.6s 1846 Loading weights:  27%|██▋       | 54/197 [00:00<00:00, 952.48it/s, Materializing param=encoder.layer.3.attention.output.LayerNorm.bias]
6967.6s 1847 Loading weights:  28%|██▊       | 55/197 [00:00<00:00, 963.95it/s, Materializing param=encoder.layer.3.attention.output.LayerNorm.weight]
6967.6s 1848 Loading weights:  28%|██▊       | 55/197 [00:00<00:00, 962.06it/s, Materializing param=encoder.layer.3.attention.output.LayerNorm.weight]
6967.6s 1849 Loading weights:  28%|██▊       | 56/197 [00:00<00:00, 963.83it/s, Materializing param=encoder.layer.3.attention.output.dense.bias]
6967.6s 1850 Loading weights:  28%|██▊       | 56/197 [00:00<00:00, 954.04it/s, Materializing param=encoder.layer.3.attention.output.dense.bias]
6967.6s 1851 Loading weights:  29%|██▉       | 57/197 [00:00<00:00, 957.84it/s, Materializing param=encoder.layer.3.attention.output.dense.weight]
6967.6s 1852 Loading weights:  29%|██▉       | 57/197 [00:00<00:00, 955.92it/s, Materializing param=encoder.layer.3.attention.output.dense.weight]
6967.6s 1853 Loading weights:  29%|██▉       | 58/197 [00:00<00:00, 968.06it/s, Materializing param=encoder.layer.3.attention.self.key.bias]
6967.6s 1854 Loading weights:  29%|██▉       | 58/197 [00:00<00:00, 962.76it/s, Materializing param=encoder.layer.3.attention.self.key.bias]
6967.6s 1855 Loading weights:  30%|██▉       | 59/197 [00:00<00:00, 966.09it/s, Materializing param=encoder.layer.3.attention.self.key.weight]
6967.6s 1856 Loading weights:  30%|██▉       | 59/197 [00:00<00:00, 964.41it/s, Materializing param=encoder.layer.3.attention.self.key.weight]
6967.6s 1857 Loading weights:  30%|███       | 60/197 [00:00<00:00, 966.93it/s, Materializing param=encoder.layer.3.attention.self.query.bias]
6967.6s 1858 Loading weights:  30%|███       | 60/197 [00:00<00:00, 964.71it/s, Materializing param=encoder.layer.3.attention.self.query.bias]
6967.6s 1859 Loading weights:  31%|███       | 61/197 [00:00<00:00, 975.87it/s, Materializing param=encoder.layer.3.attention.self.query.weight]
6967.6s 1860 Loading weights:  31%|███       | 61/197 [00:00<00:00, 974.34it/s, Materializing param=encoder.layer.3.attention.self.query.weight]
6967.6s 1861 Loading weights:  31%|███▏      | 62/197 [00:00<00:00, 982.21it/s, Materializing param=encoder.layer.3.attention.self.value.bias]
6967.6s 1862 Loading weights:  31%|███▏      | 62/197 [00:00<00:00, 980.47it/s, Materializing param=encoder.layer.3.attention.self.value.bias]
6967.6s 1863 Loading weights:  32%|███▏      | 63/197 [00:00<00:00, 991.96it/s, Materializing param=encoder.layer.3.attention.self.value.weight]
6967.6s 1864 Loading weights:  32%|███▏      | 63/197 [00:00<00:00, 988.88it/s, Materializing param=encoder.layer.3.attention.self.value.weight]
6967.6s 1865 Loading weights:  32%|███▏      | 64/197 [00:00<00:00, 994.35it/s, Materializing param=encoder.layer.3.intermediate.dense.bias]
6967.6s 1866 Loading weights:  32%|███▏      | 64/197 [00:00<00:00, 992.57it/s, Materializing param=encoder.layer.3.intermediate.dense.bias]
6967.6s 1867 Loading weights:  33%|███▎      | 65/197 [00:00<00:00, 998.91it/s, Materializing param=encoder.layer.3.intermediate.dense.weight]
6967.6s 1868 Loading weights:  33%|███▎      | 65/197 [00:00<00:00, 997.12it/s, Materializing param=encoder.layer.3.intermediate.dense.weight]
6967.6s 1869 Loading weights:  34%|███▎      | 66/197 [00:00<00:00, 1008.28it/s, Materializing param=encoder.layer.3.output.LayerNorm.bias]
6967.6s 1870 Loading weights:  34%|███▎      | 66/197 [00:00<00:00, 1006.91it/s, Materializing param=encoder.layer.3.output.LayerNorm.bias]
6967.6s 1871 Loading weights:  34%|███▍      | 67/197 [00:00<00:00, 1011.70it/s, Materializing param=encoder.layer.3.output.LayerNorm.weight]
6967.6s 1872 Loading weights:  34%|███▍      | 67/197 [00:00<00:00, 1000.16it/s, Materializing param=encoder.layer.3.output.LayerNorm.weight]
6967.6s 1873 Loading weights:  35%|███▍      | 68/197 [00:00<00:00, 1001.78it/s, Materializing param=encoder.layer.3.output.dense.bias]
6967.6s 1874 Loading weights:  35%|███▍      | 68/197 [00:00<00:00, 999.70it/s, Materializing param=encoder.layer.3.output.dense.bias]
6967.6s 1875 Loading weights:  35%|███▌      | 69/197 [00:00<00:00, 1010.10it/s, Materializing param=encoder.layer.3.output.dense.weight]
6967.6s 1876 Loading weights:  35%|███▌      | 69/197 [00:00<00:00, 1008.44it/s, Materializing param=encoder.layer.3.output.dense.weight]
6967.6s 1877 Loading weights:  36%|███▌      | 70/197 [00:00<00:00, 1013.41it/s, Materializing param=encoder.layer.4.attention.output.LayerNorm.bias]
6967.6s 1878 Loading weights:  36%|███▌      | 70/197 [00:00<00:00, 1008.25it/s, Materializing param=encoder.layer.4.attention.output.LayerNorm.bias]
6967.6s 1879 Loading weights:  36%|███▌      | 71/197 [00:00<00:00, 1012.70it/s, Materializing param=encoder.layer.4.attention.output.LayerNorm.weight]
6967.6s 1880 Loading weights:  36%|███▌      | 71/197 [00:00<00:00, 1010.79it/s, Materializing param=encoder.layer.4.attention.output.LayerNorm.weight]
6967.6s 1881 Loading weights:  37%|███▋      | 72/197 [00:00<00:00, 1019.85it/s, Materializing param=encoder.layer.4.attention.output.dense.bias]
6967.6s 1882 Loading weights:  37%|███▋      | 72/197 [00:00<00:00, 1008.34it/s, Materializing param=encoder.layer.4.attention.output.dense.bias]
6967.6s 1883 Loading weights:  37%|███▋      | 73/197 [00:00<00:00, 1013.56it/s, Materializing param=encoder.layer.4.attention.output.dense.weight]
6967.6s 1884 Loading weights:  37%|███▋      | 73/197 [00:00<00:00, 1011.47it/s, Materializing param=encoder.layer.4.attention.output.dense.weight]
6967.6s 1885 Loading weights:  38%|███▊      | 74/197 [00:00<00:00, 1011.45it/s, Materializing param=encoder.layer.4.attention.self.key.bias]
6967.6s 1886 Loading weights:  38%|███▊      | 74/197 [00:00<00:00, 1007.32it/s, Materializing param=encoder.layer.4.attention.self.key.bias]
6967.6s 1887 Loading weights:  38%|███▊      | 75/197 [00:00<00:00, 1016.75it/s, Materializing param=encoder.layer.4.attention.self.key.weight]
6967.6s 1888 Loading weights:  38%|███▊      | 75/197 [00:00<00:00, 1015.03it/s, Materializing param=encoder.layer.4.attention.self.key.weight]
6967.6s 1889 Loading weights:  39%|███▊      | 76/197 [00:00<00:00, 1021.13it/s, Materializing param=encoder.layer.4.attention.self.query.bias]
6967.6s 1890 Loading weights:  39%|███▊      | 76/197 [00:00<00:00, 1019.50it/s, Materializing param=encoder.layer.4.attention.self.query.bias]
6967.6s 1891 Loading weights:  39%|███▉      | 77/197 [00:00<00:00, 1028.74it/s, Materializing param=encoder.layer.4.attention.self.query.weight]
6967.6s 1892 Loading weights:  39%|███▉      | 77/197 [00:00<00:00, 1022.88it/s, Materializing param=encoder.layer.4.attention.self.query.weight]
6967.6s 1893 Loading weights:  40%|███▉      | 78/197 [00:00<00:00, 1031.97it/s, Materializing param=encoder.layer.4.attention.self.value.bias]
6967.6s 1894 Loading weights:  40%|███▉      | 78/197 [00:00<00:00, 1030.49it/s, Materializing param=encoder.layer.4.attention.self.value.bias]
6967.6s 1895 Loading weights:  40%|████      | 79/197 [00:00<00:00, 1040.18it/s, Materializing param=encoder.layer.4.attention.self.value.weight]
6967.6s 1896 Loading weights:  40%|████      | 79/197 [00:00<00:00, 1038.20it/s, Materializing param=encoder.layer.4.attention.self.value.weight]
6967.6s 1897 Loading weights:  41%|████      | 80/197 [00:00<00:00, 1045.93it/s, Materializing param=encoder.layer.4.intermediate.dense.bias]
6967.6s 1898 Loading weights:  41%|████      | 80/197 [00:00<00:00, 1044.63it/s, Materializing param=encoder.layer.4.intermediate.dense.bias]
6967.6s 1899 Loading weights:  41%|████      | 81/197 [00:00<00:00, 1043.01it/s, Materializing param=encoder.layer.4.intermediate.dense.weight]
6967.6s 1900 Loading weights:  41%|████      | 81/197 [00:00<00:00, 1036.63it/s, Materializing param=encoder.layer.4.intermediate.dense.weight]
6967.6s 1901 Loading weights:  42%|████▏     | 82/197 [00:00<00:00, 1043.85it/s, Materializing param=encoder.layer.4.output.LayerNorm.bias]
6967.6s 1902 Loading weights:  42%|████▏     | 82/197 [00:00<00:00, 1035.94it/s, Materializing param=encoder.layer.4.output.LayerNorm.bias]
6967.6s 1903 Loading weights:  42%|████▏     | 83/197 [00:00<00:00, 1035.16it/s, Materializing param=encoder.layer.4.output.LayerNorm.weight]
6967.6s 1904 Loading weights:  42%|████▏     | 83/197 [00:00<00:00, 1033.66it/s, Materializing param=encoder.layer.4.output.LayerNorm.weight]
6967.6s 1905 Loading weights:  43%|████▎     | 84/197 [00:00<00:00, 1042.61it/s, Materializing param=encoder.layer.4.output.dense.bias]
6967.6s 1906 Loading weights:  43%|████▎     | 84/197 [00:00<00:00, 1041.27it/s, Materializing param=encoder.layer.4.output.dense.bias]
6967.6s 1907 Loading weights:  43%|████▎     | 85/197 [00:00<00:00, 1048.62it/s, Materializing param=encoder.layer.4.output.dense.weight]
6967.6s 1908 Loading weights:  43%|████▎     | 85/197 [00:00<00:00, 1047.22it/s, Materializing param=encoder.layer.4.output.dense.weight]
6967.6s 1909 Loading weights:  44%|████▎     | 86/197 [00:00<00:00, 1055.97it/s, Materializing param=encoder.layer.5.attention.output.LayerNorm.bias]
6967.6s 1910 Loading weights:  44%|████▎     | 86/197 [00:00<00:00, 1054.68it/s, Materializing param=encoder.layer.5.attention.output.LayerNorm.bias]
6967.6s 1911 Loading weights:  44%|████▍     | 87/197 [00:00<00:00, 1061.50it/s, Materializing param=encoder.layer.5.attention.output.LayerNorm.weight]
6967.6s 1912 Loading weights:  44%|████▍     | 87/197 [00:00<00:00, 1059.76it/s, Materializing param=encoder.layer.5.attention.output.LayerNorm.weight]
6967.6s 1913 Loading weights:  45%|████▍     | 88/197 [00:00<00:00, 1063.05it/s, Materializing param=encoder.layer.5.attention.output.dense.bias]
6967.6s 1914 Loading weights:  45%|████▍     | 88/197 [00:00<00:00, 1060.03it/s, Materializing param=encoder.layer.5.attention.output.dense.bias]
6967.6s 1915 Loading weights:  45%|████▌     | 89/197 [00:00<00:00, 1063.42it/s, Materializing param=encoder.layer.5.attention.output.dense.weight]
6967.6s 1916 Loading weights:  45%|████▌     | 89/197 [00:00<00:00, 1061.92it/s, Materializing param=encoder.layer.5.attention.output.dense.weight]
6967.6s 1917 Loading weights:  46%|████▌     | 90/197 [00:00<00:00, 1069.86it/s, Materializing param=encoder.layer.5.attention.self.key.bias]
6967.6s 1918 Loading weights:  46%|████▌     | 90/197 [00:00<00:00, 1065.21it/s, Materializing param=encoder.layer.5.attention.self.key.bias]
6967.6s 1919 Loading weights:  46%|████▌     | 91/197 [00:00<00:00, 1072.49it/s, Materializing param=encoder.layer.5.attention.self.key.weight]
6967.6s 1920 Loading weights:  46%|████▌     | 91/197 [00:00<00:00, 1071.11it/s, Materializing param=encoder.layer.5.attention.self.key.weight]
6967.6s 1921 Loading weights:  47%|████▋     | 92/197 [00:00<00:00, 1067.66it/s, Materializing param=encoder.layer.5.attention.self.query.bias]
6967.6s 1922 Loading weights:  47%|████▋     | 92/197 [00:00<00:00, 1066.11it/s, Materializing param=encoder.layer.5.attention.self.query.bias]
6967.6s 1923 Loading weights:  47%|████▋     | 93/197 [00:00<00:00, 1074.10it/s, Materializing param=encoder.layer.5.attention.self.query.weight]
6967.6s 1924 Loading weights:  47%|████▋     | 93/197 [00:00<00:00, 1072.99it/s, Materializing param=encoder.layer.5.attention.self.query.weight]
6967.6s 1925 Loading weights:  48%|████▊     | 94/197 [00:00<00:00, 1074.83it/s, Materializing param=encoder.layer.5.attention.self.value.bias]
6967.6s 1926 Loading weights:  48%|████▊     | 94/197 [00:00<00:00, 1073.38it/s, Materializing param=encoder.layer.5.attention.self.value.bias]
6967.6s 1927 Loading weights:  48%|████▊     | 95/197 [00:00<00:00, 1068.17it/s, Materializing param=encoder.layer.5.attention.self.value.weight]
6967.6s 1928 Loading weights:  48%|████▊     | 95/197 [00:00<00:00, 1065.86it/s, Materializing param=encoder.layer.5.attention.self.value.weight]
6967.6s 1929 Loading weights:  49%|████▊     | 96/197 [00:00<00:00, 1063.66it/s, Materializing param=encoder.layer.5.intermediate.dense.bias]
6967.6s 1930 Loading weights:  49%|████▊     | 96/197 [00:00<00:00, 1062.13it/s, Materializing param=encoder.layer.5.intermediate.dense.bias]
6967.6s 1931 Loading weights:  49%|████▉     | 97/197 [00:00<00:00, 1064.92it/s, Materializing param=encoder.layer.5.intermediate.dense.weight]
6967.6s 1932 Loading weights:  49%|████▉     | 97/197 [00:00<00:00, 1063.40it/s, Materializing param=encoder.layer.5.intermediate.dense.weight]
6967.6s 1933 Loading weights:  50%|████▉     | 98/197 [00:00<00:00, 1068.43it/s, Materializing param=encoder.layer.5.output.LayerNorm.bias]
6967.6s 1934 Loading weights:  50%|████▉     | 98/197 [00:00<00:00, 1065.88it/s, Materializing param=encoder.layer.5.output.LayerNorm.bias]
6967.6s 1935 Loading weights:  50%|█████     | 99/197 [00:00<00:00, 1067.29it/s, Materializing param=encoder.layer.5.output.LayerNorm.weight]
6967.6s 1936 Loading weights:  50%|█████     | 99/197 [00:00<00:00, 1065.97it/s, Materializing param=encoder.layer.5.output.LayerNorm.weight]
6967.6s 1937 Loading weights:  51%|█████     | 100/197 [00:00<00:00, 1073.26it/s, Materializing param=encoder.layer.5.output.dense.bias]
6967.6s 1938 Loading weights:  51%|█████     | 100/197 [00:00<00:00, 1070.99it/s, Materializing param=encoder.layer.5.output.dense.bias]
6967.6s 1939 Loading weights:  51%|█████▏    | 101/197 [00:00<00:00, 1075.13it/s, Materializing param=encoder.layer.5.output.dense.weight]
6967.6s 1940 Loading weights:  51%|█████▏    | 101/197 [00:00<00:00, 1073.35it/s, Materializing param=encoder.layer.5.output.dense.weight]
6967.6s 1941 Loading weights:  52%|█████▏    | 102/197 [00:00<00:00, 1075.29it/s, Materializing param=encoder.layer.6.attention.output.LayerNorm.bias]
6967.6s 1942 Loading weights:  52%|█████▏    | 102/197 [00:00<00:00, 1074.02it/s, Materializing param=encoder.layer.6.attention.output.LayerNorm.bias]
6967.6s 1943 Loading weights:  52%|█████▏    | 103/197 [00:00<00:00, 1074.28it/s, Materializing param=encoder.layer.6.attention.output.LayerNorm.weight]
6967.6s 1944 Loading weights:  52%|█████▏    | 103/197 [00:00<00:00, 1068.06it/s, Materializing param=encoder.layer.6.attention.output.LayerNorm.weight]
6967.6s 1945 Loading weights:  53%|█████▎    | 104/197 [00:00<00:00, 1071.96it/s, Materializing param=encoder.layer.6.attention.output.dense.bias]
6967.6s 1946 Loading weights:  53%|█████▎    | 104/197 [00:00<00:00, 1070.52it/s, Materializing param=encoder.layer.6.attention.output.dense.bias]
6967.6s 1947 Loading weights:  53%|█████▎    | 105/197 [00:00<00:00, 1076.80it/s, Materializing param=encoder.layer.6.attention.output.dense.weight]
6967.6s 1948 Loading weights:  53%|█████▎    | 105/197 [00:00<00:00, 1075.61it/s, Materializing param=encoder.layer.6.attention.output.dense.weight]
6967.6s 1949 Loading weights:  54%|█████▍    | 106/197 [00:00<00:00, 1071.81it/s, Materializing param=encoder.layer.6.attention.self.key.bias]
6967.6s 1950 Loading weights:  54%|█████▍    | 106/197 [00:00<00:00, 1069.82it/s, Materializing param=encoder.layer.6.attention.self.key.bias]
6967.6s 1951 Loading weights:  54%|█████▍    | 107/197 [00:00<00:00, 1067.78it/s, Materializing param=encoder.layer.6.attention.self.key.bias]
6967.6s 1952 Loading weights:  54%|█████▍    | 107/197 [00:00<00:00, 1067.78it/s, Materializing param=encoder.layer.6.attention.self.key.weight]
6967.6s 1953 Loading weights:  54%|█████▍    | 107/197 [00:00<00:00, 1067.78it/s, Materializing param=encoder.layer.6.attention.self.key.weight]
6967.6s 1954 Loading weights:  55%|█████▍    | 108/197 [00:00<00:00, 1067.78it/s, Materializing param=encoder.layer.6.attention.self.query.bias]
6967.6s 1955 Loading weights:  55%|█████▍    | 108/197 [00:00<00:00, 1067.78it/s, Materializing param=encoder.layer.6.attention.self.query.bias]
6967.6s 1956 Loading weights:  55%|█████▌    | 109/197 [00:00<00:00, 1067.78it/s, Materializing param=encoder.layer.6.attention.self.query.weight]
6967.6s 1957 Loading weights:  55%|█████▌    | 109/197 [00:00<00:00, 1067.78it/s, Materializing param=encoder.layer.6.attention.self.query.weight]
6967.6s 1958 Loading weights:  56%|█████▌    | 110/197 [00:00<00:00, 1067.78it/s, Materializing param=encoder.layer.6.attention.self.value.bias]
6967.6s 1959 Loading weights:  56%|█████▌    | 110/197 [00:00<00:00, 1067.78it/s, Materializing param=encoder.layer.6.attention.self.value.bias]
6967.6s 1960 Loading weights:  56%|█████▋    | 111/197 [00:00<00:00, 1067.78it/s, Materializing param=encoder.layer.6.attention.self.value.weight]
6967.6s 1961 Loading weights:  56%|█████▋    | 111/197 [00:00<00:00, 1067.78it/s, Materializing param=encoder.layer.6.attention.self.value.weight]
6967.6s 1962 Loading weights:  57%|█████▋    | 112/197 [00:00<00:00, 1067.78it/s, Materializing param=encoder.layer.6.intermediate.dense.bias]
6967.6s 1963 Loading weights:  57%|█████▋    | 112/197 [00:00<00:00, 1067.78it/s, Materializing param=encoder.layer.6.intermediate.dense.bias]
6967.6s 1964 Loading weights:  57%|█████▋    | 113/197 [00:00<00:00, 1067.78it/s, Materializing param=encoder.layer.6.intermediate.dense.weight]
6967.6s 1965 Loading weights:  57%|█████▋    | 113/197 [00:00<00:00, 1067.78it/s, Materializing param=encoder.layer.6.intermediate.dense.weight]
6967.6s 1966 Loading weights:  58%|█████▊    | 114/197 [00:00<00:00, 1067.78it/s, Materializing param=encoder.layer.6.output.LayerNorm.bias]
6967.6s 1967 Loading weights:  58%|█████▊    | 114/197 [00:00<00:00, 1067.78it/s, Materializing param=encoder.layer.6.output.LayerNorm.bias]
6967.6s 1968 Loading weights:  58%|█████▊    | 115/197 [00:00<00:00, 1067.78it/s, Materializing param=encoder.layer.6.output.LayerNorm.weight]
6967.6s 1969 Loading weights:  58%|█████▊    | 115/197 [00:00<00:00, 1067.78it/s, Materializing param=encoder.layer.6.output.LayerNorm.weight]
6967.6s 1970 Loading weights:  59%|█████▉    | 116/197 [00:00<00:00, 1067.78it/s, Materializing param=encoder.layer.6.output.dense.bias]
6967.6s 1971 Loading weights:  59%|█████▉    | 116/197 [00:00<00:00, 1067.78it/s, Materializing param=encoder.layer.6.output.dense.bias]
6967.6s 1972 Loading weights:  59%|█████▉    | 117/197 [00:00<00:00, 1067.78it/s, Materializing param=encoder.layer.6.output.dense.weight]
6967.6s 1973 Loading weights:  59%|█████▉    | 117/197 [00:00<00:00, 1067.78it/s, Materializing param=encoder.layer.6.output.dense.weight]
6967.6s 1974 Loading weights:  60%|█████▉    | 118/197 [00:00<00:00, 1067.78it/s, Materializing param=encoder.layer.7.attention.output.LayerNorm.bias]
6967.6s 1975 Loading weights:  60%|█████▉    | 118/197 [00:00<00:00, 1067.78it/s, Materializing param=encoder.layer.7.attention.output.LayerNorm.bias]
6967.6s 1976 Loading weights:  60%|██████    | 119/197 [00:00<00:00, 1067.78it/s, Materializing param=encoder.layer.7.attention.output.LayerNorm.weight]
6967.6s 1977 Loading weights:  60%|██████    | 119/197 [00:00<00:00, 1067.78it/s, Materializing param=encoder.layer.7.attention.output.LayerNorm.weight]
6967.6s 1978 Loading weights:  61%|██████    | 120/197 [00:00<00:00, 1067.78it/s, Materializing param=encoder.layer.7.attention.output.dense.bias]
6967.6s 1979 Loading weights:  61%|██████    | 120/197 [00:00<00:00, 1067.78it/s, Materializing param=encoder.layer.7.attention.output.dense.bias]
6967.6s 1980 Loading weights:  61%|██████▏   | 121/197 [00:00<00:00, 1067.78it/s, Materializing param=encoder.layer.7.attention.output.dense.weight]
6967.6s 1981 Loading weights:  61%|██████▏   | 121/197 [00:00<00:00, 1067.78it/s, Materializing param=encoder.layer.7.attention.output.dense.weight]
6967.6s 1982 Loading weights:  62%|██████▏   | 122/197 [00:00<00:00, 1067.78it/s, Materializing param=encoder.layer.7.attention.self.key.bias]
6967.6s 1983 Loading weights:  62%|██████▏   | 122/197 [00:00<00:00, 1067.78it/s, Materializing param=encoder.layer.7.attention.self.key.bias]
6967.6s 1984 Loading weights:  62%|██████▏   | 123/197 [00:00<00:00, 1067.78it/s, Materializing param=encoder.layer.7.attention.self.key.weight]
6967.6s 1985 Loading weights:  62%|██████▏   | 123/197 [00:00<00:00, 1067.78it/s, Materializing param=encoder.layer.7.attention.self.key.weight]
6967.6s 1986 Loading weights:  63%|██████▎   | 124/197 [00:00<00:00, 1067.78it/s, Materializing param=encoder.layer.7.attention.self.query.bias]
6967.6s 1987 Loading weights:  63%|██████▎   | 124/197 [00:00<00:00, 1067.78it/s, Materializing param=encoder.layer.7.attention.self.query.bias]
6967.6s 1988 Loading weights:  63%|██████▎   | 125/197 [00:00<00:00, 1067.78it/s, Materializing param=encoder.layer.7.attention.self.query.weight]
6967.6s 1989 Loading weights:  63%|██████▎   | 125/197 [00:00<00:00, 1067.78it/s, Materializing param=encoder.layer.7.attention.self.query.weight]
6967.6s 1990 Loading weights:  64%|██████▍   | 126/197 [00:00<00:00, 1067.78it/s, Materializing param=encoder.layer.7.attention.self.value.bias]
6967.6s 1991 Loading weights:  64%|██████▍   | 126/197 [00:00<00:00, 1067.78it/s, Materializing param=encoder.layer.7.attention.self.value.bias]
6967.6s 1992 Loading weights:  64%|██████▍   | 127/197 [00:00<00:00, 1067.78it/s, Materializing param=encoder.layer.7.attention.self.value.weight]
6967.6s 1993 Loading weights:  64%|██████▍   | 127/197 [00:00<00:00, 1067.78it/s, Materializing param=encoder.layer.7.attention.self.value.weight]
6967.6s 1994 Loading weights:  65%|██████▍   | 128/197 [00:00<00:00, 1067.78it/s, Materializing param=encoder.layer.7.intermediate.dense.bias]
6967.6s 1995 Loading weights:  65%|██████▍   | 128/197 [00:00<00:00, 1067.78it/s, Materializing param=encoder.layer.7.intermediate.dense.bias]
6967.6s 1996 Loading weights:  65%|██████▌   | 129/197 [00:00<00:00, 1067.78it/s, Materializing param=encoder.layer.7.intermediate.dense.weight]
6967.6s 1997 Loading weights:  65%|██████▌   | 129/197 [00:00<00:00, 1067.78it/s, Materializing param=encoder.layer.7.intermediate.dense.weight]
6967.6s 1998 Loading weights:  66%|██████▌   | 130/197 [00:00<00:00, 1067.78it/s, Materializing param=encoder.layer.7.output.LayerNorm.bias]
6967.6s 1999 Loading weights:  66%|██████▌   | 130/197 [00:00<00:00, 1067.78it/s, Materializing param=encoder.layer.7.output.LayerNorm.bias]
6967.6s 2000 Loading weights:  66%|██████▋   | 131/197 [00:00<00:00, 1067.78it/s, Materializing param=encoder.layer.7.output.LayerNorm.weight]
6967.6s 2001 Loading weights:  66%|██████▋   | 131/197 [00:00<00:00, 1067.78it/s, Materializing param=encoder.layer.7.output.LayerNorm.weight]
6967.6s 2002 Loading weights:  67%|██████▋   | 132/197 [00:00<00:00, 1067.78it/s, Materializing param=encoder.layer.7.output.dense.bias]
6967.6s 2003 Loading weights:  67%|██████▋   | 132/197 [00:00<00:00, 1067.78it/s, Materializing param=encoder.layer.7.output.dense.bias]
6967.6s 2004 Loading weights:  68%|██████▊   | 133/197 [00:00<00:00, 1067.78it/s, Materializing param=encoder.layer.7.output.dense.weight]
6967.6s 2005 Loading weights:  68%|██████▊   | 133/197 [00:00<00:00, 1067.78it/s, Materializing param=encoder.layer.7.output.dense.weight]
6967.6s 2006 Loading weights:  68%|██████▊   | 134/197 [00:00<00:00, 1067.78it/s, Materializing param=encoder.layer.8.attention.output.LayerNorm.bias]
6967.6s 2007 Loading weights:  68%|██████▊   | 134/197 [00:00<00:00, 1067.78it/s, Materializing param=encoder.layer.8.attention.output.LayerNorm.bias]
6967.6s 2008 Loading weights:  69%|██████▊   | 135/197 [00:00<00:00, 1067.78it/s, Materializing param=encoder.layer.8.attention.output.LayerNorm.weight]
6967.6s 2009 Loading weights:  69%|██████▊   | 135/197 [00:00<00:00, 1067.78it/s, Materializing param=encoder.layer.8.attention.output.LayerNorm.weight]
6967.6s 2010 Loading weights:  69%|██████▉   | 136/197 [00:00<00:00, 1067.78it/s, Materializing param=encoder.layer.8.attention.output.dense.bias]
6967.6s 2011 Loading weights:  69%|██████▉   | 136/197 [00:00<00:00, 1067.78it/s, Materializing param=encoder.layer.8.attention.output.dense.bias]
6967.6s 2012 Loading weights:  70%|██████▉   | 137/197 [00:00<00:00, 1067.78it/s, Materializing param=encoder.layer.8.attention.output.dense.weight]
6967.6s 2013 Loading weights:  70%|██████▉   | 137/197 [00:00<00:00, 1067.78it/s, Materializing param=encoder.layer.8.attention.output.dense.weight]
6967.6s 2014 Loading weights:  70%|███████   | 138/197 [00:00<00:00, 1067.78it/s, Materializing param=encoder.layer.8.attention.self.key.bias]
6967.6s 2015 Loading weights:  70%|███████   | 138/197 [00:00<00:00, 1067.78it/s, Materializing param=encoder.layer.8.attention.self.key.bias]
6967.6s 2016 Loading weights:  71%|███████   | 139/197 [00:00<00:00, 1067.78it/s, Materializing param=encoder.layer.8.attention.self.key.weight]
6967.6s 2017 Loading weights:  71%|███████   | 139/197 [00:00<00:00, 1067.78it/s, Materializing param=encoder.layer.8.attention.self.key.weight]
6967.6s 2018 Loading weights:  71%|███████   | 140/197 [00:00<00:00, 1067.78it/s, Materializing param=encoder.layer.8.attention.self.query.bias]
6967.6s 2019 Loading weights:  71%|███████   | 140/197 [00:00<00:00, 1067.78it/s, Materializing param=encoder.layer.8.attention.self.query.bias]
6967.6s 2020 Loading weights:  72%|███████▏  | 141/197 [00:00<00:00, 1067.78it/s, Materializing param=encoder.layer.8.attention.self.query.weight]
6967.6s 2021 Loading weights:  72%|███████▏  | 141/197 [00:00<00:00, 1067.78it/s, Materializing param=encoder.layer.8.attention.self.query.weight]
6967.6s 2022 Loading weights:  72%|███████▏  | 142/197 [00:00<00:00, 1067.78it/s, Materializing param=encoder.layer.8.attention.self.value.bias]
6967.6s 2023 Loading weights:  72%|███████▏  | 142/197 [00:00<00:00, 1067.78it/s, Materializing param=encoder.layer.8.attention.self.value.bias]
6967.6s 2024 Loading weights:  73%|███████▎  | 143/197 [00:00<00:00, 1067.78it/s, Materializing param=encoder.layer.8.attention.self.value.weight]
6967.6s 2025 Loading weights:  73%|███████▎  | 143/197 [00:00<00:00, 1067.78it/s, Materializing param=encoder.layer.8.attention.self.value.weight]
6967.6s 2026 Loading weights:  73%|███████▎  | 144/197 [00:00<00:00, 1067.78it/s, Materializing param=encoder.layer.8.intermediate.dense.bias]
6967.6s 2027 Loading weights:  73%|███████▎  | 144/197 [00:00<00:00, 1067.78it/s, Materializing param=encoder.layer.8.intermediate.dense.bias]
6967.6s 2028 Loading weights:  74%|███████▎  | 145/197 [00:00<00:00, 1067.78it/s, Materializing param=encoder.layer.8.intermediate.dense.weight]
6967.6s 2029 Loading weights:  74%|███████▎  | 145/197 [00:00<00:00, 1067.78it/s, Materializing param=encoder.layer.8.intermediate.dense.weight]
6967.6s 2030 Loading weights:  74%|███████▍  | 146/197 [00:00<00:00, 1067.78it/s, Materializing param=encoder.layer.8.output.LayerNorm.bias]
6967.6s 2031 Loading weights:  74%|███████▍  | 146/197 [00:00<00:00, 1067.78it/s, Materializing param=encoder.layer.8.output.LayerNorm.bias]
6967.6s 2032 Loading weights:  75%|███████▍  | 147/197 [00:00<00:00, 1067.78it/s, Materializing param=encoder.layer.8.output.LayerNorm.weight]
6967.6s 2033 Loading weights:  75%|███████▍  | 147/197 [00:00<00:00, 1067.78it/s, Materializing param=encoder.layer.8.output.LayerNorm.weight]
6967.6s 2034 Loading weights:  75%|███████▌  | 148/197 [00:00<00:00, 1067.78it/s, Materializing param=encoder.layer.8.output.dense.bias]
6967.6s 2035 Loading weights:  75%|███████▌  | 148/197 [00:00<00:00, 1067.78it/s, Materializing param=encoder.layer.8.output.dense.bias]
6967.6s 2036 Loading weights:  76%|███████▌  | 149/197 [00:00<00:00, 1067.78it/s, Materializing param=encoder.layer.8.output.dense.weight]
6967.6s 2037 Loading weights:  76%|███████▌  | 149/197 [00:00<00:00, 1067.78it/s, Materializing param=encoder.layer.8.output.dense.weight]
6967.6s 2038 Loading weights:  76%|███████▌  | 150/197 [00:00<00:00, 1067.78it/s, Materializing param=encoder.layer.9.attention.output.LayerNorm.bias]
6967.6s 2039 Loading weights:  76%|███████▌  | 150/197 [00:00<00:00, 1067.78it/s, Materializing param=encoder.layer.9.attention.output.LayerNorm.bias]
6967.6s 2040 Loading weights:  77%|███████▋  | 151/197 [00:00<00:00, 1067.78it/s, Materializing param=encoder.layer.9.attention.output.LayerNorm.weight]
6967.6s 2041 Loading weights:  77%|███████▋  | 151/197 [00:00<00:00, 1067.78it/s, Materializing param=encoder.layer.9.attention.output.LayerNorm.weight]
6967.6s 2042 Loading weights:  77%|███████▋  | 152/197 [00:00<00:00, 1067.78it/s, Materializing param=encoder.layer.9.attention.output.dense.bias]
6967.6s 2043 Loading weights:  77%|███████▋  | 152/197 [00:00<00:00, 1067.78it/s, Materializing param=encoder.layer.9.attention.output.dense.bias]
6967.6s 2044 Loading weights:  78%|███████▊  | 153/197 [00:00<00:00, 1067.78it/s, Materializing param=encoder.layer.9.attention.output.dense.weight]
6967.6s 2045 Loading weights:  78%|███████▊  | 153/197 [00:00<00:00, 1067.78it/s, Materializing param=encoder.layer.9.attention.output.dense.weight]
6967.6s 2046 Loading weights:  78%|███████▊  | 154/197 [00:00<00:00, 1067.78it/s, Materializing param=encoder.layer.9.attention.self.key.bias]
6967.6s 2047 Loading weights:  78%|███████▊  | 154/197 [00:00<00:00, 1067.78it/s, Materializing param=encoder.layer.9.attention.self.key.bias]
6967.6s 2048 Loading weights:  79%|███████▊  | 155/197 [00:00<00:00, 1067.78it/s, Materializing param=encoder.layer.9.attention.self.key.weight]
6967.6s 2049 Loading weights:  79%|███████▊  | 155/197 [00:00<00:00, 1067.78it/s, Materializing param=encoder.layer.9.attention.self.key.weight]
6967.6s 2050 Loading weights:  79%|███████▉  | 156/197 [00:00<00:00, 1067.78it/s, Materializing param=encoder.layer.9.attention.self.query.bias]
6967.6s 2051 Loading weights:  79%|███████▉  | 156/197 [00:00<00:00, 1067.78it/s, Materializing param=encoder.layer.9.attention.self.query.bias]
6967.6s 2052 Loading weights:  80%|███████▉  | 157/197 [00:00<00:00, 1067.78it/s, Materializing param=encoder.layer.9.attention.self.query.weight]
6967.6s 2053 Loading weights:  80%|███████▉  | 157/197 [00:00<00:00, 1067.78it/s, Materializing param=encoder.layer.9.attention.self.query.weight]
6967.6s 2054 Loading weights:  80%|████████  | 158/197 [00:00<00:00, 1067.78it/s, Materializing param=encoder.layer.9.attention.self.value.bias]
6967.6s 2055 Loading weights:  80%|████████  | 158/197 [00:00<00:00, 1067.78it/s, Materializing param=encoder.layer.9.attention.self.value.bias]
6967.6s 2056 Loading weights:  81%|████████  | 159/197 [00:00<00:00, 1067.78it/s, Materializing param=encoder.layer.9.attention.self.value.weight]
6967.6s 2057 Loading weights:  81%|████████  | 159/197 [00:00<00:00, 1067.78it/s, Materializing param=encoder.layer.9.attention.self.value.weight]
6967.6s 2058 Loading weights:  81%|████████  | 160/197 [00:00<00:00, 1067.78it/s, Materializing param=encoder.layer.9.intermediate.dense.bias]
6967.6s 2059 Loading weights:  81%|████████  | 160/197 [00:00<00:00, 1067.78it/s, Materializing param=encoder.layer.9.intermediate.dense.bias]
6967.6s 2060 Loading weights:  82%|████████▏ | 161/197 [00:00<00:00, 1067.78it/s, Materializing param=encoder.layer.9.intermediate.dense.weight]
6967.6s 2061 Loading weights:  82%|████████▏ | 161/197 [00:00<00:00, 1067.78it/s, Materializing param=encoder.layer.9.intermediate.dense.weight]
6967.6s 2062 Loading weights:  82%|████████▏ | 162/197 [00:00<00:00, 1067.78it/s, Materializing param=encoder.layer.9.output.LayerNorm.bias]
6967.6s 2063 Loading weights:  82%|████████▏ | 162/197 [00:00<00:00, 1067.78it/s, Materializing param=encoder.layer.9.output.LayerNorm.bias]
6967.6s 2064 Loading weights:  83%|████████▎ | 163/197 [00:00<00:00, 1067.78it/s, Materializing param=encoder.layer.9.output.LayerNorm.weight]
6967.6s 2065 Loading weights:  83%|████████▎ | 163/197 [00:00<00:00, 1067.78it/s, Materializing param=encoder.layer.9.output.LayerNorm.weight]
6967.6s 2066 Loading weights:  83%|████████▎ | 164/197 [00:00<00:00, 1067.78it/s, Materializing param=encoder.layer.9.output.dense.bias]
6967.6s 2067 Loading weights:  83%|████████▎ | 164/197 [00:00<00:00, 1067.78it/s, Materializing param=encoder.layer.9.output.dense.bias]
6967.6s 2068 Loading weights:  84%|████████▍ | 165/197 [00:00<00:00, 1067.78it/s, Materializing param=encoder.layer.9.output.dense.weight]
6967.6s 2069 Loading weights:  84%|████████▍ | 165/197 [00:00<00:00, 1067.78it/s, Materializing param=encoder.layer.9.output.dense.weight]
6967.6s 2070 Loading weights:  84%|████████▍ | 166/197 [00:00<00:00, 1067.78it/s, Materializing param=encoder.layer.10.attention.output.LayerNorm.bias]
6967.6s 2071 Loading weights:  84%|████████▍ | 166/197 [00:00<00:00, 1067.78it/s, Materializing param=encoder.layer.10.attention.output.LayerNorm.bias]
6967.6s 2072 Loading weights:  85%|████████▍ | 167/197 [00:00<00:00, 1067.78it/s, Materializing param=encoder.layer.10.attention.output.LayerNorm.weight]
6967.6s 2073 Loading weights:  85%|████████▍ | 167/197 [00:00<00:00, 1067.78it/s, Materializing param=encoder.layer.10.attention.output.LayerNorm.weight]
6967.6s 2074 Loading weights:  85%|████████▌ | 168/197 [00:00<00:00, 1067.78it/s, Materializing param=encoder.layer.10.attention.output.dense.bias]
6967.6s 2075 Loading weights:  85%|████████▌ | 168/197 [00:00<00:00, 1067.78it/s, Materializing param=encoder.layer.10.attention.output.dense.bias]
6967.6s 2076 Loading weights:  86%|████████▌ | 169/197 [00:00<00:00, 1067.78it/s, Materializing param=encoder.layer.10.attention.output.dense.weight]
6967.6s 2077 Loading weights:  86%|████████▌ | 169/197 [00:00<00:00, 1067.78it/s, Materializing param=encoder.layer.10.attention.output.dense.weight]
6967.6s 2078 Loading weights:  86%|████████▋ | 170/197 [00:00<00:00, 1067.78it/s, Materializing param=encoder.layer.10.attention.self.key.bias]
6967.6s 2079 Loading weights:  86%|████████▋ | 170/197 [00:00<00:00, 1067.78it/s, Materializing param=encoder.layer.10.attention.self.key.bias]
6967.6s 2080 Loading weights:  87%|████████▋ | 171/197 [00:00<00:00, 1067.78it/s, Materializing param=encoder.layer.10.attention.self.key.weight]
6967.6s 2081 Loading weights:  87%|████████▋ | 171/197 [00:00<00:00, 1067.78it/s, Materializing param=encoder.layer.10.attention.self.key.weight]
6967.6s 2082 Loading weights:  87%|████████▋ | 172/197 [00:00<00:00, 1067.78it/s, Materializing param=encoder.layer.10.attention.self.query.bias]
6967.6s 2083 Loading weights:  87%|████████▋ | 172/197 [00:00<00:00, 1067.78it/s, Materializing param=encoder.layer.10.attention.self.query.bias]
6967.6s 2084 Loading weights:  88%|████████▊ | 173/197 [00:00<00:00, 1067.78it/s, Materializing param=encoder.layer.10.attention.self.query.weight]
6967.6s 2085 Loading weights:  88%|████████▊ | 173/197 [00:00<00:00, 1067.78it/s, Materializing param=encoder.layer.10.attention.self.query.weight]
6967.6s 2086 Loading weights:  88%|████████▊ | 174/197 [00:00<00:00, 1067.78it/s, Materializing param=encoder.layer.10.attention.self.value.bias]
6967.6s 2087 Loading weights:  88%|████████▊ | 174/197 [00:00<00:00, 1067.78it/s, Materializing param=encoder.layer.10.attention.self.value.bias]
6967.6s 2088 Loading weights:  89%|████████▉ | 175/197 [00:00<00:00, 1067.78it/s, Materializing param=encoder.layer.10.attention.self.value.weight]
6967.6s 2089 Loading weights:  89%|████████▉ | 175/197 [00:00<00:00, 1067.78it/s, Materializing param=encoder.layer.10.attention.self.value.weight]
6967.6s 2090 Loading weights:  89%|████████▉ | 176/197 [00:00<00:00, 1067.78it/s, Materializing param=encoder.layer.10.intermediate.dense.bias]
6967.6s 2091 Loading weights:  89%|████████▉ | 176/197 [00:00<00:00, 1067.78it/s, Materializing param=encoder.layer.10.intermediate.dense.bias]
6967.6s 2092 Loading weights:  90%|████████▉ | 177/197 [00:00<00:00, 1067.78it/s, Materializing param=encoder.layer.10.intermediate.dense.weight]
6967.6s 2093 Loading weights:  90%|████████▉ | 177/197 [00:00<00:00, 1067.78it/s, Materializing param=encoder.layer.10.intermediate.dense.weight]
6967.6s 2094 Loading weights:  90%|█████████ | 178/197 [00:00<00:00, 1067.78it/s, Materializing param=encoder.layer.10.output.LayerNorm.bias]
6967.6s 2095 Loading weights:  90%|█████████ | 178/197 [00:00<00:00, 1067.78it/s, Materializing param=encoder.layer.10.output.LayerNorm.bias]
6967.6s 2096 Loading weights:  91%|█████████ | 179/197 [00:00<00:00, 1067.78it/s, Materializing param=encoder.layer.10.output.LayerNorm.weight]
6967.6s 2097 Loading weights:  91%|█████████ | 179/197 [00:00<00:00, 1067.78it/s, Materializing param=encoder.layer.10.output.LayerNorm.weight]
6967.6s 2098 Loading weights:  91%|█████████▏| 180/197 [00:00<00:00, 1067.78it/s, Materializing param=encoder.layer.10.output.dense.bias]
6967.6s 2099 Loading weights:  91%|█████████▏| 180/197 [00:00<00:00, 1067.78it/s, Materializing param=encoder.layer.10.output.dense.bias]
6967.6s 2100 Loading weights:  92%|█████████▏| 181/197 [00:00<00:00, 1067.78it/s, Materializing param=encoder.layer.10.output.dense.weight]
6967.6s 2101 Loading weights:  92%|█████████▏| 181/197 [00:00<00:00, 1067.78it/s, Materializing param=encoder.layer.10.output.dense.weight]
6967.6s 2102 Loading weights:  92%|█████████▏| 182/197 [00:00<00:00, 1067.78it/s, Materializing param=encoder.layer.11.attention.output.LayerNorm.bias]
6967.6s 2103 Loading weights:  92%|█████████▏| 182/197 [00:00<00:00, 1067.78it/s, Materializing param=encoder.layer.11.attention.output.LayerNorm.bias]
6967.6s 2104 Loading weights:  93%|█████████▎| 183/197 [00:00<00:00, 1067.78it/s, Materializing param=encoder.layer.11.attention.output.LayerNorm.weight]
6967.6s 2105 Loading weights:  93%|█████████▎| 183/197 [00:00<00:00, 1067.78it/s, Materializing param=encoder.layer.11.attention.output.LayerNorm.weight]
6967.6s 2106 Loading weights:  93%|█████████▎| 184/197 [00:00<00:00, 1067.78it/s, Materializing param=encoder.layer.11.attention.output.dense.bias]
6967.6s 2107 Loading weights:  93%|█████████▎| 184/197 [00:00<00:00, 1067.78it/s, Materializing param=encoder.layer.11.attention.output.dense.bias]
6967.6s 2108 Loading weights:  94%|█████████▍| 185/197 [00:00<00:00, 1067.78it/s, Materializing param=encoder.layer.11.attention.output.dense.weight]
6967.6s 2109 Loading weights:  94%|█████████▍| 185/197 [00:00<00:00, 1067.78it/s, Materializing param=encoder.layer.11.attention.output.dense.weight]
6967.6s 2110 Loading weights:  94%|█████████▍| 186/197 [00:00<00:00, 1067.78it/s, Materializing param=encoder.layer.11.attention.self.key.bias]
6967.6s 2111 Loading weights:  94%|█████████▍| 186/197 [00:00<00:00, 1067.78it/s, Materializing param=encoder.layer.11.attention.self.key.bias]
6967.6s 2112 Loading weights:  95%|█████████▍| 187/197 [00:00<00:00, 1067.78it/s, Materializing param=encoder.layer.11.attention.self.key.weight]
6967.6s 2113 Loading weights:  95%|█████████▍| 187/197 [00:00<00:00, 1067.78it/s, Materializing param=encoder.layer.11.attention.self.key.weight]
6967.6s 2114 Loading weights:  95%|█████████▌| 188/197 [00:00<00:00, 1067.78it/s, Materializing param=encoder.layer.11.attention.self.query.bias]
6967.6s 2115 Loading weights:  95%|█████████▌| 188/197 [00:00<00:00, 1067.78it/s, Materializing param=encoder.layer.11.attention.self.query.bias]
6967.6s 2116 Loading weights:  96%|█████████▌| 189/197 [00:00<00:00, 1067.78it/s, Materializing param=encoder.layer.11.attention.self.query.weight]
6967.6s 2117 Loading weights:  96%|█████████▌| 189/197 [00:00<00:00, 1067.78it/s, Materializing param=encoder.layer.11.attention.self.query.weight]
6967.6s 2118 Loading weights:  96%|█████████▋| 190/197 [00:00<00:00, 1067.78it/s, Materializing param=encoder.layer.11.attention.self.value.bias]
6967.6s 2119 Loading weights:  96%|█████████▋| 190/197 [00:00<00:00, 1067.78it/s, Materializing param=encoder.layer.11.attention.self.value.bias]
6967.6s 2120 Loading weights:  97%|█████████▋| 191/197 [00:00<00:00, 1067.78it/s, Materializing param=encoder.layer.11.attention.self.value.weight]
6967.6s 2121 Loading weights:  97%|█████████▋| 191/197 [00:00<00:00, 1067.78it/s, Materializing param=encoder.layer.11.attention.self.value.weight]
6967.6s 2122 Loading weights:  97%|█████████▋| 192/197 [00:00<00:00, 1067.78it/s, Materializing param=encoder.layer.11.intermediate.dense.bias]
6967.6s 2123 Loading weights:  97%|█████████▋| 192/197 [00:00<00:00, 1067.78it/s, Materializing param=encoder.layer.11.intermediate.dense.bias]
6967.6s 2124 Loading weights:  98%|█████████▊| 193/197 [00:00<00:00, 1067.78it/s, Materializing param=encoder.layer.11.intermediate.dense.weight]
6967.6s 2125 Loading weights:  98%|█████████▊| 193/197 [00:00<00:00, 1067.78it/s, Materializing param=encoder.layer.11.intermediate.dense.weight]
6967.6s 2126 Loading weights:  98%|█████████▊| 194/197 [00:00<00:00, 1067.78it/s, Materializing param=encoder.layer.11.output.LayerNorm.bias]
6967.6s 2127 Loading weights:  98%|█████████▊| 194/197 [00:00<00:00, 1067.78it/s, Materializing param=encoder.layer.11.output.LayerNorm.bias]
6967.6s 2128 Loading weights:  99%|█████████▉| 195/197 [00:00<00:00, 1067.78it/s, Materializing param=encoder.layer.11.output.LayerNorm.weight]
6967.6s 2129 Loading weights:  99%|█████████▉| 195/197 [00:00<00:00, 1067.78it/s, Materializing param=encoder.layer.11.output.LayerNorm.weight]
6967.6s 2130 Loading weights:  99%|█████████▉| 196/197 [00:00<00:00, 1067.78it/s, Materializing param=encoder.layer.11.output.dense.bias]
6967.6s 2131 Loading weights:  99%|█████████▉| 196/197 [00:00<00:00, 1067.78it/s, Materializing param=encoder.layer.11.output.dense.bias]
6967.6s 2132 Loading weights: 100%|██████████| 197/197 [00:00<00:00, 1067.78it/s, Materializing param=encoder.layer.11.output.dense.weight]
6967.6s 2133 Loading weights: 100%|██████████| 197/197 [00:00<00:00, 1067.78it/s, Materializing param=encoder.layer.11.output.dense.weight]
6967.6s 2134 Loading weights: 100%|██████████| 197/197 [00:00<00:00, 1369.40it/s, Materializing param=encoder.layer.11.output.dense.weight]
6967.6s 2135 BertModel LOAD REPORT from: artifacts/runs/tapt-d0v0-rdrop-full
6967.6s 2136 Key                                        | Status     |
6967.6s 2137 -------------------------------------------+------------+-
6967.6s 2138 cls.predictions.decoder.weight             | UNEXPECTED |
6967.6s 2139 cls.predictions.transform.LayerNorm.weight | UNEXPECTED |
6967.6s 2140 cls.predictions.transform.dense.weight     | UNEXPECTED |
6967.6s 2141 cls.predictions.bias                       | UNEXPECTED |
6967.6s 2142 cls.predictions.transform.LayerNorm.bias   | UNEXPECTED |
6967.6s 2143 cls.predictions.transform.dense.bias       | UNEXPECTED |
6967.6s 2144 cls.predictions.decoder.bias               | UNEXPECTED |
6967.6s 2145 pooler.dense.weight                        | MISSING    |
6967.6s 2146 pooler.dense.bias                          | MISSING    |
6967.6s 2147 
6967.6s 2148 Notes:
6967.6s 2149 - UNEXPECTED	:can be ignored when loading from different task/architecture; not ok if you expect identical arch.
6967.6s 2150 - MISSING	:those params were newly initialized because missing from the checkpoint. Consider training on your downstream task.
7189.8s 2151 [s45full] ep1 done 3.7min  no val
7414.7s 2152 [s45full] ep2 done 3.7min  no val
7640.9s 2153 [s45full] ep3 done 3.8min  no val
7867.0s 2154 [s45full] ep4 done 3.8min  no val
8088.3s 2155 [s45full] ep5 done 3.7min  no val
8314.6s 2156 [s45full] ep6 197/197 loss 0.7712   no val (1.15s/step)
8314.6s 2157 [s45full] ep6 done 3.8min  no val
8314.6s 2158 [s45full] trained on every row; final checkpoint taken, no score
8314.6s 2159 ===== seed 46 FULL FIT, 3159 rows, no validation =====
8315.0s 2160 
8315.0s 2161 Loading weights:   0%|          | 0/197 [00:00<?, ?it/s]
8315.0s 2162 Loading weights:   1%|          | 1/197 [00:00<00:00, 25575.02it/s, Materializing param=embeddings.LayerNorm.bias]
8315.0s 2163 Loading weights:   1%|          | 1/197 [00:00<00:00, 7084.97it/s, Materializing param=embeddings.LayerNorm.bias]
8315.0s 2164 Loading weights:   1%|          | 2/197 [00:00<00:00, 5223.29it/s, Materializing param=embeddings.LayerNorm.weight]
8315.0s 2165 Loading weights:   1%|          | 2/197 [00:00<00:00, 4286.46it/s, Materializing param=embeddings.LayerNorm.weight]
8315.0s 2166 Loading weights:   2%|▏         | 3/197 [00:00<00:00, 4310.69it/s, Materializing param=embeddings.position_embeddings.weight]
8315.0s 2167 Loading weights:   2%|▏         | 3/197 [00:00<00:00, 3877.63it/s, Materializing param=embeddings.position_embeddings.weight]
8315.0s 2168 Loading weights:   2%|▏         | 4/197 [00:00<00:00, 2430.07it/s, Materializing param=embeddings.token_type_embeddings.weight]
8315.0s 2169 Loading weights:   2%|▏         | 4/197 [00:00<00:00, 2187.67it/s, Materializing param=embeddings.token_type_embeddings.weight]
8315.0s 2170 Loading weights:   3%|▎         | 5/197 [00:00<00:00, 2419.70it/s, Materializing param=embeddings.word_embeddings.weight]
8315.0s 2171 Loading weights:   3%|▎         | 5/197 [00:00<00:00, 2310.15it/s, Materializing param=embeddings.word_embeddings.weight]
8315.0s 2172 Loading weights:   3%|▎         | 6/197 [00:00<00:00, 2117.27it/s, Materializing param=encoder.layer.0.attention.output.LayerNorm.bias]
8315.0s 2173 Loading weights:   3%|▎         | 6/197 [00:00<00:00, 2051.84it/s, Materializing param=encoder.layer.0.attention.output.LayerNorm.bias]
8315.0s 2174 Loading weights:   4%|▎         | 7/197 [00:00<00:00, 2176.76it/s, Materializing param=encoder.layer.0.attention.output.LayerNorm.weight]
8315.0s 2175 Loading weights:   4%|▎         | 7/197 [00:00<00:00, 2094.46it/s, Materializing param=encoder.layer.0.attention.output.LayerNorm.weight]
8315.0s 2176 Loading weights:   4%|▍         | 8/197 [00:00<00:00, 1864.45it/s, Materializing param=encoder.layer.0.attention.output.dense.bias]
8315.0s 2177 Loading weights:   4%|▍         | 8/197 [00:00<00:00, 1811.40it/s, Materializing param=encoder.layer.0.attention.output.dense.bias]
8315.0s 2178 Loading weights:   5%|▍         | 9/197 [00:00<00:00, 1448.09it/s, Materializing param=encoder.layer.0.attention.output.dense.weight]
8315.0s 2179 Loading weights:   5%|▍         | 9/197 [00:00<00:00, 1413.07it/s, Materializing param=encoder.layer.0.attention.output.dense.weight]
8315.0s 2180 Loading weights:   5%|▌         | 10/197 [00:00<00:00, 1514.35it/s, Materializing param=encoder.layer.0.attention.self.key.bias]
8315.0s 2181 Loading weights:   5%|▌         | 10/197 [00:00<00:00, 1495.99it/s, Materializing param=encoder.layer.0.attention.self.key.bias]
8315.0s 2182 Loading weights:   6%|▌         | 11/197 [00:00<00:00, 1481.32it/s, Materializing param=encoder.layer.0.attention.self.key.weight]
8315.0s 2183 Loading weights:   6%|▌         | 11/197 [00:00<00:00, 1464.07it/s, Materializing param=encoder.layer.0.attention.self.key.weight]
8315.0s 2184 Loading weights:   6%|▌         | 12/197 [00:00<00:00, 1548.19it/s, Materializing param=encoder.layer.0.attention.self.query.bias]
8315.0s 2185 Loading weights:   6%|▌         | 12/197 [00:00<00:00, 1533.10it/s, Materializing param=encoder.layer.0.attention.self.query.bias]
8315.0s 2186 Loading weights:   7%|▋         | 13/197 [00:00<00:00, 1606.35it/s, Materializing param=encoder.layer.0.attention.self.query.weight]
8315.0s 2187 Loading weights:   7%|▋         | 13/197 [00:00<00:00, 1589.91it/s, Materializing param=encoder.layer.0.attention.self.query.weight]
8315.0s 2188 Loading weights:   7%|▋         | 14/197 [00:00<00:00, 1537.46it/s, Materializing param=encoder.layer.0.attention.self.value.bias]
8315.0s 2189 Loading weights:   7%|▋         | 14/197 [00:00<00:00, 1522.43it/s, Materializing param=encoder.layer.0.attention.self.value.bias]
8315.0s 2190 Loading weights:   8%|▊         | 15/197 [00:00<00:00, 1575.94it/s, Materializing param=encoder.layer.0.attention.self.value.weight]
8315.0s 2191 Loading weights:   8%|▊         | 15/197 [00:00<00:00, 1562.09it/s, Materializing param=encoder.layer.0.attention.self.value.weight]
8315.0s 2192 Loading weights:   8%|▊         | 16/197 [00:00<00:00, 1515.28it/s, Materializing param=encoder.layer.0.intermediate.dense.bias]
8315.0s 2193 Loading weights:   8%|▊         | 16/197 [00:00<00:00, 1485.04it/s, Materializing param=encoder.layer.0.intermediate.dense.bias]
8315.0s 2194 Loading weights:   9%|▊         | 17/197 [00:00<00:00, 1484.99it/s, Materializing param=encoder.layer.0.intermediate.dense.weight]
8315.0s 2195 Loading weights:   9%|▊         | 17/197 [00:00<00:00, 1461.01it/s, Materializing param=encoder.layer.0.intermediate.dense.weight]
8315.0s 2196 Loading weights:   9%|▉         | 18/197 [00:00<00:00, 1363.75it/s, Materializing param=encoder.layer.0.output.LayerNorm.bias]
8315.0s 2197 Loading weights:   9%|▉         | 18/197 [00:00<00:00, 1350.46it/s, Materializing param=encoder.layer.0.output.LayerNorm.bias]
8315.0s 2198 Loading weights:  10%|▉         | 19/197 [00:00<00:00, 1309.86it/s, Materializing param=encoder.layer.0.output.LayerNorm.weight]
8315.0s 2199 Loading weights:  10%|▉         | 19/197 [00:00<00:00, 1272.56it/s, Materializing param=encoder.layer.0.output.LayerNorm.weight]
8315.0s 2200 Loading weights:  10%|█         | 20/197 [00:00<00:00, 1217.15it/s, Materializing param=encoder.layer.0.output.dense.bias]
8315.0s 2201 Loading weights:  10%|█         | 20/197 [00:00<00:00, 1171.69it/s, Materializing param=encoder.layer.0.output.dense.bias]
8315.0s 2202 Loading weights:  11%|█         | 21/197 [00:00<00:00, 1171.47it/s, Materializing param=encoder.layer.0.output.dense.weight]
8315.0s 2203 Loading weights:  11%|█         | 21/197 [00:00<00:00, 1135.38it/s, Materializing param=encoder.layer.0.output.dense.weight]
8315.0s 2204 Loading weights:  11%|█         | 22/197 [00:00<00:00, 1154.11it/s, Materializing param=encoder.layer.1.attention.output.LayerNorm.bias]
8315.0s 2205 Loading weights:  11%|█         | 22/197 [00:00<00:00, 1147.44it/s, Materializing param=encoder.layer.1.attention.output.LayerNorm.bias]
8315.0s 2206 Loading weights:  12%|█▏        | 23/197 [00:00<00:00, 1137.47it/s, Materializing param=encoder.layer.1.attention.output.LayerNorm.weight]
8315.0s 2207 Loading weights:  12%|█▏        | 23/197 [00:00<00:00, 1128.85it/s, Materializing param=encoder.layer.1.attention.output.LayerNorm.weight]
8315.0s 2208 Loading weights:  12%|█▏        | 24/197 [00:00<00:00, 1105.25it/s, Materializing param=encoder.layer.1.attention.output.dense.bias]
8315.0s 2209 Loading weights:  12%|█▏        | 24/197 [00:00<00:00, 1100.01it/s, Materializing param=encoder.layer.1.attention.output.dense.bias]
8315.0s 2210 Loading weights:  13%|█▎        | 25/197 [00:00<00:00, 1131.54it/s, Materializing param=encoder.layer.1.attention.output.dense.weight]
8315.0s 2211 Loading weights:  13%|█▎        | 25/197 [00:00<00:00, 1126.54it/s, Materializing param=encoder.layer.1.attention.output.dense.weight]
8315.0s 2212 Loading weights:  13%|█▎        | 26/197 [00:00<00:00, 1122.00it/s, Materializing param=encoder.layer.1.attention.self.key.bias]
8315.0s 2213 Loading weights:  13%|█▎        | 26/197 [00:00<00:00, 1116.39it/s, Materializing param=encoder.layer.1.attention.self.key.bias]
8315.0s 2214 Loading weights:  14%|█▎        | 27/197 [00:00<00:00, 1131.50it/s, Materializing param=encoder.layer.1.attention.self.key.weight]
8315.0s 2215 Loading weights:  14%|█▎        | 27/197 [00:00<00:00, 1125.75it/s, Materializing param=encoder.layer.1.attention.self.key.weight]
8315.0s 2216 Loading weights:  14%|█▍        | 28/197 [00:00<00:00, 1134.18it/s, Materializing param=encoder.layer.1.attention.self.query.bias]
8315.0s 2217 Loading weights:  14%|█▍        | 28/197 [00:00<00:00, 1129.47it/s, Materializing param=encoder.layer.1.attention.self.query.bias]
8315.0s 2218 Loading weights:  15%|█▍        | 29/197 [00:00<00:00, 1150.20it/s, Materializing param=encoder.layer.1.attention.self.query.weight]
8315.0s 2219 Loading weights:  15%|█▍        | 29/197 [00:00<00:00, 1143.96it/s, Materializing param=encoder.layer.1.attention.self.query.weight]
8315.0s 2220 Loading weights:  15%|█▌        | 30/197 [00:00<00:00, 1171.65it/s, Materializing param=encoder.layer.1.attention.self.value.bias]
8315.0s 2221 Loading weights:  15%|█▌        | 30/197 [00:00<00:00, 1167.32it/s, Materializing param=encoder.layer.1.attention.self.value.bias]
8315.0s 2222 Loading weights:  16%|█▌        | 31/197 [00:00<00:00, 1194.86it/s, Materializing param=encoder.layer.1.attention.self.value.weight]
8315.0s 2223 Loading weights:  16%|█▌        | 31/197 [00:00<00:00, 1191.59it/s, Materializing param=encoder.layer.1.attention.self.value.weight]
8315.0s 2224 Loading weights:  16%|█▌        | 32/197 [00:00<00:00, 1214.77it/s, Materializing param=encoder.layer.1.intermediate.dense.bias]
8315.0s 2225 Loading weights:  16%|█▌        | 32/197 [00:00<00:00, 1197.26it/s, Materializing param=encoder.layer.1.intermediate.dense.bias]
8315.0s 2226 Loading weights:  17%|█▋        | 33/197 [00:00<00:00, 1221.73it/s, Materializing param=encoder.layer.1.intermediate.dense.weight]
8315.0s 2227 Loading weights:  17%|█▋        | 33/197 [00:00<00:00, 1217.48it/s, Materializing param=encoder.layer.1.intermediate.dense.weight]
8315.0s 2228 Loading weights:  17%|█▋        | 34/197 [00:00<00:00, 1215.45it/s, Materializing param=encoder.layer.1.output.LayerNorm.bias]
8315.0s 2229 Loading weights:  17%|█▋        | 34/197 [00:00<00:00, 1210.94it/s, Materializing param=encoder.layer.1.output.LayerNorm.bias]
8315.0s 2230 Loading weights:  18%|█▊        | 35/197 [00:00<00:00, 1213.34it/s, Materializing param=encoder.layer.1.output.LayerNorm.weight]
8315.0s 2231 Loading weights:  18%|█▊        | 35/197 [00:00<00:00, 1199.97it/s, Materializing param=encoder.layer.1.output.LayerNorm.weight]
8315.0s 2232 Loading weights:  18%|█▊        | 36/197 [00:00<00:00, 1219.18it/s, Materializing param=encoder.layer.1.output.dense.bias]
8315.0s 2233 Loading weights:  18%|█▊        | 36/197 [00:00<00:00, 1190.80it/s, Materializing param=encoder.layer.1.output.dense.bias]
8315.0s 2234 Loading weights:  19%|█▉        | 37/197 [00:00<00:00, 1200.00it/s, Materializing param=encoder.layer.1.output.dense.weight]
8315.0s 2235 Loading weights:  19%|█▉        | 37/197 [00:00<00:00, 1166.06it/s, Materializing param=encoder.layer.1.output.dense.weight]
8315.0s 2236 Loading weights:  19%|█▉        | 38/197 [00:00<00:00, 1179.49it/s, Materializing param=encoder.layer.2.attention.output.LayerNorm.bias]
8315.0s 2237 Loading weights:  19%|█▉        | 38/197 [00:00<00:00, 1174.22it/s, Materializing param=encoder.layer.2.attention.output.LayerNorm.bias]
8315.0s 2238 Loading weights:  20%|█▉        | 39/197 [00:00<00:00, 1184.41it/s, Materializing param=encoder.layer.2.attention.output.LayerNorm.weight]
8315.0s 2239 Loading weights:  20%|█▉        | 39/197 [00:00<00:00, 1180.95it/s, Materializing param=encoder.layer.2.attention.output.LayerNorm.weight]
8315.0s 2240 Loading weights:  20%|██        | 40/197 [00:00<00:00, 1202.29it/s, Materializing param=encoder.layer.2.attention.output.dense.bias]
8315.0s 2241 Loading weights:  20%|██        | 40/197 [00:00<00:00, 1197.35it/s, Materializing param=encoder.layer.2.attention.output.dense.bias]
8315.0s 2242 Loading weights:  21%|██        | 41/197 [00:00<00:00, 1219.14it/s, Materializing param=encoder.layer.2.attention.output.dense.weight]
8315.0s 2243 Loading weights:  21%|██        | 41/197 [00:00<00:00, 1215.58it/s, Materializing param=encoder.layer.2.attention.output.dense.weight]
8315.0s 2244 Loading weights:  21%|██▏       | 42/197 [00:00<00:00, 1218.25it/s, Materializing param=encoder.layer.2.attention.self.key.bias]
8315.0s 2245 Loading weights:  21%|██▏       | 42/197 [00:00<00:00, 1207.90it/s, Materializing param=encoder.layer.2.attention.self.key.bias]
8315.0s 2246 Loading weights:  22%|██▏       | 43/197 [00:00<00:00, 1205.11it/s, Materializing param=encoder.layer.2.attention.self.key.weight]
8315.0s 2247 Loading weights:  22%|██▏       | 43/197 [00:00<00:00, 1202.06it/s, Materializing param=encoder.layer.2.attention.self.key.weight]
8315.0s 2248 Loading weights:  22%|██▏       | 44/197 [00:00<00:00, 1211.43it/s, Materializing param=encoder.layer.2.attention.self.query.bias]
8315.0s 2249 Loading weights:  22%|██▏       | 44/197 [00:00<00:00, 1208.25it/s, Materializing param=encoder.layer.2.attention.self.query.bias]
8315.0s 2250 Loading weights:  23%|██▎       | 45/197 [00:00<00:00, 1228.96it/s, Materializing param=encoder.layer.2.attention.self.query.weight]
8315.0s 2251 Loading weights:  23%|██▎       | 45/197 [00:00<00:00, 1225.62it/s, Materializing param=encoder.layer.2.attention.self.query.weight]
8315.0s 2252 Loading weights:  23%|██▎       | 46/197 [00:00<00:00, 1242.01it/s, Materializing param=encoder.layer.2.attention.self.value.bias]
8315.0s 2253 Loading weights:  23%|██▎       | 46/197 [00:00<00:00, 1239.00it/s, Materializing param=encoder.layer.2.attention.self.value.bias]
8315.0s 2254 Loading weights:  24%|██▍       | 47/197 [00:00<00:00, 1257.12it/s, Materializing param=encoder.layer.2.attention.self.value.weight]
8315.0s 2255 Loading weights:  24%|██▍       | 47/197 [00:00<00:00, 1254.64it/s, Materializing param=encoder.layer.2.attention.self.value.weight]
8315.0s 2256 Loading weights:  24%|██▍       | 48/197 [00:00<00:00, 1272.23it/s, Materializing param=encoder.layer.2.intermediate.dense.bias]
8315.0s 2257 Loading weights:  24%|██▍       | 48/197 [00:00<00:00, 1269.37it/s, Materializing param=encoder.layer.2.intermediate.dense.bias]
8315.0s 2258 Loading weights:  25%|██▍       | 49/197 [00:00<00:00, 1288.00it/s, Materializing param=encoder.layer.2.intermediate.dense.weight]
8315.0s 2259 Loading weights:  25%|██▍       | 49/197 [00:00<00:00, 1284.88it/s, Materializing param=encoder.layer.2.intermediate.dense.weight]
8315.0s 2260 Loading weights:  25%|██▌       | 50/197 [00:00<00:00, 1303.00it/s, Materializing param=encoder.layer.2.output.LayerNorm.bias]
8315.0s 2261 Loading weights:  25%|██▌       | 50/197 [00:00<00:00, 1300.40it/s, Materializing param=encoder.layer.2.output.LayerNorm.bias]
8315.0s 2262 Loading weights:  26%|██▌       | 51/197 [00:00<00:00, 1316.27it/s, Materializing param=encoder.layer.2.output.LayerNorm.weight]
8315.0s 2263 Loading weights:  26%|██▌       | 51/197 [00:00<00:00, 1313.34it/s, Materializing param=encoder.layer.2.output.LayerNorm.weight]
8315.0s 2264 Loading weights:  26%|██▋       | 52/197 [00:00<00:00, 1330.50it/s, Materializing param=encoder.layer.2.output.dense.bias]
8315.0s 2265 Loading weights:  26%|██▋       | 52/197 [00:00<00:00, 1327.67it/s, Materializing param=encoder.layer.2.output.dense.bias]
8315.0s 2266 Loading weights:  27%|██▋       | 53/197 [00:00<00:00, 1340.11it/s, Materializing param=encoder.layer.2.output.dense.weight]
8315.0s 2267 Loading weights:  27%|██▋       | 53/197 [00:00<00:00, 1336.25it/s, Materializing param=encoder.layer.2.output.dense.weight]
8315.0s 2268 Loading weights:  27%|██▋       | 54/197 [00:00<00:00, 1353.91it/s, Materializing param=encoder.layer.3.attention.output.LayerNorm.bias]
8315.0s 2269 Loading weights:  27%|██▋       | 54/197 [00:00<00:00, 1351.14it/s, Materializing param=encoder.layer.3.attention.output.LayerNorm.bias]
8315.0s 2270 Loading weights:  28%|██▊       | 55/197 [00:00<00:00, 1366.60it/s, Materializing param=encoder.layer.3.attention.output.LayerNorm.weight]
8315.0s 2271 Loading weights:  28%|██▊       | 55/197 [00:00<00:00, 1359.12it/s, Materializing param=encoder.layer.3.attention.output.LayerNorm.weight]
8315.0s 2272 Loading weights:  28%|██▊       | 56/197 [00:00<00:00, 1354.32it/s, Materializing param=encoder.layer.3.attention.output.dense.bias]
8315.0s 2273 Loading weights:  28%|██▊       | 56/197 [00:00<00:00, 1350.55it/s, Materializing param=encoder.layer.3.attention.output.dense.bias]
8315.0s 2274 Loading weights:  29%|██▉       | 57/197 [00:00<00:00, 1356.79it/s, Materializing param=encoder.layer.3.attention.output.dense.weight]
8315.0s 2275 Loading weights:  29%|██▉       | 57/197 [00:00<00:00, 1354.07it/s, Materializing param=encoder.layer.3.attention.output.dense.weight]
8315.0s 2276 Loading weights:  29%|██▉       | 58/197 [00:00<00:00, 1360.08it/s, Materializing param=encoder.layer.3.attention.self.key.bias]
8315.0s 2277 Loading weights:  29%|██▉       | 58/197 [00:00<00:00, 1356.83it/s, Materializing param=encoder.layer.3.attention.self.key.bias]
8315.0s 2278 Loading weights:  30%|██▉       | 59/197 [00:00<00:00, 1371.74it/s, Materializing param=encoder.layer.3.attention.self.key.weight]
8315.0s 2279 Loading weights:  30%|██▉       | 59/197 [00:00<00:00, 1368.93it/s, Materializing param=encoder.layer.3.attention.self.key.weight]
8315.0s 2280 Loading weights:  30%|███       | 60/197 [00:00<00:00, 1380.32it/s, Materializing param=encoder.layer.3.attention.self.query.bias]
8315.0s 2281 Loading weights:  30%|███       | 60/197 [00:00<00:00, 1377.64it/s, Materializing param=encoder.layer.3.attention.self.query.bias]
8315.0s 2282 Loading weights:  31%|███       | 61/197 [00:00<00:00, 1394.17it/s, Materializing param=encoder.layer.3.attention.self.query.weight]
8315.0s 2283 Loading weights:  31%|███       | 61/197 [00:00<00:00, 1391.97it/s, Materializing param=encoder.layer.3.attention.self.query.weight]
8315.0s 2284 Loading weights:  31%|███▏      | 62/197 [00:00<00:00, 1408.49it/s, Materializing param=encoder.layer.3.attention.self.value.bias]
8315.0s 2285 Loading weights:  31%|███▏      | 62/197 [00:00<00:00, 1406.05it/s, Materializing param=encoder.layer.3.attention.self.value.bias]
8315.0s 2286 Loading weights:  32%|███▏      | 63/197 [00:00<00:00, 1390.78it/s, Materializing param=encoder.layer.3.attention.self.value.weight]
8315.0s 2287 Loading weights:  32%|███▏      | 63/197 [00:00<00:00, 1373.97it/s, Materializing param=encoder.layer.3.attention.self.value.weight]
8315.0s 2288 Loading weights:  32%|███▏      | 64/197 [00:00<00:00, 1385.82it/s, Materializing param=encoder.layer.3.intermediate.dense.bias]
8315.0s 2289 Loading weights:  32%|███▏      | 64/197 [00:00<00:00, 1380.34it/s, Materializing param=encoder.layer.3.intermediate.dense.bias]
8315.0s 2290 Loading weights:  33%|███▎      | 65/197 [00:00<00:00, 1379.36it/s, Materializing param=encoder.layer.3.intermediate.dense.weight]
8315.0s 2291 Loading weights:  33%|███▎      | 65/197 [00:00<00:00, 1376.26it/s, Materializing param=encoder.layer.3.intermediate.dense.weight]
8315.0s 2292 Loading weights:  34%|███▎      | 66/197 [00:00<00:00, 1374.47it/s, Materializing param=encoder.layer.3.output.LayerNorm.bias]
8315.0s 2293 Loading weights:  34%|███▎      | 66/197 [00:00<00:00, 1371.65it/s, Materializing param=encoder.layer.3.output.LayerNorm.bias]
8315.0s 2294 Loading weights:  34%|███▍      | 67/197 [00:00<00:00, 1377.37it/s, Materializing param=encoder.layer.3.output.LayerNorm.weight]
8315.0s 2295 Loading weights:  34%|███▍      | 67/197 [00:00<00:00, 1374.68it/s, Materializing param=encoder.layer.3.output.LayerNorm.weight]
8315.0s 2296 Loading weights:  35%|███▍      | 68/197 [00:00<00:00, 1386.97it/s, Materializing param=encoder.layer.3.output.dense.bias]
8315.0s 2297 Loading weights:  35%|███▍      | 68/197 [00:00<00:00, 1378.60it/s, Materializing param=encoder.layer.3.output.dense.bias]
8315.0s 2298 Loading weights:  35%|███▌      | 69/197 [00:00<00:00, 1391.77it/s, Materializing param=encoder.layer.3.output.dense.weight]
8315.0s 2299 Loading weights:  35%|███▌      | 69/197 [00:00<00:00, 1389.43it/s, Materializing param=encoder.layer.3.output.dense.weight]
8315.0s 2300 Loading weights:  36%|███▌      | 70/197 [00:00<00:00, 1400.89it/s, Materializing param=encoder.layer.4.attention.output.LayerNorm.bias]
8315.0s 2301 Loading weights:  36%|███▌      | 70/197 [00:00<00:00, 1387.02it/s, Materializing param=encoder.layer.4.attention.output.LayerNorm.bias]
8315.0s 2302 Loading weights:  36%|███▌      | 71/197 [00:00<00:00, 1391.28it/s, Materializing param=encoder.layer.4.attention.output.LayerNorm.weight]
8315.0s 2303 Loading weights:  36%|███▌      | 71/197 [00:00<00:00, 1388.43it/s, Materializing param=encoder.layer.4.attention.output.LayerNorm.weight]
8315.0s 2304 Loading weights:  37%|███▋      | 72/197 [00:00<00:00, 1392.92it/s, Materializing param=encoder.layer.4.attention.output.dense.bias]
8315.0s 2305 Loading weights:  37%|███▋      | 72/197 [00:00<00:00, 1380.53it/s, Materializing param=encoder.layer.4.attention.output.dense.bias]
8315.0s 2306 Loading weights:  37%|███▋      | 73/197 [00:00<00:00, 1385.59it/s, Materializing param=encoder.layer.4.attention.output.dense.weight]
8315.0s 2307 Loading weights:  37%|███▋      | 73/197 [00:00<00:00, 1382.87it/s, Materializing param=encoder.layer.4.attention.output.dense.weight]
8315.0s 2308 Loading weights:  38%|███▊      | 74/197 [00:00<00:00, 1381.28it/s, Materializing param=encoder.layer.4.attention.self.key.bias]
8315.0s 2309 Loading weights:  38%|███▊      | 74/197 [00:00<00:00, 1373.25it/s, Materializing param=encoder.layer.4.attention.self.key.bias]
8315.0s 2310 Loading weights:  38%|███▊      | 75/197 [00:00<00:00, 1384.27it/s, Materializing param=encoder.layer.4.attention.self.key.weight]
8315.0s 2311 Loading weights:  38%|███▊      | 75/197 [00:00<00:00, 1378.48it/s, Materializing param=encoder.layer.4.attention.self.key.weight]
8315.0s 2312 Loading weights:  39%|███▊      | 76/197 [00:00<00:00, 1377.42it/s, Materializing param=encoder.layer.4.attention.self.query.bias]
8315.0s 2313 Loading weights:  39%|███▊      | 76/197 [00:00<00:00, 1359.48it/s, Materializing param=encoder.layer.4.attention.self.query.bias]
8315.0s 2314 Loading weights:  39%|███▉      | 77/197 [00:00<00:00, 1354.99it/s, Materializing param=encoder.layer.4.attention.self.query.weight]
8315.0s 2315 Loading weights:  39%|███▉      | 77/197 [00:00<00:00, 1346.22it/s, Materializing param=encoder.layer.4.attention.self.query.weight]
8315.0s 2316 Loading weights:  40%|███▉      | 78/197 [00:00<00:00, 1357.27it/s, Materializing param=encoder.layer.4.attention.self.value.bias]
8315.0s 2317 Loading weights:  40%|███▉      | 78/197 [00:00<00:00, 1355.11it/s, Materializing param=encoder.layer.4.attention.self.value.bias]
8315.0s 2318 Loading weights:  40%|████      | 79/197 [00:00<00:00, 1342.30it/s, Materializing param=encoder.layer.4.attention.self.value.weight]
8315.0s 2319 Loading weights:  40%|████      | 79/197 [00:00<00:00, 1339.87it/s, Materializing param=encoder.layer.4.attention.self.value.weight]
8315.0s 2320 Loading weights:  41%|████      | 80/197 [00:00<00:00, 1342.33it/s, Materializing param=encoder.layer.4.intermediate.dense.bias]
8315.0s 2321 Loading weights:  41%|████      | 80/197 [00:00<00:00, 1339.76it/s, Materializing param=encoder.layer.4.intermediate.dense.bias]
8315.0s 2322 Loading weights:  41%|████      | 81/197 [00:00<00:00, 1348.17it/s, Materializing param=encoder.layer.4.intermediate.dense.weight]
8315.0s 2323 Loading weights:  41%|████      | 81/197 [00:00<00:00, 1343.42it/s, Materializing param=encoder.layer.4.intermediate.dense.weight]
8315.0s 2324 Loading weights:  42%|████▏     | 82/197 [00:00<00:00, 1350.75it/s, Materializing param=encoder.layer.4.output.LayerNorm.bias]
8315.0s 2325 Loading weights:  42%|████▏     | 82/197 [00:00<00:00, 1339.16it/s, Materializing param=encoder.layer.4.output.LayerNorm.bias]
8315.0s 2326 Loading weights:  42%|████▏     | 83/197 [00:00<00:00, 1341.42it/s, Materializing param=encoder.layer.4.output.LayerNorm.weight]
8315.0s 2327 Loading weights:  42%|████▏     | 83/197 [00:00<00:00, 1335.61it/s, Materializing param=encoder.layer.4.output.LayerNorm.weight]
8315.0s 2328 Loading weights:  43%|████▎     | 84/197 [00:00<00:00, 1340.50it/s, Materializing param=encoder.layer.4.output.dense.bias]
8315.0s 2329 Loading weights:  43%|████▎     | 84/197 [00:00<00:00, 1338.71it/s, Materializing param=encoder.layer.4.output.dense.bias]
8315.0s 2330 Loading weights:  43%|████▎     | 85/197 [00:00<00:00, 1335.87it/s, Materializing param=encoder.layer.4.output.dense.weight]
8315.0s 2331 Loading weights:  43%|████▎     | 85/197 [00:00<00:00, 1333.93it/s, Materializing param=encoder.layer.4.output.dense.weight]
8315.0s 2332 Loading weights:  44%|████▎     | 86/197 [00:00<00:00, 1334.61it/s, Materializing param=encoder.layer.5.attention.output.LayerNorm.bias]
8315.0s 2333 Loading weights:  44%|████▎     | 86/197 [00:00<00:00, 1330.60it/s, Materializing param=encoder.layer.5.attention.output.LayerNorm.bias]
8315.0s 2334 Loading weights:  44%|████▍     | 87/197 [00:00<00:00, 1335.68it/s, Materializing param=encoder.layer.5.attention.output.LayerNorm.weight]
8315.0s 2335 Loading weights:  44%|████▍     | 87/197 [00:00<00:00, 1325.80it/s, Materializing param=encoder.layer.5.attention.output.LayerNorm.weight]
8315.0s 2336 Loading weights:  45%|████▍     | 88/197 [00:00<00:00, 1333.86it/s, Materializing param=encoder.layer.5.attention.output.dense.bias]
8315.0s 2337 Loading weights:  45%|████▍     | 88/197 [00:00<00:00, 1330.07it/s, Materializing param=encoder.layer.5.attention.output.dense.bias]
8315.0s 2338 Loading weights:  45%|████▌     | 89/197 [00:00<00:00, 1321.56it/s, Materializing param=encoder.layer.5.attention.output.dense.weight]
8315.0s 2339 Loading weights:  45%|████▌     | 89/197 [00:00<00:00, 1312.83it/s, Materializing param=encoder.layer.5.attention.output.dense.weight]
8315.0s 2340 Loading weights:  46%|████▌     | 90/197 [00:00<00:00, 1287.14it/s, Materializing param=encoder.layer.5.attention.self.key.bias]
8315.0s 2341 Loading weights:  46%|████▌     | 90/197 [00:00<00:00, 1283.81it/s, Materializing param=encoder.layer.5.attention.self.key.bias]
8315.0s 2342 Loading weights:  46%|████▌     | 91/197 [00:00<00:00, 1271.51it/s, Materializing param=encoder.layer.5.attention.self.key.weight]
8315.0s 2343 Loading weights:  46%|████▌     | 91/197 [00:00<00:00, 1269.89it/s, Materializing param=encoder.layer.5.attention.self.key.weight]
8315.0s 2344 Loading weights:  47%|████▋     | 92/197 [00:00<00:00, 1279.51it/s, Materializing param=encoder.layer.5.attention.self.query.bias]
8315.0s 2345 Loading weights:  47%|████▋     | 92/197 [00:00<00:00, 1278.08it/s, Materializing param=encoder.layer.5.attention.self.query.bias]
8315.0s 2346 Loading weights:  47%|████▋     | 93/197 [00:00<00:00, 1288.22it/s, Materializing param=encoder.layer.5.attention.self.query.weight]
8315.0s 2347 Loading weights:  47%|████▋     | 93/197 [00:00<00:00, 1281.53it/s, Materializing param=encoder.layer.5.attention.self.query.weight]
8315.0s 2348 Loading weights:  48%|████▊     | 94/197 [00:00<00:00, 1290.31it/s, Materializing param=encoder.layer.5.attention.self.value.bias]
8315.0s 2349 Loading weights:  48%|████▊     | 94/197 [00:00<00:00, 1288.60it/s, Materializing param=encoder.layer.5.attention.self.value.bias]
8315.0s 2350 Loading weights:  48%|████▊     | 95/197 [00:00<00:00, 1294.28it/s, Materializing param=encoder.layer.5.attention.self.value.weight]
8315.0s 2351 Loading weights:  48%|████▊     | 95/197 [00:00<00:00, 1292.38it/s, Materializing param=encoder.layer.5.attention.self.value.weight]
8315.0s 2352 Loading weights:  49%|████▊     | 96/197 [00:00<00:00, 1300.11it/s, Materializing param=encoder.layer.5.intermediate.dense.bias]
8315.0s 2353 Loading weights:  49%|████▊     | 96/197 [00:00<00:00, 1298.34it/s, Materializing param=encoder.layer.5.intermediate.dense.bias]
8315.0s 2354 Loading weights:  49%|████▉     | 97/197 [00:00<00:00, 1289.62it/s, Materializing param=encoder.layer.5.intermediate.dense.weight]
8315.0s 2355 Loading weights:  49%|████▉     | 97/197 [00:00<00:00, 1287.24it/s, Materializing param=encoder.layer.5.intermediate.dense.weight]
8315.0s 2356 Loading weights:  50%|████▉     | 98/197 [00:00<00:00, 1291.61it/s, Materializing param=encoder.layer.5.output.LayerNorm.bias]
8315.0s 2357 Loading weights:  50%|████▉     | 98/197 [00:00<00:00, 1289.98it/s, Materializing param=encoder.layer.5.output.LayerNorm.bias]
8315.0s 2358 Loading weights:  50%|█████     | 99/197 [00:00<00:00, 1296.09it/s, Materializing param=encoder.layer.5.output.LayerNorm.weight]
8315.0s 2359 Loading weights:  50%|█████     | 99/197 [00:00<00:00, 1294.22it/s, Materializing param=encoder.layer.5.output.LayerNorm.weight]
8315.0s 2360 Loading weights:  51%|█████     | 100/197 [00:00<00:00, 1298.95it/s, Materializing param=encoder.layer.5.output.dense.bias]
8315.0s 2361 Loading weights:  51%|█████     | 100/197 [00:00<00:00, 1297.32it/s, Materializing param=encoder.layer.5.output.dense.bias]
8315.0s 2362 Loading weights:  51%|█████▏    | 101/197 [00:00<00:00, 1302.85it/s, Materializing param=encoder.layer.5.output.dense.weight]
8315.0s 2363 Loading weights:  51%|█████▏    | 101/197 [00:00<00:00, 1301.24it/s, Materializing param=encoder.layer.5.output.dense.weight]
8315.0s 2364 Loading weights:  52%|█████▏    | 102/197 [00:00<00:00, 1309.21it/s, Materializing param=encoder.layer.6.attention.output.LayerNorm.bias]
8315.0s 2365 Loading weights:  52%|█████▏    | 102/197 [00:00<00:00, 1307.68it/s, Materializing param=encoder.layer.6.attention.output.LayerNorm.bias]
8315.0s 2366 Loading weights:  52%|█████▏    | 103/197 [00:00<00:00, 1316.93it/s, Materializing param=encoder.layer.6.attention.output.LayerNorm.weight]
8315.0s 2367 Loading weights:  52%|█████▏    | 103/197 [00:00<00:00, 1314.81it/s, Materializing param=encoder.layer.6.attention.output.LayerNorm.weight]
8315.0s 2368 Loading weights:  53%|█████▎    | 104/197 [00:00<00:00, 1321.38it/s, Materializing param=encoder.layer.6.attention.output.dense.bias]
8315.0s 2369 Loading weights:  53%|█████▎    | 104/197 [00:00<00:00, 1320.01it/s, Materializing param=encoder.layer.6.attention.output.dense.bias]
8315.0s 2370 Loading weights:  53%|█████▎    | 105/197 [00:00<00:00, 1329.35it/s, Materializing param=encoder.layer.6.attention.output.dense.weight]
8315.0s 2371 Loading weights:  53%|█████▎    | 105/197 [00:00<00:00, 1328.08it/s, Materializing param=encoder.layer.6.attention.output.dense.weight]
8315.0s 2372 Loading weights:  54%|█████▍    | 106/197 [00:00<00:00, 1330.36it/s, Materializing param=encoder.layer.6.attention.self.key.bias]
8315.0s 2373 Loading weights:  54%|█████▍    | 106/197 [00:00<00:00, 1323.68it/s, Materializing param=encoder.layer.6.attention.self.key.bias]
8315.0s 2374 Loading weights:  54%|█████▍    | 107/197 [00:00<00:00, 1325.07it/s, Materializing param=encoder.layer.6.attention.self.key.weight]
8315.0s 2375 Loading weights:  54%|█████▍    | 107/197 [00:00<00:00, 1322.07it/s, Materializing param=encoder.layer.6.attention.self.key.weight]
8315.0s 2376 Loading weights:  55%|█████▍    | 108/197 [00:00<00:00, 1314.03it/s, Materializing param=encoder.layer.6.attention.self.query.bias]
8315.0s 2377 Loading weights:  55%|█████▍    | 108/197 [00:00<00:00, 1312.16it/s, Materializing param=encoder.layer.6.attention.self.query.bias]
8315.0s 2378 Loading weights:  55%|█████▌    | 109/197 [00:00<00:00, 1320.48it/s, Materializing param=encoder.layer.6.attention.self.query.weight]
8315.0s 2379 Loading weights:  55%|█████▌    | 109/197 [00:00<00:00, 1319.26it/s, Materializing param=encoder.layer.6.attention.self.query.weight]
8315.0s 2380 Loading weights:  56%|█████▌    | 110/197 [00:00<00:00, 1327.41it/s, Materializing param=encoder.layer.6.attention.self.value.bias]
8315.0s 2381 Loading weights:  56%|█████▌    | 110/197 [00:00<00:00, 1326.03it/s, Materializing param=encoder.layer.6.attention.self.value.bias]
8315.0s 2382 Loading weights:  56%|█████▋    | 111/197 [00:00<00:00, 1325.74it/s, Materializing param=encoder.layer.6.attention.self.value.weight]
8315.0s 2383 Loading weights:  56%|█████▋    | 111/197 [00:00<00:00, 1322.26it/s, Materializing param=encoder.layer.6.attention.self.value.weight]
8315.0s 2384 Loading weights:  57%|█████▋    | 112/197 [00:00<00:00, 1317.09it/s, Materializing param=encoder.layer.6.intermediate.dense.bias]
8315.0s 2385 Loading weights:  57%|█████▋    | 112/197 [00:00<00:00, 1315.48it/s, Materializing param=encoder.layer.6.intermediate.dense.bias]
8315.0s 2386 Loading weights:  57%|█████▋    | 113/197 [00:00<00:00, 1323.21it/s, Materializing param=encoder.layer.6.intermediate.dense.weight]
8315.0s 2387 Loading weights:  57%|█████▋    | 113/197 [00:00<00:00, 1321.71it/s, Materializing param=encoder.layer.6.intermediate.dense.weight]
8315.0s 2388 Loading weights:  58%|█████▊    | 114/197 [00:00<00:00, 1328.87it/s, Materializing param=encoder.layer.6.output.LayerNorm.bias]
8315.0s 2389 Loading weights:  58%|█████▊    | 114/197 [00:00<00:00, 1325.75it/s, Materializing param=encoder.layer.6.output.LayerNorm.bias]
8315.0s 2390 Loading weights:  58%|█████▊    | 115/197 [00:00<00:00, 1333.67it/s, Materializing param=encoder.layer.6.output.LayerNorm.weight]
8315.0s 2391 Loading weights:  58%|█████▊    | 115/197 [00:00<00:00, 1331.60it/s, Materializing param=encoder.layer.6.output.LayerNorm.weight]
8315.0s 2392 Loading weights:  59%|█████▉    | 116/197 [00:00<00:00, 1336.77it/s, Materializing param=encoder.layer.6.output.dense.bias]
8315.0s 2393 Loading weights:  59%|█████▉    | 116/197 [00:00<00:00, 1335.52it/s, Materializing param=encoder.layer.6.output.dense.bias]
8315.0s 2394 Loading weights:  59%|█████▉    | 117/197 [00:00<00:00, 1343.32it/s, Materializing param=encoder.layer.6.output.dense.weight]
8315.0s 2395 Loading weights:  59%|█████▉    | 117/197 [00:00<00:00, 1342.00it/s, Materializing param=encoder.layer.6.output.dense.weight]
8315.0s 2396 Loading weights:  60%|█████▉    | 118/197 [00:00<00:00, 1349.88it/s, Materializing param=encoder.layer.7.attention.output.LayerNorm.bias]
8315.0s 2397 Loading weights:  60%|█████▉    | 118/197 [00:00<00:00, 1348.49it/s, Materializing param=encoder.layer.7.attention.output.LayerNorm.bias]
8315.0s 2398 Loading weights:  60%|██████    | 119/197 [00:00<00:00, 1356.48it/s, Materializing param=encoder.layer.7.attention.output.LayerNorm.weight]
8315.0s 2399 Loading weights:  60%|██████    | 119/197 [00:00<00:00, 1355.12it/s, Materializing param=encoder.layer.7.attention.output.LayerNorm.weight]
8315.0s 2400 Loading weights:  61%|██████    | 120/197 [00:00<00:00, 1363.28it/s, Materializing param=encoder.layer.7.attention.output.dense.bias]
8315.0s 2401 Loading weights:  61%|██████    | 120/197 [00:00<00:00, 1361.96it/s, Materializing param=encoder.layer.7.attention.output.dense.bias]
8315.0s 2402 Loading weights:  61%|██████▏   | 121/197 [00:00<00:00, 1369.98it/s, Materializing param=encoder.layer.7.attention.output.dense.weight]
8315.0s 2403 Loading weights:  61%|██████▏   | 121/197 [00:00<00:00, 1368.62it/s, Materializing param=encoder.layer.7.attention.output.dense.weight]
8315.0s 2404 Loading weights:  62%|██████▏   | 122/197 [00:00<00:00, 1376.24it/s, Materializing param=encoder.layer.7.attention.self.key.bias]
8315.0s 2405 Loading weights:  62%|██████▏   | 122/197 [00:00<00:00, 1374.91it/s, Materializing param=encoder.layer.7.attention.self.key.bias]
8315.0s 2406 Loading weights:  62%|██████▏   | 123/197 [00:00<00:00, 1382.86it/s, Materializing param=encoder.layer.7.attention.self.key.weight]
8315.0s 2407 Loading weights:  62%|██████▏   | 123/197 [00:00<00:00, 1381.53it/s, Materializing param=encoder.layer.7.attention.self.key.weight]
8315.0s 2408 Loading weights:  63%|██████▎   | 124/197 [00:00<00:00, 1389.45it/s, Materializing param=encoder.layer.7.attention.self.query.bias]
8315.0s 2409 Loading weights:  63%|██████▎   | 124/197 [00:00<00:00, 1384.77it/s, Materializing param=encoder.layer.7.attention.self.query.bias]
8315.0s 2410 Loading weights:  63%|██████▎   | 125/197 [00:00<00:00, 1393.56it/s, Materializing param=encoder.layer.7.attention.self.query.weight]
8315.0s 2411 Loading weights:  63%|██████▎   | 125/197 [00:00<00:00, 1392.59it/s, Materializing param=encoder.layer.7.attention.self.query.weight]
8315.0s 2412 Loading weights:  64%|██████▍   | 126/197 [00:00<00:00, 1402.16it/s, Materializing param=encoder.layer.7.attention.self.value.bias]
8315.0s 2413 Loading weights:  64%|██████▍   | 126/197 [00:00<00:00, 1401.31it/s, Materializing param=encoder.layer.7.attention.self.value.bias]
8315.0s 2414 Loading weights:  64%|██████▍   | 127/197 [00:00<00:00, 1410.93it/s, Materializing param=encoder.layer.7.attention.self.value.weight]
8315.0s 2415 Loading weights:  64%|██████▍   | 127/197 [00:00<00:00, 1410.12it/s, Materializing param=encoder.layer.7.attention.self.value.weight]
8315.0s 2416 Loading weights:  65%|██████▍   | 128/197 [00:00<00:00, 1419.76it/s, Materializing param=encoder.layer.7.intermediate.dense.bias]
8315.0s 2417 Loading weights:  65%|██████▍   | 128/197 [00:00<00:00, 1418.95it/s, Materializing param=encoder.layer.7.intermediate.dense.bias]
8315.0s 2418 Loading weights:  65%|██████▌   | 129/197 [00:00<00:00, 1427.76it/s, Materializing param=encoder.layer.7.intermediate.dense.weight]
8315.0s 2419 Loading weights:  65%|██████▌   | 129/197 [00:00<00:00, 1426.70it/s, Materializing param=encoder.layer.7.intermediate.dense.weight]
8315.0s 2420 Loading weights:  66%|██████▌   | 130/197 [00:00<00:00, 1436.09it/s, Materializing param=encoder.layer.7.output.LayerNorm.bias]
8315.0s 2421 Loading weights:  66%|██████▌   | 130/197 [00:00<00:00, 1435.28it/s, Materializing param=encoder.layer.7.output.LayerNorm.bias]
8315.0s 2422 Loading weights:  66%|██████▋   | 131/197 [00:00<00:00, 1444.82it/s, Materializing param=encoder.layer.7.output.LayerNorm.weight]
8315.0s 2423 Loading weights:  66%|██████▋   | 131/197 [00:00<00:00, 1444.03it/s, Materializing param=encoder.layer.7.output.LayerNorm.weight]
8315.0s 2424 Loading weights:  67%|██████▋   | 132/197 [00:00<00:00, 1453.64it/s, Materializing param=encoder.layer.7.output.dense.bias]
8315.0s 2425 Loading weights:  67%|██████▋   | 132/197 [00:00<00:00, 1452.86it/s, Materializing param=encoder.layer.7.output.dense.bias]
8315.0s 2426 Loading weights:  68%|██████▊   | 133/197 [00:00<00:00, 1462.46it/s, Materializing param=encoder.layer.7.output.dense.weight]
8315.0s 2427 Loading weights:  68%|██████▊   | 133/197 [00:00<00:00, 1461.67it/s, Materializing param=encoder.layer.7.output.dense.weight]
8315.0s 2428 Loading weights:  68%|██████▊   | 134/197 [00:00<00:00, 1471.25it/s, Materializing param=encoder.layer.8.attention.output.LayerNorm.bias]
8315.0s 2429 Loading weights:  68%|██████▊   | 134/197 [00:00<00:00, 1470.43it/s, Materializing param=encoder.layer.8.attention.output.LayerNorm.bias]
8315.0s 2430 Loading weights:  69%|██████▊   | 135/197 [00:00<00:00, 1479.91it/s, Materializing param=encoder.layer.8.attention.output.LayerNorm.weight]
8315.0s 2431 Loading weights:  69%|██████▊   | 135/197 [00:00<00:00, 1478.47it/s, Materializing param=encoder.layer.8.attention.output.LayerNorm.weight]
8315.0s 2432 Loading weights:  69%|██████▉   | 136/197 [00:00<00:00, 1487.16it/s, Materializing param=encoder.layer.8.attention.output.dense.bias]
8315.0s 2433 Loading weights:  69%|██████▉   | 136/197 [00:00<00:00, 1486.30it/s, Materializing param=encoder.layer.8.attention.output.dense.bias]
8315.0s 2434 Loading weights:  70%|██████▉   | 137/197 [00:00<00:00, 1495.69it/s, Materializing param=encoder.layer.8.attention.output.dense.weight]
8315.0s 2435 Loading weights:  70%|██████▉   | 137/197 [00:00<00:00, 1494.86it/s, Materializing param=encoder.layer.8.attention.output.dense.weight]
8315.0s 2436 Loading weights:  70%|███████   | 138/197 [00:00<00:00, 1504.29it/s, Materializing param=encoder.layer.8.attention.self.key.bias]
8315.0s 2437 Loading weights:  70%|███████   | 138/197 [00:00<00:00, 1503.48it/s, Materializing param=encoder.layer.8.attention.self.key.bias]
8315.0s 2438 Loading weights:  71%|███████   | 139/197 [00:00<00:00, 1512.90it/s, Materializing param=encoder.layer.8.attention.self.key.weight]
8315.0s 2439 Loading weights:  71%|███████   | 139/197 [00:00<00:00, 1512.09it/s, Materializing param=encoder.layer.8.attention.self.key.weight]
8315.0s 2440 Loading weights:  71%|███████   | 140/197 [00:00<00:00, 1521.49it/s, Materializing param=encoder.layer.8.attention.self.query.bias]
8315.0s 2441 Loading weights:  71%|███████   | 140/197 [00:00<00:00, 1520.67it/s, Materializing param=encoder.layer.8.attention.self.query.bias]
8315.0s 2442 Loading weights:  72%|███████▏  | 141/197 [00:00<00:00, 1530.07it/s, Materializing param=encoder.layer.8.attention.self.query.weight]
8315.0s 2443 Loading weights:  72%|███████▏  | 141/197 [00:00<00:00, 1529.26it/s, Materializing param=encoder.layer.8.attention.self.query.weight]
8315.0s 2444 Loading weights:  72%|███████▏  | 142/197 [00:00<00:00, 1537.74it/s, Materializing param=encoder.layer.8.attention.self.value.bias]
8315.0s 2445 Loading weights:  72%|███████▏  | 142/197 [00:00<00:00, 1536.64it/s, Materializing param=encoder.layer.8.attention.self.value.bias]
8315.0s 2446 Loading weights:  73%|███████▎  | 143/197 [00:00<00:00, 1545.74it/s, Materializing param=encoder.layer.8.attention.self.value.weight]
8315.0s 2447 Loading weights:  73%|███████▎  | 143/197 [00:00<00:00, 1544.89it/s, Materializing param=encoder.layer.8.attention.self.value.weight]
8315.0s 2448 Loading weights:  73%|███████▎  | 144/197 [00:00<00:00, 1554.18it/s, Materializing param=encoder.layer.8.intermediate.dense.bias]
8315.0s 2449 Loading weights:  73%|███████▎  | 144/197 [00:00<00:00, 1553.35it/s, Materializing param=encoder.layer.8.intermediate.dense.bias]
8315.0s 2450 Loading weights:  74%|███████▎  | 145/197 [00:00<00:00, 1562.51it/s, Materializing param=encoder.layer.8.intermediate.dense.weight]
8315.0s 2451 Loading weights:  74%|███████▎  | 145/197 [00:00<00:00, 1561.68it/s, Materializing param=encoder.layer.8.intermediate.dense.weight]
8315.0s 2452 Loading weights:  74%|███████▍  | 146/197 [00:00<00:00, 1570.96it/s, Materializing param=encoder.layer.8.output.LayerNorm.bias]
8315.0s 2453 Loading weights:  74%|███████▍  | 146/197 [00:00<00:00, 1570.14it/s, Materializing param=encoder.layer.8.output.LayerNorm.bias]
8315.0s 2454 Loading weights:  75%|███████▍  | 147/197 [00:00<00:00, 1579.40it/s, Materializing param=encoder.layer.8.output.LayerNorm.weight]
8315.0s 2455 Loading weights:  75%|███████▍  | 147/197 [00:00<00:00, 1578.57it/s, Materializing param=encoder.layer.8.output.LayerNorm.weight]
8315.0s 2456 Loading weights:  75%|███████▌  | 148/197 [00:00<00:00, 1587.86it/s, Materializing param=encoder.layer.8.output.dense.bias]
8315.0s 2457 Loading weights:  75%|███████▌  | 148/197 [00:00<00:00, 1587.04it/s, Materializing param=encoder.layer.8.output.dense.bias]
8315.0s 2458 Loading weights:  76%|███████▌  | 149/197 [00:00<00:00, 1595.88it/s, Materializing param=encoder.layer.8.output.dense.weight]
8315.0s 2459 Loading weights:  76%|███████▌  | 149/197 [00:00<00:00, 1595.02it/s, Materializing param=encoder.layer.8.output.dense.weight]
8315.0s 2460 Loading weights:  76%|███████▌  | 150/197 [00:00<00:00, 1604.21it/s, Materializing param=encoder.layer.9.attention.output.LayerNorm.bias]
8315.0s 2461 Loading weights:  76%|███████▌  | 150/197 [00:00<00:00, 1603.35it/s, Materializing param=encoder.layer.9.attention.output.LayerNorm.bias]
8315.0s 2462 Loading weights:  77%|███████▋  | 151/197 [00:00<00:00, 1612.44it/s, Materializing param=encoder.layer.9.attention.output.LayerNorm.weight]
8315.0s 2463 Loading weights:  77%|███████▋  | 151/197 [00:00<00:00, 1611.57it/s, Materializing param=encoder.layer.9.attention.output.LayerNorm.weight]
8315.0s 2464 Loading weights:  77%|███████▋  | 152/197 [00:00<00:00, 1620.71it/s, Materializing param=encoder.layer.9.attention.output.dense.bias]
8315.0s 2465 Loading weights:  77%|███████▋  | 152/197 [00:00<00:00, 1619.83it/s, Materializing param=encoder.layer.9.attention.output.dense.bias]
8315.0s 2466 Loading weights:  78%|███████▊  | 153/197 [00:00<00:00, 1628.97it/s, Materializing param=encoder.layer.9.attention.output.dense.weight]
8315.0s 2467 Loading weights:  78%|███████▊  | 153/197 [00:00<00:00, 1628.10it/s, Materializing param=encoder.layer.9.attention.output.dense.weight]
8315.0s 2468 Loading weights:  78%|███████▊  | 154/197 [00:00<00:00, 1637.20it/s, Materializing param=encoder.layer.9.attention.self.key.bias]
8315.0s 2469 Loading weights:  78%|███████▊  | 154/197 [00:00<00:00, 1636.33it/s, Materializing param=encoder.layer.9.attention.self.key.bias]
8315.0s 2470 Loading weights:  79%|███████▊  | 155/197 [00:00<00:00, 1645.40it/s, Materializing param=encoder.layer.9.attention.self.key.weight]
8315.0s 2471 Loading weights:  79%|███████▊  | 155/197 [00:00<00:00, 1644.53it/s, Materializing param=encoder.layer.9.attention.self.key.weight]
8315.0s 2472 Loading weights:  79%|███████▉  | 156/197 [00:00<00:00, 1653.18it/s, Materializing param=encoder.layer.9.attention.self.query.bias]
8315.0s 2473 Loading weights:  79%|███████▉  | 156/197 [00:00<00:00, 1652.28it/s, Materializing param=encoder.layer.9.attention.self.query.bias]
8315.0s 2474 Loading weights:  80%|███████▉  | 157/197 [00:00<00:00, 1661.28it/s, Materializing param=encoder.layer.9.attention.self.query.weight]
8315.0s 2475 Loading weights:  80%|███████▉  | 157/197 [00:00<00:00, 1660.40it/s, Materializing param=encoder.layer.9.attention.self.query.weight]
8315.0s 2476 Loading weights:  80%|████████  | 158/197 [00:00<00:00, 1669.39it/s, Materializing param=encoder.layer.9.attention.self.value.bias]
8315.0s 2477 Loading weights:  80%|████████  | 158/197 [00:00<00:00, 1668.51it/s, Materializing param=encoder.layer.9.attention.self.value.bias]
8315.0s 2478 Loading weights:  81%|████████  | 159/197 [00:00<00:00, 1677.51it/s, Materializing param=encoder.layer.9.attention.self.value.weight]
8315.0s 2479 Loading weights:  81%|████████  | 159/197 [00:00<00:00, 1676.62it/s, Materializing param=encoder.layer.9.attention.self.value.weight]
8315.0s 2480 Loading weights:  81%|████████  | 160/197 [00:00<00:00, 1685.60it/s, Materializing param=encoder.layer.9.intermediate.dense.bias]
8315.0s 2481 Loading weights:  81%|████████  | 160/197 [00:00<00:00, 1684.73it/s, Materializing param=encoder.layer.9.intermediate.dense.bias]
8315.0s 2482 Loading weights:  82%|████████▏ | 161/197 [00:00<00:00, 1693.71it/s, Materializing param=encoder.layer.9.intermediate.dense.weight]
8315.0s 2483 Loading weights:  82%|████████▏ | 161/197 [00:00<00:00, 1692.83it/s, Materializing param=encoder.layer.9.intermediate.dense.weight]
8315.0s 2484 Loading weights:  82%|████████▏ | 162/197 [00:00<00:00, 1701.79it/s, Materializing param=encoder.layer.9.output.LayerNorm.bias]
8315.0s 2485 Loading weights:  82%|████████▏ | 162/197 [00:00<00:00, 1700.89it/s, Materializing param=encoder.layer.9.output.LayerNorm.bias]
8315.0s 2486 Loading weights:  83%|████████▎ | 163/197 [00:00<00:00, 1709.54it/s, Materializing param=encoder.layer.9.output.LayerNorm.weight]
8315.0s 2487 Loading weights:  83%|████████▎ | 163/197 [00:00<00:00, 1708.48it/s, Materializing param=encoder.layer.9.output.LayerNorm.weight]
8315.0s 2488 Loading weights:  83%|████████▎ | 164/197 [00:00<00:00, 1717.37it/s, Materializing param=encoder.layer.9.output.dense.bias]
8315.0s 2489 Loading weights:  83%|████████▎ | 164/197 [00:00<00:00, 1716.49it/s, Materializing param=encoder.layer.9.output.dense.bias]
8315.0s 2490 Loading weights:  84%|████████▍ | 165/197 [00:00<00:00, 1725.40it/s, Materializing param=encoder.layer.9.output.dense.weight]
8315.0s 2491 Loading weights:  84%|████████▍ | 165/197 [00:00<00:00, 1724.53it/s, Materializing param=encoder.layer.9.output.dense.weight]
8315.0s 2492 Loading weights:  84%|████████▍ | 166/197 [00:00<00:00, 1733.42it/s, Materializing param=encoder.layer.10.attention.output.LayerNorm.bias]
8315.0s 2493 Loading weights:  84%|████████▍ | 166/197 [00:00<00:00, 1732.50it/s, Materializing param=encoder.layer.10.attention.output.LayerNorm.bias]
8315.0s 2494 Loading weights:  85%|████████▍ | 167/197 [00:00<00:00, 1741.27it/s, Materializing param=encoder.layer.10.attention.output.LayerNorm.weight]
8315.0s 2495 Loading weights:  85%|████████▍ | 167/197 [00:00<00:00, 1740.35it/s, Materializing param=encoder.layer.10.attention.output.LayerNorm.weight]
8315.0s 2496 Loading weights:  85%|████████▌ | 168/197 [00:00<00:00, 1749.18it/s, Materializing param=encoder.layer.10.attention.output.dense.bias]
8315.0s 2497 Loading weights:  85%|████████▌ | 168/197 [00:00<00:00, 1748.29it/s, Materializing param=encoder.layer.10.attention.output.dense.bias]
8315.0s 2498 Loading weights:  86%|████████▌ | 169/197 [00:00<00:00, 1757.10it/s, Materializing param=encoder.layer.10.attention.output.dense.weight]
8315.0s 2499 Loading weights:  86%|████████▌ | 169/197 [00:00<00:00, 1756.18it/s, Materializing param=encoder.layer.10.attention.output.dense.weight]
8315.0s 2500 Loading weights:  86%|████████▋ | 170/197 [00:00<00:00, 1764.68it/s, Materializing param=encoder.layer.10.attention.self.key.bias]
8315.0s 2501 Loading weights:  86%|████████▋ | 170/197 [00:00<00:00, 1763.62it/s, Materializing param=encoder.layer.10.attention.self.key.bias]
8315.0s 2502 Loading weights:  87%|████████▋ | 171/197 [00:00<00:00, 1772.32it/s, Materializing param=encoder.layer.10.attention.self.key.weight]
8315.0s 2503 Loading weights:  87%|████████▋ | 171/197 [00:00<00:00, 1771.41it/s, Materializing param=encoder.layer.10.attention.self.key.weight]
8315.0s 2504 Loading weights:  87%|████████▋ | 172/197 [00:00<00:00, 1780.12it/s, Materializing param=encoder.layer.10.attention.self.query.bias]
8315.0s 2505 Loading weights:  87%|████████▋ | 172/197 [00:00<00:00, 1779.22it/s, Materializing param=encoder.layer.10.attention.self.query.bias]
8315.0s 2506 Loading weights:  88%|████████▊ | 173/197 [00:00<00:00, 1787.96it/s, Materializing param=encoder.layer.10.attention.self.query.weight]
8315.0s 2507 Loading weights:  88%|████████▊ | 173/197 [00:00<00:00, 1787.05it/s, Materializing param=encoder.layer.10.attention.self.query.weight]
8315.0s 2508 Loading weights:  88%|████████▊ | 174/197 [00:00<00:00, 1795.67it/s, Materializing param=encoder.layer.10.attention.self.value.bias]
8315.0s 2509 Loading weights:  88%|████████▊ | 174/197 [00:00<00:00, 1794.74it/s, Materializing param=encoder.layer.10.attention.self.value.bias]
8315.0s 2510 Loading weights:  89%|████████▉ | 175/197 [00:00<00:00, 1803.38it/s, Materializing param=encoder.layer.10.attention.self.value.weight]
8315.0s 2511 Loading weights:  89%|████████▉ | 175/197 [00:00<00:00, 1802.42it/s, Materializing param=encoder.layer.10.attention.self.value.weight]
8315.0s 2512 Loading weights:  89%|████████▉ | 176/197 [00:00<00:00, 1811.07it/s, Materializing param=encoder.layer.10.intermediate.dense.bias]
8315.0s 2513 Loading weights:  89%|████████▉ | 176/197 [00:00<00:00, 1810.14it/s, Materializing param=encoder.layer.10.intermediate.dense.bias]
8315.0s 2514 Loading weights:  90%|████████▉ | 177/197 [00:00<00:00, 1818.51it/s, Materializing param=encoder.layer.10.intermediate.dense.weight]
8315.0s 2515 Loading weights:  90%|████████▉ | 177/197 [00:00<00:00, 1817.42it/s, Materializing param=encoder.layer.10.intermediate.dense.weight]
8315.0s 2516 Loading weights:  90%|█████████ | 178/197 [00:00<00:00, 1825.87it/s, Materializing param=encoder.layer.10.output.LayerNorm.bias]
8315.0s 2517 Loading weights:  90%|█████████ | 178/197 [00:00<00:00, 1824.91it/s, Materializing param=encoder.layer.10.output.LayerNorm.bias]
8315.0s 2518 Loading weights:  91%|█████████ | 179/197 [00:00<00:00, 1833.45it/s, Materializing param=encoder.layer.10.output.LayerNorm.weight]
8315.0s 2519 Loading weights:  91%|█████████ | 179/197 [00:00<00:00, 1832.50it/s, Materializing param=encoder.layer.10.output.LayerNorm.weight]
8315.0s 2520 Loading weights:  91%|█████████▏| 180/197 [00:00<00:00, 1840.94it/s, Materializing param=encoder.layer.10.output.dense.bias]
8315.0s 2521 Loading weights:  91%|█████████▏| 180/197 [00:00<00:00, 1839.84it/s, Materializing param=encoder.layer.10.output.dense.bias]
8315.0s 2522 Loading weights:  92%|█████████▏| 181/197 [00:00<00:00, 1848.36it/s, Materializing param=encoder.layer.10.output.dense.weight]
8315.0s 2523 Loading weights:  92%|█████████▏| 181/197 [00:00<00:00, 1847.42it/s, Materializing param=encoder.layer.10.output.dense.weight]
8315.0s 2524 Loading weights:  92%|█████████▏| 182/197 [00:00<00:00, 1855.94it/s, Materializing param=encoder.layer.11.attention.output.LayerNorm.bias]
8315.0s 2525 Loading weights:  92%|█████████▏| 182/197 [00:00<00:00, 1854.94it/s, Materializing param=encoder.layer.11.attention.output.LayerNorm.bias]
8315.0s 2526 Loading weights:  93%|█████████▎| 183/197 [00:00<00:00, 1863.34it/s, Materializing param=encoder.layer.11.attention.output.LayerNorm.weight]
8315.0s 2527 Loading weights:  93%|█████████▎| 183/197 [00:00<00:00, 1862.36it/s, Materializing param=encoder.layer.11.attention.output.LayerNorm.weight]
8315.0s 2528 Loading weights:  93%|█████████▎| 184/197 [00:00<00:00, 1870.18it/s, Materializing param=encoder.layer.11.attention.output.dense.bias]
8315.0s 2529 Loading weights:  93%|█████████▎| 184/197 [00:00<00:00, 1869.15it/s, Materializing param=encoder.layer.11.attention.output.dense.bias]
8315.0s 2530 Loading weights:  94%|█████████▍| 185/197 [00:00<00:00, 1877.52it/s, Materializing param=encoder.layer.11.attention.output.dense.weight]
8315.0s 2531 Loading weights:  94%|█████████▍| 185/197 [00:00<00:00, 1876.57it/s, Materializing param=encoder.layer.11.attention.output.dense.weight]
8315.0s 2532 Loading weights:  94%|█████████▍| 186/197 [00:00<00:00, 1884.99it/s, Materializing param=encoder.layer.11.attention.self.key.bias]
8315.0s 2533 Loading weights:  94%|█████████▍| 186/197 [00:00<00:00, 1884.02it/s, Materializing param=encoder.layer.11.attention.self.key.bias]
8315.0s 2534 Loading weights:  95%|█████████▍| 187/197 [00:00<00:00, 1892.41it/s, Materializing param=encoder.layer.11.attention.self.key.weight]
8315.0s 2535 Loading weights:  95%|█████████▍| 187/197 [00:00<00:00, 1891.46it/s, Materializing param=encoder.layer.11.attention.self.key.weight]
8315.0s 2536 Loading weights:  95%|█████████▌| 188/197 [00:00<00:00, 1899.86it/s, Materializing param=encoder.layer.11.attention.self.query.bias]
8315.0s 2537 Loading weights:  95%|█████████▌| 188/197 [00:00<00:00, 1898.92it/s, Materializing param=encoder.layer.11.attention.self.query.bias]
8315.0s 2538 Loading weights:  96%|█████████▌| 189/197 [00:00<00:00, 1907.33it/s, Materializing param=encoder.layer.11.attention.self.query.weight]
8315.0s 2539 Loading weights:  96%|█████████▌| 189/197 [00:00<00:00, 1906.38it/s, Materializing param=encoder.layer.11.attention.self.query.weight]
8315.0s 2540 Loading weights:  96%|█████████▋| 190/197 [00:00<00:00, 1914.77it/s, Materializing param=encoder.layer.11.attention.self.value.bias]
8315.0s 2541 Loading weights:  96%|█████████▋| 190/197 [00:00<00:00, 1913.59it/s, Materializing param=encoder.layer.11.attention.self.value.bias]
8315.0s 2542 Loading weights:  97%|█████████▋| 191/197 [00:00<00:00, 1920.18it/s, Materializing param=encoder.layer.11.attention.self.value.weight]
8315.0s 2543 Loading weights:  97%|█████████▋| 191/197 [00:00<00:00, 1918.36it/s, Materializing param=encoder.layer.11.attention.self.value.weight]
8315.0s 2544 Loading weights:  97%|█████████▋| 192/197 [00:00<00:00, 1925.93it/s, Materializing param=encoder.layer.11.intermediate.dense.bias]
8315.0s 2545 Loading weights:  97%|█████████▋| 192/197 [00:00<00:00, 1924.74it/s, Materializing param=encoder.layer.11.intermediate.dense.bias]
8315.0s 2546 Loading weights:  98%|█████████▊| 193/197 [00:00<00:00, 1932.76it/s, Materializing param=encoder.layer.11.intermediate.dense.weight]
8315.0s 2547 Loading weights:  98%|█████████▊| 193/197 [00:00<00:00, 1931.68it/s, Materializing param=encoder.layer.11.intermediate.dense.weight]
8315.0s 2548 Loading weights:  98%|█████████▊| 194/197 [00:00<00:00, 1939.99it/s, Materializing param=encoder.layer.11.intermediate.dense.weight]
8315.0s 2549 Loading weights:  98%|█████████▊| 194/197 [00:00<00:00, 1939.99it/s, Materializing param=encoder.layer.11.output.LayerNorm.bias]
8315.0s 2550 Loading weights:  98%|█████████▊| 194/197 [00:00<00:00, 1939.99it/s, Materializing param=encoder.layer.11.output.LayerNorm.bias]
8315.0s 2551 Loading weights:  99%|█████████▉| 195/197 [00:00<00:00, 1939.99it/s, Materializing param=encoder.layer.11.output.LayerNorm.weight]
8315.0s 2552 Loading weights:  99%|█████████▉| 195/197 [00:00<00:00, 1939.99it/s, Materializing param=encoder.layer.11.output.LayerNorm.weight]
8315.0s 2553 Loading weights:  99%|█████████▉| 196/197 [00:00<00:00, 1939.99it/s, Materializing param=encoder.layer.11.output.dense.bias]
8315.0s 2554 Loading weights:  99%|█████████▉| 196/197 [00:00<00:00, 1939.99it/s, Materializing param=encoder.layer.11.output.dense.bias]
8315.0s 2555 Loading weights: 100%|██████████| 197/197 [00:00<00:00, 1939.99it/s, Materializing param=encoder.layer.11.output.dense.weight]
8315.0s 2556 Loading weights: 100%|██████████| 197/197 [00:00<00:00, 1939.99it/s, Materializing param=encoder.layer.11.output.dense.weight]
8315.0s 2557 Loading weights: 100%|██████████| 197/197 [00:00<00:00, 1956.45it/s, Materializing param=encoder.layer.11.output.dense.weight]
8315.0s 2558 BertModel LOAD REPORT from: artifacts/runs/tapt-d0v0-rdrop-full
8315.0s 2559 Key                                        | Status     |
8315.0s 2560 -------------------------------------------+------------+-
8315.0s 2561 cls.predictions.decoder.weight             | UNEXPECTED |
8315.0s 2562 cls.predictions.transform.LayerNorm.weight | UNEXPECTED |
8315.0s 2563 cls.predictions.transform.dense.weight     | UNEXPECTED |
8315.0s 2564 cls.predictions.bias                       | UNEXPECTED |
8315.0s 2565 cls.predictions.transform.LayerNorm.bias   | UNEXPECTED |
8315.0s 2566 cls.predictions.transform.dense.bias       | UNEXPECTED |
8315.0s 2567 cls.predictions.decoder.bias               | UNEXPECTED |
8315.0s 2568 pooler.dense.weight                        | MISSING    |
8315.0s 2569 pooler.dense.bias                          | MISSING    |
8315.0s 2570 
8315.0s 2571 Notes:
8315.0s 2572 - UNEXPECTED	:can be ignored when loading from different task/architecture; not ok if you expect identical arch.
8315.0s 2573 - MISSING	:those params were newly initialized because missing from the checkpoint. Consider training on your downstream task.
8542.5s 2574 [s46full] ep1 done 3.8min  no val
8770.2s 2575 [s46full] ep2 done 3.8min  no val
9000.9s 2576 [s46full] ep3 done 3.8min  no val
9226.7s 2577 [s46full] ep4 done 3.8min  no val
9454.7s 2578 [s46full] ep5 done 3.8min  no val
9682.7s 2579 [s46full] ep6 197/197 loss 0.9233   no val (1.16s/step)
9682.7s 2580 [s46full] ep6 done 3.8min  no val
9682.7s 2581 [s46full] trained on every row; final checkpoint taken, no score
9682.7s 2582 
9682.7s 2583 full fit on 3159 rows. There is no score for this run and there cannot be one:
9682.7s 2584 every labelled row was used for training. Compare it against a 5-fold run's
9682.7s 2585 OOF only by submitting both.
9682.7s 2586 
9682.7s 2587 predicted distribution on the test inputs vs the training prior:
9682.7s 2588 class             predicted   training
9682.7s 2589 Gender                41.8%      43.1%
9682.7s 2590 Geo-political          8.4%       5.9%
9682.7s 2591 Others                15.2%      14.2%
9682.7s 2592 Political             17.0%      17.7%
9682.7s 2593 Religion               9.4%      12.1%
9682.7s 2594 Violence               8.4%       7.0%
9682.7s 2595 wrote /kaggle/working/hastika/artifacts/runs/b_reinit1_rdrop_full/predictions.csv
9683.9s 2596 five-seed full-data R-Drop fit completed: artifacts/runs/b_reinit1_rdrop_full
9683.9s 2597 $ /usr/bin/python3 -m hastika.common.submission --task b --pred artifacts/runs/b_reinit1_rdrop_full/predictions.csv --out /kaggle/working/b_reinit1_rdrop_full.zip
9684.6s 2598 OK: 395 rows, {'Gender': 165, 'Political': 67, 'Others': 60, 'Religion': 37, 'Violence': 33, 'Geo-political': 33}
9684.6s 2599 wrote /kaggle/working/b_reinit1_rdrop_full.zip
9684.6s 2600 READY TO UPLOAD: /kaggle/working/b_reinit1_rdrop_full.zip
9684.6s 2601 download: /kaggle/working/rdrop_full_submission/b_reinit1_rdrop_full.zip
9684.6s 2602 all reproducibility files: /kaggle/working/rdrop_full_submission
9688.1s 2603 /usr/local/lib/python3.12/dist-packages/mistune.py:435: SyntaxWarning: invalid escape sequence '\|'
9688.1s 2604 cells[i][c] = re.sub('\\\\\|', '|', cell)
9688.4s 2605 /usr/local/lib/python3.12/dist-packages/nbconvert/filters/filter_links.py:36: SyntaxWarning: invalid escape sequence '\_'
9688.4s 2606 text = re.sub(r'_', '\_', text) # Escape underscores in display text
9689.2s 2607 [NbConvertApp] Converting notebook __notebook__.ipynb to notebook
9689.5s 2608 [NbConvertApp] Writing 370865 bytes to __notebook__.ipynb
9692.3s 2609 [NbConvertApp] Converting notebook __notebook__.ipynb to html
9693.2s 2610 [NbConvertApp] Writing 636935 bytes to __results__.html