8.7s 1 0.00s - Debugger warning: It seems that frozen modules are being used, which may
8.7s 2 0.00s - make the debugger miss breakpoints. Please pass -Xfrozen_modules=off
8.7s 3 0.00s - to python to disable frozen modules.
8.7s 4 0.00s - Note: Debugging will proceed. Set PYDEVD_DISABLE_FILE_VALIDATION=1 to disable this validation.
9.5s 5 0.00s - Debugger warning: It seems that frozen modules are being used, which may
9.5s 6 0.00s - make the debugger miss breakpoints. Please pass -Xfrozen_modules=off
9.5s 7 0.00s - to python to disable frozen modules.
9.5s 8 0.00s - Note: Debugging will proceed. Set PYDEVD_DISABLE_FILE_VALIDATION=1 to disable this validation.
11.9s 9 b11bd8f feat: Task A Run 20, translate to English and fine-tune hateBERT
12.1s 10 repo: /kaggle/working/hastika
12.1s 11 b11bd8f feat: Task A Run 20, translate to English and fine-tune hateBERT
14.8s 12 ━━━━━━━━━━━━━━━━━━━━━━━━━━━━━━━━━━━━━━━━ 44.8/44.8 kB 1.4 MB/s eta 0:00:00
15.0s 13 ━━━━━━━━━━━━━━━━━━━━━━━━━━━━━━━━━━━━━━━━ 44.8/44.8 kB 1.4 MB/s eta 0:00:00
23.0s 14 gpu: Tesla T4
23.0s 15 $ /usr/bin/python3 -u -m hastika.task_b.tapt --model google/muril-large-cased --corpus data/raw/multiclass_train.csv data/external/offenseval_kn.csv --val-frac 0 --min-words 1 --no-dedupe --epochs 8 --bs 2 --grad-accum 8 --eval-bs 4 --out artifacts/runs/tapt-muril-large-oof
50.3s 16 device=cuda model=google/muril-large-cased
50.7s 17 data/raw/multiclass_train.csv: 3159 rows
51.0s 18 data/external/offenseval_kn.csv: 3247 rows
51.0s 19 corpus: 6406 unique comments (from 6406)
51.0s 20 Warning: You are sending unauthenticated requests to the HF Hub. Please set a HF_TOKEN to enable higher rate limits and faster downloads.
77.1s 21 
77.1s 22 Loading weights:   0%|          | 0/396 [00:00<?, ?it/s]
77.1s 23 Loading weights:   0%|          | 1/396 [00:00<00:00, 7423.55it/s, Materializing param=bert.embeddings.LayerNorm.bias]
77.1s 24 Loading weights:   0%|          | 1/396 [00:00<00:00, 2914.74it/s, Materializing param=bert.embeddings.LayerNorm.bias]
77.1s 25 Loading weights:   1%|          | 2/396 [00:00<00:00, 740.98it/s, Materializing param=bert.embeddings.LayerNorm.weight]
77.1s 26 Loading weights:   1%|          | 2/396 [00:00<00:00, 693.56it/s, Materializing param=bert.embeddings.LayerNorm.weight]
77.1s 27 Loading weights:   1%|          | 3/396 [00:00<00:00, 948.29it/s, Materializing param=bert.embeddings.position_embeddings.weight]
77.1s 28 Loading weights:   1%|          | 3/396 [00:00<00:00, 916.92it/s, Materializing param=bert.embeddings.position_embeddings.weight]
77.1s 29 Loading weights:   1%|          | 4/396 [00:00<00:00, 1140.76it/s, Materializing param=bert.embeddings.token_type_embeddings.weight]
77.1s 30 Loading weights:   1%|          | 4/396 [00:00<00:00, 1109.24it/s, Materializing param=bert.embeddings.token_type_embeddings.weight]
77.1s 31 Loading weights:   1%|▏         | 5/396 [00:00<00:00, 1300.40it/s, Materializing param=bert.embeddings.word_embeddings.weight]
77.1s 32 Loading weights:   1%|▏         | 5/396 [00:00<00:00, 1266.40it/s, Materializing param=bert.embeddings.word_embeddings.weight]
77.1s 33 Loading weights:   2%|▏         | 6/396 [00:00<00:00, 1444.07it/s, Materializing param=bert.encoder.layer.0.attention.output.LayerNorm.bias]
77.1s 34 Loading weights:   2%|▏         | 6/396 [00:00<00:00, 1408.27it/s, Materializing param=bert.encoder.layer.0.attention.output.LayerNorm.bias]
77.1s 35 Loading weights:   2%|▏         | 7/396 [00:00<00:00, 1551.72it/s, Materializing param=bert.encoder.layer.0.attention.output.LayerNorm.weight]
77.1s 36 Loading weights:   2%|▏         | 7/396 [00:00<00:00, 1517.01it/s, Materializing param=bert.encoder.layer.0.attention.output.LayerNorm.weight]
77.1s 37 Loading weights:   2%|▏         | 8/396 [00:00<00:00, 1643.54it/s, Materializing param=bert.encoder.layer.0.attention.output.dense.bias]
77.1s 38 Loading weights:   2%|▏         | 8/396 [00:00<00:00, 1610.02it/s, Materializing param=bert.encoder.layer.0.attention.output.dense.bias]
77.1s 39 Loading weights:   2%|▏         | 9/396 [00:00<00:00, 1732.07it/s, Materializing param=bert.encoder.layer.0.attention.output.dense.weight]
77.1s 40 Loading weights:   2%|▏         | 9/396 [00:00<00:00, 1699.40it/s, Materializing param=bert.encoder.layer.0.attention.output.dense.weight]
77.1s 41 Loading weights:   3%|▎         | 10/396 [00:00<00:00, 1804.93it/s, Materializing param=bert.encoder.layer.0.attention.self.key.bias]
77.1s 42 Loading weights:   3%|▎         | 10/396 [00:00<00:00, 1772.22it/s, Materializing param=bert.encoder.layer.0.attention.self.key.bias]
77.1s 43 Loading weights:   3%|▎         | 11/396 [00:00<00:00, 1865.94it/s, Materializing param=bert.encoder.layer.0.attention.self.key.weight]
77.1s 44 Loading weights:   3%|▎         | 11/396 [00:00<00:00, 1834.34it/s, Materializing param=bert.encoder.layer.0.attention.self.key.weight]
77.1s 45 Loading weights:   3%|▎         | 12/396 [00:00<00:00, 1930.34it/s, Materializing param=bert.encoder.layer.0.attention.self.query.bias]
77.1s 46 Loading weights:   3%|▎         | 12/396 [00:00<00:00, 1898.52it/s, Materializing param=bert.encoder.layer.0.attention.self.query.bias]
77.1s 47 Loading weights:   3%|▎         | 13/396 [00:00<00:00, 1983.70it/s, Materializing param=bert.encoder.layer.0.attention.self.query.weight]
77.1s 48 Loading weights:   3%|▎         | 13/396 [00:00<00:00, 1952.10it/s, Materializing param=bert.encoder.layer.0.attention.self.query.weight]
77.1s 49 Loading weights:   4%|▎         | 14/396 [00:00<00:00, 2024.49it/s, Materializing param=bert.encoder.layer.0.attention.self.value.bias]
77.1s 50 Loading weights:   4%|▎         | 14/396 [00:00<00:00, 1995.05it/s, Materializing param=bert.encoder.layer.0.attention.self.value.bias]
77.1s 51 Loading weights:   4%|▍         | 15/396 [00:00<00:00, 2064.60it/s, Materializing param=bert.encoder.layer.0.attention.self.value.weight]
77.1s 52 Loading weights:   4%|▍         | 15/396 [00:00<00:00, 2035.87it/s, Materializing param=bert.encoder.layer.0.attention.self.value.weight]
77.1s 53 Loading weights:   4%|▍         | 16/396 [00:00<00:00, 2103.26it/s, Materializing param=bert.encoder.layer.0.intermediate.dense.bias]
77.1s 54 Loading weights:   4%|▍         | 16/396 [00:00<00:00, 2072.03it/s, Materializing param=bert.encoder.layer.0.intermediate.dense.bias]
77.1s 55 Loading weights:   4%|▍         | 17/396 [00:00<00:00, 2138.67it/s, Materializing param=bert.encoder.layer.0.intermediate.dense.weight]
77.1s 56 Loading weights:   4%|▍         | 17/396 [00:00<00:00, 2112.19it/s, Materializing param=bert.encoder.layer.0.intermediate.dense.weight]
77.1s 57 Loading weights:   5%|▍         | 18/396 [00:00<00:00, 2175.78it/s, Materializing param=bert.encoder.layer.0.output.LayerNorm.bias]
77.1s 58 Loading weights:   5%|▍         | 18/396 [00:00<00:00, 2149.64it/s, Materializing param=bert.encoder.layer.0.output.LayerNorm.bias]
77.1s 59 Loading weights:   5%|▍         | 19/396 [00:00<00:00, 2207.47it/s, Materializing param=bert.encoder.layer.0.output.LayerNorm.weight]
77.1s 60 Loading weights:   5%|▍         | 19/396 [00:00<00:00, 2179.22it/s, Materializing param=bert.encoder.layer.0.output.LayerNorm.weight]
77.1s 61 Loading weights:   5%|▌         | 20/396 [00:00<00:00, 2235.77it/s, Materializing param=bert.encoder.layer.0.output.dense.bias]
77.1s 62 Loading weights:   5%|▌         | 20/396 [00:00<00:00, 2210.61it/s, Materializing param=bert.encoder.layer.0.output.dense.bias]
77.1s 63 Loading weights:   5%|▌         | 21/396 [00:00<00:00, 2266.78it/s, Materializing param=bert.encoder.layer.0.output.dense.weight]
77.1s 64 Loading weights:   5%|▌         | 21/396 [00:00<00:00, 2242.77it/s, Materializing param=bert.encoder.layer.0.output.dense.weight]
77.1s 65 Loading weights:   6%|▌         | 22/396 [00:00<00:00, 2286.97it/s, Materializing param=bert.encoder.layer.1.attention.output.LayerNorm.bias]
77.1s 66 Loading weights:   6%|▌         | 22/396 [00:00<00:00, 2260.36it/s, Materializing param=bert.encoder.layer.1.attention.output.LayerNorm.bias]
77.1s 67 Loading weights:   6%|▌         | 23/396 [00:00<00:00, 2307.10it/s, Materializing param=bert.encoder.layer.1.attention.output.LayerNorm.weight]
77.1s 68 Loading weights:   6%|▌         | 23/396 [00:00<00:00, 2283.78it/s, Materializing param=bert.encoder.layer.1.attention.output.LayerNorm.weight]
77.1s 69 Loading weights:   6%|▌         | 24/396 [00:00<00:00, 2329.63it/s, Materializing param=bert.encoder.layer.1.attention.output.dense.bias]
77.1s 70 Loading weights:   6%|▌         | 24/396 [00:00<00:00, 2306.46it/s, Materializing param=bert.encoder.layer.1.attention.output.dense.bias]
77.1s 71 Loading weights:   6%|▋         | 25/396 [00:00<00:00, 2336.09it/s, Materializing param=bert.encoder.layer.1.attention.output.dense.weight]
77.1s 72 Loading weights:   6%|▋         | 25/396 [00:00<00:00, 2312.19it/s, Materializing param=bert.encoder.layer.1.attention.output.dense.weight]
77.1s 73 Loading weights:   7%|▋         | 26/396 [00:00<00:00, 2354.98it/s, Materializing param=bert.encoder.layer.1.attention.self.key.bias]
77.1s 74 Loading weights:   7%|▋         | 26/396 [00:00<00:00, 2333.41it/s, Materializing param=bert.encoder.layer.1.attention.self.key.bias]
77.1s 75 Loading weights:   7%|▋         | 27/396 [00:00<00:00, 2376.18it/s, Materializing param=bert.encoder.layer.1.attention.self.key.weight]
77.1s 76 Loading weights:   7%|▋         | 27/396 [00:00<00:00, 2347.80it/s, Materializing param=bert.encoder.layer.1.attention.self.key.weight]
77.1s 77 Loading weights:   7%|▋         | 28/396 [00:00<00:00, 2385.64it/s, Materializing param=bert.encoder.layer.1.attention.self.query.bias]
77.1s 78 Loading weights:   7%|▋         | 28/396 [00:00<00:00, 2365.27it/s, Materializing param=bert.encoder.layer.1.attention.self.query.bias]
77.1s 79 Loading weights:   7%|▋         | 29/396 [00:00<00:00, 2404.71it/s, Materializing param=bert.encoder.layer.1.attention.self.query.weight]
77.1s 80 Loading weights:   7%|▋         | 29/396 [00:00<00:00, 2384.62it/s, Materializing param=bert.encoder.layer.1.attention.self.query.weight]
77.1s 81 Loading weights:   8%|▊         | 30/396 [00:00<00:00, 2423.05it/s, Materializing param=bert.encoder.layer.1.attention.self.value.bias]
77.1s 82 Loading weights:   8%|▊         | 30/396 [00:00<00:00, 2391.82it/s, Materializing param=bert.encoder.layer.1.attention.self.value.bias]
77.1s 83 Loading weights:   8%|▊         | 31/396 [00:00<00:00, 2419.31it/s, Materializing param=bert.encoder.layer.1.attention.self.value.weight]
77.1s 84 Loading weights:   8%|▊         | 31/396 [00:00<00:00, 2399.13it/s, Materializing param=bert.encoder.layer.1.attention.self.value.weight]
77.1s 85 Loading weights:   8%|▊         | 32/396 [00:00<00:00, 2436.42it/s, Materializing param=bert.encoder.layer.1.intermediate.dense.bias]
77.1s 86 Loading weights:   8%|▊         | 32/396 [00:00<00:00, 2417.90it/s, Materializing param=bert.encoder.layer.1.intermediate.dense.bias]
77.1s 87 Loading weights:   8%|▊         | 33/396 [00:00<00:00, 2449.51it/s, Materializing param=bert.encoder.layer.1.intermediate.dense.weight]
77.1s 88 Loading weights:   8%|▊         | 33/396 [00:00<00:00, 2424.54it/s, Materializing param=bert.encoder.layer.1.intermediate.dense.weight]
77.1s 89 Loading weights:   9%|▊         | 34/396 [00:00<00:00, 2452.39it/s, Materializing param=bert.encoder.layer.1.output.LayerNorm.bias]
77.1s 90 Loading weights:   9%|▊         | 34/396 [00:00<00:00, 2434.68it/s, Materializing param=bert.encoder.layer.1.output.LayerNorm.bias]
77.1s 91 Loading weights:   9%|▉         | 35/396 [00:00<00:00, 2467.40it/s, Materializing param=bert.encoder.layer.1.output.LayerNorm.weight]
77.1s 92 Loading weights:   9%|▉         | 35/396 [00:00<00:00, 2450.23it/s, Materializing param=bert.encoder.layer.1.output.LayerNorm.weight]
77.1s 93 Loading weights:   9%|▉         | 36/396 [00:00<00:00, 2480.70it/s, Materializing param=bert.encoder.layer.1.output.dense.bias]
77.1s 94 Loading weights:   9%|▉         | 36/396 [00:00<00:00, 2463.74it/s, Materializing param=bert.encoder.layer.1.output.dense.bias]
77.1s 95 Loading weights:   9%|▉         | 37/396 [00:00<00:00, 2490.12it/s, Materializing param=bert.encoder.layer.1.output.dense.weight]
77.1s 96 Loading weights:   9%|▉         | 37/396 [00:00<00:00, 2473.77it/s, Materializing param=bert.encoder.layer.1.output.dense.weight]
77.1s 97 Loading weights:  10%|▉         | 38/396 [00:00<00:00, 2503.67it/s, Materializing param=bert.encoder.layer.2.attention.output.LayerNorm.bias]
77.1s 98 Loading weights:  10%|▉         | 38/396 [00:00<00:00, 2487.06it/s, Materializing param=bert.encoder.layer.2.attention.output.LayerNorm.bias]
77.1s 99 Loading weights:  10%|▉         | 39/396 [00:00<00:00, 2510.29it/s, Materializing param=bert.encoder.layer.2.attention.output.LayerNorm.weight]
77.1s 100 Loading weights:  10%|▉         | 39/396 [00:00<00:00, 2494.25it/s, Materializing param=bert.encoder.layer.2.attention.output.LayerNorm.weight]
77.1s 101 Loading weights:  10%|█         | 40/396 [00:00<00:00, 2519.18it/s, Materializing param=bert.encoder.layer.2.attention.output.dense.bias]
77.1s 102 Loading weights:  10%|█         | 40/396 [00:00<00:00, 2503.58it/s, Materializing param=bert.encoder.layer.2.attention.output.dense.bias]
77.1s 103 Loading weights:  10%|█         | 41/396 [00:00<00:00, 2531.86it/s, Materializing param=bert.encoder.layer.2.attention.output.dense.weight]
77.1s 104 Loading weights:  10%|█         | 41/396 [00:00<00:00, 2516.74it/s, Materializing param=bert.encoder.layer.2.attention.output.dense.weight]
77.1s 105 Loading weights:  11%|█         | 42/396 [00:00<00:00, 2542.41it/s, Materializing param=bert.encoder.layer.2.attention.self.key.bias]
77.1s 106 Loading weights:  11%|█         | 42/396 [00:00<00:00, 2524.34it/s, Materializing param=bert.encoder.layer.2.attention.self.key.bias]
77.1s 107 Loading weights:  11%|█         | 43/396 [00:00<00:00, 2546.38it/s, Materializing param=bert.encoder.layer.2.attention.self.key.weight]
77.1s 108 Loading weights:  11%|█         | 43/396 [00:00<00:00, 2531.51it/s, Materializing param=bert.encoder.layer.2.attention.self.key.weight]
77.1s 109 Loading weights:  11%|█         | 44/396 [00:00<00:00, 2556.83it/s, Materializing param=bert.encoder.layer.2.attention.self.query.bias]
77.1s 110 Loading weights:  11%|█         | 44/396 [00:00<00:00, 2541.90it/s, Materializing param=bert.encoder.layer.2.attention.self.query.bias]
77.1s 111 Loading weights:  11%|█▏        | 45/396 [00:00<00:00, 2564.17it/s, Materializing param=bert.encoder.layer.2.attention.self.query.weight]
77.1s 112 Loading weights:  11%|█▏        | 45/396 [00:00<00:00, 2549.59it/s, Materializing param=bert.encoder.layer.2.attention.self.query.weight]
77.1s 113 Loading weights:  12%|█▏        | 46/396 [00:00<00:00, 2569.66it/s, Materializing param=bert.encoder.layer.2.attention.self.value.bias]
77.1s 114 Loading weights:  12%|█▏        | 46/396 [00:00<00:00, 2555.54it/s, Materializing param=bert.encoder.layer.2.attention.self.value.bias]
77.1s 115 Loading weights:  12%|█▏        | 47/396 [00:00<00:00, 2579.39it/s, Materializing param=bert.encoder.layer.2.attention.self.value.weight]
77.1s 116 Loading weights:  12%|█▏        | 47/396 [00:00<00:00, 2565.36it/s, Materializing param=bert.encoder.layer.2.attention.self.value.weight]
77.1s 117 Loading weights:  12%|█▏        | 48/396 [00:00<00:00, 2587.25it/s, Materializing param=bert.encoder.layer.2.intermediate.dense.bias]
77.1s 118 Loading weights:  12%|█▏        | 48/396 [00:00<00:00, 2572.96it/s, Materializing param=bert.encoder.layer.2.intermediate.dense.bias]
77.1s 119 Loading weights:  12%|█▏        | 49/396 [00:00<00:00, 2591.85it/s, Materializing param=bert.encoder.layer.2.intermediate.dense.weight]
77.1s 120 Loading weights:  12%|█▏        | 49/396 [00:00<00:00, 2578.03it/s, Materializing param=bert.encoder.layer.2.intermediate.dense.weight]
77.1s 121 Loading weights:  13%|█▎        | 50/396 [00:00<00:00, 2600.15it/s, Materializing param=bert.encoder.layer.2.output.LayerNorm.bias]
77.1s 122 Loading weights:  13%|█▎        | 50/396 [00:00<00:00, 2586.59it/s, Materializing param=bert.encoder.layer.2.output.LayerNorm.bias]
77.1s 123 Loading weights:  13%|█▎        | 51/396 [00:00<00:00, 2607.73it/s, Materializing param=bert.encoder.layer.2.output.LayerNorm.weight]
77.1s 124 Loading weights:  13%|█▎        | 51/396 [00:00<00:00, 2594.01it/s, Materializing param=bert.encoder.layer.2.output.LayerNorm.weight]
77.1s 125 Loading weights:  13%|█▎        | 52/396 [00:00<00:00, 2611.52it/s, Materializing param=bert.encoder.layer.2.output.dense.bias]
77.1s 126 Loading weights:  13%|█▎        | 52/396 [00:00<00:00, 2598.42it/s, Materializing param=bert.encoder.layer.2.output.dense.bias]
77.1s 127 Loading weights:  13%|█▎        | 53/396 [00:00<00:00, 2619.68it/s, Materializing param=bert.encoder.layer.2.output.dense.weight]
77.1s 128 Loading weights:  13%|█▎        | 53/396 [00:00<00:00, 2606.78it/s, Materializing param=bert.encoder.layer.2.output.dense.weight]
77.1s 129 Loading weights:  14%|█▎        | 54/396 [00:00<00:00, 2626.88it/s, Materializing param=bert.encoder.layer.3.attention.output.LayerNorm.bias]
77.1s 130 Loading weights:  14%|█▎        | 54/396 [00:00<00:00, 2613.58it/s, Materializing param=bert.encoder.layer.3.attention.output.LayerNorm.bias]
77.1s 131 Loading weights:  14%|█▍        | 55/396 [00:00<00:00, 2628.97it/s, Materializing param=bert.encoder.layer.3.attention.output.LayerNorm.weight]
77.1s 132 Loading weights:  14%|█▍        | 55/396 [00:00<00:00, 2615.50it/s, Materializing param=bert.encoder.layer.3.attention.output.LayerNorm.weight]
77.1s 133 Loading weights:  14%|█▍        | 56/396 [00:00<00:00, 2633.76it/s, Materializing param=bert.encoder.layer.3.attention.output.dense.bias]
77.1s 134 Loading weights:  14%|█▍        | 56/396 [00:00<00:00, 2621.24it/s, Materializing param=bert.encoder.layer.3.attention.output.dense.bias]
77.1s 135 Loading weights:  14%|█▍        | 57/396 [00:00<00:00, 2638.60it/s, Materializing param=bert.encoder.layer.3.attention.output.dense.weight]
77.1s 136 Loading weights:  14%|█▍        | 57/396 [00:00<00:00, 2625.27it/s, Materializing param=bert.encoder.layer.3.attention.output.dense.weight]
77.1s 137 Loading weights:  15%|█▍        | 58/396 [00:00<00:00, 2643.14it/s, Materializing param=bert.encoder.layer.3.attention.self.key.bias]
77.1s 138 Loading weights:  15%|█▍        | 58/396 [00:00<00:00, 2631.14it/s, Materializing param=bert.encoder.layer.3.attention.self.key.bias]
77.1s 139 Loading weights:  15%|█▍        | 59/396 [00:00<00:00, 2648.83it/s, Materializing param=bert.encoder.layer.3.attention.self.key.weight]
77.1s 140 Loading weights:  15%|█▍        | 59/396 [00:00<00:00, 2637.03it/s, Materializing param=bert.encoder.layer.3.attention.self.key.weight]
77.1s 141 Loading weights:  15%|█▌        | 60/396 [00:00<00:00, 2651.21it/s, Materializing param=bert.encoder.layer.3.attention.self.query.bias]
77.1s 142 Loading weights:  15%|█▌        | 60/396 [00:00<00:00, 2623.54it/s, Materializing param=bert.encoder.layer.3.attention.self.query.bias]
77.1s 143 Loading weights:  15%|█▌        | 61/396 [00:00<00:00, 2627.98it/s, Materializing param=bert.encoder.layer.3.attention.self.query.weight]
77.1s 144 Loading weights:  15%|█▌        | 61/396 [00:00<00:00, 2613.73it/s, Materializing param=bert.encoder.layer.3.attention.self.query.weight]
77.1s 145 Loading weights:  16%|█▌        | 62/396 [00:00<00:00, 2624.93it/s, Materializing param=bert.encoder.layer.3.attention.self.value.bias]
77.1s 146 Loading weights:  16%|█▌        | 62/396 [00:00<00:00, 2611.75it/s, Materializing param=bert.encoder.layer.3.attention.self.value.bias]
77.1s 147 Loading weights:  16%|█▌        | 63/396 [00:00<00:00, 2626.91it/s, Materializing param=bert.encoder.layer.3.attention.self.value.weight]
77.1s 148 Loading weights:  16%|█▌        | 63/396 [00:00<00:00, 2613.35it/s, Materializing param=bert.encoder.layer.3.attention.self.value.weight]
77.1s 149 Loading weights:  16%|█▌        | 64/396 [00:00<00:00, 2627.06it/s, Materializing param=bert.encoder.layer.3.intermediate.dense.bias]
77.1s 150 Loading weights:  16%|█▌        | 64/396 [00:00<00:00, 2612.13it/s, Materializing param=bert.encoder.layer.3.intermediate.dense.bias]
77.1s 151 Loading weights:  16%|█▋        | 65/396 [00:00<00:00, 2627.76it/s, Materializing param=bert.encoder.layer.3.intermediate.dense.weight]
77.1s 152 Loading weights:  16%|█▋        | 65/396 [00:00<00:00, 2616.43it/s, Materializing param=bert.encoder.layer.3.intermediate.dense.weight]
77.1s 153 Loading weights:  17%|█▋        | 66/396 [00:00<00:00, 2632.73it/s, Materializing param=bert.encoder.layer.3.output.LayerNorm.bias]
77.1s 154 Loading weights:  17%|█▋        | 66/396 [00:00<00:00, 2620.67it/s, Materializing param=bert.encoder.layer.3.output.LayerNorm.bias]
77.1s 155 Loading weights:  17%|█▋        | 67/396 [00:00<00:00, 2630.57it/s, Materializing param=bert.encoder.layer.3.output.LayerNorm.weight]
77.1s 156 Loading weights:  17%|█▋        | 67/396 [00:00<00:00, 2618.66it/s, Materializing param=bert.encoder.layer.3.output.LayerNorm.weight]
77.1s 157 Loading weights:  17%|█▋        | 68/396 [00:00<00:00, 2634.76it/s, Materializing param=bert.encoder.layer.3.output.dense.bias]
77.1s 158 Loading weights:  17%|█▋        | 68/396 [00:00<00:00, 2624.21it/s, Materializing param=bert.encoder.layer.3.output.dense.bias]
77.1s 159 Loading weights:  17%|█▋        | 69/396 [00:00<00:00, 2639.13it/s, Materializing param=bert.encoder.layer.3.output.dense.weight]
77.1s 160 Loading weights:  17%|█▋        | 69/396 [00:00<00:00, 2628.63it/s, Materializing param=bert.encoder.layer.3.output.dense.weight]
77.1s 161 Loading weights:  18%|█▊        | 70/396 [00:00<00:00, 2642.20it/s, Materializing param=bert.encoder.layer.4.attention.output.LayerNorm.bias]
77.1s 162 Loading weights:  18%|█▊        | 70/396 [00:00<00:00, 2630.84it/s, Materializing param=bert.encoder.layer.4.attention.output.LayerNorm.bias]
77.1s 163 Loading weights:  18%|█▊        | 71/396 [00:00<00:00, 2643.59it/s, Materializing param=bert.encoder.layer.4.attention.output.LayerNorm.weight]
77.1s 164 Loading weights:  18%|█▊        | 71/396 [00:00<00:00, 2633.19it/s, Materializing param=bert.encoder.layer.4.attention.output.LayerNorm.weight]
77.1s 165 Loading weights:  18%|█▊        | 72/396 [00:00<00:00, 2646.74it/s, Materializing param=bert.encoder.layer.4.attention.output.dense.bias]
77.1s 166 Loading weights:  18%|█▊        | 72/396 [00:00<00:00, 2636.50it/s, Materializing param=bert.encoder.layer.4.attention.output.dense.bias]
77.1s 167 Loading weights:  18%|█▊        | 73/396 [00:00<00:00, 2648.51it/s, Materializing param=bert.encoder.layer.4.attention.output.dense.weight]
77.1s 168 Loading weights:  18%|█▊        | 73/396 [00:00<00:00, 2638.13it/s, Materializing param=bert.encoder.layer.4.attention.output.dense.weight]
77.1s 169 Loading weights:  19%|█▊        | 74/396 [00:00<00:00, 2652.47it/s, Materializing param=bert.encoder.layer.4.attention.self.key.bias]
77.1s 170 Loading weights:  19%|█▊        | 74/396 [00:00<00:00, 2641.70it/s, Materializing param=bert.encoder.layer.4.attention.self.key.bias]
77.1s 171 Loading weights:  19%|█▉        | 75/396 [00:00<00:00, 2652.16it/s, Materializing param=bert.encoder.layer.4.attention.self.key.weight]
77.1s 172 Loading weights:  19%|█▉        | 75/396 [00:00<00:00, 2642.31it/s, Materializing param=bert.encoder.layer.4.attention.self.key.weight]
77.1s 173 Loading weights:  19%|█▉        | 76/396 [00:00<00:00, 2654.25it/s, Materializing param=bert.encoder.layer.4.attention.self.query.bias]
77.1s 174 Loading weights:  19%|█▉        | 76/396 [00:00<00:00, 2644.73it/s, Materializing param=bert.encoder.layer.4.attention.self.query.bias]
77.1s 175 Loading weights:  19%|█▉        | 77/396 [00:00<00:00, 2659.26it/s, Materializing param=bert.encoder.layer.4.attention.self.query.weight]
77.1s 176 Loading weights:  19%|█▉        | 77/396 [00:00<00:00, 2649.66it/s, Materializing param=bert.encoder.layer.4.attention.self.query.weight]
77.1s 177 Loading weights:  20%|█▉        | 78/396 [00:00<00:00, 2660.86it/s, Materializing param=bert.encoder.layer.4.attention.self.value.bias]
77.1s 178 Loading weights:  20%|█▉        | 78/396 [00:00<00:00, 2651.52it/s, Materializing param=bert.encoder.layer.4.attention.self.value.bias]
77.1s 179 Loading weights:  20%|█▉        | 79/396 [00:00<00:00, 2663.01it/s, Materializing param=bert.encoder.layer.4.attention.self.value.weight]
77.1s 180 Loading weights:  20%|█▉        | 79/396 [00:00<00:00, 2653.90it/s, Materializing param=bert.encoder.layer.4.attention.self.value.weight]
77.1s 181 Loading weights:  20%|██        | 80/396 [00:00<00:00, 2667.05it/s, Materializing param=bert.encoder.layer.4.intermediate.dense.bias]
77.1s 182 Loading weights:  20%|██        | 80/396 [00:00<00:00, 2657.44it/s, Materializing param=bert.encoder.layer.4.intermediate.dense.bias]
77.1s 183 Loading weights:  20%|██        | 81/396 [00:00<00:00, 2669.22it/s, Materializing param=bert.encoder.layer.4.intermediate.dense.weight]
77.1s 184 Loading weights:  20%|██        | 81/396 [00:00<00:00, 2658.63it/s, Materializing param=bert.encoder.layer.4.intermediate.dense.weight]
77.1s 185 Loading weights:  21%|██        | 82/396 [00:00<00:00, 2670.12it/s, Materializing param=bert.encoder.layer.4.output.LayerNorm.bias]
77.1s 186 Loading weights:  21%|██        | 82/396 [00:00<00:00, 2661.15it/s, Materializing param=bert.encoder.layer.4.output.LayerNorm.bias]
77.1s 187 Loading weights:  21%|██        | 83/396 [00:00<00:00, 2674.38it/s, Materializing param=bert.encoder.layer.4.output.LayerNorm.weight]
77.1s 188 Loading weights:  21%|██        | 83/396 [00:00<00:00, 2665.23it/s, Materializing param=bert.encoder.layer.4.output.LayerNorm.weight]
77.1s 189 Loading weights:  21%|██        | 84/396 [00:00<00:00, 2678.29it/s, Materializing param=bert.encoder.layer.4.output.dense.bias]
77.1s 190 Loading weights:  21%|██        | 84/396 [00:00<00:00, 2666.98it/s, Materializing param=bert.encoder.layer.4.output.dense.bias]
77.1s 191 Loading weights:  21%|██▏       | 85/396 [00:00<00:00, 2679.58it/s, Materializing param=bert.encoder.layer.4.output.dense.weight]
77.1s 192 Loading weights:  21%|██▏       | 85/396 [00:00<00:00, 2671.05it/s, Materializing param=bert.encoder.layer.4.output.dense.weight]
77.1s 193 Loading weights:  22%|██▏       | 86/396 [00:00<00:00, 2683.78it/s, Materializing param=bert.encoder.layer.5.attention.output.LayerNorm.bias]
77.1s 194 Loading weights:  22%|██▏       | 86/396 [00:00<00:00, 2674.54it/s, Materializing param=bert.encoder.layer.5.attention.output.LayerNorm.bias]
77.1s 195 Loading weights:  22%|██▏       | 87/396 [00:00<00:00, 2686.46it/s, Materializing param=bert.encoder.layer.5.attention.output.LayerNorm.weight]
77.1s 196 Loading weights:  22%|██▏       | 87/396 [00:00<00:00, 2672.98it/s, Materializing param=bert.encoder.layer.5.attention.output.LayerNorm.weight]
77.1s 197 Loading weights:  22%|██▏       | 88/396 [00:00<00:00, 2684.49it/s, Materializing param=bert.encoder.layer.5.attention.output.dense.bias]
77.1s 198 Loading weights:  22%|██▏       | 88/396 [00:00<00:00, 2676.02it/s, Materializing param=bert.encoder.layer.5.attention.output.dense.bias]
77.1s 199 Loading weights:  22%|██▏       | 89/396 [00:00<00:00, 2687.46it/s, Materializing param=bert.encoder.layer.5.attention.output.dense.weight]
77.1s 200 Loading weights:  22%|██▏       | 89/396 [00:00<00:00, 2679.05it/s, Materializing param=bert.encoder.layer.5.attention.output.dense.weight]
77.1s 201 Loading weights:  23%|██▎       | 90/396 [00:00<00:00, 2688.12it/s, Materializing param=bert.encoder.layer.5.attention.self.key.bias]
77.1s 202 Loading weights:  23%|██▎       | 90/396 [00:00<00:00, 2676.17it/s, Materializing param=bert.encoder.layer.5.attention.self.key.bias]
77.1s 203 Loading weights:  23%|██▎       | 91/396 [00:00<00:00, 2685.44it/s, Materializing param=bert.encoder.layer.5.attention.self.key.weight]
77.1s 204 Loading weights:  23%|██▎       | 91/396 [00:00<00:00, 2677.13it/s, Materializing param=bert.encoder.layer.5.attention.self.key.weight]
77.1s 205 Loading weights:  23%|██▎       | 92/396 [00:00<00:00, 2686.37it/s, Materializing param=bert.encoder.layer.5.attention.self.query.bias]
77.1s 206 Loading weights:  23%|██▎       | 92/396 [00:00<00:00, 2677.67it/s, Materializing param=bert.encoder.layer.5.attention.self.query.bias]
77.1s 207 Loading weights:  23%|██▎       | 93/396 [00:00<00:00, 2687.69it/s, Materializing param=bert.encoder.layer.5.attention.self.query.weight]
77.1s 208 Loading weights:  23%|██▎       | 93/396 [00:00<00:00, 2679.48it/s, Materializing param=bert.encoder.layer.5.attention.self.query.weight]
77.1s 209 Loading weights:  24%|██▎       | 94/396 [00:00<00:00, 2690.14it/s, Materializing param=bert.encoder.layer.5.attention.self.value.bias]
77.1s 210 Loading weights:  24%|██▎       | 94/396 [00:00<00:00, 2681.82it/s, Materializing param=bert.encoder.layer.5.attention.self.value.bias]
77.1s 211 Loading weights:  24%|██▍       | 95/396 [00:00<00:00, 2690.76it/s, Materializing param=bert.encoder.layer.5.attention.self.value.weight]
77.1s 212 Loading weights:  24%|██▍       | 95/396 [00:00<00:00, 2682.79it/s, Materializing param=bert.encoder.layer.5.attention.self.value.weight]
77.1s 213 Loading weights:  24%|██▍       | 96/396 [00:00<00:00, 2690.85it/s, Materializing param=bert.encoder.layer.5.intermediate.dense.bias]
77.1s 214 Loading weights:  24%|██▍       | 96/396 [00:00<00:00, 2683.08it/s, Materializing param=bert.encoder.layer.5.intermediate.dense.bias]
77.1s 215 Loading weights:  24%|██▍       | 97/396 [00:00<00:00, 2694.44it/s, Materializing param=bert.encoder.layer.5.intermediate.dense.weight]
77.1s 216 Loading weights:  24%|██▍       | 97/396 [00:00<00:00, 2686.37it/s, Materializing param=bert.encoder.layer.5.intermediate.dense.weight]
77.1s 217 Loading weights:  25%|██▍       | 98/396 [00:00<00:00, 2695.99it/s, Materializing param=bert.encoder.layer.5.output.LayerNorm.bias]
77.1s 218 Loading weights:  25%|██▍       | 98/396 [00:00<00:00, 2686.51it/s, Materializing param=bert.encoder.layer.5.output.LayerNorm.bias]
77.1s 219 Loading weights:  25%|██▌       | 99/396 [00:00<00:00, 2697.46it/s, Materializing param=bert.encoder.layer.5.output.LayerNorm.weight]
77.1s 220 Loading weights:  25%|██▌       | 99/396 [00:00<00:00, 2689.82it/s, Materializing param=bert.encoder.layer.5.output.LayerNorm.weight]
77.1s 221 Loading weights:  25%|██▌       | 100/396 [00:00<00:00, 2700.76it/s, Materializing param=bert.encoder.layer.5.output.dense.bias]
77.1s 222 Loading weights:  25%|██▌       | 100/396 [00:00<00:00, 2692.94it/s, Materializing param=bert.encoder.layer.5.output.dense.bias]
77.1s 223 Loading weights:  26%|██▌       | 101/396 [00:00<00:00, 2703.53it/s, Materializing param=bert.encoder.layer.5.output.dense.weight]
77.1s 224 Loading weights:  26%|██▌       | 101/396 [00:00<00:00, 2694.13it/s, Materializing param=bert.encoder.layer.5.output.dense.weight]
77.1s 225 Loading weights:  26%|██▌       | 102/396 [00:00<00:00, 2704.48it/s, Materializing param=bert.encoder.layer.6.attention.output.LayerNorm.bias]
77.1s 226 Loading weights:  26%|██▌       | 102/396 [00:00<00:00, 2697.10it/s, Materializing param=bert.encoder.layer.6.attention.output.LayerNorm.bias]
77.1s 227 Loading weights:  26%|██▌       | 103/396 [00:00<00:00, 2707.07it/s, Materializing param=bert.encoder.layer.6.attention.output.LayerNorm.weight]
77.1s 228 Loading weights:  26%|██▌       | 103/396 [00:00<00:00, 2699.16it/s, Materializing param=bert.encoder.layer.6.attention.output.LayerNorm.weight]
77.1s 229 Loading weights:  26%|██▋       | 104/396 [00:00<00:00, 2709.01it/s, Materializing param=bert.encoder.layer.6.attention.output.dense.bias]
77.1s 230 Loading weights:  26%|██▋       | 104/396 [00:00<00:00, 2697.65it/s, Materializing param=bert.encoder.layer.6.attention.output.dense.bias]
77.1s 231 Loading weights:  27%|██▋       | 105/396 [00:00<00:00, 2707.63it/s, Materializing param=bert.encoder.layer.6.attention.output.dense.weight]
77.1s 232 Loading weights:  27%|██▋       | 105/396 [00:00<00:00, 2700.31it/s, Materializing param=bert.encoder.layer.6.attention.output.dense.weight]
77.1s 233 Loading weights:  27%|██▋       | 106/396 [00:00<00:00, 2707.98it/s, Materializing param=bert.encoder.layer.6.attention.self.key.bias]
77.1s 234 Loading weights:  27%|██▋       | 106/396 [00:00<00:00, 2700.86it/s, Materializing param=bert.encoder.layer.6.attention.self.key.bias]
77.1s 235 Loading weights:  27%|██▋       | 107/396 [00:00<00:00, 2709.09it/s, Materializing param=bert.encoder.layer.6.attention.self.key.weight]
77.1s 236 Loading weights:  27%|██▋       | 107/396 [00:00<00:00, 2700.13it/s, Materializing param=bert.encoder.layer.6.attention.self.key.weight]
77.1s 237 Loading weights:  27%|██▋       | 108/396 [00:00<00:00, 2709.56it/s, Materializing param=bert.encoder.layer.6.attention.self.query.bias]
77.1s 238 Loading weights:  27%|██▋       | 108/396 [00:00<00:00, 2702.71it/s, Materializing param=bert.encoder.layer.6.attention.self.query.bias]
77.1s 239 Loading weights:  28%|██▊       | 109/396 [00:00<00:00, 2712.04it/s, Materializing param=bert.encoder.layer.6.attention.self.query.weight]
77.1s 240 Loading weights:  28%|██▊       | 109/396 [00:00<00:00, 2705.12it/s, Materializing param=bert.encoder.layer.6.attention.self.query.weight]
77.1s 241 Loading weights:  28%|██▊       | 110/396 [00:00<00:00, 2713.45it/s, Materializing param=bert.encoder.layer.6.attention.self.value.bias]
77.1s 242 Loading weights:  28%|██▊       | 110/396 [00:00<00:00, 2706.19it/s, Materializing param=bert.encoder.layer.6.attention.self.value.bias]
77.1s 243 Loading weights:  28%|██▊       | 111/396 [00:00<00:00, 2715.73it/s, Materializing param=bert.encoder.layer.6.attention.self.value.weight]
77.1s 244 Loading weights:  28%|██▊       | 111/396 [00:00<00:00, 2708.96it/s, Materializing param=bert.encoder.layer.6.attention.self.value.weight]
77.1s 245 Loading weights:  28%|██▊       | 112/396 [00:00<00:00, 2718.15it/s, Materializing param=bert.encoder.layer.6.intermediate.dense.bias]
77.1s 246 Loading weights:  28%|██▊       | 112/396 [00:00<00:00, 2711.53it/s, Materializing param=bert.encoder.layer.6.intermediate.dense.bias]
77.1s 247 Loading weights:  29%|██▊       | 113/396 [00:00<00:00, 2720.03it/s, Materializing param=bert.encoder.layer.6.intermediate.dense.weight]
77.1s 248 Loading weights:  29%|██▊       | 113/396 [00:00<00:00, 2713.02it/s, Materializing param=bert.encoder.layer.6.intermediate.dense.weight]
77.1s 249 Loading weights:  29%|██▉       | 114/396 [00:00<00:00, 2722.50it/s, Materializing param=bert.encoder.layer.6.output.LayerNorm.bias]
77.1s 250 Loading weights:  29%|██▉       | 114/396 [00:00<00:00, 2715.92it/s, Materializing param=bert.encoder.layer.6.output.LayerNorm.bias]
77.1s 251 Loading weights:  29%|██▉       | 115/396 [00:00<00:00, 2724.77it/s, Materializing param=bert.encoder.layer.6.output.LayerNorm.weight]
77.1s 252 Loading weights:  29%|██▉       | 115/396 [00:00<00:00, 2718.13it/s, Materializing param=bert.encoder.layer.6.output.LayerNorm.weight]
77.1s 253 Loading weights:  29%|██▉       | 116/396 [00:00<00:00, 2726.37it/s, Materializing param=bert.encoder.layer.6.output.dense.bias]
77.1s 254 Loading weights:  29%|██▉       | 116/396 [00:00<00:00, 2719.24it/s, Materializing param=bert.encoder.layer.6.output.dense.bias]
77.1s 255 Loading weights:  30%|██▉       | 117/396 [00:00<00:00, 2728.83it/s, Materializing param=bert.encoder.layer.6.output.dense.weight]
77.1s 256 Loading weights:  30%|██▉       | 117/396 [00:00<00:00, 2722.41it/s, Materializing param=bert.encoder.layer.6.output.dense.weight]
77.1s 257 Loading weights:  30%|██▉       | 118/396 [00:00<00:00, 2731.51it/s, Materializing param=bert.encoder.layer.7.attention.output.LayerNorm.bias]
77.1s 258 Loading weights:  30%|██▉       | 118/396 [00:00<00:00, 2724.86it/s, Materializing param=bert.encoder.layer.7.attention.output.LayerNorm.bias]
77.1s 259 Loading weights:  30%|███       | 119/396 [00:00<00:00, 2731.85it/s, Materializing param=bert.encoder.layer.7.attention.output.LayerNorm.weight]
77.1s 260 Loading weights:  30%|███       | 119/396 [00:00<00:00, 2725.09it/s, Materializing param=bert.encoder.layer.7.attention.output.LayerNorm.weight]
77.1s 261 Loading weights:  30%|███       | 120/396 [00:00<00:00, 2733.78it/s, Materializing param=bert.encoder.layer.7.attention.output.dense.bias]
77.1s 262 Loading weights:  30%|███       | 120/396 [00:00<00:00, 2727.37it/s, Materializing param=bert.encoder.layer.7.attention.output.dense.bias]
77.1s 263 Loading weights:  31%|███       | 121/396 [00:00<00:00, 2734.30it/s, Materializing param=bert.encoder.layer.7.attention.output.dense.weight]
77.1s 264 Loading weights:  31%|███       | 121/396 [00:00<00:00, 2727.66it/s, Materializing param=bert.encoder.layer.7.attention.output.dense.weight]
77.1s 265 Loading weights:  31%|███       | 122/396 [00:00<00:00, 2734.96it/s, Materializing param=bert.encoder.layer.7.attention.self.key.bias]
77.1s 266 Loading weights:  31%|███       | 122/396 [00:00<00:00, 2728.45it/s, Materializing param=bert.encoder.layer.7.attention.self.key.bias]
77.1s 267 Loading weights:  31%|███       | 123/396 [00:00<00:00, 2737.39it/s, Materializing param=bert.encoder.layer.7.attention.self.key.weight]
77.1s 268 Loading weights:  31%|███       | 123/396 [00:00<00:00, 2731.17it/s, Materializing param=bert.encoder.layer.7.attention.self.key.weight]
77.1s 269 Loading weights:  31%|███▏      | 124/396 [00:00<00:00, 2738.16it/s, Materializing param=bert.encoder.layer.7.attention.self.query.bias]
77.1s 270 Loading weights:  31%|███▏      | 124/396 [00:00<00:00, 2731.84it/s, Materializing param=bert.encoder.layer.7.attention.self.query.bias]
77.1s 271 Loading weights:  32%|███▏      | 125/396 [00:00<00:00, 2738.23it/s, Materializing param=bert.encoder.layer.7.attention.self.query.weight]
77.1s 272 Loading weights:  32%|███▏      | 125/396 [00:00<00:00, 2732.00it/s, Materializing param=bert.encoder.layer.7.attention.self.query.weight]
77.1s 273 Loading weights:  32%|███▏      | 126/396 [00:00<00:00, 2740.27it/s, Materializing param=bert.encoder.layer.7.attention.self.value.bias]
77.1s 274 Loading weights:  32%|███▏      | 126/396 [00:00<00:00, 2733.59it/s, Materializing param=bert.encoder.layer.7.attention.self.value.bias]
77.1s 275 Loading weights:  32%|███▏      | 127/396 [00:00<00:00, 2740.28it/s, Materializing param=bert.encoder.layer.7.attention.self.value.weight]
77.1s 276 Loading weights:  32%|███▏      | 127/396 [00:00<00:00, 2733.06it/s, Materializing param=bert.encoder.layer.7.attention.self.value.weight]
77.1s 277 Loading weights:  32%|███▏      | 128/396 [00:00<00:00, 2740.41it/s, Materializing param=bert.encoder.layer.7.intermediate.dense.bias]
77.1s 278 Loading weights:  32%|███▏      | 128/396 [00:00<00:00, 2734.27it/s, Materializing param=bert.encoder.layer.7.intermediate.dense.bias]
77.1s 279 Loading weights:  33%|███▎      | 129/396 [00:00<00:00, 2742.51it/s, Materializing param=bert.encoder.layer.7.intermediate.dense.weight]
77.1s 280 Loading weights:  33%|███▎      | 129/396 [00:00<00:00, 2736.07it/s, Materializing param=bert.encoder.layer.7.intermediate.dense.weight]
77.1s 281 Loading weights:  33%|███▎      | 130/396 [00:00<00:00, 2744.22it/s, Materializing param=bert.encoder.layer.7.output.LayerNorm.bias]
77.1s 282 Loading weights:  33%|███▎      | 130/396 [00:00<00:00, 2736.11it/s, Materializing param=bert.encoder.layer.7.output.LayerNorm.bias]
77.1s 283 Loading weights:  33%|███▎      | 131/396 [00:00<00:00, 2744.00it/s, Materializing param=bert.encoder.layer.7.output.LayerNorm.weight]
77.1s 284 Loading weights:  33%|███▎      | 131/396 [00:00<00:00, 2738.11it/s, Materializing param=bert.encoder.layer.7.output.LayerNorm.weight]
77.1s 285 Loading weights:  33%|███▎      | 132/396 [00:00<00:00, 2745.36it/s, Materializing param=bert.encoder.layer.7.output.dense.bias]
77.1s 286 Loading weights:  33%|███▎      | 132/396 [00:00<00:00, 2739.79it/s, Materializing param=bert.encoder.layer.7.output.dense.bias]
77.1s 287 Loading weights:  34%|███▎      | 133/396 [00:00<00:00, 2748.97it/s, Materializing param=bert.encoder.layer.7.output.dense.weight]
77.1s 288 Loading weights:  34%|███▎      | 133/396 [00:00<00:00, 2740.12it/s, Materializing param=bert.encoder.layer.7.output.dense.weight]
77.1s 289 Loading weights:  34%|███▍      | 134/396 [00:00<00:00, 2747.03it/s, Materializing param=bert.encoder.layer.8.attention.output.LayerNorm.bias]
77.1s 290 Loading weights:  34%|███▍      | 134/396 [00:00<00:00, 2741.23it/s, Materializing param=bert.encoder.layer.8.attention.output.LayerNorm.bias]
77.1s 291 Loading weights:  34%|███▍      | 135/396 [00:00<00:00, 2748.44it/s, Materializing param=bert.encoder.layer.8.attention.output.LayerNorm.weight]
77.1s 292 Loading weights:  34%|███▍      | 135/396 [00:00<00:00, 2742.64it/s, Materializing param=bert.encoder.layer.8.attention.output.LayerNorm.weight]
77.1s 293 Loading weights:  34%|███▍      | 136/396 [00:00<00:00, 2749.21it/s, Materializing param=bert.encoder.layer.8.attention.output.dense.bias]
77.1s 294 Loading weights:  34%|███▍      | 136/396 [00:00<00:00, 2742.92it/s, Materializing param=bert.encoder.layer.8.attention.output.dense.bias]
77.1s 295 Loading weights:  35%|███▍      | 137/396 [00:00<00:00, 2750.84it/s, Materializing param=bert.encoder.layer.8.attention.output.dense.weight]
77.1s 296 Loading weights:  35%|███▍      | 137/396 [00:00<00:00, 2745.32it/s, Materializing param=bert.encoder.layer.8.attention.output.dense.weight]
77.1s 297 Loading weights:  35%|███▍      | 138/396 [00:00<00:00, 2752.47it/s, Materializing param=bert.encoder.layer.8.attention.self.key.bias]
77.1s 298 Loading weights:  35%|███▍      | 138/396 [00:00<00:00, 2746.83it/s, Materializing param=bert.encoder.layer.8.attention.self.key.bias]
77.1s 299 Loading weights:  35%|███▌      | 139/396 [00:00<00:00, 2753.49it/s, Materializing param=bert.encoder.layer.8.attention.self.key.weight]
77.1s 300 Loading weights:  35%|███▌      | 139/396 [00:00<00:00, 2747.24it/s, Materializing param=bert.encoder.layer.8.attention.self.key.weight]
77.1s 301 Loading weights:  35%|███▌      | 140/396 [00:00<00:00, 2754.79it/s, Materializing param=bert.encoder.layer.8.attention.self.query.bias]
77.1s 302 Loading weights:  35%|███▌      | 140/396 [00:00<00:00, 2749.46it/s, Materializing param=bert.encoder.layer.8.attention.self.query.bias]
77.1s 303 Loading weights:  36%|███▌      | 141/396 [00:00<00:00, 2756.44it/s, Materializing param=bert.encoder.layer.8.attention.self.query.weight]
77.1s 304 Loading weights:  36%|███▌      | 141/396 [00:00<00:00, 2750.71it/s, Materializing param=bert.encoder.layer.8.attention.self.query.weight]
77.1s 305 Loading weights:  36%|███▌      | 142/396 [00:00<00:00, 2757.16it/s, Materializing param=bert.encoder.layer.8.attention.self.value.bias]
77.1s 306 Loading weights:  36%|███▌      | 142/396 [00:00<00:00, 2751.49it/s, Materializing param=bert.encoder.layer.8.attention.self.value.bias]
77.1s 307 Loading weights:  36%|███▌      | 143/396 [00:00<00:00, 2758.89it/s, Materializing param=bert.encoder.layer.8.attention.self.value.weight]
77.1s 308 Loading weights:  36%|███▌      | 143/396 [00:00<00:00, 2753.52it/s, Materializing param=bert.encoder.layer.8.attention.self.value.weight]
77.1s 309 Loading weights:  36%|███▋      | 144/396 [00:00<00:00, 2760.63it/s, Materializing param=bert.encoder.layer.8.intermediate.dense.bias]
77.1s 310 Loading weights:  36%|███▋      | 144/396 [00:00<00:00, 2755.22it/s, Materializing param=bert.encoder.layer.8.intermediate.dense.bias]
77.1s 311 Loading weights:  37%|███▋      | 145/396 [00:00<00:00, 2761.43it/s, Materializing param=bert.encoder.layer.8.intermediate.dense.weight]
77.1s 312 Loading weights:  37%|███▋      | 145/396 [00:00<00:00, 2756.00it/s, Materializing param=bert.encoder.layer.8.intermediate.dense.weight]
77.1s 313 Loading weights:  37%|███▋      | 146/396 [00:00<00:00, 2763.23it/s, Materializing param=bert.encoder.layer.8.output.LayerNorm.bias]
77.1s 314 Loading weights:  37%|███▋      | 146/396 [00:00<00:00, 2757.99it/s, Materializing param=bert.encoder.layer.8.output.LayerNorm.bias]
77.1s 315 Loading weights:  37%|███▋      | 147/396 [00:00<00:00, 2763.59it/s, Materializing param=bert.encoder.layer.8.output.LayerNorm.weight]
77.1s 316 Loading weights:  37%|███▋      | 147/396 [00:00<00:00, 2757.97it/s, Materializing param=bert.encoder.layer.8.output.LayerNorm.weight]
77.1s 317 Loading weights:  37%|███▋      | 148/396 [00:00<00:00, 2764.52it/s, Materializing param=bert.encoder.layer.8.output.dense.bias]
77.1s 318 Loading weights:  37%|███▋      | 148/396 [00:00<00:00, 2757.89it/s, Materializing param=bert.encoder.layer.8.output.dense.bias]
77.1s 319 Loading weights:  38%|███▊      | 149/396 [00:00<00:00, 2765.06it/s, Materializing param=bert.encoder.layer.8.output.dense.weight]
77.1s 320 Loading weights:  38%|███▊      | 149/396 [00:00<00:00, 2759.78it/s, Materializing param=bert.encoder.layer.8.output.dense.weight]
77.1s 321 Loading weights:  38%|███▊      | 150/396 [00:00<00:00, 2765.24it/s, Materializing param=bert.encoder.layer.9.attention.output.LayerNorm.bias]
77.1s 322 Loading weights:  38%|███▊      | 150/396 [00:00<00:00, 2759.70it/s, Materializing param=bert.encoder.layer.9.attention.output.LayerNorm.bias]
77.1s 323 Loading weights:  38%|███▊      | 151/396 [00:00<00:00, 2765.28it/s, Materializing param=bert.encoder.layer.9.attention.output.LayerNorm.weight]
77.1s 324 Loading weights:  38%|███▊      | 151/396 [00:00<00:00, 2759.92it/s, Materializing param=bert.encoder.layer.9.attention.output.LayerNorm.weight]
77.1s 325 Loading weights:  38%|███▊      | 152/396 [00:00<00:00, 2766.58it/s, Materializing param=bert.encoder.layer.9.attention.output.dense.bias]
77.1s 326 Loading weights:  38%|███▊      | 152/396 [00:00<00:00, 2761.43it/s, Materializing param=bert.encoder.layer.9.attention.output.dense.bias]
77.1s 327 Loading weights:  39%|███▊      | 153/396 [00:00<00:00, 2765.92it/s, Materializing param=bert.encoder.layer.9.attention.output.dense.weight]
77.1s 328 Loading weights:  39%|███▊      | 153/396 [00:00<00:00, 2760.74it/s, Materializing param=bert.encoder.layer.9.attention.output.dense.weight]
77.1s 329 Loading weights:  39%|███▉      | 154/396 [00:00<00:00, 2765.84it/s, Materializing param=bert.encoder.layer.9.attention.self.key.bias]
77.1s 330 Loading weights:  39%|███▉      | 154/396 [00:00<00:00, 2760.71it/s, Materializing param=bert.encoder.layer.9.attention.self.key.bias]
77.1s 331 Loading weights:  39%|███▉      | 155/396 [00:00<00:00, 2767.28it/s, Materializing param=bert.encoder.layer.9.attention.self.key.weight]
77.1s 332 Loading weights:  39%|███▉      | 155/396 [00:00<00:00, 2761.98it/s, Materializing param=bert.encoder.layer.9.attention.self.key.weight]
77.1s 333 Loading weights:  39%|███▉      | 156/396 [00:00<00:00, 2768.60it/s, Materializing param=bert.encoder.layer.9.attention.self.query.bias]
77.1s 334 Loading weights:  39%|███▉      | 156/396 [00:00<00:00, 2761.75it/s, Materializing param=bert.encoder.layer.9.attention.self.query.bias]
77.1s 335 Loading weights:  40%|███▉      | 157/396 [00:00<00:00, 2767.59it/s, Materializing param=bert.encoder.layer.9.attention.self.query.weight]
77.1s 336 Loading weights:  40%|███▉      | 157/396 [00:00<00:00, 2762.47it/s, Materializing param=bert.encoder.layer.9.attention.self.query.weight]
77.1s 337 Loading weights:  40%|███▉      | 158/396 [00:00<00:00, 2768.41it/s, Materializing param=bert.encoder.layer.9.attention.self.value.bias]
77.1s 338 Loading weights:  40%|███▉      | 158/396 [00:00<00:00, 2763.15it/s, Materializing param=bert.encoder.layer.9.attention.self.value.bias]
77.1s 339 Loading weights:  40%|████      | 159/396 [00:00<00:00, 2768.03it/s, Materializing param=bert.encoder.layer.9.attention.self.value.weight]
77.1s 340 Loading weights:  40%|████      | 159/396 [00:00<00:00, 2762.16it/s, Materializing param=bert.encoder.layer.9.attention.self.value.weight]
77.1s 341 Loading weights:  40%|████      | 160/396 [00:00<00:00, 2768.69it/s, Materializing param=bert.encoder.layer.9.intermediate.dense.bias]
77.1s 342 Loading weights:  40%|████      | 160/396 [00:00<00:00, 2763.72it/s, Materializing param=bert.encoder.layer.9.intermediate.dense.bias]
77.1s 343 Loading weights:  41%|████      | 161/396 [00:00<00:00, 2769.45it/s, Materializing param=bert.encoder.layer.9.intermediate.dense.weight]
77.1s 344 Loading weights:  41%|████      | 161/396 [00:00<00:00, 2764.47it/s, Materializing param=bert.encoder.layer.9.intermediate.dense.weight]
77.1s 345 Loading weights:  41%|████      | 162/396 [00:00<00:00, 2769.09it/s, Materializing param=bert.encoder.layer.9.output.LayerNorm.bias]
77.1s 346 Loading weights:  41%|████      | 162/396 [00:00<00:00, 2764.15it/s, Materializing param=bert.encoder.layer.9.output.LayerNorm.bias]
77.1s 347 Loading weights:  41%|████      | 163/396 [00:00<00:00, 2771.23it/s, Materializing param=bert.encoder.layer.9.output.LayerNorm.weight]
77.1s 348 Loading weights:  41%|████      | 163/396 [00:00<00:00, 2766.66it/s, Materializing param=bert.encoder.layer.9.output.LayerNorm.weight]
77.1s 349 Loading weights:  41%|████▏     | 164/396 [00:00<00:00, 2773.40it/s, Materializing param=bert.encoder.layer.9.output.dense.bias]
77.1s 350 Loading weights:  41%|████▏     | 164/396 [00:00<00:00, 2768.66it/s, Materializing param=bert.encoder.layer.9.output.dense.bias]
77.1s 351 Loading weights:  42%|████▏     | 165/396 [00:00<00:00, 2774.08it/s, Materializing param=bert.encoder.layer.9.output.dense.weight]
77.1s 352 Loading weights:  42%|████▏     | 165/396 [00:00<00:00, 2768.27it/s, Materializing param=bert.encoder.layer.9.output.dense.weight]
77.1s 353 Loading weights:  42%|████▏     | 166/396 [00:00<00:00, 2774.68it/s, Materializing param=bert.encoder.layer.10.attention.output.LayerNorm.bias]
77.1s 354 Loading weights:  42%|████▏     | 166/396 [00:00<00:00, 2769.89it/s, Materializing param=bert.encoder.layer.10.attention.output.LayerNorm.bias]
77.1s 355 Loading weights:  42%|████▏     | 167/396 [00:00<00:00, 2775.60it/s, Materializing param=bert.encoder.layer.10.attention.output.LayerNorm.weight]
77.1s 356 Loading weights:  42%|████▏     | 167/396 [00:00<00:00, 2770.67it/s, Materializing param=bert.encoder.layer.10.attention.output.LayerNorm.weight]
77.1s 357 Loading weights:  42%|████▏     | 168/396 [00:00<00:00, 2776.32it/s, Materializing param=bert.encoder.layer.10.attention.output.dense.bias]
77.1s 358 Loading weights:  42%|████▏     | 168/396 [00:00<00:00, 2770.89it/s, Materializing param=bert.encoder.layer.10.attention.output.dense.bias]
77.1s 359 Loading weights:  43%|████▎     | 169/396 [00:00<00:00, 2776.73it/s, Materializing param=bert.encoder.layer.10.attention.output.dense.weight]
77.1s 360 Loading weights:  43%|████▎     | 169/396 [00:00<00:00, 2771.99it/s, Materializing param=bert.encoder.layer.10.attention.output.dense.weight]
77.1s 361 Loading weights:  43%|████▎     | 170/396 [00:00<00:00, 2777.72it/s, Materializing param=bert.encoder.layer.10.attention.self.key.bias]
77.1s 362 Loading weights:  43%|████▎     | 170/396 [00:00<00:00, 2773.03it/s, Materializing param=bert.encoder.layer.10.attention.self.key.bias]
77.1s 363 Loading weights:  43%|████▎     | 171/396 [00:00<00:00, 2778.22it/s, Materializing param=bert.encoder.layer.10.attention.self.key.weight]
77.1s 364 Loading weights:  43%|████▎     | 171/396 [00:00<00:00, 2773.08it/s, Materializing param=bert.encoder.layer.10.attention.self.key.weight]
77.1s 365 Loading weights:  43%|████▎     | 172/396 [00:00<00:00, 2779.10it/s, Materializing param=bert.encoder.layer.10.attention.self.query.bias]
77.1s 366 Loading weights:  43%|████▎     | 172/396 [00:00<00:00, 2774.46it/s, Materializing param=bert.encoder.layer.10.attention.self.query.bias]
77.1s 367 Loading weights:  44%|████▎     | 173/396 [00:00<00:00, 2779.23it/s, Materializing param=bert.encoder.layer.10.attention.self.query.weight]
77.1s 368 Loading weights:  44%|████▎     | 173/396 [00:00<00:00, 2774.65it/s, Materializing param=bert.encoder.layer.10.attention.self.query.weight]
77.1s 369 Loading weights:  44%|████▍     | 174/396 [00:00<00:00, 2779.42it/s, Materializing param=bert.encoder.layer.10.attention.self.value.bias]
77.1s 370 Loading weights:  44%|████▍     | 174/396 [00:00<00:00, 2774.75it/s, Materializing param=bert.encoder.layer.10.attention.self.value.bias]
77.1s 371 Loading weights:  44%|████▍     | 175/396 [00:00<00:00, 2780.01it/s, Materializing param=bert.encoder.layer.10.attention.self.value.weight]
77.1s 372 Loading weights:  44%|████▍     | 175/396 [00:00<00:00, 2774.82it/s, Materializing param=bert.encoder.layer.10.attention.self.value.weight]
77.1s 373 Loading weights:  44%|████▍     | 176/396 [00:00<00:00, 2779.39it/s, Materializing param=bert.encoder.layer.10.intermediate.dense.bias]
77.1s 374 Loading weights:  44%|████▍     | 176/396 [00:00<00:00, 2774.24it/s, Materializing param=bert.encoder.layer.10.intermediate.dense.bias]
77.1s 375 Loading weights:  45%|████▍     | 177/396 [00:00<00:00, 2779.24it/s, Materializing param=bert.encoder.layer.10.intermediate.dense.weight]
77.1s 376 Loading weights:  45%|████▍     | 177/396 [00:00<00:00, 2774.79it/s, Materializing param=bert.encoder.layer.10.intermediate.dense.weight]
77.1s 377 Loading weights:  45%|████▍     | 178/396 [00:00<00:00, 2781.17it/s, Materializing param=bert.encoder.layer.10.output.LayerNorm.bias]
77.1s 378 Loading weights:  45%|████▍     | 178/396 [00:00<00:00, 2776.53it/s, Materializing param=bert.encoder.layer.10.output.LayerNorm.bias]
77.1s 379 Loading weights:  45%|████▌     | 179/396 [00:00<00:00, 2781.62it/s, Materializing param=bert.encoder.layer.10.output.LayerNorm.weight]
77.1s 380 Loading weights:  45%|████▌     | 179/396 [00:00<00:00, 2776.14it/s, Materializing param=bert.encoder.layer.10.output.LayerNorm.weight]
77.1s 381 Loading weights:  45%|████▌     | 180/396 [00:00<00:00, 2781.86it/s, Materializing param=bert.encoder.layer.10.output.dense.bias]
77.1s 382 Loading weights:  45%|████▌     | 180/396 [00:00<00:00, 2777.04it/s, Materializing param=bert.encoder.layer.10.output.dense.bias]
77.1s 383 Loading weights:  46%|████▌     | 181/396 [00:00<00:00, 2782.65it/s, Materializing param=bert.encoder.layer.10.output.dense.weight]
77.1s 384 Loading weights:  46%|████▌     | 181/396 [00:00<00:00, 2777.82it/s, Materializing param=bert.encoder.layer.10.output.dense.weight]
77.1s 385 Loading weights:  46%|████▌     | 182/396 [00:00<00:00, 2783.64it/s, Materializing param=bert.encoder.layer.11.attention.output.LayerNorm.bias]
77.1s 386 Loading weights:  46%|████▌     | 182/396 [00:00<00:00, 2776.57it/s, Materializing param=bert.encoder.layer.11.attention.output.LayerNorm.bias]
77.1s 387 Loading weights:  46%|████▌     | 183/396 [00:00<00:00, 2781.15it/s, Materializing param=bert.encoder.layer.11.attention.output.LayerNorm.weight]
77.1s 388 Loading weights:  46%|████▌     | 183/396 [00:00<00:00, 2776.53it/s, Materializing param=bert.encoder.layer.11.attention.output.LayerNorm.weight]
77.1s 389 Loading weights:  46%|████▋     | 184/396 [00:00<00:00, 2781.08it/s, Materializing param=bert.encoder.layer.11.attention.output.dense.bias]
77.1s 390 Loading weights:  46%|████▋     | 184/396 [00:00<00:00, 2776.70it/s, Materializing param=bert.encoder.layer.11.attention.output.dense.bias]
77.1s 391 Loading weights:  47%|████▋     | 185/396 [00:00<00:00, 2781.43it/s, Materializing param=bert.encoder.layer.11.attention.output.dense.weight]
77.1s 392 Loading weights:  47%|████▋     | 185/396 [00:00<00:00, 2776.97it/s, Materializing param=bert.encoder.layer.11.attention.output.dense.weight]
77.1s 393 Loading weights:  47%|████▋     | 186/396 [00:00<00:00, 2781.09it/s, Materializing param=bert.encoder.layer.11.attention.self.key.bias]
77.1s 394 Loading weights:  47%|████▋     | 186/396 [00:00<00:00, 2776.74it/s, Materializing param=bert.encoder.layer.11.attention.self.key.bias]
77.1s 395 Loading weights:  47%|████▋     | 187/396 [00:00<00:00, 2782.03it/s, Materializing param=bert.encoder.layer.11.attention.self.key.weight]
77.1s 396 Loading weights:  47%|████▋     | 187/396 [00:00<00:00, 2777.84it/s, Materializing param=bert.encoder.layer.11.attention.self.key.weight]
77.1s 397 Loading weights:  47%|████▋     | 188/396 [00:00<00:00, 2782.68it/s, Materializing param=bert.encoder.layer.11.attention.self.query.bias]
77.1s 398 Loading weights:  47%|████▋     | 188/396 [00:00<00:00, 2778.30it/s, Materializing param=bert.encoder.layer.11.attention.self.query.bias]
77.1s 399 Loading weights:  48%|████▊     | 189/396 [00:00<00:00, 2783.58it/s, Materializing param=bert.encoder.layer.11.attention.self.query.weight]
77.1s 400 Loading weights:  48%|████▊     | 189/396 [00:00<00:00, 2779.56it/s, Materializing param=bert.encoder.layer.11.attention.self.query.weight]
77.1s 401 Loading weights:  48%|████▊     | 190/396 [00:00<00:00, 2784.33it/s, Materializing param=bert.encoder.layer.11.attention.self.value.bias]
77.1s 402 Loading weights:  48%|████▊     | 190/396 [00:00<00:00, 2780.31it/s, Materializing param=bert.encoder.layer.11.attention.self.value.bias]
77.1s 403 Loading weights:  48%|████▊     | 191/396 [00:00<00:00, 2785.66it/s, Materializing param=bert.encoder.layer.11.attention.self.value.weight]
77.1s 404 Loading weights:  48%|████▊     | 191/396 [00:00<00:00, 2781.23it/s, Materializing param=bert.encoder.layer.11.attention.self.value.weight]
77.1s 405 Loading weights:  48%|████▊     | 192/396 [00:00<00:00, 2786.55it/s, Materializing param=bert.encoder.layer.11.intermediate.dense.bias]
77.1s 406 Loading weights:  48%|████▊     | 192/396 [00:00<00:00, 2782.50it/s, Materializing param=bert.encoder.layer.11.intermediate.dense.bias]
77.1s 407 Loading weights:  49%|████▊     | 193/396 [00:00<00:00, 2787.34it/s, Materializing param=bert.encoder.layer.11.intermediate.dense.weight]
77.1s 408 Loading weights:  49%|████▊     | 193/396 [00:00<00:00, 2783.38it/s, Materializing param=bert.encoder.layer.11.intermediate.dense.weight]
77.1s 409 Loading weights:  49%|████▉     | 194/396 [00:00<00:00, 2788.58it/s, Materializing param=bert.encoder.layer.11.output.LayerNorm.bias]
77.1s 410 Loading weights:  49%|████▉     | 194/396 [00:00<00:00, 2784.51it/s, Materializing param=bert.encoder.layer.11.output.LayerNorm.bias]
77.1s 411 Loading weights:  49%|████▉     | 195/396 [00:00<00:00, 2789.36it/s, Materializing param=bert.encoder.layer.11.output.LayerNorm.weight]
77.1s 412 Loading weights:  49%|████▉     | 195/396 [00:00<00:00, 2785.18it/s, Materializing param=bert.encoder.layer.11.output.LayerNorm.weight]
77.1s 413 Loading weights:  49%|████▉     | 196/396 [00:00<00:00, 2789.58it/s, Materializing param=bert.encoder.layer.11.output.dense.bias]
77.1s 414 Loading weights:  49%|████▉     | 196/396 [00:00<00:00, 2785.60it/s, Materializing param=bert.encoder.layer.11.output.dense.bias]
77.1s 415 Loading weights:  50%|████▉     | 197/396 [00:00<00:00, 2790.61it/s, Materializing param=bert.encoder.layer.11.output.dense.weight]
77.1s 416 Loading weights:  50%|████▉     | 197/396 [00:00<00:00, 2786.50it/s, Materializing param=bert.encoder.layer.11.output.dense.weight]
77.1s 417 Loading weights:  50%|█████     | 198/396 [00:00<00:00, 2790.76it/s, Materializing param=bert.encoder.layer.12.attention.output.LayerNorm.bias]
77.1s 418 Loading weights:  50%|█████     | 198/396 [00:00<00:00, 2786.73it/s, Materializing param=bert.encoder.layer.12.attention.output.LayerNorm.bias]
77.1s 419 Loading weights:  50%|█████     | 199/396 [00:00<00:00, 2790.65it/s, Materializing param=bert.encoder.layer.12.attention.output.LayerNorm.weight]
77.1s 420 Loading weights:  50%|█████     | 199/396 [00:00<00:00, 2785.29it/s, Materializing param=bert.encoder.layer.12.attention.output.LayerNorm.weight]
77.1s 421 Loading weights:  51%|█████     | 200/396 [00:00<00:00, 2789.51it/s, Materializing param=bert.encoder.layer.12.attention.output.dense.bias]
77.1s 422 Loading weights:  51%|█████     | 200/396 [00:00<00:00, 2785.48it/s, Materializing param=bert.encoder.layer.12.attention.output.dense.bias]
77.1s 423 Loading weights:  51%|█████     | 201/396 [00:00<00:00, 2790.42it/s, Materializing param=bert.encoder.layer.12.attention.output.dense.weight]
77.1s 424 Loading weights:  51%|█████     | 201/396 [00:00<00:00, 2786.21it/s, Materializing param=bert.encoder.layer.12.attention.output.dense.weight]
77.1s 425 Loading weights:  51%|█████     | 202/396 [00:00<00:00, 2791.41it/s, Materializing param=bert.encoder.layer.12.attention.self.key.bias]
77.1s 426 Loading weights:  51%|█████     | 202/396 [00:00<00:00, 2786.16it/s, Materializing param=bert.encoder.layer.12.attention.self.key.bias]
77.1s 427 Loading weights:  51%|█████▏    | 203/396 [00:00<00:00, 2789.71it/s, Materializing param=bert.encoder.layer.12.attention.self.key.weight]
77.1s 428 Loading weights:  51%|█████▏    | 203/396 [00:00<00:00, 2785.13it/s, Materializing param=bert.encoder.layer.12.attention.self.key.weight]
77.1s 429 Loading weights:  52%|█████▏    | 204/396 [00:00<00:00, 2789.11it/s, Materializing param=bert.encoder.layer.12.attention.self.query.bias]
77.1s 430 Loading weights:  52%|█████▏    | 204/396 [00:00<00:00, 2785.34it/s, Materializing param=bert.encoder.layer.12.attention.self.query.bias]
77.1s 431 Loading weights:  52%|█████▏    | 205/396 [00:00<00:00, 2789.41it/s, Materializing param=bert.encoder.layer.12.attention.self.query.weight]
77.1s 432 Loading weights:  52%|█████▏    | 205/396 [00:00<00:00, 2784.12it/s, Materializing param=bert.encoder.layer.12.attention.self.query.weight]
77.1s 433 Loading weights:  52%|█████▏    | 206/396 [00:00<00:00, 2788.32it/s, Materializing param=bert.encoder.layer.12.attention.self.value.bias]
77.1s 434 Loading weights:  52%|█████▏    | 206/396 [00:00<00:00, 2784.50it/s, Materializing param=bert.encoder.layer.12.attention.self.value.bias]
77.1s 435 Loading weights:  52%|█████▏    | 207/396 [00:00<00:00, 2789.34it/s, Materializing param=bert.encoder.layer.12.attention.self.value.weight]
77.1s 436 Loading weights:  52%|█████▏    | 207/396 [00:00<00:00, 2785.58it/s, Materializing param=bert.encoder.layer.12.attention.self.value.weight]
77.1s 437 Loading weights:  53%|█████▎    | 208/396 [00:00<00:00, 2790.00it/s, Materializing param=bert.encoder.layer.12.intermediate.dense.bias]
77.1s 438 Loading weights:  53%|█████▎    | 208/396 [00:00<00:00, 2786.08it/s, Materializing param=bert.encoder.layer.12.intermediate.dense.bias]
77.1s 439 Loading weights:  53%|█████▎    | 209/396 [00:00<00:00, 2789.74it/s, Materializing param=bert.encoder.layer.12.intermediate.dense.weight]
77.1s 440 Loading weights:  53%|█████▎    | 209/396 [00:00<00:00, 2785.99it/s, Materializing param=bert.encoder.layer.12.intermediate.dense.weight]
77.1s 441 Loading weights:  53%|█████▎    | 210/396 [00:00<00:00, 2790.22it/s, Materializing param=bert.encoder.layer.12.output.LayerNorm.bias]
77.1s 442 Loading weights:  53%|█████▎    | 210/396 [00:00<00:00, 2786.55it/s, Materializing param=bert.encoder.layer.12.output.LayerNorm.bias]
77.1s 443 Loading weights:  53%|█████▎    | 211/396 [00:00<00:00, 2791.06it/s, Materializing param=bert.encoder.layer.12.output.LayerNorm.weight]
77.1s 444 Loading weights:  53%|█████▎    | 211/396 [00:00<00:00, 2786.92it/s, Materializing param=bert.encoder.layer.12.output.LayerNorm.weight]
77.1s 445 Loading weights:  54%|█████▎    | 212/396 [00:00<00:00, 2792.51it/s, Materializing param=bert.encoder.layer.12.output.dense.bias]
77.1s 446 Loading weights:  54%|█████▎    | 212/396 [00:00<00:00, 2788.96it/s, Materializing param=bert.encoder.layer.12.output.dense.bias]
77.1s 447 Loading weights:  54%|█████▍    | 213/396 [00:00<00:00, 2793.96it/s, Materializing param=bert.encoder.layer.12.output.dense.weight]
77.1s 448 Loading weights:  54%|█████▍    | 213/396 [00:00<00:00, 2790.46it/s, Materializing param=bert.encoder.layer.12.output.dense.weight]
77.1s 449 Loading weights:  54%|█████▍    | 214/396 [00:00<00:00, 2795.51it/s, Materializing param=bert.encoder.layer.13.attention.output.LayerNorm.bias]
77.1s 450 Loading weights:  54%|█████▍    | 214/396 [00:00<00:00, 2791.78it/s, Materializing param=bert.encoder.layer.13.attention.output.LayerNorm.bias]
77.1s 451 Loading weights:  54%|█████▍    | 215/396 [00:00<00:00, 2796.56it/s, Materializing param=bert.encoder.layer.13.attention.output.LayerNorm.weight]
77.1s 452 Loading weights:  54%|█████▍    | 215/396 [00:00<00:00, 2792.70it/s, Materializing param=bert.encoder.layer.13.attention.output.LayerNorm.weight]
77.1s 453 Loading weights:  55%|█████▍    | 216/396 [00:00<00:00, 2797.71it/s, Materializing param=bert.encoder.layer.13.attention.output.dense.bias]
77.1s 454 Loading weights:  55%|█████▍    | 216/396 [00:00<00:00, 2794.10it/s, Materializing param=bert.encoder.layer.13.attention.output.dense.bias]
77.1s 455 Loading weights:  55%|█████▍    | 217/396 [00:00<00:00, 2798.46it/s, Materializing param=bert.encoder.layer.13.attention.output.dense.weight]
77.1s 456 Loading weights:  55%|█████▍    | 217/396 [00:00<00:00, 2794.67it/s, Materializing param=bert.encoder.layer.13.attention.output.dense.weight]
77.1s 457 Loading weights:  55%|█████▌    | 218/396 [00:00<00:00, 2799.23it/s, Materializing param=bert.encoder.layer.13.attention.self.key.bias]
77.1s 458 Loading weights:  55%|█████▌    | 218/396 [00:00<00:00, 2795.74it/s, Materializing param=bert.encoder.layer.13.attention.self.key.bias]
77.1s 459 Loading weights:  55%|█████▌    | 219/396 [00:00<00:00, 2800.87it/s, Materializing param=bert.encoder.layer.13.attention.self.key.weight]
77.1s 460 Loading weights:  55%|█████▌    | 219/396 [00:00<00:00, 2797.10it/s, Materializing param=bert.encoder.layer.13.attention.self.key.weight]
77.1s 461 Loading weights:  56%|█████▌    | 220/396 [00:00<00:00, 2800.22it/s, Materializing param=bert.encoder.layer.13.attention.self.query.bias]
77.1s 462 Loading weights:  56%|█████▌    | 220/396 [00:00<00:00, 2796.50it/s, Materializing param=bert.encoder.layer.13.attention.self.query.bias]
77.1s 463 Loading weights:  56%|█████▌    | 221/396 [00:00<00:00, 2801.00it/s, Materializing param=bert.encoder.layer.13.attention.self.query.weight]
77.1s 464 Loading weights:  56%|█████▌    | 221/396 [00:00<00:00, 2797.42it/s, Materializing param=bert.encoder.layer.13.attention.self.query.weight]
77.1s 465 Loading weights:  56%|█████▌    | 222/396 [00:00<00:00, 2801.36it/s, Materializing param=bert.encoder.layer.13.attention.self.value.bias]
77.1s 466 Loading weights:  56%|█████▌    | 222/396 [00:00<00:00, 2797.81it/s, Materializing param=bert.encoder.layer.13.attention.self.value.bias]
77.1s 467 Loading weights:  56%|█████▋    | 223/396 [00:00<00:00, 2801.97it/s, Materializing param=bert.encoder.layer.13.attention.self.value.weight]
77.1s 468 Loading weights:  56%|█████▋    | 223/396 [00:00<00:00, 2798.37it/s, Materializing param=bert.encoder.layer.13.attention.self.value.weight]
77.1s 469 Loading weights:  57%|█████▋    | 224/396 [00:00<00:00, 2803.04it/s, Materializing param=bert.encoder.layer.13.intermediate.dense.bias]
77.1s 470 Loading weights:  57%|█████▋    | 224/396 [00:00<00:00, 2799.62it/s, Materializing param=bert.encoder.layer.13.intermediate.dense.bias]
77.1s 471 Loading weights:  57%|█████▋    | 225/396 [00:00<00:00, 2803.54it/s, Materializing param=bert.encoder.layer.13.intermediate.dense.weight]
77.1s 472 Loading weights:  57%|█████▋    | 225/396 [00:00<00:00, 2800.07it/s, Materializing param=bert.encoder.layer.13.intermediate.dense.weight]
77.1s 473 Loading weights:  57%|█████▋    | 226/396 [00:00<00:00, 2804.40it/s, Materializing param=bert.encoder.layer.13.output.LayerNorm.bias]
77.1s 474 Loading weights:  57%|█████▋    | 226/396 [00:00<00:00, 2800.90it/s, Materializing param=bert.encoder.layer.13.output.LayerNorm.bias]
77.1s 475 Loading weights:  57%|█████▋    | 227/396 [00:00<00:00, 2805.60it/s, Materializing param=bert.encoder.layer.13.output.LayerNorm.weight]
77.1s 476 Loading weights:  57%|█████▋    | 227/396 [00:00<00:00, 2802.19it/s, Materializing param=bert.encoder.layer.13.output.LayerNorm.weight]
77.1s 477 Loading weights:  58%|█████▊    | 228/396 [00:00<00:00, 2805.98it/s, Materializing param=bert.encoder.layer.13.output.dense.bias]
77.1s 478 Loading weights:  58%|█████▊    | 228/396 [00:00<00:00, 2802.51it/s, Materializing param=bert.encoder.layer.13.output.dense.bias]
77.1s 479 Loading weights:  58%|█████▊    | 229/396 [00:00<00:00, 2806.66it/s, Materializing param=bert.encoder.layer.13.output.dense.weight]
77.1s 480 Loading weights:  58%|█████▊    | 229/396 [00:00<00:00, 2802.89it/s, Materializing param=bert.encoder.layer.13.output.dense.weight]
77.1s 481 Loading weights:  58%|█████▊    | 230/396 [00:00<00:00, 2806.45it/s, Materializing param=bert.encoder.layer.14.attention.output.LayerNorm.bias]
77.1s 482 Loading weights:  58%|█████▊    | 230/396 [00:00<00:00, 2803.13it/s, Materializing param=bert.encoder.layer.14.attention.output.LayerNorm.bias]
77.1s 483 Loading weights:  58%|█████▊    | 231/396 [00:00<00:00, 2807.06it/s, Materializing param=bert.encoder.layer.14.attention.output.LayerNorm.weight]
77.1s 484 Loading weights:  58%|█████▊    | 231/396 [00:00<00:00, 2803.60it/s, Materializing param=bert.encoder.layer.14.attention.output.LayerNorm.weight]
77.1s 485 Loading weights:  59%|█████▊    | 232/396 [00:00<00:00, 2807.50it/s, Materializing param=bert.encoder.layer.14.attention.output.dense.bias]
77.1s 486 Loading weights:  59%|█████▊    | 232/396 [00:00<00:00, 2804.12it/s, Materializing param=bert.encoder.layer.14.attention.output.dense.bias]
77.1s 487 Loading weights:  59%|█████▉    | 233/396 [00:00<00:00, 2808.80it/s, Materializing param=bert.encoder.layer.14.attention.output.dense.weight]
77.1s 488 Loading weights:  59%|█████▉    | 233/396 [00:00<00:00, 2805.53it/s, Materializing param=bert.encoder.layer.14.attention.output.dense.weight]
77.1s 489 Loading weights:  59%|█████▉    | 234/396 [00:00<00:00, 2809.40it/s, Materializing param=bert.encoder.layer.14.attention.self.key.bias]
77.1s 490 Loading weights:  59%|█████▉    | 234/396 [00:00<00:00, 2806.08it/s, Materializing param=bert.encoder.layer.14.attention.self.key.bias]
77.1s 491 Loading weights:  59%|█████▉    | 235/396 [00:00<00:00, 2810.18it/s, Materializing param=bert.encoder.layer.14.attention.self.key.weight]
77.1s 492 Loading weights:  59%|█████▉    | 235/396 [00:00<00:00, 2806.90it/s, Materializing param=bert.encoder.layer.14.attention.self.key.weight]
77.1s 493 Loading weights:  60%|█████▉    | 236/396 [00:00<00:00, 2811.17it/s, Materializing param=bert.encoder.layer.14.attention.self.query.bias]
77.1s 494 Loading weights:  60%|█████▉    | 236/396 [00:00<00:00, 2807.58it/s, Materializing param=bert.encoder.layer.14.attention.self.query.bias]
77.1s 495 Loading weights:  60%|█████▉    | 237/396 [00:00<00:00, 2810.96it/s, Materializing param=bert.encoder.layer.14.attention.self.query.weight]
77.1s 496 Loading weights:  60%|█████▉    | 237/396 [00:00<00:00, 2807.61it/s, Materializing param=bert.encoder.layer.14.attention.self.query.weight]
77.1s 497 Loading weights:  60%|██████    | 238/396 [00:00<00:00, 2811.05it/s, Materializing param=bert.encoder.layer.14.attention.self.value.bias]
77.1s 498 Loading weights:  60%|██████    | 238/396 [00:00<00:00, 2807.68it/s, Materializing param=bert.encoder.layer.14.attention.self.value.bias]
77.1s 499 Loading weights:  60%|██████    | 239/396 [00:00<00:00, 2812.00it/s, Materializing param=bert.encoder.layer.14.attention.self.value.weight]
77.1s 500 Loading weights:  60%|██████    | 239/396 [00:00<00:00, 2808.46it/s, Materializing param=bert.encoder.layer.14.attention.self.value.weight]
77.1s 501 Loading weights:  61%|██████    | 240/396 [00:00<00:00, 2812.17it/s, Materializing param=bert.encoder.layer.14.intermediate.dense.bias]
77.1s 502 Loading weights:  61%|██████    | 240/396 [00:00<00:00, 2808.25it/s, Materializing param=bert.encoder.layer.14.intermediate.dense.bias]
77.1s 503 Loading weights:  61%|██████    | 241/396 [00:00<00:00, 2811.24it/s, Materializing param=bert.encoder.layer.14.intermediate.dense.weight]
77.1s 504 Loading weights:  61%|██████    | 241/396 [00:00<00:00, 2807.92it/s, Materializing param=bert.encoder.layer.14.intermediate.dense.weight]
77.1s 505 Loading weights:  61%|██████    | 242/396 [00:00<00:00, 2812.31it/s, Materializing param=bert.encoder.layer.14.output.LayerNorm.bias]
77.1s 506 Loading weights:  61%|██████    | 242/396 [00:00<00:00, 2808.80it/s, Materializing param=bert.encoder.layer.14.output.LayerNorm.bias]
77.1s 507 Loading weights:  61%|██████▏   | 243/396 [00:00<00:00, 2813.14it/s, Materializing param=bert.encoder.layer.14.output.LayerNorm.weight]
77.1s 508 Loading weights:  61%|██████▏   | 243/396 [00:00<00:00, 2807.95it/s, Materializing param=bert.encoder.layer.14.output.LayerNorm.weight]
77.1s 509 Loading weights:  62%|██████▏   | 244/396 [00:00<00:00, 2811.50it/s, Materializing param=bert.encoder.layer.14.output.dense.bias]
77.1s 510 Loading weights:  62%|██████▏   | 244/396 [00:00<00:00, 2808.20it/s, Materializing param=bert.encoder.layer.14.output.dense.bias]
77.1s 511 Loading weights:  62%|██████▏   | 245/396 [00:00<00:00, 2811.43it/s, Materializing param=bert.encoder.layer.14.output.dense.weight]
77.1s 512 Loading weights:  62%|██████▏   | 245/396 [00:00<00:00, 2808.20it/s, Materializing param=bert.encoder.layer.14.output.dense.weight]
77.1s 513 Loading weights:  62%|██████▏   | 246/396 [00:00<00:00, 2812.10it/s, Materializing param=bert.encoder.layer.15.attention.output.LayerNorm.bias]
77.1s 514 Loading weights:  62%|██████▏   | 246/396 [00:00<00:00, 2808.56it/s, Materializing param=bert.encoder.layer.15.attention.output.LayerNorm.bias]
77.1s 515 Loading weights:  62%|██████▏   | 247/396 [00:00<00:00, 2812.85it/s, Materializing param=bert.encoder.layer.15.attention.output.LayerNorm.weight]
77.1s 516 Loading weights:  62%|██████▏   | 247/396 [00:00<00:00, 2809.59it/s, Materializing param=bert.encoder.layer.15.attention.output.LayerNorm.weight]
77.1s 517 Loading weights:  63%|██████▎   | 248/396 [00:00<00:00, 2813.47it/s, Materializing param=bert.encoder.layer.15.attention.output.dense.bias]
77.1s 518 Loading weights:  63%|██████▎   | 248/396 [00:00<00:00, 2810.19it/s, Materializing param=bert.encoder.layer.15.attention.output.dense.bias]
77.1s 519 Loading weights:  63%|██████▎   | 249/396 [00:00<00:00, 2813.60it/s, Materializing param=bert.encoder.layer.15.attention.output.dense.weight]
77.1s 520 Loading weights:  63%|██████▎   | 249/396 [00:00<00:00, 2810.16it/s, Materializing param=bert.encoder.layer.15.attention.output.dense.weight]
77.1s 521 Loading weights:  63%|██████▎   | 250/396 [00:00<00:00, 2814.28it/s, Materializing param=bert.encoder.layer.15.attention.self.key.bias]
77.1s 522 Loading weights:  63%|██████▎   | 250/396 [00:00<00:00, 2811.04it/s, Materializing param=bert.encoder.layer.15.attention.self.key.bias]
77.1s 523 Loading weights:  63%|██████▎   | 251/396 [00:00<00:00, 2815.04it/s, Materializing param=bert.encoder.layer.15.attention.self.key.weight]
77.1s 524 Loading weights:  63%|██████▎   | 251/396 [00:00<00:00, 2811.82it/s, Materializing param=bert.encoder.layer.15.attention.self.key.weight]
77.1s 525 Loading weights:  64%|██████▎   | 252/396 [00:00<00:00, 2814.45it/s, Materializing param=bert.encoder.layer.15.attention.self.query.bias]
77.1s 526 Loading weights:  64%|██████▎   | 252/396 [00:00<00:00, 2811.11it/s, Materializing param=bert.encoder.layer.15.attention.self.query.bias]
77.1s 527 Loading weights:  64%|██████▍   | 253/396 [00:00<00:00, 2815.33it/s, Materializing param=bert.encoder.layer.15.attention.self.query.weight]
77.1s 528 Loading weights:  64%|██████▍   | 253/396 [00:00<00:00, 2812.19it/s, Materializing param=bert.encoder.layer.15.attention.self.query.weight]
77.1s 529 Loading weights:  64%|██████▍   | 254/396 [00:00<00:00, 2816.20it/s, Materializing param=bert.encoder.layer.15.attention.self.value.bias]
77.1s 530 Loading weights:  64%|██████▍   | 254/396 [00:00<00:00, 2813.07it/s, Materializing param=bert.encoder.layer.15.attention.self.value.bias]
77.1s 531 Loading weights:  64%|██████▍   | 255/396 [00:00<00:00, 2816.58it/s, Materializing param=bert.encoder.layer.15.attention.self.value.weight]
77.1s 532 Loading weights:  64%|██████▍   | 255/396 [00:00<00:00, 2813.35it/s, Materializing param=bert.encoder.layer.15.attention.self.value.weight]
77.1s 533 Loading weights:  65%|██████▍   | 256/396 [00:00<00:00, 2817.41it/s, Materializing param=bert.encoder.layer.15.intermediate.dense.bias]
77.1s 534 Loading weights:  65%|██████▍   | 256/396 [00:00<00:00, 2814.35it/s, Materializing param=bert.encoder.layer.15.intermediate.dense.bias]
77.1s 535 Loading weights:  65%|██████▍   | 257/396 [00:00<00:00, 2818.33it/s, Materializing param=bert.encoder.layer.15.intermediate.dense.weight]
77.1s 536 Loading weights:  65%|██████▍   | 257/396 [00:00<00:00, 2815.20it/s, Materializing param=bert.encoder.layer.15.intermediate.dense.weight]
77.1s 537 Loading weights:  65%|██████▌   | 258/396 [00:00<00:00, 2818.50it/s, Materializing param=bert.encoder.layer.15.output.LayerNorm.bias]
77.1s 538 Loading weights:  65%|██████▌   | 258/396 [00:00<00:00, 2815.22it/s, Materializing param=bert.encoder.layer.15.output.LayerNorm.bias]
77.1s 539 Loading weights:  65%|██████▌   | 259/396 [00:00<00:00, 2819.24it/s, Materializing param=bert.encoder.layer.15.output.LayerNorm.weight]
77.1s 540 Loading weights:  65%|██████▌   | 259/396 [00:00<00:00, 2815.90it/s, Materializing param=bert.encoder.layer.15.output.LayerNorm.weight]
77.1s 541 Loading weights:  66%|██████▌   | 260/396 [00:00<00:00, 2819.77it/s, Materializing param=bert.encoder.layer.15.output.dense.bias]
77.1s 542 Loading weights:  66%|██████▌   | 260/396 [00:00<00:00, 2816.54it/s, Materializing param=bert.encoder.layer.15.output.dense.bias]
77.1s 543 Loading weights:  66%|██████▌   | 261/396 [00:00<00:00, 2819.46it/s, Materializing param=bert.encoder.layer.15.output.dense.weight]
77.1s 544 Loading weights:  66%|██████▌   | 261/396 [00:00<00:00, 2816.38it/s, Materializing param=bert.encoder.layer.15.output.dense.weight]
77.1s 545 Loading weights:  66%|██████▌   | 262/396 [00:00<00:00, 2820.71it/s, Materializing param=bert.encoder.layer.16.attention.output.LayerNorm.bias]
77.1s 546 Loading weights:  66%|██████▌   | 262/396 [00:00<00:00, 2817.68it/s, Materializing param=bert.encoder.layer.16.attention.output.LayerNorm.bias]
77.1s 547 Loading weights:  66%|██████▋   | 263/396 [00:00<00:00, 2821.28it/s, Materializing param=bert.encoder.layer.16.attention.output.LayerNorm.weight]
77.1s 548 Loading weights:  66%|██████▋   | 263/396 [00:00<00:00, 2818.23it/s, Materializing param=bert.encoder.layer.16.attention.output.LayerNorm.weight]
77.1s 549 Loading weights:  67%|██████▋   | 264/396 [00:00<00:00, 2821.86it/s, Materializing param=bert.encoder.layer.16.attention.output.dense.bias]
77.1s 550 Loading weights:  67%|██████▋   | 264/396 [00:00<00:00, 2817.89it/s, Materializing param=bert.encoder.layer.16.attention.output.dense.bias]
77.1s 551 Loading weights:  67%|██████▋   | 265/396 [00:00<00:00, 2821.69it/s, Materializing param=bert.encoder.layer.16.attention.output.dense.weight]
77.1s 552 Loading weights:  67%|██████▋   | 265/396 [00:00<00:00, 2818.63it/s, Materializing param=bert.encoder.layer.16.attention.output.dense.weight]
77.1s 553 Loading weights:  67%|██████▋   | 266/396 [00:00<00:00, 2821.83it/s, Materializing param=bert.encoder.layer.16.attention.self.key.bias]
77.1s 554 Loading weights:  67%|██████▋   | 266/396 [00:00<00:00, 2818.82it/s, Materializing param=bert.encoder.layer.16.attention.self.key.bias]
77.1s 555 Loading weights:  67%|██████▋   | 267/396 [00:00<00:00, 2822.21it/s, Materializing param=bert.encoder.layer.16.attention.self.key.weight]
77.1s 556 Loading weights:  67%|██████▋   | 267/396 [00:00<00:00, 2819.16it/s, Materializing param=bert.encoder.layer.16.attention.self.key.weight]
77.1s 557 Loading weights:  68%|██████▊   | 268/396 [00:00<00:00, 2823.05it/s, Materializing param=bert.encoder.layer.16.attention.self.query.bias]
77.1s 558 Loading weights:  68%|██████▊   | 268/396 [00:00<00:00, 2820.10it/s, Materializing param=bert.encoder.layer.16.attention.self.query.bias]
77.1s 559 Loading weights:  68%|██████▊   | 269/396 [00:00<00:00, 2823.26it/s, Materializing param=bert.encoder.layer.16.attention.self.query.weight]
77.1s 560 Loading weights:  68%|██████▊   | 269/396 [00:00<00:00, 2820.26it/s, Materializing param=bert.encoder.layer.16.attention.self.query.weight]
77.1s 561 Loading weights:  68%|██████▊   | 270/396 [00:00<00:00, 2823.59it/s, Materializing param=bert.encoder.layer.16.attention.self.value.bias]
77.1s 562 Loading weights:  68%|██████▊   | 270/396 [00:00<00:00, 2820.56it/s, Materializing param=bert.encoder.layer.16.attention.self.value.bias]
77.1s 563 Loading weights:  68%|██████▊   | 271/396 [00:00<00:00, 2824.40it/s, Materializing param=bert.encoder.layer.16.attention.self.value.weight]
77.1s 564 Loading weights:  68%|██████▊   | 271/396 [00:00<00:00, 2821.40it/s, Materializing param=bert.encoder.layer.16.attention.self.value.weight]
77.1s 565 Loading weights:  69%|██████▊   | 272/396 [00:00<00:00, 2824.52it/s, Materializing param=bert.encoder.layer.16.intermediate.dense.bias]
77.1s 566 Loading weights:  69%|██████▊   | 272/396 [00:00<00:00, 2821.60it/s, Materializing param=bert.encoder.layer.16.intermediate.dense.bias]
77.1s 567 Loading weights:  69%|██████▉   | 273/396 [00:00<00:00, 2824.82it/s, Materializing param=bert.encoder.layer.16.intermediate.dense.weight]
77.1s 568 Loading weights:  69%|██████▉   | 273/396 [00:00<00:00, 2821.86it/s, Materializing param=bert.encoder.layer.16.intermediate.dense.weight]
77.1s 569 Loading weights:  69%|██████▉   | 274/396 [00:00<00:00, 2825.78it/s, Materializing param=bert.encoder.layer.16.output.LayerNorm.bias]
77.1s 570 Loading weights:  69%|██████▉   | 274/396 [00:00<00:00, 2822.91it/s, Materializing param=bert.encoder.layer.16.output.LayerNorm.bias]
77.1s 571 Loading weights:  69%|██████▉   | 275/396 [00:00<00:00, 2826.45it/s, Materializing param=bert.encoder.layer.16.output.LayerNorm.weight]
77.1s 572 Loading weights:  69%|██████▉   | 275/396 [00:00<00:00, 2823.52it/s, Materializing param=bert.encoder.layer.16.output.LayerNorm.weight]
77.1s 573 Loading weights:  70%|██████▉   | 276/396 [00:00<00:00, 2826.92it/s, Materializing param=bert.encoder.layer.16.output.dense.bias]
77.1s 574 Loading weights:  70%|██████▉   | 276/396 [00:00<00:00, 2823.99it/s, Materializing param=bert.encoder.layer.16.output.dense.bias]
77.1s 575 Loading weights:  70%|██████▉   | 277/396 [00:00<00:00, 2827.88it/s, Materializing param=bert.encoder.layer.16.output.dense.weight]
77.1s 576 Loading weights:  70%|██████▉   | 277/396 [00:00<00:00, 2824.96it/s, Materializing param=bert.encoder.layer.16.output.dense.weight]
77.1s 577 Loading weights:  70%|███████   | 278/396 [00:00<00:00, 2828.15it/s, Materializing param=bert.encoder.layer.17.attention.output.LayerNorm.bias]
77.1s 578 Loading weights:  70%|███████   | 278/396 [00:00<00:00, 2825.22it/s, Materializing param=bert.encoder.layer.17.attention.output.LayerNorm.bias]
77.1s 579 Loading weights:  70%|███████   | 279/396 [00:00<00:00, 2828.22it/s, Materializing param=bert.encoder.layer.17.attention.output.LayerNorm.weight]
77.1s 580 Loading weights:  70%|███████   | 279/396 [00:00<00:00, 2825.22it/s, Materializing param=bert.encoder.layer.17.attention.output.LayerNorm.weight]
77.1s 581 Loading weights:  71%|███████   | 280/396 [00:00<00:00, 2828.96it/s, Materializing param=bert.encoder.layer.17.attention.output.dense.bias]
77.1s 582 Loading weights:  71%|███████   | 280/396 [00:00<00:00, 2825.90it/s, Materializing param=bert.encoder.layer.17.attention.output.dense.bias]
77.1s 583 Loading weights:  71%|███████   | 281/396 [00:00<00:00, 2829.02it/s, Materializing param=bert.encoder.layer.17.attention.output.dense.weight]
77.1s 584 Loading weights:  71%|███████   | 281/396 [00:00<00:00, 2825.72it/s, Materializing param=bert.encoder.layer.17.attention.output.dense.weight]
77.1s 585 Loading weights:  71%|███████   | 282/396 [00:00<00:00, 2828.76it/s, Materializing param=bert.encoder.layer.17.attention.self.key.bias]
77.1s 586 Loading weights:  71%|███████   | 282/396 [00:00<00:00, 2825.82it/s, Materializing param=bert.encoder.layer.17.attention.self.key.bias]
77.1s 587 Loading weights:  71%|███████▏  | 283/396 [00:00<00:00, 2829.73it/s, Materializing param=bert.encoder.layer.17.attention.self.key.bias]
77.1s 588 Loading weights:  71%|███████▏  | 283/396 [00:00<00:00, 2829.73it/s, Materializing param=bert.encoder.layer.17.attention.self.key.weight]
77.1s 589 Loading weights:  71%|███████▏  | 283/396 [00:00<00:00, 2829.73it/s, Materializing param=bert.encoder.layer.17.attention.self.key.weight]
77.1s 590 Loading weights:  72%|███████▏  | 284/396 [00:00<00:00, 2829.73it/s, Materializing param=bert.encoder.layer.17.attention.self.query.bias]
77.1s 591 Loading weights:  72%|███████▏  | 284/396 [00:00<00:00, 2829.73it/s, Materializing param=bert.encoder.layer.17.attention.self.query.bias]
77.1s 592 Loading weights:  72%|███████▏  | 285/396 [00:00<00:00, 2829.73it/s, Materializing param=bert.encoder.layer.17.attention.self.query.weight]
77.1s 593 Loading weights:  72%|███████▏  | 285/396 [00:00<00:00, 2829.73it/s, Materializing param=bert.encoder.layer.17.attention.self.query.weight]
77.1s 594 Loading weights:  72%|███████▏  | 286/396 [00:00<00:00, 2829.73it/s, Materializing param=bert.encoder.layer.17.attention.self.value.bias]
77.1s 595 Loading weights:  72%|███████▏  | 286/396 [00:00<00:00, 2829.73it/s, Materializing param=bert.encoder.layer.17.attention.self.value.bias]
77.1s 596 Loading weights:  72%|███████▏  | 287/396 [00:00<00:00, 2829.73it/s, Materializing param=bert.encoder.layer.17.attention.self.value.weight]
77.1s 597 Loading weights:  72%|███████▏  | 287/396 [00:00<00:00, 2829.73it/s, Materializing param=bert.encoder.layer.17.attention.self.value.weight]
77.1s 598 Loading weights:  73%|███████▎  | 288/396 [00:00<00:00, 2829.73it/s, Materializing param=bert.encoder.layer.17.intermediate.dense.bias]
77.1s 599 Loading weights:  73%|███████▎  | 288/396 [00:00<00:00, 2829.73it/s, Materializing param=bert.encoder.layer.17.intermediate.dense.bias]
77.1s 600 Loading weights:  73%|███████▎  | 289/396 [00:00<00:00, 2829.73it/s, Materializing param=bert.encoder.layer.17.intermediate.dense.weight]
77.1s 601 Loading weights:  73%|███████▎  | 289/396 [00:00<00:00, 2829.73it/s, Materializing param=bert.encoder.layer.17.intermediate.dense.weight]
77.1s 602 Loading weights:  73%|███████▎  | 290/396 [00:00<00:00, 2829.73it/s, Materializing param=bert.encoder.layer.17.output.LayerNorm.bias]
77.1s 603 Loading weights:  73%|███████▎  | 290/396 [00:00<00:00, 2829.73it/s, Materializing param=bert.encoder.layer.17.output.LayerNorm.bias]
77.1s 604 Loading weights:  73%|███████▎  | 291/396 [00:00<00:00, 2829.73it/s, Materializing param=bert.encoder.layer.17.output.LayerNorm.weight]
77.1s 605 Loading weights:  73%|███████▎  | 291/396 [00:00<00:00, 2829.73it/s, Materializing param=bert.encoder.layer.17.output.LayerNorm.weight]
77.1s 606 Loading weights:  74%|███████▎  | 292/396 [00:00<00:00, 2829.73it/s, Materializing param=bert.encoder.layer.17.output.dense.bias]
77.1s 607 Loading weights:  74%|███████▎  | 292/396 [00:00<00:00, 2829.73it/s, Materializing param=bert.encoder.layer.17.output.dense.bias]
77.1s 608 Loading weights:  74%|███████▍  | 293/396 [00:00<00:00, 2829.73it/s, Materializing param=bert.encoder.layer.17.output.dense.weight]
77.1s 609 Loading weights:  74%|███████▍  | 293/396 [00:00<00:00, 2829.73it/s, Materializing param=bert.encoder.layer.17.output.dense.weight]
77.1s 610 Loading weights:  74%|███████▍  | 294/396 [00:00<00:00, 2829.73it/s, Materializing param=bert.encoder.layer.18.attention.output.LayerNorm.bias]
77.1s 611 Loading weights:  74%|███████▍  | 294/396 [00:00<00:00, 2829.73it/s, Materializing param=bert.encoder.layer.18.attention.output.LayerNorm.bias]
77.1s 612 Loading weights:  74%|███████▍  | 295/396 [00:00<00:00, 2829.73it/s, Materializing param=bert.encoder.layer.18.attention.output.LayerNorm.weight]
77.1s 613 Loading weights:  74%|███████▍  | 295/396 [00:00<00:00, 2829.73it/s, Materializing param=bert.encoder.layer.18.attention.output.LayerNorm.weight]
77.1s 614 Loading weights:  75%|███████▍  | 296/396 [00:00<00:00, 2829.73it/s, Materializing param=bert.encoder.layer.18.attention.output.dense.bias]
77.1s 615 Loading weights:  75%|███████▍  | 296/396 [00:00<00:00, 2829.73it/s, Materializing param=bert.encoder.layer.18.attention.output.dense.bias]
77.1s 616 Loading weights:  75%|███████▌  | 297/396 [00:00<00:00, 2829.73it/s, Materializing param=bert.encoder.layer.18.attention.output.dense.weight]
77.1s 617 Loading weights:  75%|███████▌  | 297/396 [00:00<00:00, 2829.73it/s, Materializing param=bert.encoder.layer.18.attention.output.dense.weight]
77.1s 618 Loading weights:  75%|███████▌  | 298/396 [00:00<00:00, 2829.73it/s, Materializing param=bert.encoder.layer.18.attention.self.key.bias]
77.1s 619 Loading weights:  75%|███████▌  | 298/396 [00:00<00:00, 2829.73it/s, Materializing param=bert.encoder.layer.18.attention.self.key.bias]
77.1s 620 Loading weights:  76%|███████▌  | 299/396 [00:00<00:00, 2829.73it/s, Materializing param=bert.encoder.layer.18.attention.self.key.weight]
77.1s 621 Loading weights:  76%|███████▌  | 299/396 [00:00<00:00, 2829.73it/s, Materializing param=bert.encoder.layer.18.attention.self.key.weight]
77.1s 622 Loading weights:  76%|███████▌  | 300/396 [00:00<00:00, 2829.73it/s, Materializing param=bert.encoder.layer.18.attention.self.query.bias]
77.1s 623 Loading weights:  76%|███████▌  | 300/396 [00:00<00:00, 2829.73it/s, Materializing param=bert.encoder.layer.18.attention.self.query.bias]
77.1s 624 Loading weights:  76%|███████▌  | 301/396 [00:00<00:00, 2829.73it/s, Materializing param=bert.encoder.layer.18.attention.self.query.weight]
77.1s 625 Loading weights:  76%|███████▌  | 301/396 [00:00<00:00, 2829.73it/s, Materializing param=bert.encoder.layer.18.attention.self.query.weight]
77.1s 626 Loading weights:  76%|███████▋  | 302/396 [00:00<00:00, 2829.73it/s, Materializing param=bert.encoder.layer.18.attention.self.value.bias]
77.1s 627 Loading weights:  76%|███████▋  | 302/396 [00:00<00:00, 2829.73it/s, Materializing param=bert.encoder.layer.18.attention.self.value.bias]
77.1s 628 Loading weights:  77%|███████▋  | 303/396 [00:00<00:00, 2829.73it/s, Materializing param=bert.encoder.layer.18.attention.self.value.weight]
77.1s 629 Loading weights:  77%|███████▋  | 303/396 [00:00<00:00, 2829.73it/s, Materializing param=bert.encoder.layer.18.attention.self.value.weight]
77.1s 630 Loading weights:  77%|███████▋  | 304/396 [00:00<00:00, 2829.73it/s, Materializing param=bert.encoder.layer.18.intermediate.dense.bias]
77.1s 631 Loading weights:  77%|███████▋  | 304/396 [00:00<00:00, 2829.73it/s, Materializing param=bert.encoder.layer.18.intermediate.dense.bias]
77.1s 632 Loading weights:  77%|███████▋  | 305/396 [00:00<00:00, 2829.73it/s, Materializing param=bert.encoder.layer.18.intermediate.dense.weight]
77.1s 633 Loading weights:  77%|███████▋  | 305/396 [00:00<00:00, 2829.73it/s, Materializing param=bert.encoder.layer.18.intermediate.dense.weight]
77.1s 634 Loading weights:  77%|███████▋  | 306/396 [00:00<00:00, 2829.73it/s, Materializing param=bert.encoder.layer.18.output.LayerNorm.bias]
77.1s 635 Loading weights:  77%|███████▋  | 306/396 [00:00<00:00, 2829.73it/s, Materializing param=bert.encoder.layer.18.output.LayerNorm.bias]
77.1s 636 Loading weights:  78%|███████▊  | 307/396 [00:00<00:00, 2829.73it/s, Materializing param=bert.encoder.layer.18.output.LayerNorm.weight]
77.1s 637 Loading weights:  78%|███████▊  | 307/396 [00:00<00:00, 2829.73it/s, Materializing param=bert.encoder.layer.18.output.LayerNorm.weight]
77.1s 638 Loading weights:  78%|███████▊  | 308/396 [00:00<00:00, 2829.73it/s, Materializing param=bert.encoder.layer.18.output.dense.bias]
77.1s 639 Loading weights:  78%|███████▊  | 308/396 [00:00<00:00, 2829.73it/s, Materializing param=bert.encoder.layer.18.output.dense.bias]
77.1s 640 Loading weights:  78%|███████▊  | 309/396 [00:00<00:00, 2829.73it/s, Materializing param=bert.encoder.layer.18.output.dense.weight]
77.1s 641 Loading weights:  78%|███████▊  | 309/396 [00:00<00:00, 2829.73it/s, Materializing param=bert.encoder.layer.18.output.dense.weight]
77.1s 642 Loading weights:  78%|███████▊  | 310/396 [00:00<00:00, 2829.73it/s, Materializing param=bert.encoder.layer.19.attention.output.LayerNorm.bias]
77.1s 643 Loading weights:  78%|███████▊  | 310/396 [00:00<00:00, 2829.73it/s, Materializing param=bert.encoder.layer.19.attention.output.LayerNorm.bias]
77.1s 644 Loading weights:  79%|███████▊  | 311/396 [00:00<00:00, 2829.73it/s, Materializing param=bert.encoder.layer.19.attention.output.LayerNorm.weight]
77.1s 645 Loading weights:  79%|███████▊  | 311/396 [00:00<00:00, 2829.73it/s, Materializing param=bert.encoder.layer.19.attention.output.LayerNorm.weight]
77.1s 646 Loading weights:  79%|███████▉  | 312/396 [00:00<00:00, 2829.73it/s, Materializing param=bert.encoder.layer.19.attention.output.dense.bias]
77.1s 647 Loading weights:  79%|███████▉  | 312/396 [00:00<00:00, 2829.73it/s, Materializing param=bert.encoder.layer.19.attention.output.dense.bias]
77.1s 648 Loading weights:  79%|███████▉  | 313/396 [00:00<00:00, 2829.73it/s, Materializing param=bert.encoder.layer.19.attention.output.dense.weight]
77.1s 649 Loading weights:  79%|███████▉  | 313/396 [00:00<00:00, 2829.73it/s, Materializing param=bert.encoder.layer.19.attention.output.dense.weight]
77.1s 650 Loading weights:  79%|███████▉  | 314/396 [00:00<00:00, 2829.73it/s, Materializing param=bert.encoder.layer.19.attention.self.key.bias]
77.1s 651 Loading weights:  79%|███████▉  | 314/396 [00:00<00:00, 2829.73it/s, Materializing param=bert.encoder.layer.19.attention.self.key.bias]
77.1s 652 Loading weights:  80%|███████▉  | 315/396 [00:00<00:00, 2829.73it/s, Materializing param=bert.encoder.layer.19.attention.self.key.weight]
77.1s 653 Loading weights:  80%|███████▉  | 315/396 [00:00<00:00, 2829.73it/s, Materializing param=bert.encoder.layer.19.attention.self.key.weight]
77.1s 654 Loading weights:  80%|███████▉  | 316/396 [00:00<00:00, 2829.73it/s, Materializing param=bert.encoder.layer.19.attention.self.query.bias]
77.1s 655 Loading weights:  80%|███████▉  | 316/396 [00:00<00:00, 2829.73it/s, Materializing param=bert.encoder.layer.19.attention.self.query.bias]
77.1s 656 Loading weights:  80%|████████  | 317/396 [00:00<00:00, 2829.73it/s, Materializing param=bert.encoder.layer.19.attention.self.query.weight]
77.1s 657 Loading weights:  80%|████████  | 317/396 [00:00<00:00, 2829.73it/s, Materializing param=bert.encoder.layer.19.attention.self.query.weight]
77.1s 658 Loading weights:  80%|████████  | 318/396 [00:00<00:00, 2829.73it/s, Materializing param=bert.encoder.layer.19.attention.self.value.bias]
77.1s 659 Loading weights:  80%|████████  | 318/396 [00:00<00:00, 2829.73it/s, Materializing param=bert.encoder.layer.19.attention.self.value.bias]
77.1s 660 Loading weights:  81%|████████  | 319/396 [00:00<00:00, 2829.73it/s, Materializing param=bert.encoder.layer.19.attention.self.value.weight]
77.1s 661 Loading weights:  81%|████████  | 319/396 [00:00<00:00, 2829.73it/s, Materializing param=bert.encoder.layer.19.attention.self.value.weight]
77.1s 662 Loading weights:  81%|████████  | 320/396 [00:00<00:00, 2829.73it/s, Materializing param=bert.encoder.layer.19.intermediate.dense.bias]
77.1s 663 Loading weights:  81%|████████  | 320/396 [00:00<00:00, 2829.73it/s, Materializing param=bert.encoder.layer.19.intermediate.dense.bias]
77.1s 664 Loading weights:  81%|████████  | 321/396 [00:00<00:00, 2829.73it/s, Materializing param=bert.encoder.layer.19.intermediate.dense.weight]
77.1s 665 Loading weights:  81%|████████  | 321/396 [00:00<00:00, 2829.73it/s, Materializing param=bert.encoder.layer.19.intermediate.dense.weight]
77.1s 666 Loading weights:  81%|████████▏ | 322/396 [00:00<00:00, 2829.73it/s, Materializing param=bert.encoder.layer.19.output.LayerNorm.bias]
77.1s 667 Loading weights:  81%|████████▏ | 322/396 [00:00<00:00, 2829.73it/s, Materializing param=bert.encoder.layer.19.output.LayerNorm.bias]
77.1s 668 Loading weights:  82%|████████▏ | 323/396 [00:00<00:00, 2829.73it/s, Materializing param=bert.encoder.layer.19.output.LayerNorm.weight]
77.1s 669 Loading weights:  82%|████████▏ | 323/396 [00:00<00:00, 2829.73it/s, Materializing param=bert.encoder.layer.19.output.LayerNorm.weight]
77.1s 670 Loading weights:  82%|████████▏ | 324/396 [00:00<00:00, 2829.73it/s, Materializing param=bert.encoder.layer.19.output.dense.bias]
77.1s 671 Loading weights:  82%|████████▏ | 324/396 [00:00<00:00, 2829.73it/s, Materializing param=bert.encoder.layer.19.output.dense.bias]
77.1s 672 Loading weights:  82%|████████▏ | 325/396 [00:00<00:00, 2829.73it/s, Materializing param=bert.encoder.layer.19.output.dense.weight]
77.1s 673 Loading weights:  82%|████████▏ | 325/396 [00:00<00:00, 2829.73it/s, Materializing param=bert.encoder.layer.19.output.dense.weight]
77.1s 674 Loading weights:  82%|████████▏ | 326/396 [00:00<00:00, 2829.73it/s, Materializing param=bert.encoder.layer.20.attention.output.LayerNorm.bias]
77.1s 675 Loading weights:  82%|████████▏ | 326/396 [00:00<00:00, 2829.73it/s, Materializing param=bert.encoder.layer.20.attention.output.LayerNorm.bias]
77.1s 676 Loading weights:  83%|████████▎ | 327/396 [00:00<00:00, 2829.73it/s, Materializing param=bert.encoder.layer.20.attention.output.LayerNorm.weight]
77.1s 677 Loading weights:  83%|████████▎ | 327/396 [00:00<00:00, 2829.73it/s, Materializing param=bert.encoder.layer.20.attention.output.LayerNorm.weight]
77.1s 678 Loading weights:  83%|████████▎ | 328/396 [00:00<00:00, 2829.73it/s, Materializing param=bert.encoder.layer.20.attention.output.dense.bias]
77.1s 679 Loading weights:  83%|████████▎ | 328/396 [00:00<00:00, 2829.73it/s, Materializing param=bert.encoder.layer.20.attention.output.dense.bias]
77.1s 680 Loading weights:  83%|████████▎ | 329/396 [00:00<00:00, 2829.73it/s, Materializing param=bert.encoder.layer.20.attention.output.dense.weight]
77.1s 681 Loading weights:  83%|████████▎ | 329/396 [00:00<00:00, 2829.73it/s, Materializing param=bert.encoder.layer.20.attention.output.dense.weight]
77.1s 682 Loading weights:  83%|████████▎ | 330/396 [00:00<00:00, 2829.73it/s, Materializing param=bert.encoder.layer.20.attention.self.key.bias]
77.1s 683 Loading weights:  83%|████████▎ | 330/396 [00:00<00:00, 2829.73it/s, Materializing param=bert.encoder.layer.20.attention.self.key.bias]
77.1s 684 Loading weights:  84%|████████▎ | 331/396 [00:00<00:00, 2829.73it/s, Materializing param=bert.encoder.layer.20.attention.self.key.weight]
77.1s 685 Loading weights:  84%|████████▎ | 331/396 [00:00<00:00, 2829.73it/s, Materializing param=bert.encoder.layer.20.attention.self.key.weight]
77.1s 686 Loading weights:  84%|████████▍ | 332/396 [00:00<00:00, 2829.73it/s, Materializing param=bert.encoder.layer.20.attention.self.query.bias]
77.1s 687 Loading weights:  84%|████████▍ | 332/396 [00:00<00:00, 2829.73it/s, Materializing param=bert.encoder.layer.20.attention.self.query.bias]
77.1s 688 Loading weights:  84%|████████▍ | 333/396 [00:00<00:00, 2829.73it/s, Materializing param=bert.encoder.layer.20.attention.self.query.weight]
77.1s 689 Loading weights:  84%|████████▍ | 333/396 [00:00<00:00, 2829.73it/s, Materializing param=bert.encoder.layer.20.attention.self.query.weight]
77.1s 690 Loading weights:  84%|████████▍ | 334/396 [00:00<00:00, 2829.73it/s, Materializing param=bert.encoder.layer.20.attention.self.value.bias]
77.1s 691 Loading weights:  84%|████████▍ | 334/396 [00:00<00:00, 2829.73it/s, Materializing param=bert.encoder.layer.20.attention.self.value.bias]
77.1s 692 Loading weights:  85%|████████▍ | 335/396 [00:00<00:00, 2829.73it/s, Materializing param=bert.encoder.layer.20.attention.self.value.weight]
77.1s 693 Loading weights:  85%|████████▍ | 335/396 [00:00<00:00, 2829.73it/s, Materializing param=bert.encoder.layer.20.attention.self.value.weight]
77.1s 694 Loading weights:  85%|████████▍ | 336/396 [00:00<00:00, 2829.73it/s, Materializing param=bert.encoder.layer.20.intermediate.dense.bias]
77.1s 695 Loading weights:  85%|████████▍ | 336/396 [00:00<00:00, 2829.73it/s, Materializing param=bert.encoder.layer.20.intermediate.dense.bias]
77.1s 696 Loading weights:  85%|████████▌ | 337/396 [00:00<00:00, 2829.73it/s, Materializing param=bert.encoder.layer.20.intermediate.dense.weight]
77.1s 697 Loading weights:  85%|████████▌ | 337/396 [00:00<00:00, 2829.73it/s, Materializing param=bert.encoder.layer.20.intermediate.dense.weight]
77.1s 698 Loading weights:  85%|████████▌ | 338/396 [00:00<00:00, 2829.73it/s, Materializing param=bert.encoder.layer.20.output.LayerNorm.bias]
77.1s 699 Loading weights:  85%|████████▌ | 338/396 [00:00<00:00, 2829.73it/s, Materializing param=bert.encoder.layer.20.output.LayerNorm.bias]
77.1s 700 Loading weights:  86%|████████▌ | 339/396 [00:00<00:00, 2829.73it/s, Materializing param=bert.encoder.layer.20.output.LayerNorm.weight]
77.1s 701 Loading weights:  86%|████████▌ | 339/396 [00:00<00:00, 2829.73it/s, Materializing param=bert.encoder.layer.20.output.LayerNorm.weight]
77.1s 702 Loading weights:  86%|████████▌ | 340/396 [00:00<00:00, 2829.73it/s, Materializing param=bert.encoder.layer.20.output.dense.bias]
77.1s 703 Loading weights:  86%|████████▌ | 340/396 [00:00<00:00, 2829.73it/s, Materializing param=bert.encoder.layer.20.output.dense.bias]
77.1s 704 Loading weights:  86%|████████▌ | 341/396 [00:00<00:00, 2829.73it/s, Materializing param=bert.encoder.layer.20.output.dense.weight]
77.1s 705 Loading weights:  86%|████████▌ | 341/396 [00:00<00:00, 2829.73it/s, Materializing param=bert.encoder.layer.20.output.dense.weight]
77.1s 706 Loading weights:  86%|████████▋ | 342/396 [00:00<00:00, 2829.73it/s, Materializing param=bert.encoder.layer.21.attention.output.LayerNorm.bias]
77.1s 707 Loading weights:  86%|████████▋ | 342/396 [00:00<00:00, 2829.73it/s, Materializing param=bert.encoder.layer.21.attention.output.LayerNorm.bias]
77.1s 708 Loading weights:  87%|████████▋ | 343/396 [00:00<00:00, 2829.73it/s, Materializing param=bert.encoder.layer.21.attention.output.LayerNorm.weight]
77.1s 709 Loading weights:  87%|████████▋ | 343/396 [00:00<00:00, 2829.73it/s, Materializing param=bert.encoder.layer.21.attention.output.LayerNorm.weight]
77.1s 710 Loading weights:  87%|████████▋ | 344/396 [00:00<00:00, 2829.73it/s, Materializing param=bert.encoder.layer.21.attention.output.dense.bias]
77.1s 711 Loading weights:  87%|████████▋ | 344/396 [00:00<00:00, 2829.73it/s, Materializing param=bert.encoder.layer.21.attention.output.dense.bias]
77.1s 712 Loading weights:  87%|████████▋ | 345/396 [00:00<00:00, 2829.73it/s, Materializing param=bert.encoder.layer.21.attention.output.dense.weight]
77.1s 713 Loading weights:  87%|████████▋ | 345/396 [00:00<00:00, 2829.73it/s, Materializing param=bert.encoder.layer.21.attention.output.dense.weight]
77.1s 714 Loading weights:  87%|████████▋ | 346/396 [00:00<00:00, 2829.73it/s, Materializing param=bert.encoder.layer.21.attention.self.key.bias]
77.1s 715 Loading weights:  87%|████████▋ | 346/396 [00:00<00:00, 2829.73it/s, Materializing param=bert.encoder.layer.21.attention.self.key.bias]
77.1s 716 Loading weights:  88%|████████▊ | 347/396 [00:00<00:00, 2829.73it/s, Materializing param=bert.encoder.layer.21.attention.self.key.weight]
77.1s 717 Loading weights:  88%|████████▊ | 347/396 [00:00<00:00, 2829.73it/s, Materializing param=bert.encoder.layer.21.attention.self.key.weight]
77.1s 718 Loading weights:  88%|████████▊ | 348/396 [00:00<00:00, 2829.73it/s, Materializing param=bert.encoder.layer.21.attention.self.query.bias]
77.1s 719 Loading weights:  88%|████████▊ | 348/396 [00:00<00:00, 2829.73it/s, Materializing param=bert.encoder.layer.21.attention.self.query.bias]
77.1s 720 Loading weights:  88%|████████▊ | 349/396 [00:00<00:00, 2829.73it/s, Materializing param=bert.encoder.layer.21.attention.self.query.weight]
77.1s 721 Loading weights:  88%|████████▊ | 349/396 [00:00<00:00, 2829.73it/s, Materializing param=bert.encoder.layer.21.attention.self.query.weight]
77.1s 722 Loading weights:  88%|████████▊ | 350/396 [00:00<00:00, 2829.73it/s, Materializing param=bert.encoder.layer.21.attention.self.value.bias]
77.1s 723 Loading weights:  88%|████████▊ | 350/396 [00:00<00:00, 2829.73it/s, Materializing param=bert.encoder.layer.21.attention.self.value.bias]
77.1s 724 Loading weights:  89%|████████▊ | 351/396 [00:00<00:00, 2829.73it/s, Materializing param=bert.encoder.layer.21.attention.self.value.weight]
77.1s 725 Loading weights:  89%|████████▊ | 351/396 [00:00<00:00, 2829.73it/s, Materializing param=bert.encoder.layer.21.attention.self.value.weight]
77.1s 726 Loading weights:  89%|████████▉ | 352/396 [00:00<00:00, 2829.73it/s, Materializing param=bert.encoder.layer.21.intermediate.dense.bias]
77.1s 727 Loading weights:  89%|████████▉ | 352/396 [00:00<00:00, 2829.73it/s, Materializing param=bert.encoder.layer.21.intermediate.dense.bias]
77.1s 728 Loading weights:  89%|████████▉ | 353/396 [00:00<00:00, 2829.73it/s, Materializing param=bert.encoder.layer.21.intermediate.dense.weight]
77.1s 729 Loading weights:  89%|████████▉ | 353/396 [00:00<00:00, 2829.73it/s, Materializing param=bert.encoder.layer.21.intermediate.dense.weight]
77.1s 730 Loading weights:  89%|████████▉ | 354/396 [00:00<00:00, 2829.73it/s, Materializing param=bert.encoder.layer.21.output.LayerNorm.bias]
77.1s 731 Loading weights:  89%|████████▉ | 354/396 [00:00<00:00, 2829.73it/s, Materializing param=bert.encoder.layer.21.output.LayerNorm.bias]
77.1s 732 Loading weights:  90%|████████▉ | 355/396 [00:00<00:00, 2829.73it/s, Materializing param=bert.encoder.layer.21.output.LayerNorm.weight]
77.1s 733 Loading weights:  90%|████████▉ | 355/396 [00:00<00:00, 2829.73it/s, Materializing param=bert.encoder.layer.21.output.LayerNorm.weight]
77.1s 734 Loading weights:  90%|████████▉ | 356/396 [00:00<00:00, 2829.73it/s, Materializing param=bert.encoder.layer.21.output.dense.bias]
77.1s 735 Loading weights:  90%|████████▉ | 356/396 [00:00<00:00, 2829.73it/s, Materializing param=bert.encoder.layer.21.output.dense.bias]
77.1s 736 Loading weights:  90%|█████████ | 357/396 [00:00<00:00, 2829.73it/s, Materializing param=bert.encoder.layer.21.output.dense.weight]
77.1s 737 Loading weights:  90%|█████████ | 357/396 [00:00<00:00, 2829.73it/s, Materializing param=bert.encoder.layer.21.output.dense.weight]
77.1s 738 Loading weights:  90%|█████████ | 358/396 [00:00<00:00, 2829.73it/s, Materializing param=bert.encoder.layer.22.attention.output.LayerNorm.bias]
77.1s 739 Loading weights:  90%|█████████ | 358/396 [00:00<00:00, 2829.73it/s, Materializing param=bert.encoder.layer.22.attention.output.LayerNorm.bias]
77.1s 740 Loading weights:  91%|█████████ | 359/396 [00:00<00:00, 2829.73it/s, Materializing param=bert.encoder.layer.22.attention.output.LayerNorm.weight]
77.1s 741 Loading weights:  91%|█████████ | 359/396 [00:00<00:00, 2829.73it/s, Materializing param=bert.encoder.layer.22.attention.output.LayerNorm.weight]
77.1s 742 Loading weights:  91%|█████████ | 360/396 [00:00<00:00, 2829.73it/s, Materializing param=bert.encoder.layer.22.attention.output.dense.bias]
77.1s 743 Loading weights:  91%|█████████ | 360/396 [00:00<00:00, 2829.73it/s, Materializing param=bert.encoder.layer.22.attention.output.dense.bias]
77.1s 744 Loading weights:  91%|█████████ | 361/396 [00:00<00:00, 2829.73it/s, Materializing param=bert.encoder.layer.22.attention.output.dense.weight]
77.1s 745 Loading weights:  91%|█████████ | 361/396 [00:00<00:00, 2829.73it/s, Materializing param=bert.encoder.layer.22.attention.output.dense.weight]
77.1s 746 Loading weights:  91%|█████████▏| 362/396 [00:00<00:00, 2829.73it/s, Materializing param=bert.encoder.layer.22.attention.self.key.bias]
77.1s 747 Loading weights:  91%|█████████▏| 362/396 [00:00<00:00, 2829.73it/s, Materializing param=bert.encoder.layer.22.attention.self.key.bias]
77.1s 748 Loading weights:  92%|█████████▏| 363/396 [00:00<00:00, 2829.73it/s, Materializing param=bert.encoder.layer.22.attention.self.key.weight]
77.1s 749 Loading weights:  92%|█████████▏| 363/396 [00:00<00:00, 2829.73it/s, Materializing param=bert.encoder.layer.22.attention.self.key.weight]
77.1s 750 Loading weights:  92%|█████████▏| 364/396 [00:00<00:00, 2829.73it/s, Materializing param=bert.encoder.layer.22.attention.self.query.bias]
77.1s 751 Loading weights:  92%|█████████▏| 364/396 [00:00<00:00, 2829.73it/s, Materializing param=bert.encoder.layer.22.attention.self.query.bias]
77.1s 752 Loading weights:  92%|█████████▏| 365/396 [00:00<00:00, 2829.73it/s, Materializing param=bert.encoder.layer.22.attention.self.query.weight]
77.1s 753 Loading weights:  92%|█████████▏| 365/396 [00:00<00:00, 2829.73it/s, Materializing param=bert.encoder.layer.22.attention.self.query.weight]
77.1s 754 Loading weights:  92%|█████████▏| 366/396 [00:00<00:00, 2829.73it/s, Materializing param=bert.encoder.layer.22.attention.self.value.bias]
77.1s 755 Loading weights:  92%|█████████▏| 366/396 [00:00<00:00, 2829.73it/s, Materializing param=bert.encoder.layer.22.attention.self.value.bias]
77.1s 756 Loading weights:  93%|█████████▎| 367/396 [00:00<00:00, 2829.73it/s, Materializing param=bert.encoder.layer.22.attention.self.value.weight]
77.1s 757 Loading weights:  93%|█████████▎| 367/396 [00:00<00:00, 2829.73it/s, Materializing param=bert.encoder.layer.22.attention.self.value.weight]
77.1s 758 Loading weights:  93%|█████████▎| 368/396 [00:00<00:00, 2829.73it/s, Materializing param=bert.encoder.layer.22.intermediate.dense.bias]
77.1s 759 Loading weights:  93%|█████████▎| 368/396 [00:00<00:00, 2829.73it/s, Materializing param=bert.encoder.layer.22.intermediate.dense.bias]
77.1s 760 Loading weights:  93%|█████████▎| 369/396 [00:00<00:00, 2829.73it/s, Materializing param=bert.encoder.layer.22.intermediate.dense.weight]
77.1s 761 Loading weights:  93%|█████████▎| 369/396 [00:00<00:00, 2829.73it/s, Materializing param=bert.encoder.layer.22.intermediate.dense.weight]
77.1s 762 Loading weights:  93%|█████████▎| 370/396 [00:00<00:00, 2829.73it/s, Materializing param=bert.encoder.layer.22.output.LayerNorm.bias]
77.1s 763 Loading weights:  93%|█████████▎| 370/396 [00:00<00:00, 2829.73it/s, Materializing param=bert.encoder.layer.22.output.LayerNorm.bias]
77.1s 764 Loading weights:  94%|█████████▎| 371/396 [00:00<00:00, 2829.73it/s, Materializing param=bert.encoder.layer.22.output.LayerNorm.weight]
77.1s 765 Loading weights:  94%|█████████▎| 371/396 [00:00<00:00, 2829.73it/s, Materializing param=bert.encoder.layer.22.output.LayerNorm.weight]
77.1s 766 Loading weights:  94%|█████████▍| 372/396 [00:00<00:00, 2829.73it/s, Materializing param=bert.encoder.layer.22.output.dense.bias]
77.1s 767 Loading weights:  94%|█████████▍| 372/396 [00:00<00:00, 2829.73it/s, Materializing param=bert.encoder.layer.22.output.dense.bias]
77.1s 768 Loading weights:  94%|█████████▍| 373/396 [00:00<00:00, 2829.73it/s, Materializing param=bert.encoder.layer.22.output.dense.weight]
77.1s 769 Loading weights:  94%|█████████▍| 373/396 [00:00<00:00, 2829.73it/s, Materializing param=bert.encoder.layer.22.output.dense.weight]
77.1s 770 Loading weights:  94%|█████████▍| 374/396 [00:00<00:00, 2829.73it/s, Materializing param=bert.encoder.layer.23.attention.output.LayerNorm.bias]
77.1s 771 Loading weights:  94%|█████████▍| 374/396 [00:00<00:00, 2829.73it/s, Materializing param=bert.encoder.layer.23.attention.output.LayerNorm.bias]
77.1s 772 Loading weights:  95%|█████████▍| 375/396 [00:00<00:00, 2829.73it/s, Materializing param=bert.encoder.layer.23.attention.output.LayerNorm.weight]
77.1s 773 Loading weights:  95%|█████████▍| 375/396 [00:00<00:00, 2829.73it/s, Materializing param=bert.encoder.layer.23.attention.output.LayerNorm.weight]
77.1s 774 Loading weights:  95%|█████████▍| 376/396 [00:00<00:00, 2829.73it/s, Materializing param=bert.encoder.layer.23.attention.output.dense.bias]
77.1s 775 Loading weights:  95%|█████████▍| 376/396 [00:00<00:00, 2829.73it/s, Materializing param=bert.encoder.layer.23.attention.output.dense.bias]
77.1s 776 Loading weights:  95%|█████████▌| 377/396 [00:00<00:00, 2829.73it/s, Materializing param=bert.encoder.layer.23.attention.output.dense.weight]
77.1s 777 Loading weights:  95%|█████████▌| 377/396 [00:00<00:00, 2829.73it/s, Materializing param=bert.encoder.layer.23.attention.output.dense.weight]
77.1s 778 Loading weights:  95%|█████████▌| 378/396 [00:00<00:00, 2829.73it/s, Materializing param=bert.encoder.layer.23.attention.self.key.bias]
77.1s 779 Loading weights:  95%|█████████▌| 378/396 [00:00<00:00, 2829.73it/s, Materializing param=bert.encoder.layer.23.attention.self.key.bias]
77.1s 780 Loading weights:  96%|█████████▌| 379/396 [00:00<00:00, 2829.73it/s, Materializing param=bert.encoder.layer.23.attention.self.key.weight]
77.1s 781 Loading weights:  96%|█████████▌| 379/396 [00:00<00:00, 2829.73it/s, Materializing param=bert.encoder.layer.23.attention.self.key.weight]
77.1s 782 Loading weights:  96%|█████████▌| 380/396 [00:00<00:00, 2829.73it/s, Materializing param=bert.encoder.layer.23.attention.self.query.bias]
77.1s 783 Loading weights:  96%|█████████▌| 380/396 [00:00<00:00, 2829.73it/s, Materializing param=bert.encoder.layer.23.attention.self.query.bias]
77.1s 784 Loading weights:  96%|█████████▌| 381/396 [00:00<00:00, 2829.73it/s, Materializing param=bert.encoder.layer.23.attention.self.query.weight]
77.1s 785 Loading weights:  96%|█████████▌| 381/396 [00:00<00:00, 2829.73it/s, Materializing param=bert.encoder.layer.23.attention.self.query.weight]
77.1s 786 Loading weights:  96%|█████████▋| 382/396 [00:00<00:00, 2829.73it/s, Materializing param=bert.encoder.layer.23.attention.self.value.bias]
77.1s 787 Loading weights:  96%|█████████▋| 382/396 [00:00<00:00, 2829.73it/s, Materializing param=bert.encoder.layer.23.attention.self.value.bias]
77.1s 788 Loading weights:  97%|█████████▋| 383/396 [00:00<00:00, 2829.73it/s, Materializing param=bert.encoder.layer.23.attention.self.value.weight]
77.1s 789 Loading weights:  97%|█████████▋| 383/396 [00:00<00:00, 2829.73it/s, Materializing param=bert.encoder.layer.23.attention.self.value.weight]
77.1s 790 Loading weights:  97%|█████████▋| 384/396 [00:00<00:00, 2829.73it/s, Materializing param=bert.encoder.layer.23.intermediate.dense.bias]
77.1s 791 Loading weights:  97%|█████████▋| 384/396 [00:00<00:00, 2829.73it/s, Materializing param=bert.encoder.layer.23.intermediate.dense.bias]
77.1s 792 Loading weights:  97%|█████████▋| 385/396 [00:00<00:00, 2829.73it/s, Materializing param=bert.encoder.layer.23.intermediate.dense.weight]
77.1s 793 Loading weights:  97%|█████████▋| 385/396 [00:00<00:00, 2829.73it/s, Materializing param=bert.encoder.layer.23.intermediate.dense.weight]
77.1s 794 Loading weights:  97%|█████████▋| 386/396 [00:00<00:00, 2829.73it/s, Materializing param=bert.encoder.layer.23.output.LayerNorm.bias]
77.1s 795 Loading weights:  97%|█████████▋| 386/396 [00:00<00:00, 2829.73it/s, Materializing param=bert.encoder.layer.23.output.LayerNorm.bias]
77.1s 796 Loading weights:  98%|█████████▊| 387/396 [00:00<00:00, 2829.73it/s, Materializing param=bert.encoder.layer.23.output.LayerNorm.weight]
77.1s 797 Loading weights:  98%|█████████▊| 387/396 [00:00<00:00, 2829.73it/s, Materializing param=bert.encoder.layer.23.output.LayerNorm.weight]
77.1s 798 Loading weights:  98%|█████████▊| 388/396 [00:00<00:00, 2829.73it/s, Materializing param=bert.encoder.layer.23.output.dense.bias]
77.1s 799 Loading weights:  98%|█████████▊| 388/396 [00:00<00:00, 2829.73it/s, Materializing param=bert.encoder.layer.23.output.dense.bias]
77.1s 800 Loading weights:  98%|█████████▊| 389/396 [00:00<00:00, 2829.73it/s, Materializing param=bert.encoder.layer.23.output.dense.weight]
77.1s 801 Loading weights:  98%|█████████▊| 389/396 [00:00<00:00, 2829.73it/s, Materializing param=bert.encoder.layer.23.output.dense.weight]
77.1s 802 Loading weights:  98%|█████████▊| 390/396 [00:00<00:00, 2829.73it/s, Materializing param=cls.predictions.bias]
77.1s 803 Loading weights:  98%|█████████▊| 390/396 [00:00<00:00, 2829.73it/s, Materializing param=cls.predictions.bias]
77.1s 804 Loading weights:  99%|█████████▊| 391/396 [00:00<00:00, 2829.73it/s, Materializing param=cls.predictions.decoder.bias]
77.1s 805 Loading weights:  99%|█████████▊| 391/396 [00:00<00:00, 2829.73it/s, Materializing param=cls.predictions.decoder.bias]
77.1s 806 Loading weights:  99%|█████████▉| 392/396 [00:00<00:00, 2829.73it/s, Materializing param=cls.predictions.decoder.weight]
77.1s 807 Loading weights:  99%|█████████▉| 392/396 [00:00<00:00, 2829.73it/s, Materializing param=cls.predictions.decoder.weight]
77.1s 808 Loading weights:  99%|█████████▉| 393/396 [00:00<00:00, 2829.73it/s, Materializing param=cls.predictions.transform.LayerNorm.bias]
77.1s 809 Loading weights:  99%|█████████▉| 393/396 [00:00<00:00, 2829.73it/s, Materializing param=cls.predictions.transform.LayerNorm.bias]
77.1s 810 Loading weights:  99%|█████████▉| 394/396 [00:00<00:00, 2829.73it/s, Materializing param=cls.predictions.transform.LayerNorm.weight]
77.1s 811 Loading weights:  99%|█████████▉| 394/396 [00:00<00:00, 2829.73it/s, Materializing param=cls.predictions.transform.LayerNorm.weight]
77.1s 812 Loading weights: 100%|█████████▉| 395/396 [00:00<00:00, 2829.73it/s, Materializing param=cls.predictions.transform.dense.bias]
77.1s 813 Loading weights: 100%|█████████▉| 395/396 [00:00<00:00, 2829.73it/s, Materializing param=cls.predictions.transform.dense.bias]
77.1s 814 Loading weights: 100%|██████████| 396/396 [00:00<00:00, 2829.73it/s, Materializing param=cls.predictions.transform.dense.weight]
77.1s 815 Loading weights: 100%|██████████| 396/396 [00:00<00:00, 2829.73it/s, Materializing param=cls.predictions.transform.dense.weight]
77.1s 816 Loading weights: 100%|██████████| 396/396 [00:00<00:00, 2832.10it/s, Materializing param=cls.predictions.transform.dense.weight]
77.1s 817 The tied weights mapping and config for this model specifies to tie bert.embeddings.word_embeddings.weight to cls.predictions.decoder.weight, but both are present in the checkpoints, so we will NOT tie them. You should update the config with `tie_word_embeddings=False` to silence this warning
77.1s 818 The tied weights mapping and config for this model specifies to tie cls.predictions.bias to cls.predictions.decoder.bias, but both are present in the checkpoints, so we will NOT tie them. You should update the config with `tie_word_embeddings=False` to silence this warning
77.1s 819 BertForMaskedLM LOAD REPORT from: google/muril-large-cased
77.1s 820 Key                          | Status     |  |
77.1s 821 -----------------------------+------------+--+-
77.1s 822 bert.pooler.dense.weight     | UNEXPECTED |  |
77.1s 823 cls.seq_relationship.bias    | UNEXPECTED |  |
77.1s 824 bert.pooler.dense.bias       | UNEXPECTED |  |
77.1s 825 cls.seq_relationship.weight  | UNEXPECTED |  |
77.1s 826 bert.embeddings.position_ids | UNEXPECTED |  |
77.1s 827 
77.1s 828 Notes:
77.1s 829 - UNEXPECTED	:can be ignored when loading from different task/architecture; not ok if you expect identical arch.
88.5s 830 MLM trains on 6406 of 6406 comments, 0 held out for perplexity
88.5s 831 effective batch 2 x 8 = 16, 401 optimizer steps/epoch
1011.6s 832 epoch 1/8 train loss nan
1925.8s 833 epoch 2/8 train loss nan
2839.4s 834 epoch 3/8 train loss nan
3747.9s 835 epoch 4/8 train loss nan
4656.9s 836 epoch 5/8 train loss nan
5559.1s 837 epoch 6/8 train loss nan
6465.9s 838 epoch 7/8 train loss nan
7378.0s 839 epoch 8/8 train loss nan
7378.0s 840 
7384.4s 841 Writing model shards:   0%|          | 0/1 [00:00<?, ?it/s]
7384.4s 842 Writing model shards: 100%|██████████| 1/1 [00:06<00:00,  6.39s/it]
7384.4s 843 Writing model shards: 100%|██████████| 1/1 [00:06<00:00,  6.39s/it]
7384.4s 844 The OrderedVocab you are attempting to save contains holes for indices [202, 437, 1046, 1057, 1118, 1135, 1150, 1162, 1318, 1445, 1473, 1610, 1626, 1775, 3517, 3643, 4513, 5830, 7834, 12787, 13244, 19712, 25184, 27726, 28024, 31739, 65274], your vocabulary could be corrupted!
7384.4s 845 
7384.4s 846 wrote /kaggle/working/hastika/artifacts/runs/tapt-muril-large-oof
7384.4s 847 use it with:  python -m hastika.task_b.train --model artifacts/runs/tapt-muril-large-oof --tag muril_b_tapt
7387.7s 848 large OOF TAPT checkpoint ready: artifacts/runs/tapt-muril-large-oof
7387.8s 849 $ /usr/bin/python3 -u -m hastika.task_b.train --tag b_muril_large_oof --model artifacts/runs/tapt-muril-large-oof --folds 5 --no-dedupe --reinit-layers 1 --rdrop 0.5 --no-fgm --lr 1e-5 --bs 4 --grad-accum 4 --eval-bs 16 --aux-weight 0 --seeds 42 --epochs 6
7398.1s 850 device=cuda (Tesla T4) model=artifacts/runs/tapt-muril-large-oof pooling=meanmax fgm=False ema=True reinit=1 class_weight=balanced loss=ce tags=False seeds=[42]
7398.8s 851 class weights: {'Gender': np.float64(0.387), 'Geo-political': np.float64(2.831), 'Others': np.float64(1.173), 'Political': np.float64(0.942), 'Religion': np.float64(1.378), 'Violence': np.float64(2.382)}
7399.7s 852 ===== seed 42 fold 1/5 =====
7400.1s 853 
7400.1s 854 Loading weights:   0%|          | 0/389 [00:00<?, ?it/s]
7400.1s 855 Loading weights:   0%|          | 1/389 [00:00<00:00, 12018.06it/s, Materializing param=embeddings.LayerNorm.bias]
7400.1s 856 Loading weights:   0%|          | 1/389 [00:00<00:00, 4660.34it/s, Materializing param=embeddings.LayerNorm.bias]
7400.1s 857 Loading weights:   1%|          | 2/389 [00:00<00:00, 3960.63it/s, Materializing param=embeddings.LayerNorm.weight]
7400.1s 858 Loading weights:   1%|          | 2/389 [00:00<00:00, 1899.16it/s, Materializing param=embeddings.LayerNorm.weight]
7400.1s 859 Loading weights:   1%|          | 3/389 [00:00<00:00, 2233.79it/s, Materializing param=embeddings.position_embeddings.weight]
7400.1s 860 Loading weights:   1%|          | 3/389 [00:00<00:00, 1844.73it/s, Materializing param=embeddings.position_embeddings.weight]
7400.1s 861 Loading weights:   1%|          | 4/389 [00:00<00:00, 2080.25it/s, Materializing param=embeddings.token_type_embeddings.weight]
7400.1s 862 Loading weights:   1%|          | 4/389 [00:00<00:00, 1979.85it/s, Materializing param=embeddings.token_type_embeddings.weight]
7400.1s 863 Loading weights:   1%|▏         | 5/389 [00:00<00:00, 1868.45it/s, Materializing param=embeddings.word_embeddings.weight]
7400.1s 864 Loading weights:   1%|▏         | 5/389 [00:00<00:00, 1809.14it/s, Materializing param=embeddings.word_embeddings.weight]
7400.1s 865 Loading weights:   2%|▏         | 6/389 [00:00<00:00, 1960.57it/s, Materializing param=encoder.layer.0.attention.output.LayerNorm.bias]
7400.1s 866 Loading weights:   2%|▏         | 6/389 [00:00<00:00, 1903.62it/s, Materializing param=encoder.layer.0.attention.output.LayerNorm.bias]
7400.1s 867 Loading weights:   2%|▏         | 7/389 [00:00<00:00, 1882.66it/s, Materializing param=encoder.layer.0.attention.output.LayerNorm.weight]
7400.1s 868 Loading weights:   2%|▏         | 7/389 [00:00<00:00, 1349.77it/s, Materializing param=encoder.layer.0.attention.output.LayerNorm.weight]
7400.1s 869 Loading weights:   2%|▏         | 8/389 [00:00<00:00, 1256.11it/s, Materializing param=encoder.layer.0.attention.output.dense.bias]
7400.1s 870 Loading weights:   2%|▏         | 8/389 [00:00<00:00, 1232.58it/s, Materializing param=encoder.layer.0.attention.output.dense.bias]
7400.1s 871 Loading weights:   2%|▏         | 9/389 [00:00<00:00, 1328.85it/s, Materializing param=encoder.layer.0.attention.output.dense.weight]
7400.1s 872 Loading weights:   2%|▏         | 9/389 [00:00<00:00, 1311.04it/s, Materializing param=encoder.layer.0.attention.output.dense.weight]
7400.1s 873 Loading weights:   3%|▎         | 10/389 [00:00<00:00, 1410.61it/s, Materializing param=encoder.layer.0.attention.self.key.bias]
7400.1s 874 Loading weights:   3%|▎         | 10/389 [00:00<00:00, 1395.31it/s, Materializing param=encoder.layer.0.attention.self.key.bias]
7400.1s 875 Loading weights:   3%|▎         | 11/389 [00:00<00:00, 1462.59it/s, Materializing param=encoder.layer.0.attention.self.key.weight]
7400.1s 876 Loading weights:   3%|▎         | 11/389 [00:00<00:00, 1405.85it/s, Materializing param=encoder.layer.0.attention.self.key.weight]
7400.1s 877 Loading weights:   3%|▎         | 12/389 [00:00<00:00, 1472.93it/s, Materializing param=encoder.layer.0.attention.self.query.bias]
7400.1s 878 Loading weights:   3%|▎         | 12/389 [00:00<00:00, 1349.99it/s, Materializing param=encoder.layer.0.attention.self.query.bias]
7400.1s 879 Loading weights:   3%|▎         | 13/389 [00:00<00:00, 1406.83it/s, Materializing param=encoder.layer.0.attention.self.query.weight]
7400.1s 880 Loading weights:   3%|▎         | 13/389 [00:00<00:00, 1388.74it/s, Materializing param=encoder.layer.0.attention.self.query.weight]
7400.1s 881 Loading weights:   4%|▎         | 14/389 [00:00<00:00, 1442.47it/s, Materializing param=encoder.layer.0.attention.self.value.bias]
7400.1s 882 Loading weights:   4%|▎         | 14/389 [00:00<00:00, 1426.67it/s, Materializing param=encoder.layer.0.attention.self.value.bias]
7400.1s 883 Loading weights:   4%|▍         | 15/389 [00:00<00:00, 1486.15it/s, Materializing param=encoder.layer.0.attention.self.value.weight]
7400.1s 884 Loading weights:   4%|▍         | 15/389 [00:00<00:00, 1474.13it/s, Materializing param=encoder.layer.0.attention.self.value.weight]
7400.1s 885 Loading weights:   4%|▍         | 16/389 [00:00<00:00, 1532.24it/s, Materializing param=encoder.layer.0.intermediate.dense.bias]
7400.1s 886 Loading weights:   4%|▍         | 16/389 [00:00<00:00, 1517.37it/s, Materializing param=encoder.layer.0.intermediate.dense.bias]
7400.1s 887 Loading weights:   4%|▍         | 17/389 [00:00<00:00, 1473.48it/s, Materializing param=encoder.layer.0.intermediate.dense.weight]
7400.1s 888 Loading weights:   4%|▍         | 17/389 [00:00<00:00, 1397.85it/s, Materializing param=encoder.layer.0.intermediate.dense.weight]
7400.1s 889 Loading weights:   5%|▍         | 18/389 [00:00<00:00, 1281.20it/s, Materializing param=encoder.layer.0.output.LayerNorm.bias]
7400.1s 890 Loading weights:   5%|▍         | 18/389 [00:00<00:00, 1271.13it/s, Materializing param=encoder.layer.0.output.LayerNorm.bias]
7400.1s 891 Loading weights:   5%|▍         | 19/389 [00:00<00:00, 1243.16it/s, Materializing param=encoder.layer.0.output.LayerNorm.weight]
7400.1s 892 Loading weights:   5%|▍         | 19/389 [00:00<00:00, 1232.19it/s, Materializing param=encoder.layer.0.output.LayerNorm.weight]
7400.1s 893 Loading weights:   5%|▌         | 20/389 [00:00<00:00, 1275.02it/s, Materializing param=encoder.layer.0.output.dense.bias]
7400.1s 894 Loading weights:   5%|▌         | 20/389 [00:00<00:00, 1267.07it/s, Materializing param=encoder.layer.0.output.dense.bias]
7400.1s 895 Loading weights:   5%|▌         | 21/389 [00:00<00:00, 1245.82it/s, Materializing param=encoder.layer.0.output.dense.weight]
7400.1s 896 Loading weights:   5%|▌         | 21/389 [00:00<00:00, 1238.98it/s, Materializing param=encoder.layer.0.output.dense.weight]
7400.1s 897 Loading weights:   6%|▌         | 22/389 [00:00<00:00, 1242.32it/s, Materializing param=encoder.layer.1.attention.output.LayerNorm.bias]
7400.1s 898 Loading weights:   6%|▌         | 22/389 [00:00<00:00, 1235.39it/s, Materializing param=encoder.layer.1.attention.output.LayerNorm.bias]
7400.1s 899 Loading weights:   6%|▌         | 23/389 [00:00<00:00, 1221.23it/s, Materializing param=encoder.layer.1.attention.output.LayerNorm.weight]
7400.1s 900 Loading weights:   6%|▌         | 23/389 [00:00<00:00, 1193.47it/s, Materializing param=encoder.layer.1.attention.output.LayerNorm.weight]
7400.1s 901 Loading weights:   6%|▌         | 24/389 [00:00<00:00, 1226.26it/s, Materializing param=encoder.layer.1.attention.output.dense.bias]
7400.1s 902 Loading weights:   6%|▌         | 24/389 [00:00<00:00, 1178.13it/s, Materializing param=encoder.layer.1.attention.output.dense.bias]
7400.1s 903 Loading weights:   6%|▋         | 25/389 [00:00<00:00, 1202.74it/s, Materializing param=encoder.layer.1.attention.output.dense.weight]
7400.1s 904 Loading weights:   6%|▋         | 25/389 [00:00<00:00, 1195.89it/s, Materializing param=encoder.layer.1.attention.output.dense.weight]
7400.1s 905 Loading weights:   7%|▋         | 26/389 [00:00<00:00, 1214.05it/s, Materializing param=encoder.layer.1.attention.self.key.bias]
7400.1s 906 Loading weights:   7%|▋         | 26/389 [00:00<00:00, 1207.10it/s, Materializing param=encoder.layer.1.attention.self.key.bias]
7400.1s 907 Loading weights:   7%|▋         | 27/389 [00:00<00:00, 1237.65it/s, Materializing param=encoder.layer.1.attention.self.key.weight]
7400.1s 908 Loading weights:   7%|▋         | 27/389 [00:00<00:00, 1233.04it/s, Materializing param=encoder.layer.1.attention.self.key.weight]
7400.1s 909 Loading weights:   7%|▋         | 28/389 [00:00<00:00, 1239.90it/s, Materializing param=encoder.layer.1.attention.self.query.bias]
7400.1s 910 Loading weights:   7%|▋         | 28/389 [00:00<00:00, 1235.24it/s, Materializing param=encoder.layer.1.attention.self.query.bias]
7400.1s 911 Loading weights:   7%|▋         | 29/389 [00:00<00:00, 1265.21it/s, Materializing param=encoder.layer.1.attention.self.query.weight]
7400.1s 912 Loading weights:   7%|▋         | 29/389 [00:00<00:00, 1257.90it/s, Materializing param=encoder.layer.1.attention.self.query.weight]
7400.1s 913 Loading weights:   8%|▊         | 30/389 [00:00<00:00, 1266.01it/s, Materializing param=encoder.layer.1.attention.self.value.bias]
7400.1s 914 Loading weights:   8%|▊         | 30/389 [00:00<00:00, 1259.55it/s, Materializing param=encoder.layer.1.attention.self.value.bias]
7400.1s 915 Loading weights:   8%|▊         | 31/389 [00:00<00:00, 1288.85it/s, Materializing param=encoder.layer.1.attention.self.value.weight]
7400.1s 916 Loading weights:   8%|▊         | 31/389 [00:00<00:00, 1283.67it/s, Materializing param=encoder.layer.1.attention.self.value.weight]
7400.1s 917 Loading weights:   8%|▊         | 32/389 [00:00<00:00, 1254.99it/s, Materializing param=encoder.layer.1.intermediate.dense.bias]
7400.1s 918 Loading weights:   8%|▊         | 32/389 [00:00<00:00, 1249.46it/s, Materializing param=encoder.layer.1.intermediate.dense.bias]
7400.1s 919 Loading weights:   8%|▊         | 33/389 [00:00<00:00, 1258.31it/s, Materializing param=encoder.layer.1.intermediate.dense.weight]
7400.1s 920 Loading weights:   8%|▊         | 33/389 [00:00<00:00, 1233.57it/s, Materializing param=encoder.layer.1.intermediate.dense.weight]
7400.1s 921 Loading weights:   9%|▊         | 34/389 [00:00<00:00, 1191.55it/s, Materializing param=encoder.layer.1.output.LayerNorm.bias]
7400.1s 922 Loading weights:   9%|▊         | 34/389 [00:00<00:00, 1186.58it/s, Materializing param=encoder.layer.1.output.LayerNorm.bias]
7400.1s 923 Loading weights:   9%|▉         | 35/389 [00:00<00:00, 1201.06it/s, Materializing param=encoder.layer.1.output.LayerNorm.weight]
7400.1s 924 Loading weights:   9%|▉         | 35/389 [00:00<00:00, 1192.57it/s, Materializing param=encoder.layer.1.output.LayerNorm.weight]
7400.1s 925 Loading weights:   9%|▉         | 36/389 [00:00<00:00, 1213.03it/s, Materializing param=encoder.layer.1.output.dense.bias]
7400.1s 926 Loading weights:   9%|▉         | 36/389 [00:00<00:00, 1209.05it/s, Materializing param=encoder.layer.1.output.dense.bias]
7400.1s 927 Loading weights:  10%|▉         | 37/389 [00:00<00:00, 1215.92it/s, Materializing param=encoder.layer.1.output.dense.weight]
7400.1s 928 Loading weights:  10%|▉         | 37/389 [00:00<00:00, 1210.91it/s, Materializing param=encoder.layer.1.output.dense.weight]
7400.1s 929 Loading weights:  10%|▉         | 38/389 [00:00<00:00, 1233.27it/s, Materializing param=encoder.layer.2.attention.output.LayerNorm.bias]
7400.1s 930 Loading weights:  10%|▉         | 38/389 [00:00<00:00, 1229.27it/s, Materializing param=encoder.layer.2.attention.output.LayerNorm.bias]
7400.1s 931 Loading weights:  10%|█         | 39/389 [00:00<00:00, 1252.17it/s, Materializing param=encoder.layer.2.attention.output.LayerNorm.weight]
7400.1s 932 Loading weights:  10%|█         | 39/389 [00:00<00:00, 1249.01it/s, Materializing param=encoder.layer.2.attention.output.LayerNorm.weight]
7400.1s 933 Loading weights:  10%|█         | 40/389 [00:00<00:00, 1250.35it/s, Materializing param=encoder.layer.2.attention.output.dense.bias]
7400.1s 934 Loading weights:  10%|█         | 40/389 [00:00<00:00, 1246.25it/s, Materializing param=encoder.layer.2.attention.output.dense.bias]
7400.1s 935 Loading weights:  11%|█         | 41/389 [00:00<00:00, 1267.42it/s, Materializing param=encoder.layer.2.attention.output.dense.weight]
7400.1s 936 Loading weights:  11%|█         | 41/389 [00:00<00:00, 1263.67it/s, Materializing param=encoder.layer.2.attention.output.dense.weight]
7400.1s 937 Loading weights:  11%|█         | 42/389 [00:00<00:00, 1271.38it/s, Materializing param=encoder.layer.2.attention.self.key.bias]
7400.1s 938 Loading weights:  11%|█         | 42/389 [00:00<00:00, 1266.51it/s, Materializing param=encoder.layer.2.attention.self.key.bias]
7400.1s 939 Loading weights:  11%|█         | 43/389 [00:00<00:00, 1270.64it/s, Materializing param=encoder.layer.2.attention.self.key.weight]
7400.1s 940 Loading weights:  11%|█         | 43/389 [00:00<00:00, 1265.83it/s, Materializing param=encoder.layer.2.attention.self.key.weight]
7400.1s 941 Loading weights:  11%|█▏        | 44/389 [00:00<00:00, 1276.20it/s, Materializing param=encoder.layer.2.attention.self.query.bias]
7400.1s 942 Loading weights:  11%|█▏        | 44/389 [00:00<00:00, 1272.13it/s, Materializing param=encoder.layer.2.attention.self.query.bias]
7400.1s 943 Loading weights:  12%|█▏        | 45/389 [00:00<00:00, 1290.19it/s, Materializing param=encoder.layer.2.attention.self.query.weight]
7400.1s 944 Loading weights:  12%|█▏        | 45/389 [00:00<00:00, 1286.38it/s, Materializing param=encoder.layer.2.attention.self.query.weight]
7400.1s 945 Loading weights:  12%|█▏        | 46/389 [00:00<00:00, 1294.17it/s, Materializing param=encoder.layer.2.attention.self.value.bias]
7400.1s 946 Loading weights:  12%|█▏        | 46/389 [00:00<00:00, 1274.58it/s, Materializing param=encoder.layer.2.attention.self.value.bias]
7400.1s 947 Loading weights:  12%|█▏        | 47/389 [00:00<00:00, 1292.04it/s, Materializing param=encoder.layer.2.attention.self.value.weight]
7400.1s 948 Loading weights:  12%|█▏        | 47/389 [00:00<00:00, 1288.45it/s, Materializing param=encoder.layer.2.attention.self.value.weight]
7400.1s 949 Loading weights:  12%|█▏        | 48/389 [00:00<00:00, 1292.44it/s, Materializing param=encoder.layer.2.intermediate.dense.bias]
7400.1s 950 Loading weights:  12%|█▏        | 48/389 [00:00<00:00, 1288.80it/s, Materializing param=encoder.layer.2.intermediate.dense.bias]
7400.1s 951 Loading weights:  13%|█▎        | 49/389 [00:00<00:00, 1307.28it/s, Materializing param=encoder.layer.2.intermediate.dense.weight]
7400.1s 952 Loading weights:  13%|█▎        | 49/389 [00:00<00:00, 1303.97it/s, Materializing param=encoder.layer.2.intermediate.dense.weight]
7400.1s 953 Loading weights:  13%|█▎        | 50/389 [00:00<00:00, 1294.91it/s, Materializing param=encoder.layer.2.output.LayerNorm.bias]
7400.1s 954 Loading weights:  13%|█▎        | 50/389 [00:00<00:00, 1291.16it/s, Materializing param=encoder.layer.2.output.LayerNorm.bias]
7400.1s 955 Loading weights:  13%|█▎        | 51/389 [00:00<00:00, 1292.75it/s, Materializing param=encoder.layer.2.output.LayerNorm.weight]
7400.1s 956 Loading weights:  13%|█▎        | 51/389 [00:00<00:00, 1289.23it/s, Materializing param=encoder.layer.2.output.LayerNorm.weight]
7400.1s 957 Loading weights:  13%|█▎        | 52/389 [00:00<00:00, 1306.13it/s, Materializing param=encoder.layer.2.output.dense.bias]
7400.1s 958 Loading weights:  13%|█▎        | 52/389 [00:00<00:00, 1302.49it/s, Materializing param=encoder.layer.2.output.dense.bias]
7400.1s 959 Loading weights:  14%|█▎        | 53/389 [00:00<00:00, 1297.53it/s, Materializing param=encoder.layer.2.output.dense.weight]
7400.1s 960 Loading weights:  14%|█▎        | 53/389 [00:00<00:00, 1293.93it/s, Materializing param=encoder.layer.2.output.dense.weight]
7400.1s 961 Loading weights:  14%|█▍        | 54/389 [00:00<00:00, 1305.80it/s, Materializing param=encoder.layer.3.attention.output.LayerNorm.bias]
7400.1s 962 Loading weights:  14%|█▍        | 54/389 [00:00<00:00, 1302.00it/s, Materializing param=encoder.layer.3.attention.output.LayerNorm.bias]
7400.1s 963 Loading weights:  14%|█▍        | 55/389 [00:00<00:00, 1317.74it/s, Materializing param=encoder.layer.3.attention.output.LayerNorm.weight]
7400.1s 964 Loading weights:  14%|█▍        | 55/389 [00:00<00:00, 1314.61it/s, Materializing param=encoder.layer.3.attention.output.LayerNorm.weight]
7400.1s 965 Loading weights:  14%|█▍        | 56/389 [00:00<00:00, 1298.12it/s, Materializing param=encoder.layer.3.attention.output.dense.bias]
7400.1s 966 Loading weights:  14%|█▍        | 56/389 [00:00<00:00, 1288.28it/s, Materializing param=encoder.layer.3.attention.output.dense.bias]
7400.1s 967 Loading weights:  15%|█▍        | 57/389 [00:00<00:00, 1284.85it/s, Materializing param=encoder.layer.3.attention.output.dense.weight]
7400.1s 968 Loading weights:  15%|█▍        | 57/389 [00:00<00:00, 1280.79it/s, Materializing param=encoder.layer.3.attention.output.dense.weight]
7400.1s 969 Loading weights:  15%|█▍        | 58/389 [00:00<00:00, 1273.45it/s, Materializing param=encoder.layer.3.attention.self.key.bias]
7400.1s 970 Loading weights:  15%|█▍        | 58/389 [00:00<00:00, 1251.52it/s, Materializing param=encoder.layer.3.attention.self.key.bias]
7400.1s 971 Loading weights:  15%|█▌        | 59/389 [00:00<00:00, 1259.38it/s, Materializing param=encoder.layer.3.attention.self.key.weight]
7400.1s 972 Loading weights:  15%|█▌        | 59/389 [00:00<00:00, 1252.97it/s, Materializing param=encoder.layer.3.attention.self.key.weight]
7400.1s 973 Loading weights:  15%|█▌        | 60/389 [00:00<00:00, 1259.41it/s, Materializing param=encoder.layer.3.attention.self.query.bias]
7400.1s 974 Loading weights:  15%|█▌        | 60/389 [00:00<00:00, 1250.25it/s, Materializing param=encoder.layer.3.attention.self.query.bias]
7400.1s 975 Loading weights:  16%|█▌        | 61/389 [00:00<00:00, 1249.09it/s, Materializing param=encoder.layer.3.attention.self.query.weight]
7400.1s 976 Loading weights:  16%|█▌        | 61/389 [00:00<00:00, 1236.54it/s, Materializing param=encoder.layer.3.attention.self.query.weight]
7400.1s 977 Loading weights:  16%|█▌        | 62/389 [00:00<00:00, 1245.23it/s, Materializing param=encoder.layer.3.attention.self.value.bias]
7400.1s 978 Loading weights:  16%|█▌        | 62/389 [00:00<00:00, 1242.36it/s, Materializing param=encoder.layer.3.attention.self.value.bias]
7400.1s 979 Loading weights:  16%|█▌        | 63/389 [00:00<00:00, 1246.97it/s, Materializing param=encoder.layer.3.attention.self.value.weight]
7400.1s 980 Loading weights:  16%|█▌        | 63/389 [00:00<00:00, 1242.02it/s, Materializing param=encoder.layer.3.attention.self.value.weight]
7400.1s 981 Loading weights:  16%|█▋        | 64/389 [00:00<00:00, 1253.95it/s, Materializing param=encoder.layer.3.intermediate.dense.bias]
7400.1s 982 Loading weights:  16%|█▋        | 64/389 [00:00<00:00, 1251.41it/s, Materializing param=encoder.layer.3.intermediate.dense.bias]
7400.1s 983 Loading weights:  17%|█▋        | 65/389 [00:00<00:00, 1263.68it/s, Materializing param=encoder.layer.3.intermediate.dense.weight]
7400.1s 984 Loading weights:  17%|█▋        | 65/389 [00:00<00:00, 1261.25it/s, Materializing param=encoder.layer.3.intermediate.dense.weight]
7400.1s 985 Loading weights:  17%|█▋        | 66/389 [00:00<00:00, 1272.78it/s, Materializing param=encoder.layer.3.output.LayerNorm.bias]
7400.1s 986 Loading weights:  17%|█▋        | 66/389 [00:00<00:00, 1270.83it/s, Materializing param=encoder.layer.3.output.LayerNorm.bias]
7400.1s 987 Loading weights:  17%|█▋        | 67/389 [00:00<00:00, 1284.64it/s, Materializing param=encoder.layer.3.output.LayerNorm.weight]
7400.1s 988 Loading weights:  17%|█▋        | 67/389 [00:00<00:00, 1282.56it/s, Materializing param=encoder.layer.3.output.LayerNorm.weight]
7400.1s 989 Loading weights:  17%|█▋        | 68/389 [00:00<00:00, 1277.58it/s, Materializing param=encoder.layer.3.output.dense.bias]
7400.1s 990 Loading weights:  17%|█▋        | 68/389 [00:00<00:00, 1274.40it/s, Materializing param=encoder.layer.3.output.dense.bias]
7400.1s 991 Loading weights:  18%|█▊        | 69/389 [00:00<00:00, 1286.95it/s, Materializing param=encoder.layer.3.output.dense.weight]
7400.1s 992 Loading weights:  18%|█▊        | 69/389 [00:00<00:00, 1285.01it/s, Materializing param=encoder.layer.3.output.dense.weight]
7400.1s 993 Loading weights:  18%|█▊        | 70/389 [00:00<00:00, 1286.40it/s, Materializing param=encoder.layer.4.attention.output.LayerNorm.bias]
7400.1s 994 Loading weights:  18%|█▊        | 70/389 [00:00<00:00, 1283.22it/s, Materializing param=encoder.layer.4.attention.output.LayerNorm.bias]
7400.1s 995 Loading weights:  18%|█▊        | 71/389 [00:00<00:00, 1278.39it/s, Materializing param=encoder.layer.4.attention.output.LayerNorm.weight]
7400.1s 996 Loading weights:  18%|█▊        | 71/389 [00:00<00:00, 1274.94it/s, Materializing param=encoder.layer.4.attention.output.LayerNorm.weight]
7400.1s 997 Loading weights:  19%|█▊        | 72/389 [00:00<00:00, 1277.85it/s, Materializing param=encoder.layer.4.attention.output.dense.bias]
7400.1s 998 Loading weights:  19%|█▊        | 72/389 [00:00<00:00, 1272.42it/s, Materializing param=encoder.layer.4.attention.output.dense.bias]
7400.1s 999 Loading weights:  19%|█▉        | 73/389 [00:00<00:00, 1260.97it/s, Materializing param=encoder.layer.4.attention.output.dense.weight]
7400.1s 1000 Loading weights:  19%|█▉        | 73/389 [00:00<00:00, 1258.94it/s, Materializing param=encoder.layer.4.attention.output.dense.weight]
7400.1s 1001 Loading weights:  19%|█▉        | 74/389 [00:00<00:00, 1267.27it/s, Materializing param=encoder.layer.4.attention.self.key.bias]
7400.1s 1002 Loading weights:  19%|█▉        | 74/389 [00:00<00:00, 1264.98it/s, Materializing param=encoder.layer.4.attention.self.key.bias]
7400.1s 1003 Loading weights:  19%|█▉        | 75/389 [00:00<00:00, 1276.63it/s, Materializing param=encoder.layer.4.attention.self.key.weight]
7400.1s 1004 Loading weights:  19%|█▉        | 75/389 [00:00<00:00, 1274.52it/s, Materializing param=encoder.layer.4.attention.self.key.weight]
7400.1s 1005 Loading weights:  20%|█▉        | 76/389 [00:00<00:00, 1286.42it/s, Materializing param=encoder.layer.4.attention.self.query.bias]
7400.1s 1006 Loading weights:  20%|█▉        | 76/389 [00:00<00:00, 1284.75it/s, Materializing param=encoder.layer.4.attention.self.query.bias]
7400.1s 1007 Loading weights:  20%|█▉        | 77/389 [00:00<00:00, 1295.88it/s, Materializing param=encoder.layer.4.attention.self.query.weight]
7400.1s 1008 Loading weights:  20%|█▉        | 77/389 [00:00<00:00, 1293.68it/s, Materializing param=encoder.layer.4.attention.self.query.weight]
7400.1s 1009 Loading weights:  20%|██        | 78/389 [00:00<00:00, 1275.29it/s, Materializing param=encoder.layer.4.attention.self.value.bias]
7400.1s 1010 Loading weights:  20%|██        | 78/389 [00:00<00:00, 1272.63it/s, Materializing param=encoder.layer.4.attention.self.value.bias]
7400.1s 1011 Loading weights:  20%|██        | 79/389 [00:00<00:00, 1274.93it/s, Materializing param=encoder.layer.4.attention.self.value.weight]
7400.1s 1012 Loading weights:  20%|██        | 79/389 [00:00<00:00, 1255.74it/s, Materializing param=encoder.layer.4.attention.self.value.weight]
7400.1s 1013 Loading weights:  21%|██        | 80/389 [00:00<00:00, 1257.45it/s, Materializing param=encoder.layer.4.intermediate.dense.bias]
7400.1s 1014 Loading weights:  21%|██        | 80/389 [00:00<00:00, 1255.24it/s, Materializing param=encoder.layer.4.intermediate.dense.bias]
7400.1s 1015 Loading weights:  21%|██        | 81/389 [00:00<00:00, 1259.81it/s, Materializing param=encoder.layer.4.intermediate.dense.weight]
7400.1s 1016 Loading weights:  21%|██        | 81/389 [00:00<00:00, 1256.97it/s, Materializing param=encoder.layer.4.intermediate.dense.weight]
7400.1s 1017 Loading weights:  21%|██        | 82/389 [00:00<00:00, 1260.47it/s, Materializing param=encoder.layer.4.output.LayerNorm.bias]
7400.1s 1018 Loading weights:  21%|██        | 82/389 [00:00<00:00, 1258.38it/s, Materializing param=encoder.layer.4.output.LayerNorm.bias]
7400.1s 1019 Loading weights:  21%|██▏       | 83/389 [00:00<00:00, 1265.40it/s, Materializing param=encoder.layer.4.output.LayerNorm.weight]
7400.1s 1020 Loading weights:  21%|██▏       | 83/389 [00:00<00:00, 1263.21it/s, Materializing param=encoder.layer.4.output.LayerNorm.weight]
7400.1s 1021 Loading weights:  22%|██▏       | 84/389 [00:00<00:00, 1273.40it/s, Materializing param=encoder.layer.4.output.dense.bias]
7400.1s 1022 Loading weights:  22%|██▏       | 84/389 [00:00<00:00, 1271.50it/s, Materializing param=encoder.layer.4.output.dense.bias]
7400.1s 1023 Loading weights:  22%|██▏       | 85/389 [00:00<00:00, 1280.50it/s, Materializing param=encoder.layer.4.output.dense.weight]
7400.1s 1024 Loading weights:  22%|██▏       | 85/389 [00:00<00:00, 1278.80it/s, Materializing param=encoder.layer.4.output.dense.weight]
7400.1s 1025 Loading weights:  22%|██▏       | 86/389 [00:00<00:00, 1289.19it/s, Materializing param=encoder.layer.5.attention.output.LayerNorm.bias]
7400.1s 1026 Loading weights:  22%|██▏       | 86/389 [00:00<00:00, 1283.71it/s, Materializing param=encoder.layer.5.attention.output.LayerNorm.bias]
7400.1s 1027 Loading weights:  22%|██▏       | 87/389 [00:00<00:00, 1288.81it/s, Materializing param=encoder.layer.5.attention.output.LayerNorm.weight]
7400.1s 1028 Loading weights:  22%|██▏       | 87/389 [00:00<00:00, 1286.01it/s, Materializing param=encoder.layer.5.attention.output.LayerNorm.weight]
7400.1s 1029 Loading weights:  23%|██▎       | 88/389 [00:00<00:00, 1277.49it/s, Materializing param=encoder.layer.5.attention.output.dense.bias]
7400.1s 1030 Loading weights:  23%|██▎       | 88/389 [00:00<00:00, 1267.81it/s, Materializing param=encoder.layer.5.attention.output.dense.bias]
7400.1s 1031 Loading weights:  23%|██▎       | 89/389 [00:00<00:00, 1276.95it/s, Materializing param=encoder.layer.5.attention.output.dense.weight]
7400.1s 1032 Loading weights:  23%|██▎       | 89/389 [00:00<00:00, 1273.33it/s, Materializing param=encoder.layer.5.attention.output.dense.weight]
7400.1s 1033 Loading weights:  23%|██▎       | 90/389 [00:00<00:00, 1272.88it/s, Materializing param=encoder.layer.5.attention.self.key.bias]
7400.1s 1034 Loading weights:  23%|██▎       | 90/389 [00:00<00:00, 1270.85it/s, Materializing param=encoder.layer.5.attention.self.key.bias]
7400.1s 1035 Loading weights:  23%|██▎       | 91/389 [00:00<00:00, 1279.69it/s, Materializing param=encoder.layer.5.attention.self.key.weight]
7400.1s 1036 Loading weights:  23%|██▎       | 91/389 [00:00<00:00, 1277.63it/s, Materializing param=encoder.layer.5.attention.self.key.weight]
7400.1s 1037 Loading weights:  24%|██▎       | 92/389 [00:00<00:00, 1276.48it/s, Materializing param=encoder.layer.5.attention.self.query.bias]
7400.1s 1038 Loading weights:  24%|██▎       | 92/389 [00:00<00:00, 1271.16it/s, Materializing param=encoder.layer.5.attention.self.query.bias]
7400.1s 1039 Loading weights:  24%|██▍       | 93/389 [00:00<00:00, 1271.20it/s, Materializing param=encoder.layer.5.attention.self.query.weight]
7400.1s 1040 Loading weights:  24%|██▍       | 93/389 [00:00<00:00, 1269.30it/s, Materializing param=encoder.layer.5.attention.self.query.weight]
7400.1s 1041 Loading weights:  24%|██▍       | 94/389 [00:00<00:00, 1257.34it/s, Materializing param=encoder.layer.5.attention.self.value.bias]
7400.1s 1042 Loading weights:  24%|██▍       | 94/389 [00:00<00:00, 1255.68it/s, Materializing param=encoder.layer.5.attention.self.value.bias]
7400.1s 1043 Loading weights:  24%|██▍       | 95/389 [00:00<00:00, 1262.54it/s, Materializing param=encoder.layer.5.attention.self.value.weight]
7400.1s 1044 Loading weights:  24%|██▍       | 95/389 [00:00<00:00, 1260.51it/s, Materializing param=encoder.layer.5.attention.self.value.weight]
7400.1s 1045 Loading weights:  25%|██▍       | 96/389 [00:00<00:00, 1269.10it/s, Materializing param=encoder.layer.5.intermediate.dense.bias]
7400.1s 1046 Loading weights:  25%|██▍       | 96/389 [00:00<00:00, 1267.34it/s, Materializing param=encoder.layer.5.intermediate.dense.bias]
7400.1s 1047 Loading weights:  25%|██▍       | 97/389 [00:00<00:00, 1276.14it/s, Materializing param=encoder.layer.5.intermediate.dense.weight]
7400.1s 1048 Loading weights:  25%|██▍       | 97/389 [00:00<00:00, 1274.83it/s, Materializing param=encoder.layer.5.intermediate.dense.weight]
7400.1s 1049 Loading weights:  25%|██▌       | 98/389 [00:00<00:00, 1283.42it/s, Materializing param=encoder.layer.5.output.LayerNorm.bias]
7400.1s 1050 Loading weights:  25%|██▌       | 98/389 [00:00<00:00, 1281.90it/s, Materializing param=encoder.layer.5.output.LayerNorm.bias]
7400.1s 1051 Loading weights:  25%|██▌       | 99/389 [00:00<00:00, 1279.43it/s, Materializing param=encoder.layer.5.output.LayerNorm.weight]
7400.1s 1052 Loading weights:  25%|██▌       | 99/389 [00:00<00:00, 1277.52it/s, Materializing param=encoder.layer.5.output.LayerNorm.weight]
7400.1s 1053 Loading weights:  26%|██▌       | 100/389 [00:00<00:00, 1275.73it/s, Materializing param=encoder.layer.5.output.dense.bias]
7400.1s 1054 Loading weights:  26%|██▌       | 100/389 [00:00<00:00, 1272.20it/s, Materializing param=encoder.layer.5.output.dense.bias]
7400.1s 1055 Loading weights:  26%|██▌       | 101/389 [00:00<00:00, 1277.20it/s, Materializing param=encoder.layer.5.output.dense.weight]
7400.1s 1056 Loading weights:  26%|██▌       | 101/389 [00:00<00:00, 1274.05it/s, Materializing param=encoder.layer.5.output.dense.weight]
7400.1s 1057 Loading weights:  26%|██▌       | 102/389 [00:00<00:00, 1276.07it/s, Materializing param=encoder.layer.6.attention.output.LayerNorm.bias]
7400.1s 1058 Loading weights:  26%|██▌       | 102/389 [00:00<00:00, 1272.93it/s, Materializing param=encoder.layer.6.attention.output.LayerNorm.bias]
7400.1s 1059 Loading weights:  26%|██▋       | 103/389 [00:00<00:00, 1271.63it/s, Materializing param=encoder.layer.6.attention.output.LayerNorm.weight]
7400.1s 1060 Loading weights:  26%|██▋       | 103/389 [00:00<00:00, 1269.86it/s, Materializing param=encoder.layer.6.attention.output.LayerNorm.weight]
7400.1s 1061 Loading weights:  27%|██▋       | 104/389 [00:00<00:00, 1278.06it/s, Materializing param=encoder.layer.6.attention.output.dense.bias]
7400.1s 1062 Loading weights:  27%|██▋       | 104/389 [00:00<00:00, 1276.41it/s, Materializing param=encoder.layer.6.attention.output.dense.bias]
7400.1s 1063 Loading weights:  27%|██▋       | 105/389 [00:00<00:00, 1282.92it/s, Materializing param=encoder.layer.6.attention.output.dense.weight]
7400.1s 1064 Loading weights:  27%|██▋       | 105/389 [00:00<00:00, 1281.24it/s, Materializing param=encoder.layer.6.attention.output.dense.weight]
7400.1s 1065 Loading weights:  27%|██▋       | 106/389 [00:00<00:00, 1275.49it/s, Materializing param=encoder.layer.6.attention.self.key.bias]
7400.1s 1066 Loading weights:  27%|██▋       | 106/389 [00:00<00:00, 1273.43it/s, Materializing param=encoder.layer.6.attention.self.key.bias]
7400.1s 1067 Loading weights:  28%|██▊       | 107/389 [00:00<00:00, 1276.81it/s, Materializing param=encoder.layer.6.attention.self.key.weight]
7400.1s 1068 Loading weights:  28%|██▊       | 107/389 [00:00<00:00, 1275.23it/s, Materializing param=encoder.layer.6.attention.self.key.weight]
7400.1s 1069 Loading weights:  28%|██▊       | 108/389 [00:00<00:00, 1282.61it/s, Materializing param=encoder.layer.6.attention.self.query.bias]
7400.1s 1070 Loading weights:  28%|██▊       | 108/389 [00:00<00:00, 1280.60it/s, Materializing param=encoder.layer.6.attention.self.query.bias]
7400.1s 1071 Loading weights:  28%|██▊       | 109/389 [00:00<00:00, 1287.18it/s, Materializing param=encoder.layer.6.attention.self.query.weight]
7400.1s 1072 Loading weights:  28%|██▊       | 109/389 [00:00<00:00, 1285.77it/s, Materializing param=encoder.layer.6.attention.self.query.weight]
7400.1s 1073 Loading weights:  28%|██▊       | 110/389 [00:00<00:00, 1282.07it/s, Materializing param=encoder.layer.6.attention.self.value.bias]
7400.1s 1074 Loading weights:  28%|██▊       | 110/389 [00:00<00:00, 1280.20it/s, Materializing param=encoder.layer.6.attention.self.value.bias]
7400.1s 1075 Loading weights:  29%|██▊       | 111/389 [00:00<00:00, 1273.28it/s, Materializing param=encoder.layer.6.attention.self.value.weight]
7400.1s 1076 Loading weights:  29%|██▊       | 111/389 [00:00<00:00, 1269.56it/s, Materializing param=encoder.layer.6.attention.self.value.weight]
7400.1s 1077 Loading weights:  29%|██▉       | 112/389 [00:00<00:00, 1269.26it/s, Materializing param=encoder.layer.6.intermediate.dense.bias]
7400.1s 1078 Loading weights:  29%|██▉       | 112/389 [00:00<00:00, 1262.48it/s, Materializing param=encoder.layer.6.intermediate.dense.bias]
7400.1s 1079 Loading weights:  29%|██▉       | 113/389 [00:00<00:00, 1267.80it/s, Materializing param=encoder.layer.6.intermediate.dense.weight]
7400.1s 1080 Loading weights:  29%|██▉       | 113/389 [00:00<00:00, 1266.38it/s, Materializing param=encoder.layer.6.intermediate.dense.weight]
7400.1s 1081 Loading weights:  29%|██▉       | 114/389 [00:00<00:00, 1264.55it/s, Materializing param=encoder.layer.6.output.LayerNorm.bias]
7400.1s 1082 Loading weights:  29%|██▉       | 114/389 [00:00<00:00, 1262.86it/s, Materializing param=encoder.layer.6.output.LayerNorm.bias]
7400.1s 1083 Loading weights:  30%|██▉       | 115/389 [00:00<00:00, 1264.42it/s, Materializing param=encoder.layer.6.output.LayerNorm.weight]
7400.1s 1084 Loading weights:  30%|██▉       | 115/389 [00:00<00:00, 1256.35it/s, Materializing param=encoder.layer.6.output.LayerNorm.weight]
7400.1s 1085 Loading weights:  30%|██▉       | 116/389 [00:00<00:00, 1263.34it/s, Materializing param=encoder.layer.6.output.dense.bias]
7400.1s 1086 Loading weights:  30%|██▉       | 116/389 [00:00<00:00, 1261.75it/s, Materializing param=encoder.layer.6.output.dense.bias]
7400.1s 1087 Loading weights:  30%|███       | 117/389 [00:00<00:00, 1268.88it/s, Materializing param=encoder.layer.6.output.dense.weight]
7400.1s 1088 Loading weights:  30%|███       | 117/389 [00:00<00:00, 1267.64it/s, Materializing param=encoder.layer.6.output.dense.weight]
7400.1s 1089 Loading weights:  30%|███       | 118/389 [00:00<00:00, 1272.24it/s, Materializing param=encoder.layer.7.attention.output.LayerNorm.bias]
7400.1s 1090 Loading weights:  30%|███       | 118/389 [00:00<00:00, 1270.85it/s, Materializing param=encoder.layer.7.attention.output.LayerNorm.bias]
7400.1s 1091 Loading weights:  31%|███       | 119/389 [00:00<00:00, 1278.31it/s, Materializing param=encoder.layer.7.attention.output.LayerNorm.weight]
7400.1s 1092 Loading weights:  31%|███       | 119/389 [00:00<00:00, 1277.10it/s, Materializing param=encoder.layer.7.attention.output.LayerNorm.weight]
7400.1s 1093 Loading weights:  31%|███       | 120/389 [00:00<00:00, 1274.60it/s, Materializing param=encoder.layer.7.attention.output.dense.bias]
7400.1s 1094 Loading weights:  31%|███       | 120/389 [00:00<00:00, 1273.07it/s, Materializing param=encoder.layer.7.attention.output.dense.bias]
7400.1s 1095 Loading weights:  31%|███       | 121/389 [00:00<00:00, 1275.43it/s, Materializing param=encoder.layer.7.attention.output.dense.weight]
7400.1s 1096 Loading weights:  31%|███       | 121/389 [00:00<00:00, 1274.17it/s, Materializing param=encoder.layer.7.attention.output.dense.weight]
7400.1s 1097 Loading weights:  31%|███▏      | 122/389 [00:00<00:00, 1281.00it/s, Materializing param=encoder.layer.7.attention.self.key.bias]
7400.1s 1098 Loading weights:  31%|███▏      | 122/389 [00:00<00:00, 1279.22it/s, Materializing param=encoder.layer.7.attention.self.key.bias]
7400.1s 1099 Loading weights:  32%|███▏      | 123/389 [00:00<00:00, 1280.15it/s, Materializing param=encoder.layer.7.attention.self.key.weight]
7400.1s 1100 Loading weights:  32%|███▏      | 123/389 [00:00<00:00, 1273.63it/s, Materializing param=encoder.layer.7.attention.self.key.weight]
7400.1s 1101 Loading weights:  32%|███▏      | 124/389 [00:00<00:00, 1267.43it/s, Materializing param=encoder.layer.7.attention.self.query.bias]
7400.1s 1102 Loading weights:  32%|███▏      | 124/389 [00:00<00:00, 1265.99it/s, Materializing param=encoder.layer.7.attention.self.query.bias]
7400.1s 1103 Loading weights:  32%|███▏      | 125/389 [00:00<00:00, 1269.15it/s, Materializing param=encoder.layer.7.attention.self.query.weight]
7400.1s 1104 Loading weights:  32%|███▏      | 125/389 [00:00<00:00, 1267.65it/s, Materializing param=encoder.layer.7.attention.self.query.weight]
7400.1s 1105 Loading weights:  32%|███▏      | 126/389 [00:00<00:00, 1262.21it/s, Materializing param=encoder.layer.7.attention.self.value.bias]
7400.1s 1106 Loading weights:  32%|███▏      | 126/389 [00:00<00:00, 1260.59it/s, Materializing param=encoder.layer.7.attention.self.value.bias]
7400.1s 1107 Loading weights:  33%|███▎      | 127/389 [00:00<00:00, 1264.73it/s, Materializing param=encoder.layer.7.attention.self.value.bias]
7400.1s 1108 Loading weights:  33%|███▎      | 127/389 [00:00<00:00, 1264.73it/s, Materializing param=encoder.layer.7.attention.self.value.weight]
7400.1s 1109 Loading weights:  33%|███▎      | 127/389 [00:00<00:00, 1264.73it/s, Materializing param=encoder.layer.7.attention.self.value.weight]
7400.1s 1110 Loading weights:  33%|███▎      | 128/389 [00:00<00:00, 1264.73it/s, Materializing param=encoder.layer.7.intermediate.dense.bias]
7400.1s 1111 Loading weights:  33%|███▎      | 128/389 [00:00<00:00, 1264.73it/s, Materializing param=encoder.layer.7.intermediate.dense.bias]
7400.1s 1112 Loading weights:  33%|███▎      | 129/389 [00:00<00:00, 1264.73it/s, Materializing param=encoder.layer.7.intermediate.dense.weight]
7400.1s 1113 Loading weights:  33%|███▎      | 129/389 [00:00<00:00, 1264.73it/s, Materializing param=encoder.layer.7.intermediate.dense.weight]
7400.1s 1114 Loading weights:  33%|███▎      | 130/389 [00:00<00:00, 1264.73it/s, Materializing param=encoder.layer.7.output.LayerNorm.bias]
7400.1s 1115 Loading weights:  33%|███▎      | 130/389 [00:00<00:00, 1264.73it/s, Materializing param=encoder.layer.7.output.LayerNorm.bias]
7400.1s 1116 Loading weights:  34%|███▎      | 131/389 [00:00<00:00, 1264.73it/s, Materializing param=encoder.layer.7.output.LayerNorm.weight]
7400.1s 1117 Loading weights:  34%|███▎      | 131/389 [00:00<00:00, 1264.73it/s, Materializing param=encoder.layer.7.output.LayerNorm.weight]
7400.1s 1118 Loading weights:  34%|███▍      | 132/389 [00:00<00:00, 1264.73it/s, Materializing param=encoder.layer.7.output.dense.bias]
7400.1s 1119 Loading weights:  34%|███▍      | 132/389 [00:00<00:00, 1264.73it/s, Materializing param=encoder.layer.7.output.dense.bias]
7400.1s 1120 Loading weights:  34%|███▍      | 133/389 [00:00<00:00, 1264.73it/s, Materializing param=encoder.layer.7.output.dense.weight]
7400.1s 1121 Loading weights:  34%|███▍      | 133/389 [00:00<00:00, 1264.73it/s, Materializing param=encoder.layer.7.output.dense.weight]
7400.1s 1122 Loading weights:  34%|███▍      | 134/389 [00:00<00:00, 1264.73it/s, Materializing param=encoder.layer.8.attention.output.LayerNorm.bias]
7400.1s 1123 Loading weights:  34%|███▍      | 134/389 [00:00<00:00, 1264.73it/s, Materializing param=encoder.layer.8.attention.output.LayerNorm.bias]
7400.1s 1124 Loading weights:  35%|███▍      | 135/389 [00:00<00:00, 1264.73it/s, Materializing param=encoder.layer.8.attention.output.LayerNorm.weight]
7400.1s 1125 Loading weights:  35%|███▍      | 135/389 [00:00<00:00, 1264.73it/s, Materializing param=encoder.layer.8.attention.output.LayerNorm.weight]
7400.1s 1126 Loading weights:  35%|███▍      | 136/389 [00:00<00:00, 1264.73it/s, Materializing param=encoder.layer.8.attention.output.dense.bias]
7400.1s 1127 Loading weights:  35%|███▍      | 136/389 [00:00<00:00, 1264.73it/s, Materializing param=encoder.layer.8.attention.output.dense.bias]
7400.1s 1128 Loading weights:  35%|███▌      | 137/389 [00:00<00:00, 1264.73it/s, Materializing param=encoder.layer.8.attention.output.dense.weight]
7400.1s 1129 Loading weights:  35%|███▌      | 137/389 [00:00<00:00, 1264.73it/s, Materializing param=encoder.layer.8.attention.output.dense.weight]
7400.1s 1130 Loading weights:  35%|███▌      | 138/389 [00:00<00:00, 1264.73it/s, Materializing param=encoder.layer.8.attention.self.key.bias]
7400.1s 1131 Loading weights:  35%|███▌      | 138/389 [00:00<00:00, 1264.73it/s, Materializing param=encoder.layer.8.attention.self.key.bias]
7400.1s 1132 Loading weights:  36%|███▌      | 139/389 [00:00<00:00, 1264.73it/s, Materializing param=encoder.layer.8.attention.self.key.weight]
7400.1s 1133 Loading weights:  36%|███▌      | 139/389 [00:00<00:00, 1264.73it/s, Materializing param=encoder.layer.8.attention.self.key.weight]
7400.1s 1134 Loading weights:  36%|███▌      | 140/389 [00:00<00:00, 1264.73it/s, Materializing param=encoder.layer.8.attention.self.query.bias]
7400.1s 1135 Loading weights:  36%|███▌      | 140/389 [00:00<00:00, 1264.73it/s, Materializing param=encoder.layer.8.attention.self.query.bias]
7400.1s 1136 Loading weights:  36%|███▌      | 141/389 [00:00<00:00, 1264.73it/s, Materializing param=encoder.layer.8.attention.self.query.weight]
7400.1s 1137 Loading weights:  36%|███▌      | 141/389 [00:00<00:00, 1264.73it/s, Materializing param=encoder.layer.8.attention.self.query.weight]
7400.1s 1138 Loading weights:  37%|███▋      | 142/389 [00:00<00:00, 1264.73it/s, Materializing param=encoder.layer.8.attention.self.value.bias]
7400.1s 1139 Loading weights:  37%|███▋      | 142/389 [00:00<00:00, 1264.73it/s, Materializing param=encoder.layer.8.attention.self.value.bias]
7400.1s 1140 Loading weights:  37%|███▋      | 143/389 [00:00<00:00, 1264.73it/s, Materializing param=encoder.layer.8.attention.self.value.weight]
7400.1s 1141 Loading weights:  37%|███▋      | 143/389 [00:00<00:00, 1264.73it/s, Materializing param=encoder.layer.8.attention.self.value.weight]
7400.1s 1142 Loading weights:  37%|███▋      | 144/389 [00:00<00:00, 1264.73it/s, Materializing param=encoder.layer.8.intermediate.dense.bias]
7400.1s 1143 Loading weights:  37%|███▋      | 144/389 [00:00<00:00, 1264.73it/s, Materializing param=encoder.layer.8.intermediate.dense.bias]
7400.1s 1144 Loading weights:  37%|███▋      | 145/389 [00:00<00:00, 1264.73it/s, Materializing param=encoder.layer.8.intermediate.dense.weight]
7400.1s 1145 Loading weights:  37%|███▋      | 145/389 [00:00<00:00, 1264.73it/s, Materializing param=encoder.layer.8.intermediate.dense.weight]
7400.1s 1146 Loading weights:  38%|███▊      | 146/389 [00:00<00:00, 1264.73it/s, Materializing param=encoder.layer.8.output.LayerNorm.bias]
7400.1s 1147 Loading weights:  38%|███▊      | 146/389 [00:00<00:00, 1264.73it/s, Materializing param=encoder.layer.8.output.LayerNorm.bias]
7400.1s 1148 Loading weights:  38%|███▊      | 147/389 [00:00<00:00, 1264.73it/s, Materializing param=encoder.layer.8.output.LayerNorm.weight]
7400.1s 1149 Loading weights:  38%|███▊      | 147/389 [00:00<00:00, 1264.73it/s, Materializing param=encoder.layer.8.output.LayerNorm.weight]
7400.1s 1150 Loading weights:  38%|███▊      | 148/389 [00:00<00:00, 1264.73it/s, Materializing param=encoder.layer.8.output.dense.bias]
7400.1s 1151 Loading weights:  38%|███▊      | 148/389 [00:00<00:00, 1264.73it/s, Materializing param=encoder.layer.8.output.dense.bias]
7400.1s 1152 Loading weights:  38%|███▊      | 149/389 [00:00<00:00, 1264.73it/s, Materializing param=encoder.layer.8.output.dense.weight]
7400.1s 1153 Loading weights:  38%|███▊      | 149/389 [00:00<00:00, 1264.73it/s, Materializing param=encoder.layer.8.output.dense.weight]
7400.1s 1154 Loading weights:  39%|███▊      | 150/389 [00:00<00:00, 1264.73it/s, Materializing param=encoder.layer.9.attention.output.LayerNorm.bias]
7400.1s 1155 Loading weights:  39%|███▊      | 150/389 [00:00<00:00, 1264.73it/s, Materializing param=encoder.layer.9.attention.output.LayerNorm.bias]
7400.1s 1156 Loading weights:  39%|███▉      | 151/389 [00:00<00:00, 1264.73it/s, Materializing param=encoder.layer.9.attention.output.LayerNorm.weight]
7400.1s 1157 Loading weights:  39%|███▉      | 151/389 [00:00<00:00, 1264.73it/s, Materializing param=encoder.layer.9.attention.output.LayerNorm.weight]
7400.1s 1158 Loading weights:  39%|███▉      | 152/389 [00:00<00:00, 1264.73it/s, Materializing param=encoder.layer.9.attention.output.dense.bias]
7400.1s 1159 Loading weights:  39%|███▉      | 152/389 [00:00<00:00, 1264.73it/s, Materializing param=encoder.layer.9.attention.output.dense.bias]
7400.1s 1160 Loading weights:  39%|███▉      | 153/389 [00:00<00:00, 1264.73it/s, Materializing param=encoder.layer.9.attention.output.dense.weight]
7400.1s 1161 Loading weights:  39%|███▉      | 153/389 [00:00<00:00, 1264.73it/s, Materializing param=encoder.layer.9.attention.output.dense.weight]
7400.1s 1162 Loading weights:  40%|███▉      | 154/389 [00:00<00:00, 1264.73it/s, Materializing param=encoder.layer.9.attention.self.key.bias]
7400.1s 1163 Loading weights:  40%|███▉      | 154/389 [00:00<00:00, 1264.73it/s, Materializing param=encoder.layer.9.attention.self.key.bias]
7400.1s 1164 Loading weights:  40%|███▉      | 155/389 [00:00<00:00, 1264.73it/s, Materializing param=encoder.layer.9.attention.self.key.weight]
7400.1s 1165 Loading weights:  40%|███▉      | 155/389 [00:00<00:00, 1264.73it/s, Materializing param=encoder.layer.9.attention.self.key.weight]
7400.1s 1166 Loading weights:  40%|████      | 156/389 [00:00<00:00, 1264.73it/s, Materializing param=encoder.layer.9.attention.self.query.bias]
7400.1s 1167 Loading weights:  40%|████      | 156/389 [00:00<00:00, 1264.73it/s, Materializing param=encoder.layer.9.attention.self.query.bias]
7400.1s 1168 Loading weights:  40%|████      | 157/389 [00:00<00:00, 1264.73it/s, Materializing param=encoder.layer.9.attention.self.query.weight]
7400.1s 1169 Loading weights:  40%|████      | 157/389 [00:00<00:00, 1264.73it/s, Materializing param=encoder.layer.9.attention.self.query.weight]
7400.1s 1170 Loading weights:  41%|████      | 158/389 [00:00<00:00, 1264.73it/s, Materializing param=encoder.layer.9.attention.self.value.bias]
7400.1s 1171 Loading weights:  41%|████      | 158/389 [00:00<00:00, 1264.73it/s, Materializing param=encoder.layer.9.attention.self.value.bias]
7400.1s 1172 Loading weights:  41%|████      | 159/389 [00:00<00:00, 1264.73it/s, Materializing param=encoder.layer.9.attention.self.value.weight]
7400.1s 1173 Loading weights:  41%|████      | 159/389 [00:00<00:00, 1264.73it/s, Materializing param=encoder.layer.9.attention.self.value.weight]
7400.1s 1174 Loading weights:  41%|████      | 160/389 [00:00<00:00, 1264.73it/s, Materializing param=encoder.layer.9.intermediate.dense.bias]
7400.1s 1175 Loading weights:  41%|████      | 160/389 [00:00<00:00, 1264.73it/s, Materializing param=encoder.layer.9.intermediate.dense.bias]
7400.1s 1176 Loading weights:  41%|████▏     | 161/389 [00:00<00:00, 1264.73it/s, Materializing param=encoder.layer.9.intermediate.dense.weight]
7400.1s 1177 Loading weights:  41%|████▏     | 161/389 [00:00<00:00, 1264.73it/s, Materializing param=encoder.layer.9.intermediate.dense.weight]
7400.1s 1178 Loading weights:  42%|████▏     | 162/389 [00:00<00:00, 1264.73it/s, Materializing param=encoder.layer.9.output.LayerNorm.bias]
7400.1s 1179 Loading weights:  42%|████▏     | 162/389 [00:00<00:00, 1264.73it/s, Materializing param=encoder.layer.9.output.LayerNorm.bias]
7400.1s 1180 Loading weights:  42%|████▏     | 163/389 [00:00<00:00, 1264.73it/s, Materializing param=encoder.layer.9.output.LayerNorm.weight]
7400.1s 1181 Loading weights:  42%|████▏     | 163/389 [00:00<00:00, 1264.73it/s, Materializing param=encoder.layer.9.output.LayerNorm.weight]
7400.1s 1182 Loading weights:  42%|████▏     | 164/389 [00:00<00:00, 1264.73it/s, Materializing param=encoder.layer.9.output.dense.bias]
7400.1s 1183 Loading weights:  42%|████▏     | 164/389 [00:00<00:00, 1264.73it/s, Materializing param=encoder.layer.9.output.dense.bias]
7400.1s 1184 Loading weights:  42%|████▏     | 165/389 [00:00<00:00, 1264.73it/s, Materializing param=encoder.layer.9.output.dense.weight]
7400.1s 1185 Loading weights:  42%|████▏     | 165/389 [00:00<00:00, 1264.73it/s, Materializing param=encoder.layer.9.output.dense.weight]
7400.1s 1186 Loading weights:  43%|████▎     | 166/389 [00:00<00:00, 1264.73it/s, Materializing param=encoder.layer.10.attention.output.LayerNorm.bias]
7400.1s 1187 Loading weights:  43%|████▎     | 166/389 [00:00<00:00, 1264.73it/s, Materializing param=encoder.layer.10.attention.output.LayerNorm.bias]
7400.1s 1188 Loading weights:  43%|████▎     | 167/389 [00:00<00:00, 1264.73it/s, Materializing param=encoder.layer.10.attention.output.LayerNorm.weight]
7400.1s 1189 Loading weights:  43%|████▎     | 167/389 [00:00<00:00, 1264.73it/s, Materializing param=encoder.layer.10.attention.output.LayerNorm.weight]
7400.1s 1190 Loading weights:  43%|████▎     | 168/389 [00:00<00:00, 1264.73it/s, Materializing param=encoder.layer.10.attention.output.dense.bias]
7400.1s 1191 Loading weights:  43%|████▎     | 168/389 [00:00<00:00, 1264.73it/s, Materializing param=encoder.layer.10.attention.output.dense.bias]
7400.1s 1192 Loading weights:  43%|████▎     | 169/389 [00:00<00:00, 1264.73it/s, Materializing param=encoder.layer.10.attention.output.dense.weight]
7400.1s 1193 Loading weights:  43%|████▎     | 169/389 [00:00<00:00, 1264.73it/s, Materializing param=encoder.layer.10.attention.output.dense.weight]
7400.1s 1194 Loading weights:  44%|████▎     | 170/389 [00:00<00:00, 1264.73it/s, Materializing param=encoder.layer.10.attention.self.key.bias]
7400.1s 1195 Loading weights:  44%|████▎     | 170/389 [00:00<00:00, 1264.73it/s, Materializing param=encoder.layer.10.attention.self.key.bias]
7400.1s 1196 Loading weights:  44%|████▍     | 171/389 [00:00<00:00, 1264.73it/s, Materializing param=encoder.layer.10.attention.self.key.weight]
7400.1s 1197 Loading weights:  44%|████▍     | 171/389 [00:00<00:00, 1264.73it/s, Materializing param=encoder.layer.10.attention.self.key.weight]
7400.1s 1198 Loading weights:  44%|████▍     | 172/389 [00:00<00:00, 1264.73it/s, Materializing param=encoder.layer.10.attention.self.query.bias]
7400.1s 1199 Loading weights:  44%|████▍     | 172/389 [00:00<00:00, 1264.73it/s, Materializing param=encoder.layer.10.attention.self.query.bias]
7400.1s 1200 Loading weights:  44%|████▍     | 173/389 [00:00<00:00, 1264.73it/s, Materializing param=encoder.layer.10.attention.self.query.weight]
7400.1s 1201 Loading weights:  44%|████▍     | 173/389 [00:00<00:00, 1264.73it/s, Materializing param=encoder.layer.10.attention.self.query.weight]
7400.1s 1202 Loading weights:  45%|████▍     | 174/389 [00:00<00:00, 1264.73it/s, Materializing param=encoder.layer.10.attention.self.value.bias]
7400.1s 1203 Loading weights:  45%|████▍     | 174/389 [00:00<00:00, 1264.73it/s, Materializing param=encoder.layer.10.attention.self.value.bias]
7400.1s 1204 Loading weights:  45%|████▍     | 175/389 [00:00<00:00, 1264.73it/s, Materializing param=encoder.layer.10.attention.self.value.weight]
7400.1s 1205 Loading weights:  45%|████▍     | 175/389 [00:00<00:00, 1264.73it/s, Materializing param=encoder.layer.10.attention.self.value.weight]
7400.1s 1206 Loading weights:  45%|████▌     | 176/389 [00:00<00:00, 1264.73it/s, Materializing param=encoder.layer.10.intermediate.dense.bias]
7400.1s 1207 Loading weights:  45%|████▌     | 176/389 [00:00<00:00, 1264.73it/s, Materializing param=encoder.layer.10.intermediate.dense.bias]
7400.1s 1208 Loading weights:  46%|████▌     | 177/389 [00:00<00:00, 1264.73it/s, Materializing param=encoder.layer.10.intermediate.dense.weight]
7400.1s 1209 Loading weights:  46%|████▌     | 177/389 [00:00<00:00, 1264.73it/s, Materializing param=encoder.layer.10.intermediate.dense.weight]
7400.1s 1210 Loading weights:  46%|████▌     | 178/389 [00:00<00:00, 1264.73it/s, Materializing param=encoder.layer.10.output.LayerNorm.bias]
7400.1s 1211 Loading weights:  46%|████▌     | 178/389 [00:00<00:00, 1264.73it/s, Materializing param=encoder.layer.10.output.LayerNorm.bias]
7400.1s 1212 Loading weights:  46%|████▌     | 179/389 [00:00<00:00, 1264.73it/s, Materializing param=encoder.layer.10.output.LayerNorm.weight]
7400.1s 1213 Loading weights:  46%|████▌     | 179/389 [00:00<00:00, 1264.73it/s, Materializing param=encoder.layer.10.output.LayerNorm.weight]
7400.1s 1214 Loading weights:  46%|████▋     | 180/389 [00:00<00:00, 1264.73it/s, Materializing param=encoder.layer.10.output.dense.bias]
7400.1s 1215 Loading weights:  46%|████▋     | 180/389 [00:00<00:00, 1264.73it/s, Materializing param=encoder.layer.10.output.dense.bias]
7400.1s 1216 Loading weights:  47%|████▋     | 181/389 [00:00<00:00, 1264.73it/s, Materializing param=encoder.layer.10.output.dense.weight]
7400.1s 1217 Loading weights:  47%|████▋     | 181/389 [00:00<00:00, 1264.73it/s, Materializing param=encoder.layer.10.output.dense.weight]
7400.1s 1218 Loading weights:  47%|████▋     | 182/389 [00:00<00:00, 1264.73it/s, Materializing param=encoder.layer.11.attention.output.LayerNorm.bias]
7400.1s 1219 Loading weights:  47%|████▋     | 182/389 [00:00<00:00, 1264.73it/s, Materializing param=encoder.layer.11.attention.output.LayerNorm.bias]
7400.1s 1220 Loading weights:  47%|████▋     | 183/389 [00:00<00:00, 1264.73it/s, Materializing param=encoder.layer.11.attention.output.LayerNorm.weight]
7400.1s 1221 Loading weights:  47%|████▋     | 183/389 [00:00<00:00, 1264.73it/s, Materializing param=encoder.layer.11.attention.output.LayerNorm.weight]
7400.1s 1222 Loading weights:  47%|████▋     | 184/389 [00:00<00:00, 1264.73it/s, Materializing param=encoder.layer.11.attention.output.dense.bias]
7400.1s 1223 Loading weights:  47%|████▋     | 184/389 [00:00<00:00, 1264.73it/s, Materializing param=encoder.layer.11.attention.output.dense.bias]
7400.1s 1224 Loading weights:  48%|████▊     | 185/389 [00:00<00:00, 1264.73it/s, Materializing param=encoder.layer.11.attention.output.dense.weight]
7400.1s 1225 Loading weights:  48%|████▊     | 185/389 [00:00<00:00, 1264.73it/s, Materializing param=encoder.layer.11.attention.output.dense.weight]
7400.1s 1226 Loading weights:  48%|████▊     | 186/389 [00:00<00:00, 1264.73it/s, Materializing param=encoder.layer.11.attention.self.key.bias]
7400.1s 1227 Loading weights:  48%|████▊     | 186/389 [00:00<00:00, 1264.73it/s, Materializing param=encoder.layer.11.attention.self.key.bias]
7400.1s 1228 Loading weights:  48%|████▊     | 187/389 [00:00<00:00, 1264.73it/s, Materializing param=encoder.layer.11.attention.self.key.weight]
7400.1s 1229 Loading weights:  48%|████▊     | 187/389 [00:00<00:00, 1264.73it/s, Materializing param=encoder.layer.11.attention.self.key.weight]
7400.1s 1230 Loading weights:  48%|████▊     | 188/389 [00:00<00:00, 1264.73it/s, Materializing param=encoder.layer.11.attention.self.query.bias]
7400.1s 1231 Loading weights:  48%|████▊     | 188/389 [00:00<00:00, 1264.73it/s, Materializing param=encoder.layer.11.attention.self.query.bias]
7400.1s 1232 Loading weights:  49%|████▊     | 189/389 [00:00<00:00, 1264.73it/s, Materializing param=encoder.layer.11.attention.self.query.weight]
7400.1s 1233 Loading weights:  49%|████▊     | 189/389 [00:00<00:00, 1264.73it/s, Materializing param=encoder.layer.11.attention.self.query.weight]
7400.1s 1234 Loading weights:  49%|████▉     | 190/389 [00:00<00:00, 1264.73it/s, Materializing param=encoder.layer.11.attention.self.value.bias]
7400.1s 1235 Loading weights:  49%|████▉     | 190/389 [00:00<00:00, 1264.73it/s, Materializing param=encoder.layer.11.attention.self.value.bias]
7400.1s 1236 Loading weights:  49%|████▉     | 191/389 [00:00<00:00, 1264.73it/s, Materializing param=encoder.layer.11.attention.self.value.weight]
7400.1s 1237 Loading weights:  49%|████▉     | 191/389 [00:00<00:00, 1264.73it/s, Materializing param=encoder.layer.11.attention.self.value.weight]
7400.1s 1238 Loading weights:  49%|████▉     | 192/389 [00:00<00:00, 1264.73it/s, Materializing param=encoder.layer.11.intermediate.dense.bias]
7400.1s 1239 Loading weights:  49%|████▉     | 192/389 [00:00<00:00, 1264.73it/s, Materializing param=encoder.layer.11.intermediate.dense.bias]
7400.1s 1240 Loading weights:  50%|████▉     | 193/389 [00:00<00:00, 1264.73it/s, Materializing param=encoder.layer.11.intermediate.dense.weight]
7400.1s 1241 Loading weights:  50%|████▉     | 193/389 [00:00<00:00, 1264.73it/s, Materializing param=encoder.layer.11.intermediate.dense.weight]
7400.1s 1242 Loading weights:  50%|████▉     | 194/389 [00:00<00:00, 1264.73it/s, Materializing param=encoder.layer.11.output.LayerNorm.bias]
7400.1s 1243 Loading weights:  50%|████▉     | 194/389 [00:00<00:00, 1264.73it/s, Materializing param=encoder.layer.11.output.LayerNorm.bias]
7400.1s 1244 Loading weights:  50%|█████     | 195/389 [00:00<00:00, 1264.73it/s, Materializing param=encoder.layer.11.output.LayerNorm.weight]
7400.1s 1245 Loading weights:  50%|█████     | 195/389 [00:00<00:00, 1264.73it/s, Materializing param=encoder.layer.11.output.LayerNorm.weight]
7400.1s 1246 Loading weights:  50%|█████     | 196/389 [00:00<00:00, 1264.73it/s, Materializing param=encoder.layer.11.output.dense.bias]
7400.1s 1247 Loading weights:  50%|█████     | 196/389 [00:00<00:00, 1264.73it/s, Materializing param=encoder.layer.11.output.dense.bias]
7400.1s 1248 Loading weights:  51%|█████     | 197/389 [00:00<00:00, 1264.73it/s, Materializing param=encoder.layer.11.output.dense.weight]
7400.1s 1249 Loading weights:  51%|█████     | 197/389 [00:00<00:00, 1264.73it/s, Materializing param=encoder.layer.11.output.dense.weight]
7400.1s 1250 Loading weights:  51%|█████     | 198/389 [00:00<00:00, 1264.73it/s, Materializing param=encoder.layer.12.attention.output.LayerNorm.bias]
7400.1s 1251 Loading weights:  51%|█████     | 198/389 [00:00<00:00, 1264.73it/s, Materializing param=encoder.layer.12.attention.output.LayerNorm.bias]
7400.1s 1252 Loading weights:  51%|█████     | 199/389 [00:00<00:00, 1264.73it/s, Materializing param=encoder.layer.12.attention.output.LayerNorm.weight]
7400.1s 1253 Loading weights:  51%|█████     | 199/389 [00:00<00:00, 1264.73it/s, Materializing param=encoder.layer.12.attention.output.LayerNorm.weight]
7400.1s 1254 Loading weights:  51%|█████▏    | 200/389 [00:00<00:00, 1264.73it/s, Materializing param=encoder.layer.12.attention.output.dense.bias]
7400.1s 1255 Loading weights:  51%|█████▏    | 200/389 [00:00<00:00, 1264.73it/s, Materializing param=encoder.layer.12.attention.output.dense.bias]
7400.1s 1256 Loading weights:  52%|█████▏    | 201/389 [00:00<00:00, 1264.73it/s, Materializing param=encoder.layer.12.attention.output.dense.weight]
7400.1s 1257 Loading weights:  52%|█████▏    | 201/389 [00:00<00:00, 1264.73it/s, Materializing param=encoder.layer.12.attention.output.dense.weight]
7400.1s 1258 Loading weights:  52%|█████▏    | 202/389 [00:00<00:00, 1264.73it/s, Materializing param=encoder.layer.12.attention.self.key.bias]
7400.1s 1259 Loading weights:  52%|█████▏    | 202/389 [00:00<00:00, 1264.73it/s, Materializing param=encoder.layer.12.attention.self.key.bias]
7400.1s 1260 Loading weights:  52%|█████▏    | 203/389 [00:00<00:00, 1264.73it/s, Materializing param=encoder.layer.12.attention.self.key.weight]
7400.1s 1261 Loading weights:  52%|█████▏    | 203/389 [00:00<00:00, 1264.73it/s, Materializing param=encoder.layer.12.attention.self.key.weight]
7400.1s 1262 Loading weights:  52%|█████▏    | 204/389 [00:00<00:00, 1264.73it/s, Materializing param=encoder.layer.12.attention.self.query.bias]
7400.1s 1263 Loading weights:  52%|█████▏    | 204/389 [00:00<00:00, 1264.73it/s, Materializing param=encoder.layer.12.attention.self.query.bias]
7400.1s 1264 Loading weights:  53%|█████▎    | 205/389 [00:00<00:00, 1264.73it/s, Materializing param=encoder.layer.12.attention.self.query.weight]
7400.1s 1265 Loading weights:  53%|█████▎    | 205/389 [00:00<00:00, 1264.73it/s, Materializing param=encoder.layer.12.attention.self.query.weight]
7400.1s 1266 Loading weights:  53%|█████▎    | 206/389 [00:00<00:00, 1264.73it/s, Materializing param=encoder.layer.12.attention.self.value.bias]
7400.1s 1267 Loading weights:  53%|█████▎    | 206/389 [00:00<00:00, 1264.73it/s, Materializing param=encoder.layer.12.attention.self.value.bias]
7400.1s 1268 Loading weights:  53%|█████▎    | 207/389 [00:00<00:00, 1264.73it/s, Materializing param=encoder.layer.12.attention.self.value.weight]
7400.1s 1269 Loading weights:  53%|█████▎    | 207/389 [00:00<00:00, 1264.73it/s, Materializing param=encoder.layer.12.attention.self.value.weight]
7400.1s 1270 Loading weights:  53%|█████▎    | 208/389 [00:00<00:00, 1264.73it/s, Materializing param=encoder.layer.12.intermediate.dense.bias]
7400.1s 1271 Loading weights:  53%|█████▎    | 208/389 [00:00<00:00, 1264.73it/s, Materializing param=encoder.layer.12.intermediate.dense.bias]
7400.1s 1272 Loading weights:  54%|█████▎    | 209/389 [00:00<00:00, 1264.73it/s, Materializing param=encoder.layer.12.intermediate.dense.weight]
7400.1s 1273 Loading weights:  54%|█████▎    | 209/389 [00:00<00:00, 1264.73it/s, Materializing param=encoder.layer.12.intermediate.dense.weight]
7400.1s 1274 Loading weights:  54%|█████▍    | 210/389 [00:00<00:00, 1264.73it/s, Materializing param=encoder.layer.12.output.LayerNorm.bias]
7400.1s 1275 Loading weights:  54%|█████▍    | 210/389 [00:00<00:00, 1264.73it/s, Materializing param=encoder.layer.12.output.LayerNorm.bias]
7400.1s 1276 Loading weights:  54%|█████▍    | 211/389 [00:00<00:00, 1264.73it/s, Materializing param=encoder.layer.12.output.LayerNorm.weight]
7400.1s 1277 Loading weights:  54%|█████▍    | 211/389 [00:00<00:00, 1264.73it/s, Materializing param=encoder.layer.12.output.LayerNorm.weight]
7400.1s 1278 Loading weights:  54%|█████▍    | 212/389 [00:00<00:00, 1264.73it/s, Materializing param=encoder.layer.12.output.dense.bias]
7400.1s 1279 Loading weights:  54%|█████▍    | 212/389 [00:00<00:00, 1264.73it/s, Materializing param=encoder.layer.12.output.dense.bias]
7400.1s 1280 Loading weights:  55%|█████▍    | 213/389 [00:00<00:00, 1264.73it/s, Materializing param=encoder.layer.12.output.dense.weight]
7400.1s 1281 Loading weights:  55%|█████▍    | 213/389 [00:00<00:00, 1264.73it/s, Materializing param=encoder.layer.12.output.dense.weight]
7400.1s 1282 Loading weights:  55%|█████▌    | 214/389 [00:00<00:00, 1264.73it/s, Materializing param=encoder.layer.13.attention.output.LayerNorm.bias]
7400.1s 1283 Loading weights:  55%|█████▌    | 214/389 [00:00<00:00, 1264.73it/s, Materializing param=encoder.layer.13.attention.output.LayerNorm.bias]
7400.1s 1284 Loading weights:  55%|█████▌    | 215/389 [00:00<00:00, 1264.73it/s, Materializing param=encoder.layer.13.attention.output.LayerNorm.weight]
7400.1s 1285 Loading weights:  55%|█████▌    | 215/389 [00:00<00:00, 1264.73it/s, Materializing param=encoder.layer.13.attention.output.LayerNorm.weight]
7400.1s 1286 Loading weights:  56%|█████▌    | 216/389 [00:00<00:00, 1264.73it/s, Materializing param=encoder.layer.13.attention.output.dense.bias]
7400.1s 1287 Loading weights:  56%|█████▌    | 216/389 [00:00<00:00, 1264.73it/s, Materializing param=encoder.layer.13.attention.output.dense.bias]
7400.1s 1288 Loading weights:  56%|█████▌    | 217/389 [00:00<00:00, 1264.73it/s, Materializing param=encoder.layer.13.attention.output.dense.weight]
7400.1s 1289 Loading weights:  56%|█████▌    | 217/389 [00:00<00:00, 1264.73it/s, Materializing param=encoder.layer.13.attention.output.dense.weight]
7400.1s 1290 Loading weights:  56%|█████▌    | 218/389 [00:00<00:00, 1264.73it/s, Materializing param=encoder.layer.13.attention.self.key.bias]
7400.1s 1291 Loading weights:  56%|█████▌    | 218/389 [00:00<00:00, 1264.73it/s, Materializing param=encoder.layer.13.attention.self.key.bias]
7400.1s 1292 Loading weights:  56%|█████▋    | 219/389 [00:00<00:00, 1264.73it/s, Materializing param=encoder.layer.13.attention.self.key.weight]
7400.1s 1293 Loading weights:  56%|█████▋    | 219/389 [00:00<00:00, 1264.73it/s, Materializing param=encoder.layer.13.attention.self.key.weight]
7400.1s 1294 Loading weights:  57%|█████▋    | 220/389 [00:00<00:00, 1264.73it/s, Materializing param=encoder.layer.13.attention.self.query.bias]
7400.1s 1295 Loading weights:  57%|█████▋    | 220/389 [00:00<00:00, 1264.73it/s, Materializing param=encoder.layer.13.attention.self.query.bias]
7400.1s 1296 Loading weights:  57%|█████▋    | 221/389 [00:00<00:00, 1264.73it/s, Materializing param=encoder.layer.13.attention.self.query.weight]
7400.1s 1297 Loading weights:  57%|█████▋    | 221/389 [00:00<00:00, 1264.73it/s, Materializing param=encoder.layer.13.attention.self.query.weight]
7400.1s 1298 Loading weights:  57%|█████▋    | 222/389 [00:00<00:00, 1264.73it/s, Materializing param=encoder.layer.13.attention.self.value.bias]
7400.1s 1299 Loading weights:  57%|█████▋    | 222/389 [00:00<00:00, 1264.73it/s, Materializing param=encoder.layer.13.attention.self.value.bias]
7400.1s 1300 Loading weights:  57%|█████▋    | 223/389 [00:00<00:00, 1264.73it/s, Materializing param=encoder.layer.13.attention.self.value.weight]
7400.1s 1301 Loading weights:  57%|█████▋    | 223/389 [00:00<00:00, 1264.73it/s, Materializing param=encoder.layer.13.attention.self.value.weight]
7400.1s 1302 Loading weights:  58%|█████▊    | 224/389 [00:00<00:00, 1264.73it/s, Materializing param=encoder.layer.13.intermediate.dense.bias]
7400.1s 1303 Loading weights:  58%|█████▊    | 224/389 [00:00<00:00, 1264.73it/s, Materializing param=encoder.layer.13.intermediate.dense.bias]
7400.1s 1304 Loading weights:  58%|█████▊    | 225/389 [00:00<00:00, 1264.73it/s, Materializing param=encoder.layer.13.intermediate.dense.weight]
7400.1s 1305 Loading weights:  58%|█████▊    | 225/389 [00:00<00:00, 1264.73it/s, Materializing param=encoder.layer.13.intermediate.dense.weight]
7400.1s 1306 Loading weights:  58%|█████▊    | 226/389 [00:00<00:00, 1264.73it/s, Materializing param=encoder.layer.13.output.LayerNorm.bias]
7400.1s 1307 Loading weights:  58%|█████▊    | 226/389 [00:00<00:00, 1264.73it/s, Materializing param=encoder.layer.13.output.LayerNorm.bias]
7400.1s 1308 Loading weights:  58%|█████▊    | 227/389 [00:00<00:00, 1264.73it/s, Materializing param=encoder.layer.13.output.LayerNorm.weight]
7400.1s 1309 Loading weights:  58%|█████▊    | 227/389 [00:00<00:00, 1264.73it/s, Materializing param=encoder.layer.13.output.LayerNorm.weight]
7400.1s 1310 Loading weights:  59%|█████▊    | 228/389 [00:00<00:00, 1264.73it/s, Materializing param=encoder.layer.13.output.dense.bias]
7400.1s 1311 Loading weights:  59%|█████▊    | 228/389 [00:00<00:00, 1264.73it/s, Materializing param=encoder.layer.13.output.dense.bias]
7400.1s 1312 Loading weights:  59%|█████▉    | 229/389 [00:00<00:00, 1264.73it/s, Materializing param=encoder.layer.13.output.dense.weight]
7400.1s 1313 Loading weights:  59%|█████▉    | 229/389 [00:00<00:00, 1264.73it/s, Materializing param=encoder.layer.13.output.dense.weight]
7400.1s 1314 Loading weights:  59%|█████▉    | 230/389 [00:00<00:00, 1264.73it/s, Materializing param=encoder.layer.14.attention.output.LayerNorm.bias]
7400.1s 1315 Loading weights:  59%|█████▉    | 230/389 [00:00<00:00, 1264.73it/s, Materializing param=encoder.layer.14.attention.output.LayerNorm.bias]
7400.1s 1316 Loading weights:  59%|█████▉    | 231/389 [00:00<00:00, 1264.73it/s, Materializing param=encoder.layer.14.attention.output.LayerNorm.weight]
7400.1s 1317 Loading weights:  59%|█████▉    | 231/389 [00:00<00:00, 1264.73it/s, Materializing param=encoder.layer.14.attention.output.LayerNorm.weight]
7400.1s 1318 Loading weights:  60%|█████▉    | 232/389 [00:00<00:00, 1264.73it/s, Materializing param=encoder.layer.14.attention.output.dense.bias]
7400.1s 1319 Loading weights:  60%|█████▉    | 232/389 [00:00<00:00, 1264.73it/s, Materializing param=encoder.layer.14.attention.output.dense.bias]
7400.1s 1320 Loading weights:  60%|█████▉    | 233/389 [00:00<00:00, 1264.73it/s, Materializing param=encoder.layer.14.attention.output.dense.weight]
7400.1s 1321 Loading weights:  60%|█████▉    | 233/389 [00:00<00:00, 1264.73it/s, Materializing param=encoder.layer.14.attention.output.dense.weight]
7400.1s 1322 Loading weights:  60%|██████    | 234/389 [00:00<00:00, 1264.73it/s, Materializing param=encoder.layer.14.attention.self.key.bias]
7400.1s 1323 Loading weights:  60%|██████    | 234/389 [00:00<00:00, 1264.73it/s, Materializing param=encoder.layer.14.attention.self.key.bias]
7400.1s 1324 Loading weights:  60%|██████    | 235/389 [00:00<00:00, 1264.73it/s, Materializing param=encoder.layer.14.attention.self.key.weight]
7400.1s 1325 Loading weights:  60%|██████    | 235/389 [00:00<00:00, 1264.73it/s, Materializing param=encoder.layer.14.attention.self.key.weight]
7400.1s 1326 Loading weights:  61%|██████    | 236/389 [00:00<00:00, 1264.73it/s, Materializing param=encoder.layer.14.attention.self.query.bias]
7400.1s 1327 Loading weights:  61%|██████    | 236/389 [00:00<00:00, 1264.73it/s, Materializing param=encoder.layer.14.attention.self.query.bias]
7400.1s 1328 Loading weights:  61%|██████    | 237/389 [00:00<00:00, 1264.73it/s, Materializing param=encoder.layer.14.attention.self.query.weight]
7400.1s 1329 Loading weights:  61%|██████    | 237/389 [00:00<00:00, 1264.73it/s, Materializing param=encoder.layer.14.attention.self.query.weight]
7400.1s 1330 Loading weights:  61%|██████    | 238/389 [00:00<00:00, 1264.73it/s, Materializing param=encoder.layer.14.attention.self.value.bias]
7400.1s 1331 Loading weights:  61%|██████    | 238/389 [00:00<00:00, 1264.73it/s, Materializing param=encoder.layer.14.attention.self.value.bias]
7400.1s 1332 Loading weights:  61%|██████▏   | 239/389 [00:00<00:00, 1264.73it/s, Materializing param=encoder.layer.14.attention.self.value.weight]
7400.1s 1333 Loading weights:  61%|██████▏   | 239/389 [00:00<00:00, 1264.73it/s, Materializing param=encoder.layer.14.attention.self.value.weight]
7400.1s 1334 Loading weights:  62%|██████▏   | 240/389 [00:00<00:00, 1264.73it/s, Materializing param=encoder.layer.14.intermediate.dense.bias]
7400.1s 1335 Loading weights:  62%|██████▏   | 240/389 [00:00<00:00, 1264.73it/s, Materializing param=encoder.layer.14.intermediate.dense.bias]
7400.1s 1336 Loading weights:  62%|██████▏   | 241/389 [00:00<00:00, 1264.73it/s, Materializing param=encoder.layer.14.intermediate.dense.weight]
7400.1s 1337 Loading weights:  62%|██████▏   | 241/389 [00:00<00:00, 1264.73it/s, Materializing param=encoder.layer.14.intermediate.dense.weight]
7400.1s 1338 Loading weights:  62%|██████▏   | 242/389 [00:00<00:00, 1264.73it/s, Materializing param=encoder.layer.14.output.LayerNorm.bias]
7400.1s 1339 Loading weights:  62%|██████▏   | 242/389 [00:00<00:00, 1264.73it/s, Materializing param=encoder.layer.14.output.LayerNorm.bias]
7400.1s 1340 Loading weights:  62%|██████▏   | 243/389 [00:00<00:00, 1264.73it/s, Materializing param=encoder.layer.14.output.LayerNorm.weight]
7400.1s 1341 Loading weights:  62%|██████▏   | 243/389 [00:00<00:00, 1264.73it/s, Materializing param=encoder.layer.14.output.LayerNorm.weight]
7400.1s 1342 Loading weights:  63%|██████▎   | 244/389 [00:00<00:00, 1264.73it/s, Materializing param=encoder.layer.14.output.dense.bias]
7400.1s 1343 Loading weights:  63%|██████▎   | 244/389 [00:00<00:00, 1264.73it/s, Materializing param=encoder.layer.14.output.dense.bias]
7400.1s 1344 Loading weights:  63%|██████▎   | 245/389 [00:00<00:00, 1264.73it/s, Materializing param=encoder.layer.14.output.dense.weight]
7400.1s 1345 Loading weights:  63%|██████▎   | 245/389 [00:00<00:00, 1264.73it/s, Materializing param=encoder.layer.14.output.dense.weight]
7400.1s 1346 Loading weights:  63%|██████▎   | 246/389 [00:00<00:00, 1264.73it/s, Materializing param=encoder.layer.15.attention.output.LayerNorm.bias]
7400.1s 1347 Loading weights:  63%|██████▎   | 246/389 [00:00<00:00, 1264.73it/s, Materializing param=encoder.layer.15.attention.output.LayerNorm.bias]
7400.1s 1348 Loading weights:  63%|██████▎   | 247/389 [00:00<00:00, 1264.73it/s, Materializing param=encoder.layer.15.attention.output.LayerNorm.weight]
7400.1s 1349 Loading weights:  63%|██████▎   | 247/389 [00:00<00:00, 1264.73it/s, Materializing param=encoder.layer.15.attention.output.LayerNorm.weight]
7400.1s 1350 Loading weights:  64%|██████▍   | 248/389 [00:00<00:00, 1264.73it/s, Materializing param=encoder.layer.15.attention.output.dense.bias]
7400.1s 1351 Loading weights:  64%|██████▍   | 248/389 [00:00<00:00, 1264.73it/s, Materializing param=encoder.layer.15.attention.output.dense.bias]
7400.1s 1352 Loading weights:  64%|██████▍   | 249/389 [00:00<00:00, 1264.73it/s, Materializing param=encoder.layer.15.attention.output.dense.weight]
7400.1s 1353 Loading weights:  64%|██████▍   | 249/389 [00:00<00:00, 1264.73it/s, Materializing param=encoder.layer.15.attention.output.dense.weight]
7400.1s 1354 Loading weights:  64%|██████▍   | 250/389 [00:00<00:00, 1264.73it/s, Materializing param=encoder.layer.15.attention.self.key.bias]
7400.1s 1355 Loading weights:  64%|██████▍   | 250/389 [00:00<00:00, 1264.73it/s, Materializing param=encoder.layer.15.attention.self.key.bias]
7400.1s 1356 Loading weights:  65%|██████▍   | 251/389 [00:00<00:00, 1264.73it/s, Materializing param=encoder.layer.15.attention.self.key.weight]
7400.1s 1357 Loading weights:  65%|██████▍   | 251/389 [00:00<00:00, 1264.73it/s, Materializing param=encoder.layer.15.attention.self.key.weight]
7400.1s 1358 Loading weights:  65%|██████▍   | 252/389 [00:00<00:00, 1264.73it/s, Materializing param=encoder.layer.15.attention.self.query.bias]
7400.1s 1359 Loading weights:  65%|██████▍   | 252/389 [00:00<00:00, 1264.73it/s, Materializing param=encoder.layer.15.attention.self.query.bias]
7400.1s 1360 Loading weights:  65%|██████▌   | 253/389 [00:00<00:00, 1264.73it/s, Materializing param=encoder.layer.15.attention.self.query.weight]
7400.1s 1361 Loading weights:  65%|██████▌   | 253/389 [00:00<00:00, 1264.73it/s, Materializing param=encoder.layer.15.attention.self.query.weight]
7400.1s 1362 Loading weights:  65%|██████▌   | 254/389 [00:00<00:00, 1264.73it/s, Materializing param=encoder.layer.15.attention.self.value.bias]
7400.1s 1363 Loading weights:  65%|██████▌   | 254/389 [00:00<00:00, 1264.73it/s, Materializing param=encoder.layer.15.attention.self.value.bias]
7400.1s 1364 Loading weights:  66%|██████▌   | 255/389 [00:00<00:00, 1264.73it/s, Materializing param=encoder.layer.15.attention.self.value.weight]
7400.1s 1365 Loading weights:  66%|██████▌   | 255/389 [00:00<00:00, 1264.73it/s, Materializing param=encoder.layer.15.attention.self.value.weight]
7400.1s 1366 Loading weights:  66%|██████▌   | 256/389 [00:00<00:00, 1264.73it/s, Materializing param=encoder.layer.15.intermediate.dense.bias]
7400.1s 1367 Loading weights:  66%|██████▌   | 256/389 [00:00<00:00, 1264.73it/s, Materializing param=encoder.layer.15.intermediate.dense.bias]
7400.1s 1368 Loading weights:  66%|██████▌   | 257/389 [00:00<00:00, 1264.73it/s, Materializing param=encoder.layer.15.intermediate.dense.weight]
7400.1s 1369 Loading weights:  66%|██████▌   | 257/389 [00:00<00:00, 1264.73it/s, Materializing param=encoder.layer.15.intermediate.dense.weight]
7400.1s 1370 Loading weights:  66%|██████▋   | 258/389 [00:00<00:00, 1264.73it/s, Materializing param=encoder.layer.15.output.LayerNorm.bias]
7400.1s 1371 Loading weights:  66%|██████▋   | 258/389 [00:00<00:00, 1264.73it/s, Materializing param=encoder.layer.15.output.LayerNorm.bias]
7400.1s 1372 Loading weights:  67%|██████▋   | 259/389 [00:00<00:00, 1264.73it/s, Materializing param=encoder.layer.15.output.LayerNorm.weight]
7400.1s 1373 Loading weights:  67%|██████▋   | 259/389 [00:00<00:00, 1264.73it/s, Materializing param=encoder.layer.15.output.LayerNorm.weight]
7400.1s 1374 Loading weights:  67%|██████▋   | 260/389 [00:00<00:00, 1264.73it/s, Materializing param=encoder.layer.15.output.dense.bias]
7400.1s 1375 Loading weights:  67%|██████▋   | 260/389 [00:00<00:00, 1264.73it/s, Materializing param=encoder.layer.15.output.dense.bias]
7400.1s 1376 Loading weights:  67%|██████▋   | 261/389 [00:00<00:00, 1264.73it/s, Materializing param=encoder.layer.15.output.dense.weight]
7400.1s 1377 Loading weights:  67%|██████▋   | 261/389 [00:00<00:00, 1264.73it/s, Materializing param=encoder.layer.15.output.dense.weight]
7400.1s 1378 Loading weights:  67%|██████▋   | 262/389 [00:00<00:00, 1264.73it/s, Materializing param=encoder.layer.16.attention.output.LayerNorm.bias]
7400.1s 1379 Loading weights:  67%|██████▋   | 262/389 [00:00<00:00, 1264.73it/s, Materializing param=encoder.layer.16.attention.output.LayerNorm.bias]
7400.1s 1380 Loading weights:  68%|██████▊   | 263/389 [00:00<00:00, 1264.73it/s, Materializing param=encoder.layer.16.attention.output.LayerNorm.weight]
7400.1s 1381 Loading weights:  68%|██████▊   | 263/389 [00:00<00:00, 1264.73it/s, Materializing param=encoder.layer.16.attention.output.LayerNorm.weight]
7400.1s 1382 Loading weights:  68%|██████▊   | 264/389 [00:00<00:00, 1264.73it/s, Materializing param=encoder.layer.16.attention.output.dense.bias]
7400.1s 1383 Loading weights:  68%|██████▊   | 264/389 [00:00<00:00, 1264.73it/s, Materializing param=encoder.layer.16.attention.output.dense.bias]
7400.1s 1384 Loading weights:  68%|██████▊   | 265/389 [00:00<00:00, 1264.73it/s, Materializing param=encoder.layer.16.attention.output.dense.weight]
7400.1s 1385 Loading weights:  68%|██████▊   | 265/389 [00:00<00:00, 1264.73it/s, Materializing param=encoder.layer.16.attention.output.dense.weight]
7400.1s 1386 Loading weights:  68%|██████▊   | 266/389 [00:00<00:00, 1264.73it/s, Materializing param=encoder.layer.16.attention.self.key.bias]
7400.1s 1387 Loading weights:  68%|██████▊   | 266/389 [00:00<00:00, 1264.73it/s, Materializing param=encoder.layer.16.attention.self.key.bias]
7400.1s 1388 Loading weights:  69%|██████▊   | 267/389 [00:00<00:00, 1264.73it/s, Materializing param=encoder.layer.16.attention.self.key.weight]
7400.1s 1389 Loading weights:  69%|██████▊   | 267/389 [00:00<00:00, 1264.73it/s, Materializing param=encoder.layer.16.attention.self.key.weight]
7400.1s 1390 Loading weights:  69%|██████▉   | 268/389 [00:00<00:00, 1264.73it/s, Materializing param=encoder.layer.16.attention.self.query.bias]
7400.1s 1391 Loading weights:  69%|██████▉   | 268/389 [00:00<00:00, 1264.73it/s, Materializing param=encoder.layer.16.attention.self.query.bias]
7400.1s 1392 Loading weights:  69%|██████▉   | 269/389 [00:00<00:00, 1264.73it/s, Materializing param=encoder.layer.16.attention.self.query.weight]
7400.1s 1393 Loading weights:  69%|██████▉   | 269/389 [00:00<00:00, 1264.73it/s, Materializing param=encoder.layer.16.attention.self.query.weight]
7400.1s 1394 Loading weights:  69%|██████▉   | 270/389 [00:00<00:00, 1264.73it/s, Materializing param=encoder.layer.16.attention.self.value.bias]
7400.1s 1395 Loading weights:  69%|██████▉   | 270/389 [00:00<00:00, 1264.73it/s, Materializing param=encoder.layer.16.attention.self.value.bias]
7400.1s 1396 Loading weights:  70%|██████▉   | 271/389 [00:00<00:00, 1264.73it/s, Materializing param=encoder.layer.16.attention.self.value.weight]
7400.1s 1397 Loading weights:  70%|██████▉   | 271/389 [00:00<00:00, 1264.73it/s, Materializing param=encoder.layer.16.attention.self.value.weight]
7400.1s 1398 Loading weights:  70%|██████▉   | 272/389 [00:00<00:00, 1264.73it/s, Materializing param=encoder.layer.16.intermediate.dense.bias]
7400.1s 1399 Loading weights:  70%|██████▉   | 272/389 [00:00<00:00, 1264.73it/s, Materializing param=encoder.layer.16.intermediate.dense.bias]
7400.1s 1400 Loading weights:  70%|███████   | 273/389 [00:00<00:00, 1264.73it/s, Materializing param=encoder.layer.16.intermediate.dense.weight]
7400.1s 1401 Loading weights:  70%|███████   | 273/389 [00:00<00:00, 1264.73it/s, Materializing param=encoder.layer.16.intermediate.dense.weight]
7400.1s 1402 Loading weights:  70%|███████   | 274/389 [00:00<00:00, 1264.73it/s, Materializing param=encoder.layer.16.output.LayerNorm.bias]
7400.3s 1403 Loading weights:  70%|███████   | 274/389 [00:00<00:00, 1264.73it/s, Materializing param=encoder.layer.16.output.LayerNorm.bias]
7400.3s 1404 Loading weights:  71%|███████   | 275/389 [00:00<00:00, 1390.95it/s, Materializing param=encoder.layer.16.output.LayerNorm.bias]
7400.3s 1405 Loading weights:  71%|███████   | 275/389 [00:00<00:00, 1390.95it/s, Materializing param=encoder.layer.16.output.LayerNorm.weight]
7400.3s 1406 Loading weights:  71%|███████   | 275/389 [00:00<00:00, 1390.95it/s, Materializing param=encoder.layer.16.output.LayerNorm.weight]
7400.3s 1407 Loading weights:  71%|███████   | 276/389 [00:00<00:00, 1390.95it/s, Materializing param=encoder.layer.16.output.dense.bias]
7400.3s 1408 Loading weights:  71%|███████   | 276/389 [00:00<00:00, 1390.95it/s, Materializing param=encoder.layer.16.output.dense.bias]
7400.3s 1409 Loading weights:  71%|███████   | 277/389 [00:00<00:00, 1390.95it/s, Materializing param=encoder.layer.16.output.dense.weight]
7400.3s 1410 Loading weights:  71%|███████   | 277/389 [00:00<00:00, 1390.95it/s, Materializing param=encoder.layer.16.output.dense.weight]
7400.3s 1411 Loading weights:  71%|███████▏  | 278/389 [00:00<00:00, 1390.95it/s, Materializing param=encoder.layer.17.attention.output.LayerNorm.bias]
7400.3s 1412 Loading weights:  71%|███████▏  | 278/389 [00:00<00:00, 1390.95it/s, Materializing param=encoder.layer.17.attention.output.LayerNorm.bias]
7400.3s 1413 Loading weights:  72%|███████▏  | 279/389 [00:00<00:00, 1390.95it/s, Materializing param=encoder.layer.17.attention.output.LayerNorm.weight]
7400.3s 1414 Loading weights:  72%|███████▏  | 279/389 [00:00<00:00, 1390.95it/s, Materializing param=encoder.layer.17.attention.output.LayerNorm.weight]
7400.3s 1415 Loading weights:  72%|███████▏  | 280/389 [00:00<00:00, 1390.95it/s, Materializing param=encoder.layer.17.attention.output.dense.bias]
7400.3s 1416 Loading weights:  72%|███████▏  | 280/389 [00:00<00:00, 1390.95it/s, Materializing param=encoder.layer.17.attention.output.dense.bias]
7400.3s 1417 Loading weights:  72%|███████▏  | 281/389 [00:00<00:00, 1390.95it/s, Materializing param=encoder.layer.17.attention.output.dense.weight]
7400.3s 1418 Loading weights:  72%|███████▏  | 281/389 [00:00<00:00, 1390.95it/s, Materializing param=encoder.layer.17.attention.output.dense.weight]
7400.3s 1419 Loading weights:  72%|███████▏  | 282/389 [00:00<00:00, 1390.95it/s, Materializing param=encoder.layer.17.attention.self.key.bias]
7400.3s 1420 Loading weights:  72%|███████▏  | 282/389 [00:00<00:00, 1390.95it/s, Materializing param=encoder.layer.17.attention.self.key.bias]
7400.3s 1421 Loading weights:  73%|███████▎  | 283/389 [00:00<00:00, 1390.95it/s, Materializing param=encoder.layer.17.attention.self.key.weight]
7400.3s 1422 Loading weights:  73%|███████▎  | 283/389 [00:00<00:00, 1390.95it/s, Materializing param=encoder.layer.17.attention.self.key.weight]
7400.3s 1423 Loading weights:  73%|███████▎  | 284/389 [00:00<00:00, 1390.95it/s, Materializing param=encoder.layer.17.attention.self.query.bias]
7400.3s 1424 Loading weights:  73%|███████▎  | 284/389 [00:00<00:00, 1390.95it/s, Materializing param=encoder.layer.17.attention.self.query.bias]
7400.3s 1425 Loading weights:  73%|███████▎  | 285/389 [00:00<00:00, 1390.95it/s, Materializing param=encoder.layer.17.attention.self.query.weight]
7400.3s 1426 Loading weights:  73%|███████▎  | 285/389 [00:00<00:00, 1390.95it/s, Materializing param=encoder.layer.17.attention.self.query.weight]
7400.3s 1427 Loading weights:  74%|███████▎  | 286/389 [00:00<00:00, 1390.95it/s, Materializing param=encoder.layer.17.attention.self.value.bias]
7400.3s 1428 Loading weights:  74%|███████▎  | 286/389 [00:00<00:00, 1390.95it/s, Materializing param=encoder.layer.17.attention.self.value.bias]
7400.3s 1429 Loading weights:  74%|███████▍  | 287/389 [00:00<00:00, 1390.95it/s, Materializing param=encoder.layer.17.attention.self.value.weight]
7400.3s 1430 Loading weights:  74%|███████▍  | 287/389 [00:00<00:00, 1390.95it/s, Materializing param=encoder.layer.17.attention.self.value.weight]
7400.3s 1431 Loading weights:  74%|███████▍  | 288/389 [00:00<00:00, 1390.95it/s, Materializing param=encoder.layer.17.intermediate.dense.bias]
7400.3s 1432 Loading weights:  74%|███████▍  | 288/389 [00:00<00:00, 1390.95it/s, Materializing param=encoder.layer.17.intermediate.dense.bias]
7400.3s 1433 Loading weights:  74%|███████▍  | 289/389 [00:00<00:00, 1390.95it/s, Materializing param=encoder.layer.17.intermediate.dense.weight]
7400.3s 1434 Loading weights:  74%|███████▍  | 289/389 [00:00<00:00, 1390.95it/s, Materializing param=encoder.layer.17.intermediate.dense.weight]
7400.3s 1435 Loading weights:  75%|███████▍  | 290/389 [00:00<00:00, 1390.95it/s, Materializing param=encoder.layer.17.output.LayerNorm.bias]
7400.3s 1436 Loading weights:  75%|███████▍  | 290/389 [00:00<00:00, 1390.95it/s, Materializing param=encoder.layer.17.output.LayerNorm.bias]
7400.3s 1437 Loading weights:  75%|███████▍  | 291/389 [00:00<00:00, 1390.95it/s, Materializing param=encoder.layer.17.output.LayerNorm.weight]
7400.3s 1438 Loading weights:  75%|███████▍  | 291/389 [00:00<00:00, 1390.95it/s, Materializing param=encoder.layer.17.output.LayerNorm.weight]
7400.3s 1439 Loading weights:  75%|███████▌  | 292/389 [00:00<00:00, 1390.95it/s, Materializing param=encoder.layer.17.output.dense.bias]
7400.3s 1440 Loading weights:  75%|███████▌  | 292/389 [00:00<00:00, 1390.95it/s, Materializing param=encoder.layer.17.output.dense.bias]
7400.3s 1441 Loading weights:  75%|███████▌  | 293/389 [00:00<00:00, 1390.95it/s, Materializing param=encoder.layer.17.output.dense.weight]
7400.3s 1442 Loading weights:  75%|███████▌  | 293/389 [00:00<00:00, 1390.95it/s, Materializing param=encoder.layer.17.output.dense.weight]
7400.3s 1443 Loading weights:  76%|███████▌  | 294/389 [00:00<00:00, 1390.95it/s, Materializing param=encoder.layer.18.attention.output.LayerNorm.bias]
7400.3s 1444 Loading weights:  76%|███████▌  | 294/389 [00:00<00:00, 1390.95it/s, Materializing param=encoder.layer.18.attention.output.LayerNorm.bias]
7400.3s 1445 Loading weights:  76%|███████▌  | 295/389 [00:00<00:00, 1390.95it/s, Materializing param=encoder.layer.18.attention.output.LayerNorm.weight]
7400.3s 1446 Loading weights:  76%|███████▌  | 295/389 [00:00<00:00, 1390.95it/s, Materializing param=encoder.layer.18.attention.output.LayerNorm.weight]
7400.3s 1447 Loading weights:  76%|███████▌  | 296/389 [00:00<00:00, 1390.95it/s, Materializing param=encoder.layer.18.attention.output.dense.bias]
7400.3s 1448 Loading weights:  76%|███████▌  | 296/389 [00:00<00:00, 1390.95it/s, Materializing param=encoder.layer.18.attention.output.dense.bias]
7400.3s 1449 Loading weights:  76%|███████▋  | 297/389 [00:00<00:00, 1390.95it/s, Materializing param=encoder.layer.18.attention.output.dense.weight]
7400.3s 1450 Loading weights:  76%|███████▋  | 297/389 [00:00<00:00, 1390.95it/s, Materializing param=encoder.layer.18.attention.output.dense.weight]
7400.3s 1451 Loading weights:  77%|███████▋  | 298/389 [00:00<00:00, 1390.95it/s, Materializing param=encoder.layer.18.attention.self.key.bias]
7400.3s 1452 Loading weights:  77%|███████▋  | 298/389 [00:00<00:00, 1390.95it/s, Materializing param=encoder.layer.18.attention.self.key.bias]
7400.3s 1453 Loading weights:  77%|███████▋  | 299/389 [00:00<00:00, 1390.95it/s, Materializing param=encoder.layer.18.attention.self.key.weight]
7400.3s 1454 Loading weights:  77%|███████▋  | 299/389 [00:00<00:00, 1390.95it/s, Materializing param=encoder.layer.18.attention.self.key.weight]
7400.3s 1455 Loading weights:  77%|███████▋  | 300/389 [00:00<00:00, 1390.95it/s, Materializing param=encoder.layer.18.attention.self.query.bias]
7400.3s 1456 Loading weights:  77%|███████▋  | 300/389 [00:00<00:00, 1390.95it/s, Materializing param=encoder.layer.18.attention.self.query.bias]
7400.3s 1457 Loading weights:  77%|███████▋  | 301/389 [00:00<00:00, 1390.95it/s, Materializing param=encoder.layer.18.attention.self.query.weight]
7400.3s 1458 Loading weights:  77%|███████▋  | 301/389 [00:00<00:00, 1390.95it/s, Materializing param=encoder.layer.18.attention.self.query.weight]
7400.3s 1459 Loading weights:  78%|███████▊  | 302/389 [00:00<00:00, 1390.95it/s, Materializing param=encoder.layer.18.attention.self.value.bias]
7400.3s 1460 Loading weights:  78%|███████▊  | 302/389 [00:00<00:00, 1390.95it/s, Materializing param=encoder.layer.18.attention.self.value.bias]
7400.3s 1461 Loading weights:  78%|███████▊  | 303/389 [00:00<00:00, 1390.95it/s, Materializing param=encoder.layer.18.attention.self.value.weight]
7400.3s 1462 Loading weights:  78%|███████▊  | 303/389 [00:00<00:00, 1390.95it/s, Materializing param=encoder.layer.18.attention.self.value.weight]
7400.3s 1463 Loading weights:  78%|███████▊  | 304/389 [00:00<00:00, 1390.95it/s, Materializing param=encoder.layer.18.intermediate.dense.bias]
7400.3s 1464 Loading weights:  78%|███████▊  | 304/389 [00:00<00:00, 1390.95it/s, Materializing param=encoder.layer.18.intermediate.dense.bias]
7400.3s 1465 Loading weights:  78%|███████▊  | 305/389 [00:00<00:00, 1390.95it/s, Materializing param=encoder.layer.18.intermediate.dense.weight]
7400.3s 1466 Loading weights:  78%|███████▊  | 305/389 [00:00<00:00, 1390.95it/s, Materializing param=encoder.layer.18.intermediate.dense.weight]
7400.3s 1467 Loading weights:  79%|███████▊  | 306/389 [00:00<00:00, 1390.95it/s, Materializing param=encoder.layer.18.output.LayerNorm.bias]
7400.3s 1468 Loading weights:  79%|███████▊  | 306/389 [00:00<00:00, 1390.95it/s, Materializing param=encoder.layer.18.output.LayerNorm.bias]
7400.3s 1469 Loading weights:  79%|███████▉  | 307/389 [00:00<00:00, 1390.95it/s, Materializing param=encoder.layer.18.output.LayerNorm.weight]
7400.3s 1470 Loading weights:  79%|███████▉  | 307/389 [00:00<00:00, 1390.95it/s, Materializing param=encoder.layer.18.output.LayerNorm.weight]
7400.3s 1471 Loading weights:  79%|███████▉  | 308/389 [00:00<00:00, 1390.95it/s, Materializing param=encoder.layer.18.output.dense.bias]
7400.3s 1472 Loading weights:  79%|███████▉  | 308/389 [00:00<00:00, 1390.95it/s, Materializing param=encoder.layer.18.output.dense.bias]
7400.3s 1473 Loading weights:  79%|███████▉  | 309/389 [00:00<00:00, 1390.95it/s, Materializing param=encoder.layer.18.output.dense.weight]
7400.3s 1474 Loading weights:  79%|███████▉  | 309/389 [00:00<00:00, 1390.95it/s, Materializing param=encoder.layer.18.output.dense.weight]
7400.3s 1475 Loading weights:  80%|███████▉  | 310/389 [00:00<00:00, 1390.95it/s, Materializing param=encoder.layer.19.attention.output.LayerNorm.bias]
7400.3s 1476 Loading weights:  80%|███████▉  | 310/389 [00:00<00:00, 1390.95it/s, Materializing param=encoder.layer.19.attention.output.LayerNorm.bias]
7400.3s 1477 Loading weights:  80%|███████▉  | 311/389 [00:00<00:00, 1390.95it/s, Materializing param=encoder.layer.19.attention.output.LayerNorm.weight]
7400.3s 1478 Loading weights:  80%|███████▉  | 311/389 [00:00<00:00, 1390.95it/s, Materializing param=encoder.layer.19.attention.output.LayerNorm.weight]
7400.3s 1479 Loading weights:  80%|████████  | 312/389 [00:00<00:00, 1390.95it/s, Materializing param=encoder.layer.19.attention.output.dense.bias]
7400.3s 1480 Loading weights:  80%|████████  | 312/389 [00:00<00:00, 1390.95it/s, Materializing param=encoder.layer.19.attention.output.dense.bias]
7400.3s 1481 Loading weights:  80%|████████  | 313/389 [00:00<00:00, 1390.95it/s, Materializing param=encoder.layer.19.attention.output.dense.weight]
7400.3s 1482 Loading weights:  80%|████████  | 313/389 [00:00<00:00, 1390.95it/s, Materializing param=encoder.layer.19.attention.output.dense.weight]
7400.3s 1483 Loading weights:  81%|████████  | 314/389 [00:00<00:00, 1390.95it/s, Materializing param=encoder.layer.19.attention.self.key.bias]
7400.3s 1484 Loading weights:  81%|████████  | 314/389 [00:00<00:00, 1390.95it/s, Materializing param=encoder.layer.19.attention.self.key.bias]
7400.3s 1485 Loading weights:  81%|████████  | 315/389 [00:00<00:00, 1390.95it/s, Materializing param=encoder.layer.19.attention.self.key.weight]
7400.3s 1486 Loading weights:  81%|████████  | 315/389 [00:00<00:00, 1390.95it/s, Materializing param=encoder.layer.19.attention.self.key.weight]
7400.3s 1487 Loading weights:  81%|████████  | 316/389 [00:00<00:00, 1390.95it/s, Materializing param=encoder.layer.19.attention.self.query.bias]
7400.3s 1488 Loading weights:  81%|████████  | 316/389 [00:00<00:00, 1390.95it/s, Materializing param=encoder.layer.19.attention.self.query.bias]
7400.3s 1489 Loading weights:  81%|████████▏ | 317/389 [00:00<00:00, 1390.95it/s, Materializing param=encoder.layer.19.attention.self.query.weight]
7400.3s 1490 Loading weights:  81%|████████▏ | 317/389 [00:00<00:00, 1390.95it/s, Materializing param=encoder.layer.19.attention.self.query.weight]
7400.3s 1491 Loading weights:  82%|████████▏ | 318/389 [00:00<00:00, 1390.95it/s, Materializing param=encoder.layer.19.attention.self.value.bias]
7400.3s 1492 Loading weights:  82%|████████▏ | 318/389 [00:00<00:00, 1390.95it/s, Materializing param=encoder.layer.19.attention.self.value.bias]
7400.3s 1493 Loading weights:  82%|████████▏ | 319/389 [00:00<00:00, 1390.95it/s, Materializing param=encoder.layer.19.attention.self.value.weight]
7400.3s 1494 Loading weights:  82%|████████▏ | 319/389 [00:00<00:00, 1390.95it/s, Materializing param=encoder.layer.19.attention.self.value.weight]
7400.3s 1495 Loading weights:  82%|████████▏ | 320/389 [00:00<00:00, 1390.95it/s, Materializing param=encoder.layer.19.intermediate.dense.bias]
7400.3s 1496 Loading weights:  82%|████████▏ | 320/389 [00:00<00:00, 1390.95it/s, Materializing param=encoder.layer.19.intermediate.dense.bias]
7400.3s 1497 Loading weights:  83%|████████▎ | 321/389 [00:00<00:00, 1390.95it/s, Materializing param=encoder.layer.19.intermediate.dense.weight]
7400.3s 1498 Loading weights:  83%|████████▎ | 321/389 [00:00<00:00, 1390.95it/s, Materializing param=encoder.layer.19.intermediate.dense.weight]
7400.3s 1499 Loading weights:  83%|████████▎ | 322/389 [00:00<00:00, 1390.95it/s, Materializing param=encoder.layer.19.output.LayerNorm.bias]
7400.3s 1500 Loading weights:  83%|████████▎ | 322/389 [00:00<00:00, 1390.95it/s, Materializing param=encoder.layer.19.output.LayerNorm.bias]
7400.3s 1501 Loading weights:  83%|████████▎ | 323/389 [00:00<00:00, 1390.95it/s, Materializing param=encoder.layer.19.output.LayerNorm.weight]
7400.3s 1502 Loading weights:  83%|████████▎ | 323/389 [00:00<00:00, 1390.95it/s, Materializing param=encoder.layer.19.output.LayerNorm.weight]
7400.3s 1503 Loading weights:  83%|████████▎ | 324/389 [00:00<00:00, 1390.95it/s, Materializing param=encoder.layer.19.output.dense.bias]
7400.3s 1504 Loading weights:  83%|████████▎ | 324/389 [00:00<00:00, 1390.95it/s, Materializing param=encoder.layer.19.output.dense.bias]
7400.3s 1505 Loading weights:  84%|████████▎ | 325/389 [00:00<00:00, 1390.95it/s, Materializing param=encoder.layer.19.output.dense.weight]
7400.3s 1506 Loading weights:  84%|████████▎ | 325/389 [00:00<00:00, 1390.95it/s, Materializing param=encoder.layer.19.output.dense.weight]
7400.3s 1507 Loading weights:  84%|████████▍ | 326/389 [00:00<00:00, 1390.95it/s, Materializing param=encoder.layer.20.attention.output.LayerNorm.bias]
7400.3s 1508 Loading weights:  84%|████████▍ | 326/389 [00:00<00:00, 1390.95it/s, Materializing param=encoder.layer.20.attention.output.LayerNorm.bias]
7400.3s 1509 Loading weights:  84%|████████▍ | 327/389 [00:00<00:00, 1390.95it/s, Materializing param=encoder.layer.20.attention.output.LayerNorm.weight]
7400.3s 1510 Loading weights:  84%|████████▍ | 327/389 [00:00<00:00, 1390.95it/s, Materializing param=encoder.layer.20.attention.output.LayerNorm.weight]
7400.3s 1511 Loading weights:  84%|████████▍ | 328/389 [00:00<00:00, 1390.95it/s, Materializing param=encoder.layer.20.attention.output.dense.bias]
7400.3s 1512 Loading weights:  84%|████████▍ | 328/389 [00:00<00:00, 1390.95it/s, Materializing param=encoder.layer.20.attention.output.dense.bias]
7400.3s 1513 Loading weights:  85%|████████▍ | 329/389 [00:00<00:00, 1390.95it/s, Materializing param=encoder.layer.20.attention.output.dense.weight]
7400.3s 1514 Loading weights:  85%|████████▍ | 329/389 [00:00<00:00, 1390.95it/s, Materializing param=encoder.layer.20.attention.output.dense.weight]
7400.3s 1515 Loading weights:  85%|████████▍ | 330/389 [00:00<00:00, 1390.95it/s, Materializing param=encoder.layer.20.attention.self.key.bias]
7400.3s 1516 Loading weights:  85%|████████▍ | 330/389 [00:00<00:00, 1390.95it/s, Materializing param=encoder.layer.20.attention.self.key.bias]
7400.3s 1517 Loading weights:  85%|████████▌ | 331/389 [00:00<00:00, 1390.95it/s, Materializing param=encoder.layer.20.attention.self.key.weight]
7400.3s 1518 Loading weights:  85%|████████▌ | 331/389 [00:00<00:00, 1390.95it/s, Materializing param=encoder.layer.20.attention.self.key.weight]
7400.3s 1519 Loading weights:  85%|████████▌ | 332/389 [00:00<00:00, 1390.95it/s, Materializing param=encoder.layer.20.attention.self.query.bias]
7400.3s 1520 Loading weights:  85%|████████▌ | 332/389 [00:00<00:00, 1390.95it/s, Materializing param=encoder.layer.20.attention.self.query.bias]
7400.3s 1521 Loading weights:  86%|████████▌ | 333/389 [00:00<00:00, 1390.95it/s, Materializing param=encoder.layer.20.attention.self.query.weight]
7400.3s 1522 Loading weights:  86%|████████▌ | 333/389 [00:00<00:00, 1390.95it/s, Materializing param=encoder.layer.20.attention.self.query.weight]
7400.3s 1523 Loading weights:  86%|████████▌ | 334/389 [00:00<00:00, 1390.95it/s, Materializing param=encoder.layer.20.attention.self.value.bias]
7400.3s 1524 Loading weights:  86%|████████▌ | 334/389 [00:00<00:00, 1390.95it/s, Materializing param=encoder.layer.20.attention.self.value.bias]
7400.3s 1525 Loading weights:  86%|████████▌ | 335/389 [00:00<00:00, 1390.95it/s, Materializing param=encoder.layer.20.attention.self.value.weight]
7400.3s 1526 Loading weights:  86%|████████▌ | 335/389 [00:00<00:00, 1390.95it/s, Materializing param=encoder.layer.20.attention.self.value.weight]
7400.3s 1527 Loading weights:  86%|████████▋ | 336/389 [00:00<00:00, 1390.95it/s, Materializing param=encoder.layer.20.intermediate.dense.bias]
7400.3s 1528 Loading weights:  86%|████████▋ | 336/389 [00:00<00:00, 1390.95it/s, Materializing param=encoder.layer.20.intermediate.dense.bias]
7400.3s 1529 Loading weights:  87%|████████▋ | 337/389 [00:00<00:00, 1390.95it/s, Materializing param=encoder.layer.20.intermediate.dense.weight]
7400.3s 1530 Loading weights:  87%|████████▋ | 337/389 [00:00<00:00, 1390.95it/s, Materializing param=encoder.layer.20.intermediate.dense.weight]
7400.3s 1531 Loading weights:  87%|████████▋ | 338/389 [00:00<00:00, 1390.95it/s, Materializing param=encoder.layer.20.output.LayerNorm.bias]
7400.3s 1532 Loading weights:  87%|████████▋ | 338/389 [00:00<00:00, 1390.95it/s, Materializing param=encoder.layer.20.output.LayerNorm.bias]
7400.3s 1533 Loading weights:  87%|████████▋ | 339/389 [00:00<00:00, 1390.95it/s, Materializing param=encoder.layer.20.output.LayerNorm.weight]
7400.3s 1534 Loading weights:  87%|████████▋ | 339/389 [00:00<00:00, 1390.95it/s, Materializing param=encoder.layer.20.output.LayerNorm.weight]
7400.3s 1535 Loading weights:  87%|████████▋ | 340/389 [00:00<00:00, 1390.95it/s, Materializing param=encoder.layer.20.output.dense.bias]
7400.3s 1536 Loading weights:  87%|████████▋ | 340/389 [00:00<00:00, 1390.95it/s, Materializing param=encoder.layer.20.output.dense.bias]
7400.3s 1537 Loading weights:  88%|████████▊ | 341/389 [00:00<00:00, 1390.95it/s, Materializing param=encoder.layer.20.output.dense.weight]
7400.3s 1538 Loading weights:  88%|████████▊ | 341/389 [00:00<00:00, 1390.95it/s, Materializing param=encoder.layer.20.output.dense.weight]
7400.3s 1539 Loading weights:  88%|████████▊ | 342/389 [00:00<00:00, 1390.95it/s, Materializing param=encoder.layer.21.attention.output.LayerNorm.bias]
7400.3s 1540 Loading weights:  88%|████████▊ | 342/389 [00:00<00:00, 1390.95it/s, Materializing param=encoder.layer.21.attention.output.LayerNorm.bias]
7400.3s 1541 Loading weights:  88%|████████▊ | 343/389 [00:00<00:00, 1390.95it/s, Materializing param=encoder.layer.21.attention.output.LayerNorm.weight]
7400.3s 1542 Loading weights:  88%|████████▊ | 343/389 [00:00<00:00, 1390.95it/s, Materializing param=encoder.layer.21.attention.output.LayerNorm.weight]
7400.3s 1543 Loading weights:  88%|████████▊ | 344/389 [00:00<00:00, 1390.95it/s, Materializing param=encoder.layer.21.attention.output.dense.bias]
7400.3s 1544 Loading weights:  88%|████████▊ | 344/389 [00:00<00:00, 1390.95it/s, Materializing param=encoder.layer.21.attention.output.dense.bias]
7400.3s 1545 Loading weights:  89%|████████▊ | 345/389 [00:00<00:00, 1390.95it/s, Materializing param=encoder.layer.21.attention.output.dense.weight]
7400.3s 1546 Loading weights:  89%|████████▊ | 345/389 [00:00<00:00, 1390.95it/s, Materializing param=encoder.layer.21.attention.output.dense.weight]
7400.3s 1547 Loading weights:  89%|████████▉ | 346/389 [00:00<00:00, 1390.95it/s, Materializing param=encoder.layer.21.attention.self.key.bias]
7400.3s 1548 Loading weights:  89%|████████▉ | 346/389 [00:00<00:00, 1390.95it/s, Materializing param=encoder.layer.21.attention.self.key.bias]
7400.3s 1549 Loading weights:  89%|████████▉ | 347/389 [00:00<00:00, 1390.95it/s, Materializing param=encoder.layer.21.attention.self.key.weight]
7400.3s 1550 Loading weights:  89%|████████▉ | 347/389 [00:00<00:00, 1390.95it/s, Materializing param=encoder.layer.21.attention.self.key.weight]
7400.3s 1551 Loading weights:  89%|████████▉ | 348/389 [00:00<00:00, 1390.95it/s, Materializing param=encoder.layer.21.attention.self.query.bias]
7400.3s 1552 Loading weights:  89%|████████▉ | 348/389 [00:00<00:00, 1390.95it/s, Materializing param=encoder.layer.21.attention.self.query.bias]
7400.3s 1553 Loading weights:  90%|████████▉ | 349/389 [00:00<00:00, 1390.95it/s, Materializing param=encoder.layer.21.attention.self.query.weight]
7400.3s 1554 Loading weights:  90%|████████▉ | 349/389 [00:00<00:00, 1390.95it/s, Materializing param=encoder.layer.21.attention.self.query.weight]
7400.3s 1555 Loading weights:  90%|████████▉ | 350/389 [00:00<00:00, 1390.95it/s, Materializing param=encoder.layer.21.attention.self.value.bias]
7400.3s 1556 Loading weights:  90%|████████▉ | 350/389 [00:00<00:00, 1390.95it/s, Materializing param=encoder.layer.21.attention.self.value.bias]
7400.3s 1557 Loading weights:  90%|█████████ | 351/389 [00:00<00:00, 1390.95it/s, Materializing param=encoder.layer.21.attention.self.value.weight]
7400.3s 1558 Loading weights:  90%|█████████ | 351/389 [00:00<00:00, 1390.95it/s, Materializing param=encoder.layer.21.attention.self.value.weight]
7400.3s 1559 Loading weights:  90%|█████████ | 352/389 [00:00<00:00, 1390.95it/s, Materializing param=encoder.layer.21.intermediate.dense.bias]
7400.3s 1560 Loading weights:  90%|█████████ | 352/389 [00:00<00:00, 1390.95it/s, Materializing param=encoder.layer.21.intermediate.dense.bias]
7400.3s 1561 Loading weights:  91%|█████████ | 353/389 [00:00<00:00, 1390.95it/s, Materializing param=encoder.layer.21.intermediate.dense.weight]
7400.3s 1562 Loading weights:  91%|█████████ | 353/389 [00:00<00:00, 1390.95it/s, Materializing param=encoder.layer.21.intermediate.dense.weight]
7400.3s 1563 Loading weights:  91%|█████████ | 354/389 [00:00<00:00, 1390.95it/s, Materializing param=encoder.layer.21.output.LayerNorm.bias]
7400.3s 1564 Loading weights:  91%|█████████ | 354/389 [00:00<00:00, 1390.95it/s, Materializing param=encoder.layer.21.output.LayerNorm.bias]
7400.3s 1565 Loading weights:  91%|█████████▏| 355/389 [00:00<00:00, 1390.95it/s, Materializing param=encoder.layer.21.output.LayerNorm.weight]
7400.3s 1566 Loading weights:  91%|█████████▏| 355/389 [00:00<00:00, 1390.95it/s, Materializing param=encoder.layer.21.output.LayerNorm.weight]
7400.3s 1567 Loading weights:  92%|█████████▏| 356/389 [00:00<00:00, 1390.95it/s, Materializing param=encoder.layer.21.output.dense.bias]
7400.3s 1568 Loading weights:  92%|█████████▏| 356/389 [00:00<00:00, 1390.95it/s, Materializing param=encoder.layer.21.output.dense.bias]
7400.3s 1569 Loading weights:  92%|█████████▏| 357/389 [00:00<00:00, 1390.95it/s, Materializing param=encoder.layer.21.output.dense.weight]
7400.3s 1570 Loading weights:  92%|█████████▏| 357/389 [00:00<00:00, 1390.95it/s, Materializing param=encoder.layer.21.output.dense.weight]
7400.3s 1571 Loading weights:  92%|█████████▏| 358/389 [00:00<00:00, 1390.95it/s, Materializing param=encoder.layer.22.attention.output.LayerNorm.bias]
7400.3s 1572 Loading weights:  92%|█████████▏| 358/389 [00:00<00:00, 1390.95it/s, Materializing param=encoder.layer.22.attention.output.LayerNorm.bias]
7400.3s 1573 Loading weights:  92%|█████████▏| 359/389 [00:00<00:00, 1390.95it/s, Materializing param=encoder.layer.22.attention.output.LayerNorm.weight]
7400.3s 1574 Loading weights:  92%|█████████▏| 359/389 [00:00<00:00, 1390.95it/s, Materializing param=encoder.layer.22.attention.output.LayerNorm.weight]
7400.3s 1575 Loading weights:  93%|█████████▎| 360/389 [00:00<00:00, 1390.95it/s, Materializing param=encoder.layer.22.attention.output.dense.bias]
7400.3s 1576 Loading weights:  93%|█████████▎| 360/389 [00:00<00:00, 1390.95it/s, Materializing param=encoder.layer.22.attention.output.dense.bias]
7400.3s 1577 Loading weights:  93%|█████████▎| 361/389 [00:00<00:00, 1390.95it/s, Materializing param=encoder.layer.22.attention.output.dense.weight]
7400.3s 1578 Loading weights:  93%|█████████▎| 361/389 [00:00<00:00, 1390.95it/s, Materializing param=encoder.layer.22.attention.output.dense.weight]
7400.3s 1579 Loading weights:  93%|█████████▎| 362/389 [00:00<00:00, 1390.95it/s, Materializing param=encoder.layer.22.attention.self.key.bias]
7400.3s 1580 Loading weights:  93%|█████████▎| 362/389 [00:00<00:00, 1390.95it/s, Materializing param=encoder.layer.22.attention.self.key.bias]
7400.3s 1581 Loading weights:  93%|█████████▎| 363/389 [00:00<00:00, 1390.95it/s, Materializing param=encoder.layer.22.attention.self.key.weight]
7400.3s 1582 Loading weights:  93%|█████████▎| 363/389 [00:00<00:00, 1390.95it/s, Materializing param=encoder.layer.22.attention.self.key.weight]
7400.3s 1583 Loading weights:  94%|█████████▎| 364/389 [00:00<00:00, 1390.95it/s, Materializing param=encoder.layer.22.attention.self.query.bias]
7400.3s 1584 Loading weights:  94%|█████████▎| 364/389 [00:00<00:00, 1390.95it/s, Materializing param=encoder.layer.22.attention.self.query.bias]
7400.3s 1585 Loading weights:  94%|█████████▍| 365/389 [00:00<00:00, 1390.95it/s, Materializing param=encoder.layer.22.attention.self.query.weight]
7400.3s 1586 Loading weights:  94%|█████████▍| 365/389 [00:00<00:00, 1390.95it/s, Materializing param=encoder.layer.22.attention.self.query.weight]
7400.3s 1587 Loading weights:  94%|█████████▍| 366/389 [00:00<00:00, 1390.95it/s, Materializing param=encoder.layer.22.attention.self.value.bias]
7400.3s 1588 Loading weights:  94%|█████████▍| 366/389 [00:00<00:00, 1390.95it/s, Materializing param=encoder.layer.22.attention.self.value.bias]
7400.3s 1589 Loading weights:  94%|█████████▍| 367/389 [00:00<00:00, 1390.95it/s, Materializing param=encoder.layer.22.attention.self.value.weight]
7400.3s 1590 Loading weights:  94%|█████████▍| 367/389 [00:00<00:00, 1390.95it/s, Materializing param=encoder.layer.22.attention.self.value.weight]
7400.3s 1591 Loading weights:  95%|█████████▍| 368/389 [00:00<00:00, 1390.95it/s, Materializing param=encoder.layer.22.intermediate.dense.bias]
7400.3s 1592 Loading weights:  95%|█████████▍| 368/389 [00:00<00:00, 1390.95it/s, Materializing param=encoder.layer.22.intermediate.dense.bias]
7400.3s 1593 Loading weights:  95%|█████████▍| 369/389 [00:00<00:00, 1390.95it/s, Materializing param=encoder.layer.22.intermediate.dense.weight]
7400.3s 1594 Loading weights:  95%|█████████▍| 369/389 [00:00<00:00, 1390.95it/s, Materializing param=encoder.layer.22.intermediate.dense.weight]
7400.3s 1595 Loading weights:  95%|█████████▌| 370/389 [00:00<00:00, 1390.95it/s, Materializing param=encoder.layer.22.output.LayerNorm.bias]
7400.3s 1596 Loading weights:  95%|█████████▌| 370/389 [00:00<00:00, 1390.95it/s, Materializing param=encoder.layer.22.output.LayerNorm.bias]
7400.3s 1597 Loading weights:  95%|█████████▌| 371/389 [00:00<00:00, 1390.95it/s, Materializing param=encoder.layer.22.output.LayerNorm.weight]
7400.3s 1598 Loading weights:  95%|█████████▌| 371/389 [00:00<00:00, 1390.95it/s, Materializing param=encoder.layer.22.output.LayerNorm.weight]
7400.3s 1599 Loading weights:  96%|█████████▌| 372/389 [00:00<00:00, 1390.95it/s, Materializing param=encoder.layer.22.output.dense.bias]
7400.3s 1600 Loading weights:  96%|█████████▌| 372/389 [00:00<00:00, 1390.95it/s, Materializing param=encoder.layer.22.output.dense.bias]
7400.3s 1601 Loading weights:  96%|█████████▌| 373/389 [00:00<00:00, 1390.95it/s, Materializing param=encoder.layer.22.output.dense.weight]
7400.3s 1602 Loading weights:  96%|█████████▌| 373/389 [00:00<00:00, 1390.95it/s, Materializing param=encoder.layer.22.output.dense.weight]
7400.3s 1603 Loading weights:  96%|█████████▌| 374/389 [00:00<00:00, 1390.95it/s, Materializing param=encoder.layer.23.attention.output.LayerNorm.bias]
7400.3s 1604 Loading weights:  96%|█████████▌| 374/389 [00:00<00:00, 1390.95it/s, Materializing param=encoder.layer.23.attention.output.LayerNorm.bias]
7400.3s 1605 Loading weights:  96%|█████████▋| 375/389 [00:00<00:00, 1390.95it/s, Materializing param=encoder.layer.23.attention.output.LayerNorm.weight]
7400.3s 1606 Loading weights:  96%|█████████▋| 375/389 [00:00<00:00, 1390.95it/s, Materializing param=encoder.layer.23.attention.output.LayerNorm.weight]
7400.3s 1607 Loading weights:  97%|█████████▋| 376/389 [00:00<00:00, 1390.95it/s, Materializing param=encoder.layer.23.attention.output.dense.bias]
7400.3s 1608 Loading weights:  97%|█████████▋| 376/389 [00:00<00:00, 1390.95it/s, Materializing param=encoder.layer.23.attention.output.dense.bias]
7400.3s 1609 Loading weights:  97%|█████████▋| 377/389 [00:00<00:00, 1390.95it/s, Materializing param=encoder.layer.23.attention.output.dense.weight]
7400.3s 1610 Loading weights:  97%|█████████▋| 377/389 [00:00<00:00, 1390.95it/s, Materializing param=encoder.layer.23.attention.output.dense.weight]
7400.3s 1611 Loading weights:  97%|█████████▋| 378/389 [00:00<00:00, 1390.95it/s, Materializing param=encoder.layer.23.attention.self.key.bias]
7400.3s 1612 Loading weights:  97%|█████████▋| 378/389 [00:00<00:00, 1390.95it/s, Materializing param=encoder.layer.23.attention.self.key.bias]
7400.3s 1613 Loading weights:  97%|█████████▋| 379/389 [00:00<00:00, 1390.95it/s, Materializing param=encoder.layer.23.attention.self.key.weight]
7400.3s 1614 Loading weights:  97%|█████████▋| 379/389 [00:00<00:00, 1390.95it/s, Materializing param=encoder.layer.23.attention.self.key.weight]
7400.3s 1615 Loading weights:  98%|█████████▊| 380/389 [00:00<00:00, 1390.95it/s, Materializing param=encoder.layer.23.attention.self.query.bias]
7400.3s 1616 Loading weights:  98%|█████████▊| 380/389 [00:00<00:00, 1390.95it/s, Materializing param=encoder.layer.23.attention.self.query.bias]
7400.3s 1617 Loading weights:  98%|█████████▊| 381/389 [00:00<00:00, 1390.95it/s, Materializing param=encoder.layer.23.attention.self.query.weight]
7400.3s 1618 Loading weights:  98%|█████████▊| 381/389 [00:00<00:00, 1390.95it/s, Materializing param=encoder.layer.23.attention.self.query.weight]
7400.3s 1619 Loading weights:  98%|█████████▊| 382/389 [00:00<00:00, 1390.95it/s, Materializing param=encoder.layer.23.attention.self.value.bias]
7400.3s 1620 Loading weights:  98%|█████████▊| 382/389 [00:00<00:00, 1390.95it/s, Materializing param=encoder.layer.23.attention.self.value.bias]
7400.3s 1621 Loading weights:  98%|█████████▊| 383/389 [00:00<00:00, 1390.95it/s, Materializing param=encoder.layer.23.attention.self.value.weight]
7400.3s 1622 Loading weights:  98%|█████████▊| 383/389 [00:00<00:00, 1390.95it/s, Materializing param=encoder.layer.23.attention.self.value.weight]
7400.3s 1623 Loading weights:  99%|█████████▊| 384/389 [00:00<00:00, 1390.95it/s, Materializing param=encoder.layer.23.intermediate.dense.bias]
7400.3s 1624 Loading weights:  99%|█████████▊| 384/389 [00:00<00:00, 1390.95it/s, Materializing param=encoder.layer.23.intermediate.dense.bias]
7400.3s 1625 Loading weights:  99%|█████████▉| 385/389 [00:00<00:00, 1390.95it/s, Materializing param=encoder.layer.23.intermediate.dense.weight]
7400.3s 1626 Loading weights:  99%|█████████▉| 385/389 [00:00<00:00, 1390.95it/s, Materializing param=encoder.layer.23.intermediate.dense.weight]
7400.3s 1627 Loading weights:  99%|█████████▉| 386/389 [00:00<00:00, 1390.95it/s, Materializing param=encoder.layer.23.output.LayerNorm.bias]
7400.3s 1628 Loading weights:  99%|█████████▉| 386/389 [00:00<00:00, 1390.95it/s, Materializing param=encoder.layer.23.output.LayerNorm.bias]
7400.3s 1629 Loading weights:  99%|█████████▉| 387/389 [00:00<00:00, 1390.95it/s, Materializing param=encoder.layer.23.output.LayerNorm.weight]
7400.3s 1630 Loading weights:  99%|█████████▉| 387/389 [00:00<00:00, 1390.95it/s, Materializing param=encoder.layer.23.output.LayerNorm.weight]
7400.3s 1631 Loading weights: 100%|█████████▉| 388/389 [00:00<00:00, 1390.95it/s, Materializing param=encoder.layer.23.output.dense.bias]
7400.3s 1632 Loading weights: 100%|█████████▉| 388/389 [00:00<00:00, 1390.95it/s, Materializing param=encoder.layer.23.output.dense.bias]
7400.3s 1633 Loading weights: 100%|██████████| 389/389 [00:00<00:00, 1390.95it/s, Materializing param=encoder.layer.23.output.dense.weight]
7400.3s 1634 Loading weights: 100%|██████████| 389/389 [00:00<00:00, 1390.95it/s, Materializing param=encoder.layer.23.output.dense.weight]
7400.3s 1635 Loading weights: 100%|██████████| 389/389 [00:00<00:00, 1672.26it/s, Materializing param=encoder.layer.23.output.dense.weight]
7400.3s 1636 BertModel LOAD REPORT from: artifacts/runs/tapt-muril-large-oof
7400.3s 1637 Key                                        | Status     |
7400.3s 1638 -------------------------------------------+------------+-
7400.3s 1639 cls.predictions.decoder.weight             | UNEXPECTED |
7400.3s 1640 cls.predictions.transform.LayerNorm.weight | UNEXPECTED |
7400.3s 1641 cls.predictions.transform.LayerNorm.bias   | UNEXPECTED |
7400.3s 1642 cls.predictions.transform.dense.bias       | UNEXPECTED |
7400.3s 1643 cls.predictions.decoder.bias               | UNEXPECTED |
7400.3s 1644 cls.predictions.transform.dense.weight     | UNEXPECTED |
7400.3s 1645 cls.predictions.bias                       | UNEXPECTED |
7400.3s 1646 pooler.dense.bias                          | MISSING    |
7400.3s 1647 pooler.dense.weight                        | MISSING    |
7400.3s 1648 
7400.3s 1649 Notes:
7400.3s 1650 - UNEXPECTED	:can be ignored when loading from different task/architecture; not ok if you expect identical arch.
7400.3s 1651 - MISSING	:those params were newly initialized because missing from the checkpoint. Consider training on your downstream task.
7607.8s 1652 [s42f1] ep1 315/631 loss 1.8158 val 0.1819 * (0.66s/step)
7622.1s 1653 Traceback (most recent call last):
7622.1s 1654 File "<frozen runpy>", line 198, in _run_module_as_main
7622.1s 1655 File "<frozen runpy>", line 88, in _run_code
7622.1s 1656 File "/kaggle/working/hastika/src/hastika/task_b/train.py", line 355, in <module>
7622.1s 1657 main()
7622.1s 1658 File "/kaggle/working/hastika/src/hastika/task_b/train.py", line 268, in main
7622.1s 1659 _, p_va, p_te = train_fold(args, tok, Xtr, y[tr_i], Xva, y[va_i],
7622.1s 1660 ^^^^^^^^^^^^^^^^^^^^^^^^^^^^^^^^^^^^^^^^^^^^^^^^^
7622.1s 1661 File "/kaggle/working/hastika/src/hastika/models/muril.py", line 462, in train_fold
7622.1s 1662 scaler.scale(loss / args.grad_accum).backward()
7622.1s 1663 File "/usr/local/lib/python3.12/dist-packages/torch/_tensor.py", line 630, in backward
7622.1s 1664 torch.autograd.backward(
7622.1s 1665 File "/usr/local/lib/python3.12/dist-packages/torch/autograd/__init__.py", line 364, in backward
7622.1s 1666 _engine_run_backward(
7622.1s 1667 File "/usr/local/lib/python3.12/dist-packages/torch/autograd/graph.py", line 865, in _engine_run_backward
7622.1s 1668 return Variable._execution_engine.run_backward(  # Calls into the C++ engine to run the backward pass
7622.1s 1669 ^^^^^^^^^^^^^^^^^^^^^^^^^^^^^^^^^^^^^^^^^^^^^^^^^^^^^^^^^^^^^^^^^^^^^^^^^^^^^^^^^^^^^^^^^^^^^^
7622.1s 1670 torch.OutOfMemoryError: CUDA out of memory. Tried to allocate 772.00 MiB. GPU 0 has a total capacity of 14.56 GiB of which 764.81 MiB is free. Including non-PyTorch memory, this process has 13.81 GiB memory in use. Of the allocated memory 13.01 GiB is allocated by PyTorch, and 680.03 MiB is reserved by PyTorch but unallocated. If reserved but unallocated memory is large try setting PYTORCH_ALLOC_CONF=expandable_segments:True to avoid fragmentation.  See documentation for Memory Management  (https://pytorch.org/docs/stable/notes/cuda.html#environment-variables)
7624.1s 1671 Traceback (most recent call last):
7624.1s 1672 File "<string>", line 1, in <module>
7624.1s 1673 File "/usr/local/lib/python3.12/dist-packages/papermill/execute.py", line 131, in execute_notebook
7624.1s 1674 raise_for_execution_errors(nb, output_path)
7624.1s 1675 File "/usr/local/lib/python3.12/dist-packages/papermill/execute.py", line 251, in raise_for_execution_errors
7624.2s 1676 raise error
7624.2s 1677 papermill.exceptions.PapermillExecutionError:
7624.2s 1678 ---------------------------------------------------------------------------
7624.2s 1679 Exception encountered at "In [3]":
7624.2s 1680 ---------------------------------------------------------------------------
7624.2s 1681 RuntimeError                              Traceback (most recent call last)
7624.2s 1682 /tmp/ipykernel_23/3419100159.py in <cell line: 0>()
7624.2s 1683 2 TRAIN_LOG = pathlib.Path("artifacts/logs") / f"{TAG}.log"
7624.2s 1684 3 RUN_DIR = pathlib.Path("artifacts/runs") / TAG
7624.2s 1685 ----> 4 run([sys.executable, "-u", "-m", "hastika.task_b.train",
7624.2s 1686 5      "--tag", TAG, "--model", TAPT_OUT,
7624.2s 1687 6      "--folds", "5", "--no-dedupe",
7624.2s 1688 
7624.2s 1689 /tmp/ipykernel_23/69745814.py in run(cmd, log)
7624.2s 1690 33         fh.close()
7624.2s 1691 34     if p.returncode:
7624.2s 1692 ---> 35         raise RuntimeError(f"exit {p.returncode}: {cmd}")
7624.2s 1693 
7624.2s 1694 RuntimeError: exit 1: ['/usr/bin/python3', '-u', '-m', 'hastika.task_b.train', '--tag', 'b_muril_large_oof', '--model', 'artifacts/runs/tapt-muril-large-oof', '--folds', '5', '--no-dedupe', '--reinit-layers', '1', '--rdrop', '0.5', '--no-fgm', '--lr', '1e-5', '--bs', '4', '--grad-accum', '4', '--eval-bs', '16', '--aux-weight', '0', '--seeds', '42', '--epochs', '6']
7624.2s 1695 
7626.7s 1696 /usr/local/lib/python3.12/dist-packages/mistune.py:435: SyntaxWarning: invalid escape sequence '\|'
7626.7s 1697 cells[i][c] = re.sub('\\\\\|', '|', cell)
7626.9s 1698 /usr/local/lib/python3.12/dist-packages/nbconvert/filters/filter_links.py:36: SyntaxWarning: invalid escape sequence '\_'
7626.9s 1699 text = re.sub(r'_', '\_', text) # Escape underscores in display text
7627.6s 1700 [NbConvertApp] Converting notebook __notebook__.ipynb to notebook
7628.0s 1701 [NbConvertApp] Writing 253989 bytes to __notebook__.ipynb
7630.8s 1702 [NbConvertApp] Converting notebook __notebook__.ipynb to html
7631.8s 1703 [NbConvertApp] Writing 532198 bytes to __results__.html