7.6s 1 0.00s - Debugger warning: It seems that frozen modules are being used, which may
7.6s 2 0.00s - make the debugger miss breakpoints. Please pass -Xfrozen_modules=off
7.6s 3 0.00s - to python to disable frozen modules.
7.6s 4 0.00s - Note: Debugging will proceed. Set PYDEVD_DISABLE_FILE_VALIDATION=1 to disable this validation.
8.3s 5 0.00s - Debugger warning: It seems that frozen modules are being used, which may
8.3s 6 0.00s - make the debugger miss breakpoints. Please pass -Xfrozen_modules=off
8.3s 7 0.00s - to python to disable frozen modules.
8.3s 8 0.00s - Note: Debugging will proceed. Set PYDEVD_DISABLE_FILE_VALIDATION=1 to disable this validation.
10.4s 9 d8bef1c docs: add the Run 11 notebook and document both queued runs explicitly
10.6s 10 repo: /kaggle/working/hastika
10.6s 11 d8bef1c docs: add the Run 11 notebook and document both queued runs explicitly
13.1s 12 ━━━━━━━━━━━━━━━━━━━━━━━━━━━━━━━━━━━━━━━━ 44.8/44.8 kB 1.4 MB/s eta 0:00:00
13.3s 13 ━━━━━━━━━━━━━━━━━━━━━━━━━━━━━━━━━━━━━━━━ 44.8/44.8 kB 1.4 MB/s eta 0:00:00
20.6s 14 gpu: Tesla T4
20.6s 15 $ /usr/bin/python3 -u -m hastika.task_b.tapt --corpus data/raw/multiclass_train.csv data/external/offenseval_kn.csv --val-frac 0 --min-words 1 --no-dedupe --epochs 8 --out artifacts/runs/tapt-ctxdecode
45.2s 16 device=cuda model=google/muril-base-cased
45.5s 17 data/raw/multiclass_train.csv: 3159 rows
45.8s 18 data/external/offenseval_kn.csv: 3247 rows
45.8s 19 corpus: 6406 unique comments (from 6406)
46.0s 20 Warning: You are sending unauthenticated requests to the HF Hub. Please set a HF_TOKEN to enable higher rate limits and faster downloads.
55.8s 21 
55.8s 22 Loading weights:   0%|          | 0/204 [00:00<?, ?it/s]
55.8s 23 Loading weights:   0%|          | 1/204 [00:00<00:00, 12483.05it/s, Materializing param=bert.embeddings.LayerNorm.bias]
55.8s 24 Loading weights:   0%|          | 1/204 [00:00<00:00, 1907.37it/s, Materializing param=bert.embeddings.LayerNorm.bias]
55.8s 25 Loading weights:   1%|          | 2/204 [00:00<00:00, 2319.86it/s, Materializing param=bert.embeddings.LayerNorm.weight]
55.8s 26 Loading weights:   1%|          | 2/204 [00:00<00:00, 2049.00it/s, Materializing param=bert.embeddings.LayerNorm.weight]
55.8s 27 Loading weights:   1%|▏         | 3/204 [00:00<00:00, 2509.06it/s, Materializing param=bert.embeddings.position_embeddings.weight]
55.8s 28 Loading weights:   1%|▏         | 3/204 [00:00<00:00, 2299.51it/s, Materializing param=bert.embeddings.position_embeddings.weight]
55.8s 29 Loading weights:   2%|▏         | 4/204 [00:00<00:00, 1663.09it/s, Materializing param=bert.embeddings.token_type_embeddings.weight]
55.8s 30 Loading weights:   2%|▏         | 4/204 [00:00<00:00, 1577.40it/s, Materializing param=bert.embeddings.token_type_embeddings.weight]
55.8s 31 Loading weights:   2%|▏         | 5/204 [00:00<00:00, 1689.62it/s, Materializing param=bert.embeddings.word_embeddings.weight]
55.8s 32 Loading weights:   2%|▏         | 5/204 [00:00<00:00, 1185.37it/s, Materializing param=bert.embeddings.word_embeddings.weight]
55.8s 33 Loading weights:   3%|▎         | 6/204 [00:00<00:00, 1121.82it/s, Materializing param=bert.encoder.layer.0.attention.output.LayerNorm.bias]
55.8s 34 Loading weights:   3%|▎         | 6/204 [00:00<00:00, 1014.83it/s, Materializing param=bert.encoder.layer.0.attention.output.LayerNorm.bias]
55.8s 35 Loading weights:   3%|▎         | 7/204 [00:00<00:00, 1041.92it/s, Materializing param=bert.encoder.layer.0.attention.output.LayerNorm.weight]
55.8s 36 Loading weights:   3%|▎         | 7/204 [00:00<00:00, 776.05it/s, Materializing param=bert.encoder.layer.0.attention.output.LayerNorm.weight]
55.8s 37 Loading weights:   4%|▍         | 8/204 [00:00<00:00, 865.18it/s, Materializing param=bert.encoder.layer.0.attention.output.dense.bias]
55.8s 38 Loading weights:   4%|▍         | 8/204 [00:00<00:00, 857.47it/s, Materializing param=bert.encoder.layer.0.attention.output.dense.bias]
55.8s 39 Loading weights:   4%|▍         | 9/204 [00:00<00:00, 949.63it/s, Materializing param=bert.encoder.layer.0.attention.output.dense.weight]
55.8s 40 Loading weights:   4%|▍         | 9/204 [00:00<00:00, 942.56it/s, Materializing param=bert.encoder.layer.0.attention.output.dense.weight]
55.8s 41 Loading weights:   5%|▍         | 10/204 [00:00<00:00, 1024.95it/s, Materializing param=bert.encoder.layer.0.attention.self.key.bias]
55.8s 42 Loading weights:   5%|▍         | 10/204 [00:00<00:00, 1010.77it/s, Materializing param=bert.encoder.layer.0.attention.self.key.bias]
55.8s 43 Loading weights:   5%|▌         | 11/204 [00:00<00:00, 1096.11it/s, Materializing param=bert.encoder.layer.0.attention.self.key.weight]
55.8s 44 Loading weights:   5%|▌         | 11/204 [00:00<00:00, 1089.04it/s, Materializing param=bert.encoder.layer.0.attention.self.key.weight]
55.8s 45 Loading weights:   6%|▌         | 12/204 [00:00<00:00, 1172.66it/s, Materializing param=bert.encoder.layer.0.attention.self.query.bias]
55.8s 46 Loading weights:   6%|▌         | 12/204 [00:00<00:00, 1165.81it/s, Materializing param=bert.encoder.layer.0.attention.self.query.bias]
55.8s 47 Loading weights:   6%|▋         | 13/204 [00:00<00:00, 1248.36it/s, Materializing param=bert.encoder.layer.0.attention.self.query.weight]
55.8s 48 Loading weights:   6%|▋         | 13/204 [00:00<00:00, 1238.18it/s, Materializing param=bert.encoder.layer.0.attention.self.query.weight]
55.8s 49 Loading weights:   7%|▋         | 14/204 [00:00<00:00, 1317.16it/s, Materializing param=bert.encoder.layer.0.attention.self.value.bias]
55.8s 50 Loading weights:   7%|▋         | 14/204 [00:00<00:00, 1304.11it/s, Materializing param=bert.encoder.layer.0.attention.self.value.bias]
55.8s 51 Loading weights:   7%|▋         | 15/204 [00:00<00:00, 1377.11it/s, Materializing param=bert.encoder.layer.0.attention.self.value.weight]
55.8s 52 Loading weights:   7%|▋         | 15/204 [00:00<00:00, 1369.02it/s, Materializing param=bert.encoder.layer.0.attention.self.value.weight]
55.8s 53 Loading weights:   8%|▊         | 16/204 [00:00<00:00, 1445.10it/s, Materializing param=bert.encoder.layer.0.intermediate.dense.bias]
55.8s 54 Loading weights:   8%|▊         | 16/204 [00:00<00:00, 1437.30it/s, Materializing param=bert.encoder.layer.0.intermediate.dense.bias]
55.8s 55 Loading weights:   8%|▊         | 17/204 [00:00<00:00, 1512.10it/s, Materializing param=bert.encoder.layer.0.intermediate.dense.weight]
55.8s 56 Loading weights:   8%|▊         | 17/204 [00:00<00:00, 1504.16it/s, Materializing param=bert.encoder.layer.0.intermediate.dense.weight]
55.8s 57 Loading weights:   9%|▉         | 18/204 [00:00<00:00, 1575.23it/s, Materializing param=bert.encoder.layer.0.output.LayerNorm.bias]
55.8s 58 Loading weights:   9%|▉         | 18/204 [00:00<00:00, 1566.83it/s, Materializing param=bert.encoder.layer.0.output.LayerNorm.bias]
55.8s 59 Loading weights:   9%|▉         | 19/204 [00:00<00:00, 1638.03it/s, Materializing param=bert.encoder.layer.0.output.LayerNorm.weight]
55.8s 60 Loading weights:   9%|▉         | 19/204 [00:00<00:00, 1628.02it/s, Materializing param=bert.encoder.layer.0.output.LayerNorm.weight]
55.8s 61 Loading weights:  10%|▉         | 20/204 [00:00<00:00, 1686.12it/s, Materializing param=bert.encoder.layer.0.output.dense.bias]
55.8s 62 Loading weights:  10%|▉         | 20/204 [00:00<00:00, 1675.54it/s, Materializing param=bert.encoder.layer.0.output.dense.bias]
55.8s 63 Loading weights:  10%|█         | 21/204 [00:00<00:00, 1742.44it/s, Materializing param=bert.encoder.layer.0.output.dense.weight]
55.8s 64 Loading weights:  10%|█         | 21/204 [00:00<00:00, 1733.90it/s, Materializing param=bert.encoder.layer.0.output.dense.weight]
55.8s 65 Loading weights:  11%|█         | 22/204 [00:00<00:00, 1798.20it/s, Materializing param=bert.encoder.layer.1.attention.output.LayerNorm.bias]
55.8s 66 Loading weights:  11%|█         | 22/204 [00:00<00:00, 1789.00it/s, Materializing param=bert.encoder.layer.1.attention.output.LayerNorm.bias]
55.8s 67 Loading weights:  11%|█▏        | 23/204 [00:00<00:00, 1852.79it/s, Materializing param=bert.encoder.layer.1.attention.output.LayerNorm.weight]
55.8s 68 Loading weights:  11%|█▏        | 23/204 [00:00<00:00, 1843.69it/s, Materializing param=bert.encoder.layer.1.attention.output.LayerNorm.weight]
55.8s 69 Loading weights:  12%|█▏        | 24/204 [00:00<00:00, 1903.76it/s, Materializing param=bert.encoder.layer.1.attention.output.dense.bias]
55.8s 70 Loading weights:  12%|█▏        | 24/204 [00:00<00:00, 1893.45it/s, Materializing param=bert.encoder.layer.1.attention.output.dense.bias]
55.8s 71 Loading weights:  12%|█▏        | 25/204 [00:00<00:00, 1951.20it/s, Materializing param=bert.encoder.layer.1.attention.output.dense.weight]
55.8s 72 Loading weights:  12%|█▏        | 25/204 [00:00<00:00, 1939.65it/s, Materializing param=bert.encoder.layer.1.attention.output.dense.weight]
55.8s 73 Loading weights:  13%|█▎        | 26/204 [00:00<00:00, 1998.35it/s, Materializing param=bert.encoder.layer.1.attention.self.key.bias]
55.8s 74 Loading weights:  13%|█▎        | 26/204 [00:00<00:00, 1989.09it/s, Materializing param=bert.encoder.layer.1.attention.self.key.bias]
55.8s 75 Loading weights:  13%|█▎        | 27/204 [00:00<00:00, 2022.18it/s, Materializing param=bert.encoder.layer.1.attention.self.key.weight]
55.8s 76 Loading weights:  13%|█▎        | 27/204 [00:00<00:00, 2004.36it/s, Materializing param=bert.encoder.layer.1.attention.self.key.weight]
55.8s 77 Loading weights:  14%|█▎        | 28/204 [00:00<00:00, 2037.13it/s, Materializing param=bert.encoder.layer.1.attention.self.query.bias]
55.8s 78 Loading weights:  14%|█▎        | 28/204 [00:00<00:00, 2023.89it/s, Materializing param=bert.encoder.layer.1.attention.self.query.bias]
55.8s 79 Loading weights:  14%|█▍        | 29/204 [00:00<00:00, 2073.77it/s, Materializing param=bert.encoder.layer.1.attention.self.query.weight]
55.8s 80 Loading weights:  14%|█▍        | 29/204 [00:00<00:00, 2063.60it/s, Materializing param=bert.encoder.layer.1.attention.self.query.weight]
55.8s 81 Loading weights:  15%|█▍        | 30/204 [00:00<00:00, 2108.86it/s, Materializing param=bert.encoder.layer.1.attention.self.value.bias]
55.8s 82 Loading weights:  15%|█▍        | 30/204 [00:00<00:00, 2098.31it/s, Materializing param=bert.encoder.layer.1.attention.self.value.bias]
55.8s 83 Loading weights:  15%|█▌        | 31/204 [00:00<00:00, 2048.61it/s, Materializing param=bert.encoder.layer.1.attention.self.value.weight]
55.8s 84 Loading weights:  15%|█▌        | 31/204 [00:00<00:00, 2036.74it/s, Materializing param=bert.encoder.layer.1.attention.self.value.weight]
55.8s 85 Loading weights:  16%|█▌        | 32/204 [00:00<00:00, 2083.87it/s, Materializing param=bert.encoder.layer.1.intermediate.dense.bias]
55.8s 86 Loading weights:  16%|█▌        | 32/204 [00:00<00:00, 2075.04it/s, Materializing param=bert.encoder.layer.1.intermediate.dense.bias]
55.8s 87 Loading weights:  16%|█▌        | 33/204 [00:00<00:00, 2124.06it/s, Materializing param=bert.encoder.layer.1.intermediate.dense.weight]
55.8s 88 Loading weights:  16%|█▌        | 33/204 [00:00<00:00, 2113.87it/s, Materializing param=bert.encoder.layer.1.intermediate.dense.weight]
55.8s 89 Loading weights:  17%|█▋        | 34/204 [00:00<00:00, 2148.53it/s, Materializing param=bert.encoder.layer.1.output.LayerNorm.bias]
55.8s 90 Loading weights:  17%|█▋        | 34/204 [00:00<00:00, 2137.74it/s, Materializing param=bert.encoder.layer.1.output.LayerNorm.bias]
55.8s 91 Loading weights:  17%|█▋        | 35/204 [00:00<00:00, 2184.44it/s, Materializing param=bert.encoder.layer.1.output.LayerNorm.weight]
55.8s 92 Loading weights:  17%|█▋        | 35/204 [00:00<00:00, 2176.40it/s, Materializing param=bert.encoder.layer.1.output.LayerNorm.weight]
55.8s 93 Loading weights:  18%|█▊        | 36/204 [00:00<00:00, 2222.12it/s, Materializing param=bert.encoder.layer.1.output.dense.bias]
55.8s 94 Loading weights:  18%|█▊        | 36/204 [00:00<00:00, 2214.10it/s, Materializing param=bert.encoder.layer.1.output.dense.bias]
55.8s 95 Loading weights:  18%|█▊        | 37/204 [00:00<00:00, 2258.48it/s, Materializing param=bert.encoder.layer.1.output.dense.weight]
55.8s 96 Loading weights:  18%|█▊        | 37/204 [00:00<00:00, 2250.49it/s, Materializing param=bert.encoder.layer.1.output.dense.weight]
55.8s 97 Loading weights:  19%|█▊        | 38/204 [00:00<00:00, 2296.79it/s, Materializing param=bert.encoder.layer.2.attention.output.LayerNorm.bias]
55.8s 98 Loading weights:  19%|█▊        | 38/204 [00:00<00:00, 2288.61it/s, Materializing param=bert.encoder.layer.2.attention.output.LayerNorm.bias]
55.8s 99 Loading weights:  19%|█▉        | 39/204 [00:00<00:00, 2317.46it/s, Materializing param=bert.encoder.layer.2.attention.output.LayerNorm.weight]
55.8s 100 Loading weights:  19%|█▉        | 39/204 [00:00<00:00, 2307.00it/s, Materializing param=bert.encoder.layer.2.attention.output.LayerNorm.weight]
55.8s 101 Loading weights:  20%|█▉        | 40/204 [00:00<00:00, 2349.52it/s, Materializing param=bert.encoder.layer.2.attention.output.dense.bias]
55.8s 102 Loading weights:  20%|█▉        | 40/204 [00:00<00:00, 2341.49it/s, Materializing param=bert.encoder.layer.2.attention.output.dense.bias]
55.8s 103 Loading weights:  20%|██        | 41/204 [00:00<00:00, 2385.08it/s, Materializing param=bert.encoder.layer.2.attention.output.dense.weight]
55.8s 104 Loading weights:  20%|██        | 41/204 [00:00<00:00, 2377.20it/s, Materializing param=bert.encoder.layer.2.attention.output.dense.weight]
55.8s 105 Loading weights:  21%|██        | 42/204 [00:00<00:00, 2421.02it/s, Materializing param=bert.encoder.layer.2.attention.self.key.bias]
55.8s 106 Loading weights:  21%|██        | 42/204 [00:00<00:00, 2413.33it/s, Materializing param=bert.encoder.layer.2.attention.self.key.bias]
55.8s 107 Loading weights:  21%|██        | 43/204 [00:00<00:00, 2455.61it/s, Materializing param=bert.encoder.layer.2.attention.self.key.weight]
55.8s 108 Loading weights:  21%|██        | 43/204 [00:00<00:00, 2447.88it/s, Materializing param=bert.encoder.layer.2.attention.self.key.weight]
55.8s 109 Loading weights:  22%|██▏       | 44/204 [00:00<00:00, 2488.36it/s, Materializing param=bert.encoder.layer.2.attention.self.query.bias]
55.8s 110 Loading weights:  22%|██▏       | 44/204 [00:00<00:00, 2470.08it/s, Materializing param=bert.encoder.layer.2.attention.self.query.bias]
55.8s 111 Loading weights:  22%|██▏       | 45/204 [00:00<00:00, 2503.80it/s, Materializing param=bert.encoder.layer.2.attention.self.query.weight]
55.8s 112 Loading weights:  22%|██▏       | 45/204 [00:00<00:00, 2494.99it/s, Materializing param=bert.encoder.layer.2.attention.self.query.weight]
55.8s 113 Loading weights:  23%|██▎       | 46/204 [00:00<00:00, 2534.39it/s, Materializing param=bert.encoder.layer.2.attention.self.value.bias]
55.8s 114 Loading weights:  23%|██▎       | 46/204 [00:00<00:00, 2525.90it/s, Materializing param=bert.encoder.layer.2.attention.self.value.bias]
55.8s 115 Loading weights:  23%|██▎       | 47/204 [00:00<00:00, 2564.79it/s, Materializing param=bert.encoder.layer.2.attention.self.value.weight]
55.8s 116 Loading weights:  23%|██▎       | 47/204 [00:00<00:00, 2556.28it/s, Materializing param=bert.encoder.layer.2.attention.self.value.weight]
55.8s 117 Loading weights:  24%|██▎       | 48/204 [00:00<00:00, 2595.15it/s, Materializing param=bert.encoder.layer.2.intermediate.dense.bias]
55.8s 118 Loading weights:  24%|██▎       | 48/204 [00:00<00:00, 2586.75it/s, Materializing param=bert.encoder.layer.2.intermediate.dense.bias]
55.8s 119 Loading weights:  24%|██▍       | 49/204 [00:00<00:00, 2624.69it/s, Materializing param=bert.encoder.layer.2.intermediate.dense.weight]
55.8s 120 Loading weights:  24%|██▍       | 49/204 [00:00<00:00, 2613.61it/s, Materializing param=bert.encoder.layer.2.intermediate.dense.weight]
55.8s 121 Loading weights:  25%|██▍       | 50/204 [00:00<00:00, 2647.62it/s, Materializing param=bert.encoder.layer.2.output.LayerNorm.bias]
55.8s 122 Loading weights:  25%|██▍       | 50/204 [00:00<00:00, 2638.69it/s, Materializing param=bert.encoder.layer.2.output.LayerNorm.bias]
55.8s 123 Loading weights:  25%|██▌       | 51/204 [00:00<00:00, 2675.11it/s, Materializing param=bert.encoder.layer.2.output.LayerNorm.weight]
55.8s 124 Loading weights:  25%|██▌       | 51/204 [00:00<00:00, 2666.50it/s, Materializing param=bert.encoder.layer.2.output.LayerNorm.weight]
55.8s 125 Loading weights:  25%|██▌       | 52/204 [00:00<00:00, 2702.25it/s, Materializing param=bert.encoder.layer.2.output.dense.bias]
55.8s 126 Loading weights:  25%|██▌       | 52/204 [00:00<00:00, 2694.67it/s, Materializing param=bert.encoder.layer.2.output.dense.bias]
55.8s 127 Loading weights:  26%|██▌       | 53/204 [00:00<00:00, 2732.41it/s, Materializing param=bert.encoder.layer.2.output.dense.weight]
55.8s 128 Loading weights:  26%|██▌       | 53/204 [00:00<00:00, 2724.98it/s, Materializing param=bert.encoder.layer.2.output.dense.weight]
55.8s 129 Loading weights:  26%|██▋       | 54/204 [00:00<00:00, 2762.27it/s, Materializing param=bert.encoder.layer.3.attention.output.LayerNorm.bias]
55.8s 130 Loading weights:  26%|██▋       | 54/204 [00:00<00:00, 2754.41it/s, Materializing param=bert.encoder.layer.3.attention.output.LayerNorm.bias]
55.8s 131 Loading weights:  27%|██▋       | 55/204 [00:00<00:00, 2775.35it/s, Materializing param=bert.encoder.layer.3.attention.output.LayerNorm.weight]
55.8s 132 Loading weights:  27%|██▋       | 55/204 [00:00<00:00, 2761.33it/s, Materializing param=bert.encoder.layer.3.attention.output.LayerNorm.weight]
55.8s 133 Loading weights:  27%|██▋       | 56/204 [00:00<00:00, 2782.92it/s, Materializing param=bert.encoder.layer.3.attention.output.dense.bias]
55.8s 134 Loading weights:  27%|██▋       | 56/204 [00:00<00:00, 2770.93it/s, Materializing param=bert.encoder.layer.3.attention.output.dense.bias]
55.8s 135 Loading weights:  28%|██▊       | 57/204 [00:00<00:00, 2793.20it/s, Materializing param=bert.encoder.layer.3.attention.output.dense.weight]
55.8s 136 Loading weights:  28%|██▊       | 57/204 [00:00<00:00, 2776.72it/s, Materializing param=bert.encoder.layer.3.attention.output.dense.weight]
55.8s 137 Loading weights:  28%|██▊       | 58/204 [00:00<00:00, 2794.72it/s, Materializing param=bert.encoder.layer.3.attention.self.key.bias]
55.8s 138 Loading weights:  28%|██▊       | 58/204 [00:00<00:00, 2779.40it/s, Materializing param=bert.encoder.layer.3.attention.self.key.bias]
55.8s 139 Loading weights:  29%|██▉       | 59/204 [00:00<00:00, 2791.91it/s, Materializing param=bert.encoder.layer.3.attention.self.key.weight]
55.8s 140 Loading weights:  29%|██▉       | 59/204 [00:00<00:00, 2772.64it/s, Materializing param=bert.encoder.layer.3.attention.self.key.weight]
55.8s 141 Loading weights:  29%|██▉       | 60/204 [00:00<00:00, 2790.16it/s, Materializing param=bert.encoder.layer.3.attention.self.query.bias]
55.8s 142 Loading weights:  29%|██▉       | 60/204 [00:00<00:00, 2776.92it/s, Materializing param=bert.encoder.layer.3.attention.self.query.bias]
55.8s 143 Loading weights:  30%|██▉       | 61/204 [00:00<00:00, 2791.44it/s, Materializing param=bert.encoder.layer.3.attention.self.query.weight]
55.8s 144 Loading weights:  30%|██▉       | 61/204 [00:00<00:00, 2777.14it/s, Materializing param=bert.encoder.layer.3.attention.self.query.weight]
55.8s 145 Loading weights:  30%|███       | 62/204 [00:00<00:00, 2794.46it/s, Materializing param=bert.encoder.layer.3.attention.self.value.bias]
55.8s 146 Loading weights:  30%|███       | 62/204 [00:00<00:00, 2781.49it/s, Materializing param=bert.encoder.layer.3.attention.self.value.bias]
55.8s 147 Loading weights:  31%|███       | 63/204 [00:00<00:00, 2795.17it/s, Materializing param=bert.encoder.layer.3.attention.self.value.weight]
55.8s 148 Loading weights:  31%|███       | 63/204 [00:00<00:00, 2782.39it/s, Materializing param=bert.encoder.layer.3.attention.self.value.weight]
55.8s 149 Loading weights:  31%|███▏      | 64/204 [00:00<00:00, 2796.06it/s, Materializing param=bert.encoder.layer.3.intermediate.dense.bias]
55.8s 150 Loading weights:  31%|███▏      | 64/204 [00:00<00:00, 2783.50it/s, Materializing param=bert.encoder.layer.3.intermediate.dense.bias]
55.8s 151 Loading weights:  32%|███▏      | 65/204 [00:00<00:00, 2796.40it/s, Materializing param=bert.encoder.layer.3.intermediate.dense.weight]
55.8s 152 Loading weights:  32%|███▏      | 65/204 [00:00<00:00, 2784.55it/s, Materializing param=bert.encoder.layer.3.intermediate.dense.weight]
55.8s 153 Loading weights:  32%|███▏      | 66/204 [00:00<00:00, 2798.66it/s, Materializing param=bert.encoder.layer.3.output.LayerNorm.bias]
55.8s 154 Loading weights:  32%|███▏      | 66/204 [00:00<00:00, 2787.84it/s, Materializing param=bert.encoder.layer.3.output.LayerNorm.bias]
55.8s 155 Loading weights:  33%|███▎      | 67/204 [00:00<00:00, 2796.54it/s, Materializing param=bert.encoder.layer.3.output.LayerNorm.weight]
55.8s 156 Loading weights:  33%|███▎      | 67/204 [00:00<00:00, 2785.31it/s, Materializing param=bert.encoder.layer.3.output.LayerNorm.weight]
55.8s 157 Loading weights:  33%|███▎      | 68/204 [00:00<00:00, 2796.37it/s, Materializing param=bert.encoder.layer.3.output.dense.bias]
55.8s 158 Loading weights:  33%|███▎      | 68/204 [00:00<00:00, 2785.28it/s, Materializing param=bert.encoder.layer.3.output.dense.bias]
55.8s 159 Loading weights:  34%|███▍      | 69/204 [00:00<00:00, 2801.13it/s, Materializing param=bert.encoder.layer.3.output.dense.weight]
55.8s 160 Loading weights:  34%|███▍      | 69/204 [00:00<00:00, 2786.22it/s, Materializing param=bert.encoder.layer.3.output.dense.weight]
55.8s 161 Loading weights:  34%|███▍      | 70/204 [00:00<00:00, 2798.76it/s, Materializing param=bert.encoder.layer.4.attention.output.LayerNorm.bias]
55.8s 162 Loading weights:  34%|███▍      | 70/204 [00:00<00:00, 2787.47it/s, Materializing param=bert.encoder.layer.4.attention.output.LayerNorm.bias]
55.8s 163 Loading weights:  35%|███▍      | 71/204 [00:00<00:00, 2801.41it/s, Materializing param=bert.encoder.layer.4.attention.output.LayerNorm.weight]
55.8s 164 Loading weights:  35%|███▍      | 71/204 [00:00<00:00, 2790.46it/s, Materializing param=bert.encoder.layer.4.attention.output.LayerNorm.weight]
55.8s 165 Loading weights:  35%|███▌      | 72/204 [00:00<00:00, 2797.76it/s, Materializing param=bert.encoder.layer.4.attention.output.dense.bias]
55.8s 166 Loading weights:  35%|███▌      | 72/204 [00:00<00:00, 2784.96it/s, Materializing param=bert.encoder.layer.4.attention.output.dense.bias]
55.8s 167 Loading weights:  36%|███▌      | 73/204 [00:00<00:00, 2796.23it/s, Materializing param=bert.encoder.layer.4.attention.output.dense.weight]
55.8s 168 Loading weights:  36%|███▌      | 73/204 [00:00<00:00, 2784.63it/s, Materializing param=bert.encoder.layer.4.attention.output.dense.weight]
55.8s 169 Loading weights:  36%|███▋      | 74/204 [00:00<00:00, 2800.57it/s, Materializing param=bert.encoder.layer.4.attention.self.key.bias]
55.8s 170 Loading weights:  36%|███▋      | 74/204 [00:00<00:00, 2790.55it/s, Materializing param=bert.encoder.layer.4.attention.self.key.bias]
55.8s 171 Loading weights:  37%|███▋      | 75/204 [00:00<00:00, 2798.86it/s, Materializing param=bert.encoder.layer.4.attention.self.key.weight]
55.8s 172 Loading weights:  37%|███▋      | 75/204 [00:00<00:00, 2786.25it/s, Materializing param=bert.encoder.layer.4.attention.self.key.weight]
55.8s 173 Loading weights:  37%|███▋      | 76/204 [00:00<00:00, 2800.87it/s, Materializing param=bert.encoder.layer.4.attention.self.query.bias]
55.8s 174 Loading weights:  37%|███▋      | 76/204 [00:00<00:00, 2790.79it/s, Materializing param=bert.encoder.layer.4.attention.self.query.bias]
55.8s 175 Loading weights:  38%|███▊      | 77/204 [00:00<00:00, 2803.24it/s, Materializing param=bert.encoder.layer.4.attention.self.query.weight]
55.8s 176 Loading weights:  38%|███▊      | 77/204 [00:00<00:00, 2792.89it/s, Materializing param=bert.encoder.layer.4.attention.self.query.weight]
55.8s 177 Loading weights:  38%|███▊      | 78/204 [00:00<00:00, 2800.73it/s, Materializing param=bert.encoder.layer.4.attention.self.value.bias]
55.8s 178 Loading weights:  38%|███▊      | 78/204 [00:00<00:00, 2788.60it/s, Materializing param=bert.encoder.layer.4.attention.self.value.bias]
55.8s 179 Loading weights:  39%|███▊      | 79/204 [00:00<00:00, 2802.83it/s, Materializing param=bert.encoder.layer.4.attention.self.value.weight]
55.8s 180 Loading weights:  39%|███▊      | 79/204 [00:00<00:00, 2792.36it/s, Materializing param=bert.encoder.layer.4.attention.self.value.weight]
55.8s 181 Loading weights:  39%|███▉      | 80/204 [00:00<00:00, 2804.38it/s, Materializing param=bert.encoder.layer.4.intermediate.dense.bias]
55.8s 182 Loading weights:  39%|███▉      | 80/204 [00:00<00:00, 2792.67it/s, Materializing param=bert.encoder.layer.4.intermediate.dense.bias]
55.8s 183 Loading weights:  40%|███▉      | 81/204 [00:00<00:00, 2803.77it/s, Materializing param=bert.encoder.layer.4.intermediate.dense.weight]
55.8s 184 Loading weights:  40%|███▉      | 81/204 [00:00<00:00, 2794.04it/s, Materializing param=bert.encoder.layer.4.intermediate.dense.weight]
55.8s 185 Loading weights:  40%|████      | 82/204 [00:00<00:00, 2806.45it/s, Materializing param=bert.encoder.layer.4.output.LayerNorm.bias]
55.8s 186 Loading weights:  40%|████      | 82/204 [00:00<00:00, 2796.93it/s, Materializing param=bert.encoder.layer.4.output.LayerNorm.bias]
55.8s 187 Loading weights:  41%|████      | 83/204 [00:00<00:00, 2807.05it/s, Materializing param=bert.encoder.layer.4.output.LayerNorm.weight]
55.8s 188 Loading weights:  41%|████      | 83/204 [00:00<00:00, 2793.80it/s, Materializing param=bert.encoder.layer.4.output.LayerNorm.weight]
55.8s 189 Loading weights:  41%|████      | 84/204 [00:00<00:00, 2802.65it/s, Materializing param=bert.encoder.layer.4.output.dense.bias]
55.8s 190 Loading weights:  41%|████      | 84/204 [00:00<00:00, 2793.30it/s, Materializing param=bert.encoder.layer.4.output.dense.bias]
55.8s 191 Loading weights:  42%|████▏     | 85/204 [00:00<00:00, 2805.91it/s, Materializing param=bert.encoder.layer.4.output.dense.weight]
55.8s 192 Loading weights:  42%|████▏     | 85/204 [00:00<00:00, 2797.08it/s, Materializing param=bert.encoder.layer.4.output.dense.weight]
55.8s 193 Loading weights:  42%|████▏     | 86/204 [00:00<00:00, 2808.98it/s, Materializing param=bert.encoder.layer.5.attention.output.LayerNorm.bias]
55.8s 194 Loading weights:  42%|████▏     | 86/204 [00:00<00:00, 2797.94it/s, Materializing param=bert.encoder.layer.5.attention.output.LayerNorm.bias]
55.8s 195 Loading weights:  43%|████▎     | 87/204 [00:00<00:00, 2808.79it/s, Materializing param=bert.encoder.layer.5.attention.output.LayerNorm.weight]
55.8s 196 Loading weights:  43%|████▎     | 87/204 [00:00<00:00, 2799.68it/s, Materializing param=bert.encoder.layer.5.attention.output.LayerNorm.weight]
55.8s 197 Loading weights:  43%|████▎     | 88/204 [00:00<00:00, 2809.74it/s, Materializing param=bert.encoder.layer.5.attention.output.dense.bias]
55.8s 198 Loading weights:  43%|████▎     | 88/204 [00:00<00:00, 2800.02it/s, Materializing param=bert.encoder.layer.5.attention.output.dense.bias]
55.8s 199 Loading weights:  44%|████▎     | 89/204 [00:00<00:00, 2813.61it/s, Materializing param=bert.encoder.layer.5.attention.output.dense.weight]
55.8s 200 Loading weights:  44%|████▎     | 89/204 [00:00<00:00, 2802.52it/s, Materializing param=bert.encoder.layer.5.attention.output.dense.weight]
55.8s 201 Loading weights:  44%|████▍     | 90/204 [00:00<00:00, 2815.35it/s, Materializing param=bert.encoder.layer.5.attention.self.key.bias]
55.8s 202 Loading weights:  44%|████▍     | 90/204 [00:00<00:00, 2807.12it/s, Materializing param=bert.encoder.layer.5.attention.self.key.bias]
55.8s 203 Loading weights:  45%|████▍     | 91/204 [00:00<00:00, 2819.23it/s, Materializing param=bert.encoder.layer.5.attention.self.key.weight]
55.8s 204 Loading weights:  45%|████▍     | 91/204 [00:00<00:00, 2810.57it/s, Materializing param=bert.encoder.layer.5.attention.self.key.weight]
55.8s 205 Loading weights:  45%|████▌     | 92/204 [00:00<00:00, 2822.32it/s, Materializing param=bert.encoder.layer.5.attention.self.query.bias]
55.8s 206 Loading weights:  45%|████▌     | 92/204 [00:00<00:00, 2813.45it/s, Materializing param=bert.encoder.layer.5.attention.self.query.bias]
55.8s 207 Loading weights:  46%|████▌     | 93/204 [00:00<00:00, 2820.87it/s, Materializing param=bert.encoder.layer.5.attention.self.query.weight]
55.8s 208 Loading weights:  46%|████▌     | 93/204 [00:00<00:00, 2812.37it/s, Materializing param=bert.encoder.layer.5.attention.self.query.weight]
55.8s 209 Loading weights:  46%|████▌     | 94/204 [00:00<00:00, 2821.01it/s, Materializing param=bert.encoder.layer.5.attention.self.value.bias]
55.8s 210 Loading weights:  46%|████▌     | 94/204 [00:00<00:00, 2811.52it/s, Materializing param=bert.encoder.layer.5.attention.self.value.bias]
55.8s 211 Loading weights:  47%|████▋     | 95/204 [00:00<00:00, 2823.45it/s, Materializing param=bert.encoder.layer.5.attention.self.value.weight]
55.8s 212 Loading weights:  47%|████▋     | 95/204 [00:00<00:00, 2810.26it/s, Materializing param=bert.encoder.layer.5.attention.self.value.weight]
55.8s 213 Loading weights:  47%|████▋     | 96/204 [00:00<00:00, 2819.03it/s, Materializing param=bert.encoder.layer.5.intermediate.dense.bias]
55.8s 214 Loading weights:  47%|████▋     | 96/204 [00:00<00:00, 2810.71it/s, Materializing param=bert.encoder.layer.5.intermediate.dense.bias]
55.8s 215 Loading weights:  48%|████▊     | 97/204 [00:00<00:00, 2821.96it/s, Materializing param=bert.encoder.layer.5.intermediate.dense.weight]
55.8s 216 Loading weights:  48%|████▊     | 97/204 [00:00<00:00, 2813.98it/s, Materializing param=bert.encoder.layer.5.intermediate.dense.weight]
55.8s 217 Loading weights:  48%|████▊     | 98/204 [00:00<00:00, 2819.16it/s, Materializing param=bert.encoder.layer.5.output.LayerNorm.bias]
55.8s 218 Loading weights:  48%|████▊     | 98/204 [00:00<00:00, 2808.28it/s, Materializing param=bert.encoder.layer.5.output.LayerNorm.bias]
55.8s 219 Loading weights:  49%|████▊     | 99/204 [00:00<00:00, 2817.57it/s, Materializing param=bert.encoder.layer.5.output.LayerNorm.weight]
55.8s 220 Loading weights:  49%|████▊     | 99/204 [00:00<00:00, 2810.34it/s, Materializing param=bert.encoder.layer.5.output.LayerNorm.weight]
55.8s 221 Loading weights:  49%|████▉     | 100/204 [00:00<00:00, 2822.85it/s, Materializing param=bert.encoder.layer.5.output.dense.bias]
55.8s 222 Loading weights:  49%|████▉     | 100/204 [00:00<00:00, 2816.24it/s, Materializing param=bert.encoder.layer.5.output.dense.bias]
55.8s 223 Loading weights:  50%|████▉     | 101/204 [00:00<00:00, 2827.20it/s, Materializing param=bert.encoder.layer.5.output.dense.weight]
55.8s 224 Loading weights:  50%|████▉     | 101/204 [00:00<00:00, 2818.57it/s, Materializing param=bert.encoder.layer.5.output.dense.weight]
55.8s 225 Loading weights:  50%|█████     | 102/204 [00:00<00:00, 2831.21it/s, Materializing param=bert.encoder.layer.6.attention.output.LayerNorm.bias]
55.8s 226 Loading weights:  50%|█████     | 102/204 [00:00<00:00, 2824.24it/s, Materializing param=bert.encoder.layer.6.attention.output.LayerNorm.bias]
55.8s 227 Loading weights:  50%|█████     | 103/204 [00:00<00:00, 2837.08it/s, Materializing param=bert.encoder.layer.6.attention.output.LayerNorm.weight]
55.8s 228 Loading weights:  50%|█████     | 103/204 [00:00<00:00, 2829.55it/s, Materializing param=bert.encoder.layer.6.attention.output.LayerNorm.weight]
55.8s 229 Loading weights:  51%|█████     | 104/204 [00:00<00:00, 2842.28it/s, Materializing param=bert.encoder.layer.6.attention.output.dense.bias]
55.8s 230 Loading weights:  51%|█████     | 104/204 [00:00<00:00, 2835.48it/s, Materializing param=bert.encoder.layer.6.attention.output.dense.bias]
55.8s 231 Loading weights:  51%|█████▏    | 105/204 [00:00<00:00, 2846.35it/s, Materializing param=bert.encoder.layer.6.attention.output.dense.weight]
55.8s 232 Loading weights:  51%|█████▏    | 105/204 [00:00<00:00, 2838.23it/s, Materializing param=bert.encoder.layer.6.attention.output.dense.weight]
55.8s 233 Loading weights:  52%|█████▏    | 106/204 [00:00<00:00, 2847.53it/s, Materializing param=bert.encoder.layer.6.attention.self.key.bias]
55.8s 234 Loading weights:  52%|█████▏    | 106/204 [00:00<00:00, 2839.67it/s, Materializing param=bert.encoder.layer.6.attention.self.key.bias]
55.8s 235 Loading weights:  52%|█████▏    | 107/204 [00:00<00:00, 2849.61it/s, Materializing param=bert.encoder.layer.6.attention.self.key.weight]
55.8s 236 Loading weights:  52%|█████▏    | 107/204 [00:00<00:00, 2841.74it/s, Materializing param=bert.encoder.layer.6.attention.self.key.weight]
55.8s 237 Loading weights:  53%|█████▎    | 108/204 [00:00<00:00, 2846.69it/s, Materializing param=bert.encoder.layer.6.attention.self.query.bias]
55.8s 238 Loading weights:  53%|█████▎    | 108/204 [00:00<00:00, 2838.29it/s, Materializing param=bert.encoder.layer.6.attention.self.query.bias]
55.8s 239 Loading weights:  53%|█████▎    | 109/204 [00:00<00:00, 2846.38it/s, Materializing param=bert.encoder.layer.6.attention.self.query.weight]
55.8s 240 Loading weights:  53%|█████▎    | 109/204 [00:00<00:00, 2837.95it/s, Materializing param=bert.encoder.layer.6.attention.self.query.weight]
55.8s 241 Loading weights:  54%|█████▍    | 110/204 [00:00<00:00, 2845.03it/s, Materializing param=bert.encoder.layer.6.attention.self.value.bias]
55.8s 242 Loading weights:  54%|█████▍    | 110/204 [00:00<00:00, 2833.52it/s, Materializing param=bert.encoder.layer.6.attention.self.value.bias]
55.8s 243 Loading weights:  54%|█████▍    | 111/204 [00:00<00:00, 2841.06it/s, Materializing param=bert.encoder.layer.6.attention.self.value.weight]
55.8s 244 Loading weights:  54%|█████▍    | 111/204 [00:00<00:00, 2832.39it/s, Materializing param=bert.encoder.layer.6.attention.self.value.weight]
55.8s 245 Loading weights:  55%|█████▍    | 112/204 [00:00<00:00, 2840.26it/s, Materializing param=bert.encoder.layer.6.intermediate.dense.bias]
55.8s 246 Loading weights:  55%|█████▍    | 112/204 [00:00<00:00, 2832.43it/s, Materializing param=bert.encoder.layer.6.intermediate.dense.bias]
55.8s 247 Loading weights:  55%|█████▌    | 113/204 [00:00<00:00, 2840.29it/s, Materializing param=bert.encoder.layer.6.intermediate.dense.weight]
55.8s 248 Loading weights:  55%|█████▌    | 113/204 [00:00<00:00, 2831.35it/s, Materializing param=bert.encoder.layer.6.intermediate.dense.weight]
55.8s 249 Loading weights:  56%|█████▌    | 114/204 [00:00<00:00, 2840.34it/s, Materializing param=bert.encoder.layer.6.output.LayerNorm.bias]
55.8s 250 Loading weights:  56%|█████▌    | 114/204 [00:00<00:00, 2832.73it/s, Materializing param=bert.encoder.layer.6.output.LayerNorm.bias]
55.8s 251 Loading weights:  56%|█████▋    | 115/204 [00:00<00:00, 2828.29it/s, Materializing param=bert.encoder.layer.6.output.LayerNorm.weight]
55.8s 252 Loading weights:  56%|█████▋    | 115/204 [00:00<00:00, 2816.30it/s, Materializing param=bert.encoder.layer.6.output.LayerNorm.weight]
55.8s 253 Loading weights:  57%|█████▋    | 116/204 [00:00<00:00, 2820.57it/s, Materializing param=bert.encoder.layer.6.output.dense.bias]
55.8s 254 Loading weights:  57%|█████▋    | 116/204 [00:00<00:00, 2813.20it/s, Materializing param=bert.encoder.layer.6.output.dense.bias]
55.8s 255 Loading weights:  57%|█████▋    | 117/204 [00:00<00:00, 2822.14it/s, Materializing param=bert.encoder.layer.6.output.dense.weight]
55.8s 256 Loading weights:  57%|█████▋    | 117/204 [00:00<00:00, 2815.32it/s, Materializing param=bert.encoder.layer.6.output.dense.weight]
55.8s 257 Loading weights:  58%|█████▊    | 118/204 [00:00<00:00, 2821.19it/s, Materializing param=bert.encoder.layer.7.attention.output.LayerNorm.bias]
55.8s 258 Loading weights:  58%|█████▊    | 118/204 [00:00<00:00, 2813.05it/s, Materializing param=bert.encoder.layer.7.attention.output.LayerNorm.bias]
55.8s 259 Loading weights:  58%|█████▊    | 119/204 [00:00<00:00, 2820.23it/s, Materializing param=bert.encoder.layer.7.attention.output.LayerNorm.weight]
55.8s 260 Loading weights:  58%|█████▊    | 119/204 [00:00<00:00, 2813.49it/s, Materializing param=bert.encoder.layer.7.attention.output.LayerNorm.weight]
55.8s 261 Loading weights:  59%|█████▉    | 120/204 [00:00<00:00, 2822.18it/s, Materializing param=bert.encoder.layer.7.attention.output.dense.bias]
55.8s 262 Loading weights:  59%|█████▉    | 120/204 [00:00<00:00, 2814.20it/s, Materializing param=bert.encoder.layer.7.attention.output.dense.bias]
55.8s 263 Loading weights:  59%|█████▉    | 121/204 [00:00<00:00, 2821.02it/s, Materializing param=bert.encoder.layer.7.attention.output.dense.weight]
55.8s 264 Loading weights:  59%|█████▉    | 121/204 [00:00<00:00, 2814.16it/s, Materializing param=bert.encoder.layer.7.attention.output.dense.weight]
55.8s 265 Loading weights:  60%|█████▉    | 122/204 [00:00<00:00, 2822.52it/s, Materializing param=bert.encoder.layer.7.attention.self.key.bias]
55.8s 266 Loading weights:  60%|█████▉    | 122/204 [00:00<00:00, 2815.28it/s, Materializing param=bert.encoder.layer.7.attention.self.key.bias]
55.8s 267 Loading weights:  60%|██████    | 123/204 [00:00<00:00, 2824.65it/s, Materializing param=bert.encoder.layer.7.attention.self.key.weight]
55.8s 268 Loading weights:  60%|██████    | 123/204 [00:00<00:00, 2817.61it/s, Materializing param=bert.encoder.layer.7.attention.self.key.weight]
55.8s 269 Loading weights:  61%|██████    | 124/204 [00:00<00:00, 2825.11it/s, Materializing param=bert.encoder.layer.7.attention.self.query.bias]
55.8s 270 Loading weights:  61%|██████    | 124/204 [00:00<00:00, 2819.01it/s, Materializing param=bert.encoder.layer.7.attention.self.query.bias]
55.8s 271 Loading weights:  61%|██████▏   | 125/204 [00:00<00:00, 2828.65it/s, Materializing param=bert.encoder.layer.7.attention.self.query.weight]
55.8s 272 Loading weights:  61%|██████▏   | 125/204 [00:00<00:00, 2822.82it/s, Materializing param=bert.encoder.layer.7.attention.self.query.weight]
55.8s 273 Loading weights:  62%|██████▏   | 126/204 [00:00<00:00, 2828.79it/s, Materializing param=bert.encoder.layer.7.attention.self.value.bias]
55.8s 274 Loading weights:  62%|██████▏   | 126/204 [00:00<00:00, 2821.63it/s, Materializing param=bert.encoder.layer.7.attention.self.value.bias]
55.8s 275 Loading weights:  62%|██████▏   | 127/204 [00:00<00:00, 2827.66it/s, Materializing param=bert.encoder.layer.7.attention.self.value.weight]
55.8s 276 Loading weights:  62%|██████▏   | 127/204 [00:00<00:00, 2821.32it/s, Materializing param=bert.encoder.layer.7.attention.self.value.weight]
55.8s 277 Loading weights:  63%|██████▎   | 128/204 [00:00<00:00, 2828.26it/s, Materializing param=bert.encoder.layer.7.intermediate.dense.bias]
55.8s 278 Loading weights:  63%|██████▎   | 128/204 [00:00<00:00, 2821.86it/s, Materializing param=bert.encoder.layer.7.intermediate.dense.bias]
55.8s 279 Loading weights:  63%|██████▎   | 129/204 [00:00<00:00, 2830.27it/s, Materializing param=bert.encoder.layer.7.intermediate.dense.weight]
55.8s 280 Loading weights:  63%|██████▎   | 129/204 [00:00<00:00, 2823.72it/s, Materializing param=bert.encoder.layer.7.intermediate.dense.weight]
55.8s 281 Loading weights:  64%|██████▎   | 130/204 [00:00<00:00, 2831.28it/s, Materializing param=bert.encoder.layer.7.output.LayerNorm.bias]
55.8s 282 Loading weights:  64%|██████▎   | 130/204 [00:00<00:00, 2825.66it/s, Materializing param=bert.encoder.layer.7.output.LayerNorm.bias]
55.8s 283 Loading weights:  64%|██████▍   | 131/204 [00:00<00:00, 2834.94it/s, Materializing param=bert.encoder.layer.7.output.LayerNorm.weight]
55.8s 284 Loading weights:  64%|██████▍   | 131/204 [00:00<00:00, 2829.45it/s, Materializing param=bert.encoder.layer.7.output.LayerNorm.weight]
55.8s 285 Loading weights:  65%|██████▍   | 132/204 [00:00<00:00, 2839.13it/s, Materializing param=bert.encoder.layer.7.output.dense.bias]
55.8s 286 Loading weights:  65%|██████▍   | 132/204 [00:00<00:00, 2833.68it/s, Materializing param=bert.encoder.layer.7.output.dense.bias]
55.8s 287 Loading weights:  65%|██████▌   | 133/204 [00:00<00:00, 2841.28it/s, Materializing param=bert.encoder.layer.7.output.dense.weight]
55.8s 288 Loading weights:  65%|██████▌   | 133/204 [00:00<00:00, 2835.40it/s, Materializing param=bert.encoder.layer.7.output.dense.weight]
55.8s 289 Loading weights:  66%|██████▌   | 134/204 [00:00<00:00, 2845.12it/s, Materializing param=bert.encoder.layer.8.attention.output.LayerNorm.bias]
55.8s 290 Loading weights:  66%|██████▌   | 134/204 [00:00<00:00, 2838.08it/s, Materializing param=bert.encoder.layer.8.attention.output.LayerNorm.bias]
55.8s 291 Loading weights:  66%|██████▌   | 135/204 [00:00<00:00, 2846.23it/s, Materializing param=bert.encoder.layer.8.attention.output.LayerNorm.weight]
55.8s 292 Loading weights:  66%|██████▌   | 135/204 [00:00<00:00, 2840.46it/s, Materializing param=bert.encoder.layer.8.attention.output.LayerNorm.weight]
55.8s 293 Loading weights:  67%|██████▋   | 136/204 [00:00<00:00, 2806.62it/s, Materializing param=bert.encoder.layer.8.attention.output.dense.bias]
55.8s 294 Loading weights:  67%|██████▋   | 136/204 [00:00<00:00, 2799.99it/s, Materializing param=bert.encoder.layer.8.attention.output.dense.bias]
55.8s 295 Loading weights:  67%|██████▋   | 137/204 [00:00<00:00, 2806.32it/s, Materializing param=bert.encoder.layer.8.attention.output.dense.weight]
55.8s 296 Loading weights:  67%|██████▋   | 137/204 [00:00<00:00, 2800.32it/s, Materializing param=bert.encoder.layer.8.attention.output.dense.weight]
55.8s 297 Loading weights:  68%|██████▊   | 138/204 [00:00<00:00, 2807.65it/s, Materializing param=bert.encoder.layer.8.attention.self.key.bias]
55.8s 298 Loading weights:  68%|██████▊   | 138/204 [00:00<00:00, 2801.87it/s, Materializing param=bert.encoder.layer.8.attention.self.key.bias]
55.8s 299 Loading weights:  68%|██████▊   | 139/204 [00:00<00:00, 2808.05it/s, Materializing param=bert.encoder.layer.8.attention.self.key.weight]
55.8s 300 Loading weights:  68%|██████▊   | 139/204 [00:00<00:00, 2802.10it/s, Materializing param=bert.encoder.layer.8.attention.self.key.weight]
55.8s 301 Loading weights:  69%|██████▊   | 140/204 [00:00<00:00, 2807.10it/s, Materializing param=bert.encoder.layer.8.attention.self.query.bias]
55.8s 302 Loading weights:  69%|██████▊   | 140/204 [00:00<00:00, 2800.80it/s, Materializing param=bert.encoder.layer.8.attention.self.query.bias]
55.8s 303 Loading weights:  69%|██████▉   | 141/204 [00:00<00:00, 2808.41it/s, Materializing param=bert.encoder.layer.8.attention.self.query.weight]
55.8s 304 Loading weights:  69%|██████▉   | 141/204 [00:00<00:00, 2802.19it/s, Materializing param=bert.encoder.layer.8.attention.self.query.weight]
55.8s 305 Loading weights:  70%|██████▉   | 142/204 [00:00<00:00, 2808.52it/s, Materializing param=bert.encoder.layer.8.attention.self.value.bias]
55.8s 306 Loading weights:  70%|██████▉   | 142/204 [00:00<00:00, 2802.65it/s, Materializing param=bert.encoder.layer.8.attention.self.value.bias]
55.8s 307 Loading weights:  70%|███████   | 143/204 [00:00<00:00, 2807.05it/s, Materializing param=bert.encoder.layer.8.attention.self.value.weight]
55.8s 308 Loading weights:  70%|███████   | 143/204 [00:00<00:00, 2801.28it/s, Materializing param=bert.encoder.layer.8.attention.self.value.weight]
55.8s 309 Loading weights:  71%|███████   | 144/204 [00:00<00:00, 2808.66it/s, Materializing param=bert.encoder.layer.8.intermediate.dense.bias]
55.8s 310 Loading weights:  71%|███████   | 144/204 [00:00<00:00, 2803.31it/s, Materializing param=bert.encoder.layer.8.intermediate.dense.bias]
55.8s 311 Loading weights:  71%|███████   | 145/204 [00:00<00:00, 2808.60it/s, Materializing param=bert.encoder.layer.8.intermediate.dense.weight]
55.8s 312 Loading weights:  71%|███████   | 145/204 [00:00<00:00, 2801.70it/s, Materializing param=bert.encoder.layer.8.intermediate.dense.weight]
55.8s 313 Loading weights:  72%|███████▏  | 146/204 [00:00<00:00, 2809.70it/s, Materializing param=bert.encoder.layer.8.output.LayerNorm.bias]
55.8s 314 Loading weights:  72%|███████▏  | 146/204 [00:00<00:00, 2804.73it/s, Materializing param=bert.encoder.layer.8.output.LayerNorm.bias]
55.8s 315 Loading weights:  72%|███████▏  | 147/204 [00:00<00:00, 2812.03it/s, Materializing param=bert.encoder.layer.8.output.LayerNorm.weight]
55.8s 316 Loading weights:  72%|███████▏  | 147/204 [00:00<00:00, 2806.64it/s, Materializing param=bert.encoder.layer.8.output.LayerNorm.weight]
55.8s 317 Loading weights:  73%|███████▎  | 148/204 [00:00<00:00, 2814.06it/s, Materializing param=bert.encoder.layer.8.output.dense.bias]
55.8s 318 Loading weights:  73%|███████▎  | 148/204 [00:00<00:00, 2808.40it/s, Materializing param=bert.encoder.layer.8.output.dense.bias]
55.8s 319 Loading weights:  73%|███████▎  | 149/204 [00:00<00:00, 2813.60it/s, Materializing param=bert.encoder.layer.8.output.dense.weight]
55.8s 320 Loading weights:  73%|███████▎  | 149/204 [00:00<00:00, 2808.38it/s, Materializing param=bert.encoder.layer.8.output.dense.weight]
55.8s 321 Loading weights:  74%|███████▎  | 150/204 [00:00<00:00, 2815.50it/s, Materializing param=bert.encoder.layer.9.attention.output.LayerNorm.bias]
55.8s 322 Loading weights:  74%|███████▎  | 150/204 [00:00<00:00, 2809.75it/s, Materializing param=bert.encoder.layer.9.attention.output.LayerNorm.bias]
55.8s 323 Loading weights:  74%|███████▍  | 151/204 [00:00<00:00, 2815.59it/s, Materializing param=bert.encoder.layer.9.attention.output.LayerNorm.weight]
55.8s 324 Loading weights:  74%|███████▍  | 151/204 [00:00<00:00, 2807.63it/s, Materializing param=bert.encoder.layer.9.attention.output.LayerNorm.weight]
55.8s 325 Loading weights:  75%|███████▍  | 152/204 [00:00<00:00, 2813.34it/s, Materializing param=bert.encoder.layer.9.attention.output.dense.bias]
55.8s 326 Loading weights:  75%|███████▍  | 152/204 [00:00<00:00, 2808.11it/s, Materializing param=bert.encoder.layer.9.attention.output.dense.bias]
55.8s 327 Loading weights:  75%|███████▌  | 153/204 [00:00<00:00, 2813.53it/s, Materializing param=bert.encoder.layer.9.attention.output.dense.weight]
55.8s 328 Loading weights:  75%|███████▌  | 153/204 [00:00<00:00, 2807.43it/s, Materializing param=bert.encoder.layer.9.attention.output.dense.weight]
55.8s 329 Loading weights:  75%|███████▌  | 154/204 [00:00<00:00, 2813.77it/s, Materializing param=bert.encoder.layer.9.attention.self.key.bias]
55.8s 330 Loading weights:  75%|███████▌  | 154/204 [00:00<00:00, 2807.16it/s, Materializing param=bert.encoder.layer.9.attention.self.key.bias]
55.8s 331 Loading weights:  76%|███████▌  | 155/204 [00:00<00:00, 2814.38it/s, Materializing param=bert.encoder.layer.9.attention.self.key.weight]
55.8s 332 Loading weights:  76%|███████▌  | 155/204 [00:00<00:00, 2809.22it/s, Materializing param=bert.encoder.layer.9.attention.self.key.weight]
55.8s 333 Loading weights:  76%|███████▋  | 156/204 [00:00<00:00, 2817.45it/s, Materializing param=bert.encoder.layer.9.attention.self.query.bias]
55.8s 334 Loading weights:  76%|███████▋  | 156/204 [00:00<00:00, 2812.89it/s, Materializing param=bert.encoder.layer.9.attention.self.query.bias]
55.8s 335 Loading weights:  77%|███████▋  | 157/204 [00:00<00:00, 2820.88it/s, Materializing param=bert.encoder.layer.9.attention.self.query.weight]
55.8s 336 Loading weights:  77%|███████▋  | 157/204 [00:00<00:00, 2811.02it/s, Materializing param=bert.encoder.layer.9.attention.self.query.weight]
55.8s 337 Loading weights:  77%|███████▋  | 158/204 [00:00<00:00, 2816.25it/s, Materializing param=bert.encoder.layer.9.attention.self.value.bias]
55.8s 338 Loading weights:  77%|███████▋  | 158/204 [00:00<00:00, 2809.97it/s, Materializing param=bert.encoder.layer.9.attention.self.value.bias]
55.8s 339 Loading weights:  78%|███████▊  | 159/204 [00:00<00:00, 2815.12it/s, Materializing param=bert.encoder.layer.9.attention.self.value.weight]
55.8s 340 Loading weights:  78%|███████▊  | 159/204 [00:00<00:00, 2809.90it/s, Materializing param=bert.encoder.layer.9.attention.self.value.weight]
55.8s 341 Loading weights:  78%|███████▊  | 160/204 [00:00<00:00, 2814.30it/s, Materializing param=bert.encoder.layer.9.intermediate.dense.bias]
55.8s 342 Loading weights:  78%|███████▊  | 160/204 [00:00<00:00, 2808.53it/s, Materializing param=bert.encoder.layer.9.intermediate.dense.bias]
55.8s 343 Loading weights:  79%|███████▉  | 161/204 [00:00<00:00, 2815.49it/s, Materializing param=bert.encoder.layer.9.intermediate.dense.weight]
55.8s 344 Loading weights:  79%|███████▉  | 161/204 [00:00<00:00, 2810.79it/s, Materializing param=bert.encoder.layer.9.intermediate.dense.weight]
55.8s 345 Loading weights:  79%|███████▉  | 162/204 [00:00<00:00, 2817.98it/s, Materializing param=bert.encoder.layer.9.output.LayerNorm.bias]
55.8s 346 Loading weights:  79%|███████▉  | 162/204 [00:00<00:00, 2813.08it/s, Materializing param=bert.encoder.layer.9.output.LayerNorm.bias]
55.8s 347 Loading weights:  80%|███████▉  | 163/204 [00:00<00:00, 2818.15it/s, Materializing param=bert.encoder.layer.9.output.LayerNorm.weight]
55.8s 348 Loading weights:  80%|███████▉  | 163/204 [00:00<00:00, 2813.22it/s, Materializing param=bert.encoder.layer.9.output.LayerNorm.weight]
55.8s 349 Loading weights:  80%|████████  | 164/204 [00:00<00:00, 2818.38it/s, Materializing param=bert.encoder.layer.9.output.dense.bias]
55.8s 350 Loading weights:  80%|████████  | 164/204 [00:00<00:00, 2813.29it/s, Materializing param=bert.encoder.layer.9.output.dense.bias]
55.8s 351 Loading weights:  81%|████████  | 165/204 [00:00<00:00, 2820.17it/s, Materializing param=bert.encoder.layer.9.output.dense.weight]
55.8s 352 Loading weights:  81%|████████  | 165/204 [00:00<00:00, 2814.57it/s, Materializing param=bert.encoder.layer.9.output.dense.weight]
55.8s 353 Loading weights:  81%|████████▏ | 166/204 [00:00<00:00, 2818.25it/s, Materializing param=bert.encoder.layer.10.attention.output.LayerNorm.bias]
55.8s 354 Loading weights:  81%|████████▏ | 166/204 [00:00<00:00, 2813.29it/s, Materializing param=bert.encoder.layer.10.attention.output.LayerNorm.bias]
55.8s 355 Loading weights:  82%|████████▏ | 167/204 [00:00<00:00, 2818.74it/s, Materializing param=bert.encoder.layer.10.attention.output.LayerNorm.weight]
55.8s 356 Loading weights:  82%|████████▏ | 167/204 [00:00<00:00, 2813.95it/s, Materializing param=bert.encoder.layer.10.attention.output.LayerNorm.weight]
55.8s 357 Loading weights:  82%|████████▏ | 168/204 [00:00<00:00, 2819.33it/s, Materializing param=bert.encoder.layer.10.attention.output.dense.bias]
55.8s 358 Loading weights:  82%|████████▏ | 168/204 [00:00<00:00, 2810.15it/s, Materializing param=bert.encoder.layer.10.attention.output.dense.bias]
55.8s 359 Loading weights:  83%|████████▎ | 169/204 [00:00<00:00, 2816.57it/s, Materializing param=bert.encoder.layer.10.attention.output.dense.weight]
55.8s 360 Loading weights:  83%|████████▎ | 169/204 [00:00<00:00, 2812.17it/s, Materializing param=bert.encoder.layer.10.attention.output.dense.weight]
55.8s 361 Loading weights:  83%|████████▎ | 170/204 [00:00<00:00, 2816.98it/s, Materializing param=bert.encoder.layer.10.attention.self.key.bias]
55.8s 362 Loading weights:  83%|████████▎ | 170/204 [00:00<00:00, 2811.84it/s, Materializing param=bert.encoder.layer.10.attention.self.key.bias]
55.8s 363 Loading weights:  84%|████████▍ | 171/204 [00:00<00:00, 2815.84it/s, Materializing param=bert.encoder.layer.10.attention.self.key.weight]
55.8s 364 Loading weights:  84%|████████▍ | 171/204 [00:00<00:00, 2810.14it/s, Materializing param=bert.encoder.layer.10.attention.self.key.weight]
55.8s 365 Loading weights:  84%|████████▍ | 172/204 [00:00<00:00, 2814.90it/s, Materializing param=bert.encoder.layer.10.attention.self.query.bias]
55.8s 366 Loading weights:  84%|████████▍ | 172/204 [00:00<00:00, 2808.98it/s, Materializing param=bert.encoder.layer.10.attention.self.query.bias]
55.8s 367 Loading weights:  85%|████████▍ | 173/204 [00:00<00:00, 2812.58it/s, Materializing param=bert.encoder.layer.10.attention.self.query.weight]
55.8s 368 Loading weights:  85%|████████▍ | 173/204 [00:00<00:00, 2803.93it/s, Materializing param=bert.encoder.layer.10.attention.self.query.weight]
55.8s 369 Loading weights:  85%|████████▌ | 174/204 [00:00<00:00, 2807.65it/s, Materializing param=bert.encoder.layer.10.attention.self.value.bias]
55.8s 370 Loading weights:  85%|████████▌ | 174/204 [00:00<00:00, 2801.57it/s, Materializing param=bert.encoder.layer.10.attention.self.value.bias]
55.8s 371 Loading weights:  86%|████████▌ | 175/204 [00:00<00:00, 2805.54it/s, Materializing param=bert.encoder.layer.10.attention.self.value.weight]
55.8s 372 Loading weights:  86%|████████▌ | 175/204 [00:00<00:00, 2800.68it/s, Materializing param=bert.encoder.layer.10.attention.self.value.weight]
55.8s 373 Loading weights:  86%|████████▋ | 176/204 [00:00<00:00, 2804.01it/s, Materializing param=bert.encoder.layer.10.intermediate.dense.bias]
55.8s 374 Loading weights:  86%|████████▋ | 176/204 [00:00<00:00, 2797.08it/s, Materializing param=bert.encoder.layer.10.intermediate.dense.bias]
55.8s 375 Loading weights:  87%|████████▋ | 177/204 [00:00<00:00, 2801.15it/s, Materializing param=bert.encoder.layer.10.intermediate.dense.weight]
55.8s 376 Loading weights:  87%|████████▋ | 177/204 [00:00<00:00, 2796.60it/s, Materializing param=bert.encoder.layer.10.intermediate.dense.weight]
55.8s 377 Loading weights:  87%|████████▋ | 178/204 [00:00<00:00, 2802.64it/s, Materializing param=bert.encoder.layer.10.output.LayerNorm.bias]
55.8s 378 Loading weights:  87%|████████▋ | 178/204 [00:00<00:00, 2798.18it/s, Materializing param=bert.encoder.layer.10.output.LayerNorm.bias]
55.8s 379 Loading weights:  88%|████████▊ | 179/204 [00:00<00:00, 2802.27it/s, Materializing param=bert.encoder.layer.10.output.LayerNorm.weight]
55.8s 380 Loading weights:  88%|████████▊ | 179/204 [00:00<00:00, 2797.59it/s, Materializing param=bert.encoder.layer.10.output.LayerNorm.weight]
55.8s 381 Loading weights:  88%|████████▊ | 180/204 [00:00<00:00, 2803.42it/s, Materializing param=bert.encoder.layer.10.output.dense.bias]
55.8s 382 Loading weights:  88%|████████▊ | 180/204 [00:00<00:00, 2798.93it/s, Materializing param=bert.encoder.layer.10.output.dense.bias]
55.8s 383 Loading weights:  89%|████████▊ | 181/204 [00:00<00:00, 2804.96it/s, Materializing param=bert.encoder.layer.10.output.dense.weight]
55.8s 384 Loading weights:  89%|████████▊ | 181/204 [00:00<00:00, 2800.62it/s, Materializing param=bert.encoder.layer.10.output.dense.weight]
55.8s 385 Loading weights:  89%|████████▉ | 182/204 [00:00<00:00, 2804.47it/s, Materializing param=bert.encoder.layer.11.attention.output.LayerNorm.bias]
55.8s 386 Loading weights:  89%|████████▉ | 182/204 [00:00<00:00, 2799.57it/s, Materializing param=bert.encoder.layer.11.attention.output.LayerNorm.bias]
55.8s 387 Loading weights:  90%|████████▉ | 183/204 [00:00<00:00, 2804.60it/s, Materializing param=bert.encoder.layer.11.attention.output.LayerNorm.weight]
55.8s 388 Loading weights:  90%|████████▉ | 183/204 [00:00<00:00, 2800.17it/s, Materializing param=bert.encoder.layer.11.attention.output.LayerNorm.weight]
55.8s 389 Loading weights:  90%|█████████ | 184/204 [00:00<00:00, 2804.88it/s, Materializing param=bert.encoder.layer.11.attention.output.dense.bias]
55.8s 390 Loading weights:  90%|█████████ | 184/204 [00:00<00:00, 2799.18it/s, Materializing param=bert.encoder.layer.11.attention.output.dense.bias]
55.8s 391 Loading weights:  91%|█████████ | 185/204 [00:00<00:00, 2804.48it/s, Materializing param=bert.encoder.layer.11.attention.output.dense.weight]
55.8s 392 Loading weights:  91%|█████████ | 185/204 [00:00<00:00, 2799.81it/s, Materializing param=bert.encoder.layer.11.attention.output.dense.weight]
55.8s 393 Loading weights:  91%|█████████ | 186/204 [00:00<00:00, 2804.90it/s, Materializing param=bert.encoder.layer.11.attention.self.key.bias]
55.8s 394 Loading weights:  91%|█████████ | 186/204 [00:00<00:00, 2799.56it/s, Materializing param=bert.encoder.layer.11.attention.self.key.bias]
55.8s 395 Loading weights:  92%|█████████▏| 187/204 [00:00<00:00, 2802.55it/s, Materializing param=bert.encoder.layer.11.attention.self.key.weight]
55.8s 396 Loading weights:  92%|█████████▏| 187/204 [00:00<00:00, 2796.30it/s, Materializing param=bert.encoder.layer.11.attention.self.key.weight]
55.8s 397 Loading weights:  92%|█████████▏| 188/204 [00:00<00:00, 2799.91it/s, Materializing param=bert.encoder.layer.11.attention.self.query.bias]
55.8s 398 Loading weights:  92%|█████████▏| 188/204 [00:00<00:00, 2792.93it/s, Materializing param=bert.encoder.layer.11.attention.self.query.bias]
55.8s 399 Loading weights:  93%|█████████▎| 189/204 [00:00<00:00, 2797.75it/s, Materializing param=bert.encoder.layer.11.attention.self.query.weight]
55.8s 400 Loading weights:  93%|█████████▎| 189/204 [00:00<00:00, 2793.03it/s, Materializing param=bert.encoder.layer.11.attention.self.query.weight]
55.8s 401 Loading weights:  93%|█████████▎| 190/204 [00:00<00:00, 2795.18it/s, Materializing param=bert.encoder.layer.11.attention.self.value.bias]
55.8s 402 Loading weights:  93%|█████████▎| 190/204 [00:00<00:00, 2790.17it/s, Materializing param=bert.encoder.layer.11.attention.self.value.bias]
55.8s 403 Loading weights:  94%|█████████▎| 191/204 [00:00<00:00, 2795.00it/s, Materializing param=bert.encoder.layer.11.attention.self.value.weight]
55.8s 404 Loading weights:  94%|█████████▎| 191/204 [00:00<00:00, 2789.61it/s, Materializing param=bert.encoder.layer.11.attention.self.value.weight]
55.8s 405 Loading weights:  94%|█████████▍| 192/204 [00:00<00:00, 2793.09it/s, Materializing param=bert.encoder.layer.11.intermediate.dense.bias]
55.8s 406 Loading weights:  94%|█████████▍| 192/204 [00:00<00:00, 2787.92it/s, Materializing param=bert.encoder.layer.11.intermediate.dense.bias]
55.8s 407 Loading weights:  95%|█████████▍| 193/204 [00:00<00:00, 2790.90it/s, Materializing param=bert.encoder.layer.11.intermediate.dense.weight]
55.8s 408 Loading weights:  95%|█████████▍| 193/204 [00:00<00:00, 2785.32it/s, Materializing param=bert.encoder.layer.11.intermediate.dense.weight]
55.8s 409 Loading weights:  95%|█████████▌| 194/204 [00:00<00:00, 2789.96it/s, Materializing param=bert.encoder.layer.11.output.LayerNorm.bias]
55.8s 410 Loading weights:  95%|█████████▌| 194/204 [00:00<00:00, 2783.02it/s, Materializing param=bert.encoder.layer.11.output.LayerNorm.bias]
55.8s 411 Loading weights:  96%|█████████▌| 195/204 [00:00<00:00, 2786.83it/s, Materializing param=bert.encoder.layer.11.output.LayerNorm.weight]
55.8s 412 Loading weights:  96%|█████████▌| 195/204 [00:00<00:00, 2781.57it/s, Materializing param=bert.encoder.layer.11.output.LayerNorm.weight]
55.8s 413 Loading weights:  96%|█████████▌| 196/204 [00:00<00:00, 2786.21it/s, Materializing param=bert.encoder.layer.11.output.dense.bias]
55.8s 414 Loading weights:  96%|█████████▌| 196/204 [00:00<00:00, 2781.48it/s, Materializing param=bert.encoder.layer.11.output.dense.bias]
55.8s 415 Loading weights:  97%|█████████▋| 197/204 [00:00<00:00, 2787.27it/s, Materializing param=bert.encoder.layer.11.output.dense.weight]
55.8s 416 Loading weights:  97%|█████████▋| 197/204 [00:00<00:00, 2781.61it/s, Materializing param=bert.encoder.layer.11.output.dense.weight]
55.8s 417 Loading weights:  97%|█████████▋| 198/204 [00:00<00:00, 2786.62it/s, Materializing param=cls.predictions.bias]
55.8s 418 Loading weights:  97%|█████████▋| 198/204 [00:00<00:00, 2782.38it/s, Materializing param=cls.predictions.bias]
55.8s 419 Loading weights:  98%|█████████▊| 199/204 [00:00<00:00, 2788.58it/s, Materializing param=cls.predictions.decoder.bias]
55.8s 420 Loading weights:  98%|█████████▊| 199/204 [00:00<00:00, 2784.88it/s, Materializing param=cls.predictions.decoder.bias]
55.8s 421 Loading weights:  98%|█████████▊| 200/204 [00:00<00:00, 2791.00it/s, Materializing param=cls.predictions.decoder.weight]
55.8s 422 Loading weights:  98%|█████████▊| 200/204 [00:00<00:00, 2785.50it/s, Materializing param=cls.predictions.decoder.weight]
55.8s 423 Loading weights:  99%|█████████▊| 201/204 [00:00<00:00, 2790.64it/s, Materializing param=cls.predictions.transform.LayerNorm.bias]
55.8s 424 Loading weights:  99%|█████████▊| 201/204 [00:00<00:00, 2784.30it/s, Materializing param=cls.predictions.transform.LayerNorm.bias]
55.8s 425 Loading weights:  99%|█████████▉| 202/204 [00:00<00:00, 2788.55it/s, Materializing param=cls.predictions.transform.LayerNorm.weight]
55.8s 426 Loading weights:  99%|█████████▉| 202/204 [00:00<00:00, 2783.10it/s, Materializing param=cls.predictions.transform.LayerNorm.weight]
55.8s 427 Loading weights: 100%|█████████▉| 203/204 [00:00<00:00, 2786.89it/s, Materializing param=cls.predictions.transform.dense.bias]
55.8s 428 Loading weights: 100%|█████████▉| 203/204 [00:00<00:00, 2782.51it/s, Materializing param=cls.predictions.transform.dense.bias]
55.8s 429 Loading weights: 100%|██████████| 204/204 [00:00<00:00, 2787.24it/s, Materializing param=cls.predictions.transform.dense.weight]
55.8s 430 Loading weights: 100%|██████████| 204/204 [00:00<00:00, 2782.62it/s, Materializing param=cls.predictions.transform.dense.weight]
55.8s 431 Loading weights: 100%|██████████| 204/204 [00:00<00:00, 2772.80it/s, Materializing param=cls.predictions.transform.dense.weight]
55.8s 432 The tied weights mapping and config for this model specifies to tie bert.embeddings.word_embeddings.weight to cls.predictions.decoder.weight, but both are present in the checkpoints, so we will NOT tie them. You should update the config with `tie_word_embeddings=False` to silence this warning
55.8s 433 The tied weights mapping and config for this model specifies to tie cls.predictions.bias to cls.predictions.decoder.bias, but both are present in the checkpoints, so we will NOT tie them. You should update the config with `tie_word_embeddings=False` to silence this warning
55.8s 434 BertForMaskedLM LOAD REPORT from: google/muril-base-cased
55.8s 435 Key                          | Status     |  |
55.8s 436 -----------------------------+------------+--+-
55.8s 437 cls.seq_relationship.weight  | UNEXPECTED |  |
55.8s 438 bert.pooler.dense.weight     | UNEXPECTED |  |
55.8s 439 cls.seq_relationship.bias    | UNEXPECTED |  |
55.8s 440 bert.pooler.dense.bias       | UNEXPECTED |  |
55.8s 441 bert.embeddings.position_ids | UNEXPECTED |  |
55.8s 442 
55.8s 443 Notes:
55.8s 444 - UNEXPECTED	:can be ignored when loading from different task/architecture; not ok if you expect identical arch.
57.7s 445 MLM trains on 6406 of 6406 comments, 0 held out for perplexity
57.7s 446 effective batch 4 x 4 = 16, 401 optimizer steps/epoch
419.6s 447 epoch 1/8 train loss nan
784.7s 448 epoch 2/8 train loss nan
1152.0s 449 epoch 3/8 train loss nan
1519.4s 450 epoch 4/8 train loss 3.9264
1886.3s 451 epoch 5/8 train loss nan
2253.0s 452 epoch 6/8 train loss 3.5795
2620.8s 453 epoch 7/8 train loss nan
2988.4s 454 epoch 8/8 train loss nan
2988.4s 455 
2991.9s 456 Writing model shards:   0%|          | 0/1 [00:00<?, ?it/s]
2991.9s 457 Writing model shards: 100%|██████████| 1/1 [00:03<00:00,  3.57s/it]
2991.9s 458 Writing model shards: 100%|██████████| 1/1 [00:03<00:00,  3.57s/it]
2991.9s 459 The OrderedVocab you are attempting to save contains holes for indices [202, 437, 1046, 1057, 1118, 1135, 1150, 1162, 1318, 1445, 1473, 1610, 1626, 1775, 3517, 3643, 4513, 5830, 7834, 12787, 13244, 19712, 25184, 27726, 28024, 31739, 65274], your vocabulary could be corrupted!
2991.9s 460 
2991.9s 461 wrote /kaggle/working/hastika/artifacts/runs/tapt-ctxdecode
2991.9s 462 use it with:  python -m hastika.task_b.train --model artifacts/runs/tapt-ctxdecode --tag muril_b_tapt
2994.9s 463 TAPT checkpoint ready: artifacts/runs/tapt-ctxdecode
2994.9s 464 $ /usr/bin/python3 -u -m hastika.task_b.train --tag b_context_tags_full --model artifacts/runs/tapt-ctxdecode --folds 1 --no-dedupe --tags --reinit-layers 1 --rdrop 0.5 --aux-weight 0 --seeds 42 43 44 45 46 --epochs 6
3003.1s 465 device=cuda (Tesla T4) model=artifacts/runs/tapt-ctxdecode pooling=meanmax fgm=True ema=True reinit=1 class_weight=balanced loss=ce tags=True seeds=[42, 43, 44, 45, 46]
3003.7s 466 class weights: {'Gender': np.float64(0.387), 'Geo-political': np.float64(2.831), 'Others': np.float64(1.173), 'Political': np.float64(0.942), 'Religion': np.float64(1.378), 'Violence': np.float64(2.382)}
3004.4s 467 ===== seed 42 FULL FIT, 3159 rows, no validation =====
3004.4s 468 fold gazetteer (first 8 terms per class):
3004.4s 469 Gender         amma batte dagar meghana munde nin sonu sule
3004.4s 470 Geo-political  pakistan
3004.4s 471 Others         btv bucket news
3004.4s 472 Political      ashwath bjp bommai congress election modi party siddu
3004.4s 473 Religion       hijab hindu islam muslim muslims
3004.4s 474 Violence
3004.9s 475 
3004.9s 476 Loading weights:   0%|          | 0/197 [00:00<?, ?it/s]
3004.9s 477 Loading weights:   1%|          | 1/197 [00:00<00:00, 14169.95it/s, Materializing param=embeddings.LayerNorm.bias]
3004.9s 478 Loading weights:   1%|          | 1/197 [00:00<00:00, 2460.00it/s, Materializing param=embeddings.LayerNorm.bias]
3004.9s 479 Loading weights:   1%|          | 2/197 [00:00<00:00, 2732.45it/s, Materializing param=embeddings.LayerNorm.weight]
3004.9s 480 Loading weights:   1%|          | 2/197 [00:00<00:00, 2336.66it/s, Materializing param=embeddings.LayerNorm.weight]
3004.9s 481 Loading weights:   2%|▏         | 3/197 [00:00<00:00, 1964.55it/s, Materializing param=embeddings.position_embeddings.weight]
3004.9s 482 Loading weights:   2%|▏         | 3/197 [00:00<00:00, 1712.89it/s, Materializing param=embeddings.position_embeddings.weight]
3004.9s 483 Loading weights:   2%|▏         | 4/197 [00:00<00:00, 1209.43it/s, Materializing param=embeddings.token_type_embeddings.weight]
3004.9s 484 Loading weights:   2%|▏         | 4/197 [00:00<00:00, 1177.02it/s, Materializing param=embeddings.token_type_embeddings.weight]
3004.9s 485 Loading weights:   3%|▎         | 5/197 [00:00<00:00, 1345.02it/s, Materializing param=embeddings.word_embeddings.weight]
3004.9s 486 Loading weights:   3%|▎         | 5/197 [00:00<00:00, 1311.29it/s, Materializing param=embeddings.word_embeddings.weight]
3004.9s 487 Loading weights:   3%|▎         | 6/197 [00:00<00:00, 1450.90it/s, Materializing param=encoder.layer.0.attention.output.LayerNorm.bias]
3004.9s 488 Loading weights:   3%|▎         | 6/197 [00:00<00:00, 1298.48it/s, Materializing param=encoder.layer.0.attention.output.LayerNorm.bias]
3004.9s 489 Loading weights:   4%|▎         | 7/197 [00:00<00:00, 1340.28it/s, Materializing param=encoder.layer.0.attention.output.LayerNorm.weight]
3004.9s 490 Loading weights:   4%|▎         | 7/197 [00:00<00:00, 1221.00it/s, Materializing param=encoder.layer.0.attention.output.LayerNorm.weight]
3004.9s 491 Loading weights:   4%|▍         | 8/197 [00:00<00:00, 1206.56it/s, Materializing param=encoder.layer.0.attention.output.dense.bias]
3004.9s 492 Loading weights:   4%|▍         | 8/197 [00:00<00:00, 1149.52it/s, Materializing param=encoder.layer.0.attention.output.dense.bias]
3004.9s 493 Loading weights:   5%|▍         | 9/197 [00:00<00:00, 1182.53it/s, Materializing param=encoder.layer.0.attention.output.dense.weight]
3004.9s 494 Loading weights:   5%|▍         | 9/197 [00:00<00:00, 1159.43it/s, Materializing param=encoder.layer.0.attention.output.dense.weight]
3004.9s 495 Loading weights:   5%|▌         | 10/197 [00:00<00:00, 1136.02it/s, Materializing param=encoder.layer.0.attention.self.key.bias]
3004.9s 496 Loading weights:   5%|▌         | 10/197 [00:00<00:00, 1125.14it/s, Materializing param=encoder.layer.0.attention.self.key.bias]
3004.9s 497 Loading weights:   6%|▌         | 11/197 [00:00<00:00, 1163.12it/s, Materializing param=encoder.layer.0.attention.self.key.weight]
3004.9s 498 Loading weights:   6%|▌         | 11/197 [00:00<00:00, 1145.50it/s, Materializing param=encoder.layer.0.attention.self.key.weight]
3004.9s 499 Loading weights:   6%|▌         | 12/197 [00:00<00:00, 1135.59it/s, Materializing param=encoder.layer.0.attention.self.query.bias]
3004.9s 500 Loading weights:   6%|▌         | 12/197 [00:00<00:00, 1085.81it/s, Materializing param=encoder.layer.0.attention.self.query.bias]
3004.9s 501 Loading weights:   7%|▋         | 13/197 [00:00<00:00, 1100.96it/s, Materializing param=encoder.layer.0.attention.self.query.weight]
3004.9s 502 Loading weights:   7%|▋         | 13/197 [00:00<00:00, 1074.68it/s, Materializing param=encoder.layer.0.attention.self.query.weight]
3004.9s 503 Loading weights:   7%|▋         | 14/197 [00:00<00:00, 1022.84it/s, Materializing param=encoder.layer.0.attention.self.value.bias]
3004.9s 504 Loading weights:   7%|▋         | 14/197 [00:00<00:00, 1002.84it/s, Materializing param=encoder.layer.0.attention.self.value.bias]
3004.9s 505 Loading weights:   8%|▊         | 15/197 [00:00<00:00, 1029.85it/s, Materializing param=encoder.layer.0.attention.self.value.weight]
3004.9s 506 Loading weights:   8%|▊         | 15/197 [00:00<00:00, 1009.64it/s, Materializing param=encoder.layer.0.attention.self.value.weight]
3004.9s 507 Loading weights:   8%|▊         | 16/197 [00:00<00:00, 1052.32it/s, Materializing param=encoder.layer.0.intermediate.dense.bias]
3004.9s 508 Loading weights:   8%|▊         | 16/197 [00:00<00:00, 1042.65it/s, Materializing param=encoder.layer.0.intermediate.dense.bias]
3004.9s 509 Loading weights:   9%|▊         | 17/197 [00:00<00:00, 1082.89it/s, Materializing param=encoder.layer.0.intermediate.dense.weight]
3004.9s 510 Loading weights:   9%|▊         | 17/197 [00:00<00:00, 1062.15it/s, Materializing param=encoder.layer.0.intermediate.dense.weight]
3004.9s 511 Loading weights:   9%|▉         | 18/197 [00:00<00:00, 1101.51it/s, Materializing param=encoder.layer.0.output.LayerNorm.bias]
3004.9s 512 Loading weights:   9%|▉         | 18/197 [00:00<00:00, 1095.10it/s, Materializing param=encoder.layer.0.output.LayerNorm.bias]
3004.9s 513 Loading weights:  10%|▉         | 19/197 [00:00<00:00, 1097.15it/s, Materializing param=encoder.layer.0.output.LayerNorm.weight]
3004.9s 514 Loading weights:  10%|▉         | 19/197 [00:00<00:00, 1081.68it/s, Materializing param=encoder.layer.0.output.LayerNorm.weight]
3004.9s 515 Loading weights:  10%|█         | 20/197 [00:00<00:00, 1121.74it/s, Materializing param=encoder.layer.0.output.dense.bias]
3004.9s 516 Loading weights:  10%|█         | 20/197 [00:00<00:00, 1116.09it/s, Materializing param=encoder.layer.0.output.dense.bias]
3004.9s 517 Loading weights:  11%|█         | 21/197 [00:00<00:00, 1130.47it/s, Materializing param=encoder.layer.0.output.dense.weight]
3004.9s 518 Loading weights:  11%|█         | 21/197 [00:00<00:00, 1075.10it/s, Materializing param=encoder.layer.0.output.dense.weight]
3004.9s 519 Loading weights:  11%|█         | 22/197 [00:00<00:00, 1108.51it/s, Materializing param=encoder.layer.1.attention.output.LayerNorm.bias]
3004.9s 520 Loading weights:  11%|█         | 22/197 [00:00<00:00, 1096.28it/s, Materializing param=encoder.layer.1.attention.output.LayerNorm.bias]
3004.9s 521 Loading weights:  12%|█▏        | 23/197 [00:00<00:00, 1099.16it/s, Materializing param=encoder.layer.1.attention.output.LayerNorm.weight]
3004.9s 522 Loading weights:  12%|█▏        | 23/197 [00:00<00:00, 1090.14it/s, Materializing param=encoder.layer.1.attention.output.LayerNorm.weight]
3004.9s 523 Loading weights:  12%|█▏        | 24/197 [00:00<00:00, 1119.66it/s, Materializing param=encoder.layer.1.attention.output.dense.bias]
3004.9s 524 Loading weights:  12%|█▏        | 24/197 [00:00<00:00, 1112.18it/s, Materializing param=encoder.layer.1.attention.output.dense.bias]
3004.9s 525 Loading weights:  13%|█▎        | 25/197 [00:00<00:00, 1145.10it/s, Materializing param=encoder.layer.1.attention.output.dense.weight]
3004.9s 526 Loading weights:  13%|█▎        | 25/197 [00:00<00:00, 1140.28it/s, Materializing param=encoder.layer.1.attention.output.dense.weight]
3004.9s 527 Loading weights:  13%|█▎        | 26/197 [00:00<00:00, 1151.16it/s, Materializing param=encoder.layer.1.attention.self.key.bias]
3004.9s 528 Loading weights:  13%|█▎        | 26/197 [00:00<00:00, 1132.44it/s, Materializing param=encoder.layer.1.attention.self.key.bias]
3004.9s 529 Loading weights:  14%|█▎        | 27/197 [00:00<00:00, 1145.43it/s, Materializing param=encoder.layer.1.attention.self.key.weight]
3004.9s 530 Loading weights:  14%|█▎        | 27/197 [00:00<00:00, 1139.99it/s, Materializing param=encoder.layer.1.attention.self.key.weight]
3004.9s 531 Loading weights:  14%|█▍        | 28/197 [00:00<00:00, 1120.18it/s, Materializing param=encoder.layer.1.attention.self.query.bias]
3004.9s 532 Loading weights:  14%|█▍        | 28/197 [00:00<00:00, 1077.31it/s, Materializing param=encoder.layer.1.attention.self.query.bias]
3004.9s 533 Loading weights:  15%|█▍        | 29/197 [00:00<00:00, 1062.07it/s, Materializing param=encoder.layer.1.attention.self.query.weight]
3004.9s 534 Loading weights:  15%|█▍        | 29/197 [00:00<00:00, 1057.54it/s, Materializing param=encoder.layer.1.attention.self.query.weight]
3004.9s 535 Loading weights:  15%|█▌        | 30/197 [00:00<00:00, 1078.50it/s, Materializing param=encoder.layer.1.attention.self.value.bias]
3004.9s 536 Loading weights:  15%|█▌        | 30/197 [00:00<00:00, 1074.98it/s, Materializing param=encoder.layer.1.attention.self.value.bias]
3004.9s 537 Loading weights:  16%|█▌        | 31/197 [00:00<00:00, 1074.74it/s, Materializing param=encoder.layer.1.attention.self.value.weight]
3004.9s 538 Loading weights:  16%|█▌        | 31/197 [00:00<00:00, 1070.85it/s, Materializing param=encoder.layer.1.attention.self.value.weight]
3004.9s 539 Loading weights:  16%|█▌        | 32/197 [00:00<00:00, 1078.49it/s, Materializing param=encoder.layer.1.intermediate.dense.bias]
3004.9s 540 Loading weights:  16%|█▌        | 32/197 [00:00<00:00, 1070.68it/s, Materializing param=encoder.layer.1.intermediate.dense.bias]
3004.9s 541 Loading weights:  17%|█▋        | 33/197 [00:00<00:00, 1078.24it/s, Materializing param=encoder.layer.1.intermediate.dense.weight]
3004.9s 542 Loading weights:  17%|█▋        | 33/197 [00:00<00:00, 1074.65it/s, Materializing param=encoder.layer.1.intermediate.dense.weight]
3004.9s 543 Loading weights:  17%|█▋        | 34/197 [00:00<00:00, 1092.67it/s, Materializing param=encoder.layer.1.output.LayerNorm.bias]
3004.9s 544 Loading weights:  17%|█▋        | 34/197 [00:00<00:00, 1085.66it/s, Materializing param=encoder.layer.1.output.LayerNorm.bias]
3004.9s 545 Loading weights:  18%|█▊        | 35/197 [00:00<00:00, 1101.74it/s, Materializing param=encoder.layer.1.output.LayerNorm.weight]
3004.9s 546 Loading weights:  18%|█▊        | 35/197 [00:00<00:00, 1082.06it/s, Materializing param=encoder.layer.1.output.LayerNorm.weight]
3004.9s 547 Loading weights:  18%|█▊        | 36/197 [00:00<00:00, 1092.91it/s, Materializing param=encoder.layer.1.output.dense.bias]
3004.9s 548 Loading weights:  18%|█▊        | 36/197 [00:00<00:00, 1071.17it/s, Materializing param=encoder.layer.1.output.dense.bias]
3004.9s 549 Loading weights:  19%|█▉        | 37/197 [00:00<00:00, 1093.09it/s, Materializing param=encoder.layer.1.output.dense.weight]
3004.9s 550 Loading weights:  19%|█▉        | 37/197 [00:00<00:00, 1087.56it/s, Materializing param=encoder.layer.1.output.dense.weight]
3004.9s 551 Loading weights:  19%|█▉        | 38/197 [00:00<00:00, 1093.47it/s, Materializing param=encoder.layer.2.attention.output.LayerNorm.bias]
3004.9s 552 Loading weights:  19%|█▉        | 38/197 [00:00<00:00, 1089.98it/s, Materializing param=encoder.layer.2.attention.output.LayerNorm.bias]
3004.9s 553 Loading weights:  20%|█▉        | 39/197 [00:00<00:00, 1110.47it/s, Materializing param=encoder.layer.2.attention.output.LayerNorm.weight]
3004.9s 554 Loading weights:  20%|█▉        | 39/197 [00:00<00:00, 1107.76it/s, Materializing param=encoder.layer.2.attention.output.LayerNorm.weight]
3004.9s 555 Loading weights:  20%|██        | 40/197 [00:00<00:00, 1121.37it/s, Materializing param=encoder.layer.2.attention.output.dense.bias]
3004.9s 556 Loading weights:  20%|██        | 40/197 [00:00<00:00, 1111.06it/s, Materializing param=encoder.layer.2.attention.output.dense.bias]
3004.9s 557 Loading weights:  21%|██        | 41/197 [00:00<00:00, 1120.08it/s, Materializing param=encoder.layer.2.attention.output.dense.weight]
3004.9s 558 Loading weights:  21%|██        | 41/197 [00:00<00:00, 1093.48it/s, Materializing param=encoder.layer.2.attention.output.dense.weight]
3004.9s 559 Loading weights:  21%|██▏       | 42/197 [00:00<00:00, 1093.53it/s, Materializing param=encoder.layer.2.attention.self.key.bias]
3004.9s 560 Loading weights:  21%|██▏       | 42/197 [00:00<00:00, 1084.77it/s, Materializing param=encoder.layer.2.attention.self.key.bias]
3004.9s 561 Loading weights:  22%|██▏       | 43/197 [00:00<00:00, 1084.55it/s, Materializing param=encoder.layer.2.attention.self.key.weight]
3004.9s 562 Loading weights:  22%|██▏       | 43/197 [00:00<00:00, 1081.76it/s, Materializing param=encoder.layer.2.attention.self.key.weight]
3004.9s 563 Loading weights:  22%|██▏       | 44/197 [00:00<00:00, 1099.55it/s, Materializing param=encoder.layer.2.attention.self.query.bias]
3004.9s 564 Loading weights:  22%|██▏       | 44/197 [00:00<00:00, 1097.03it/s, Materializing param=encoder.layer.2.attention.self.query.bias]
3004.9s 565 Loading weights:  23%|██▎       | 45/197 [00:00<00:00, 1115.16it/s, Materializing param=encoder.layer.2.attention.self.query.weight]
3004.9s 566 Loading weights:  23%|██▎       | 45/197 [00:00<00:00, 1112.71it/s, Materializing param=encoder.layer.2.attention.self.query.weight]
3004.9s 567 Loading weights:  23%|██▎       | 46/197 [00:00<00:00, 1129.49it/s, Materializing param=encoder.layer.2.attention.self.value.bias]
3004.9s 568 Loading weights:  23%|██▎       | 46/197 [00:00<00:00, 1127.45it/s, Materializing param=encoder.layer.2.attention.self.value.bias]
3004.9s 569 Loading weights:  24%|██▍       | 47/197 [00:00<00:00, 1139.24it/s, Materializing param=encoder.layer.2.attention.self.value.weight]
3004.9s 570 Loading weights:  24%|██▍       | 47/197 [00:00<00:00, 1136.61it/s, Materializing param=encoder.layer.2.attention.self.value.weight]
3004.9s 571 Loading weights:  24%|██▍       | 48/197 [00:00<00:00, 1154.07it/s, Materializing param=encoder.layer.2.intermediate.dense.bias]
3004.9s 572 Loading weights:  24%|██▍       | 48/197 [00:00<00:00, 1151.62it/s, Materializing param=encoder.layer.2.intermediate.dense.bias]
3004.9s 573 Loading weights:  25%|██▍       | 49/197 [00:00<00:00, 1162.90it/s, Materializing param=encoder.layer.2.intermediate.dense.weight]
3004.9s 574 Loading weights:  25%|██▍       | 49/197 [00:00<00:00, 1159.97it/s, Materializing param=encoder.layer.2.intermediate.dense.weight]
3004.9s 575 Loading weights:  25%|██▌       | 50/197 [00:00<00:00, 1152.94it/s, Materializing param=encoder.layer.2.output.LayerNorm.bias]
3004.9s 576 Loading weights:  25%|██▌       | 50/197 [00:00<00:00, 1150.09it/s, Materializing param=encoder.layer.2.output.LayerNorm.bias]
3004.9s 577 Loading weights:  26%|██▌       | 51/197 [00:00<00:00, 1165.07it/s, Materializing param=encoder.layer.2.output.LayerNorm.weight]
3004.9s 578 Loading weights:  26%|██▌       | 51/197 [00:00<00:00, 1162.60it/s, Materializing param=encoder.layer.2.output.LayerNorm.weight]
3004.9s 579 Loading weights:  26%|██▋       | 52/197 [00:00<00:00, 1175.84it/s, Materializing param=encoder.layer.2.output.dense.bias]
3004.9s 580 Loading weights:  26%|██▋       | 52/197 [00:00<00:00, 1173.58it/s, Materializing param=encoder.layer.2.output.dense.bias]
3004.9s 581 Loading weights:  27%|██▋       | 53/197 [00:00<00:00, 1174.92it/s, Materializing param=encoder.layer.2.output.dense.weight]
3004.9s 582 Loading weights:  27%|██▋       | 53/197 [00:00<00:00, 1172.22it/s, Materializing param=encoder.layer.2.output.dense.weight]
3004.9s 583 Loading weights:  27%|██▋       | 54/197 [00:00<00:00, 1183.65it/s, Materializing param=encoder.layer.3.attention.output.LayerNorm.bias]
3004.9s 584 Loading weights:  27%|██▋       | 54/197 [00:00<00:00, 1177.99it/s, Materializing param=encoder.layer.3.attention.output.LayerNorm.bias]
3004.9s 585 Loading weights:  28%|██▊       | 55/197 [00:00<00:00, 1179.02it/s, Materializing param=encoder.layer.3.attention.output.LayerNorm.weight]
3004.9s 586 Loading weights:  28%|██▊       | 55/197 [00:00<00:00, 1170.23it/s, Materializing param=encoder.layer.3.attention.output.LayerNorm.weight]
3004.9s 587 Loading weights:  28%|██▊       | 56/197 [00:00<00:00, 1157.18it/s, Materializing param=encoder.layer.3.attention.output.dense.bias]
3004.9s 588 Loading weights:  28%|██▊       | 56/197 [00:00<00:00, 1154.89it/s, Materializing param=encoder.layer.3.attention.output.dense.bias]
3004.9s 589 Loading weights:  29%|██▉       | 57/197 [00:00<00:00, 1153.19it/s, Materializing param=encoder.layer.3.attention.output.dense.weight]
3004.9s 590 Loading weights:  29%|██▉       | 57/197 [00:00<00:00, 1149.54it/s, Materializing param=encoder.layer.3.attention.output.dense.weight]
3004.9s 591 Loading weights:  29%|██▉       | 58/197 [00:00<00:00, 1156.92it/s, Materializing param=encoder.layer.3.attention.self.key.bias]
3004.9s 592 Loading weights:  29%|██▉       | 58/197 [00:00<00:00, 1154.53it/s, Materializing param=encoder.layer.3.attention.self.key.bias]
3004.9s 593 Loading weights:  30%|██▉       | 59/197 [00:00<00:00, 1154.90it/s, Materializing param=encoder.layer.3.attention.self.key.weight]
3004.9s 594 Loading weights:  30%|██▉       | 59/197 [00:00<00:00, 1152.57it/s, Materializing param=encoder.layer.3.attention.self.key.weight]
3004.9s 595 Loading weights:  30%|███       | 60/197 [00:00<00:00, 1162.23it/s, Materializing param=encoder.layer.3.attention.self.query.bias]
3004.9s 596 Loading weights:  30%|███       | 60/197 [00:00<00:00, 1159.95it/s, Materializing param=encoder.layer.3.attention.self.query.bias]
3004.9s 597 Loading weights:  31%|███       | 61/197 [00:00<00:00, 1157.75it/s, Materializing param=encoder.layer.3.attention.self.query.weight]
3004.9s 598 Loading weights:  31%|███       | 61/197 [00:00<00:00, 1151.38it/s, Materializing param=encoder.layer.3.attention.self.query.weight]
3004.9s 599 Loading weights:  31%|███▏      | 62/197 [00:00<00:00, 1162.20it/s, Materializing param=encoder.layer.3.attention.self.value.bias]
3004.9s 600 Loading weights:  31%|███▏      | 62/197 [00:00<00:00, 1160.08it/s, Materializing param=encoder.layer.3.attention.self.value.bias]
3004.9s 601 Loading weights:  32%|███▏      | 63/197 [00:00<00:00, 1162.05it/s, Materializing param=encoder.layer.3.attention.self.value.weight]
3004.9s 602 Loading weights:  32%|███▏      | 63/197 [00:00<00:00, 1160.14it/s, Materializing param=encoder.layer.3.attention.self.value.weight]
3004.9s 603 Loading weights:  32%|███▏      | 64/197 [00:00<00:00, 1150.84it/s, Materializing param=encoder.layer.3.intermediate.dense.bias]
3004.9s 604 Loading weights:  32%|███▏      | 64/197 [00:00<00:00, 1148.65it/s, Materializing param=encoder.layer.3.intermediate.dense.bias]
3004.9s 605 Loading weights:  33%|███▎      | 65/197 [00:00<00:00, 1159.50it/s, Materializing param=encoder.layer.3.intermediate.dense.weight]
3004.9s 606 Loading weights:  33%|███▎      | 65/197 [00:00<00:00, 1157.36it/s, Materializing param=encoder.layer.3.intermediate.dense.weight]
3004.9s 607 Loading weights:  34%|███▎      | 66/197 [00:00<00:00, 1157.75it/s, Materializing param=encoder.layer.3.output.LayerNorm.bias]
3004.9s 608 Loading weights:  34%|███▎      | 66/197 [00:00<00:00, 1154.23it/s, Materializing param=encoder.layer.3.output.LayerNorm.bias]
3004.9s 609 Loading weights:  34%|███▍      | 67/197 [00:00<00:00, 1159.65it/s, Materializing param=encoder.layer.3.output.LayerNorm.weight]
3004.9s 610 Loading weights:  34%|███▍      | 67/197 [00:00<00:00, 1157.40it/s, Materializing param=encoder.layer.3.output.LayerNorm.weight]
3004.9s 611 Loading weights:  35%|███▍      | 68/197 [00:00<00:00, 1165.27it/s, Materializing param=encoder.layer.3.output.dense.bias]
3004.9s 612 Loading weights:  35%|███▍      | 68/197 [00:00<00:00, 1151.32it/s, Materializing param=encoder.layer.3.output.dense.bias]
3004.9s 613 Loading weights:  35%|███▌      | 69/197 [00:00<00:00, 1142.34it/s, Materializing param=encoder.layer.3.output.dense.weight]
3004.9s 614 Loading weights:  35%|███▌      | 69/197 [00:00<00:00, 1140.00it/s, Materializing param=encoder.layer.3.output.dense.weight]
3004.9s 615 Loading weights:  36%|███▌      | 70/197 [00:00<00:00, 1148.84it/s, Materializing param=encoder.layer.4.attention.output.LayerNorm.bias]
3004.9s 616 Loading weights:  36%|███▌      | 70/197 [00:00<00:00, 1144.82it/s, Materializing param=encoder.layer.4.attention.output.LayerNorm.bias]
3004.9s 617 Loading weights:  36%|███▌      | 71/197 [00:00<00:00, 1139.15it/s, Materializing param=encoder.layer.4.attention.output.LayerNorm.weight]
3004.9s 618 Loading weights:  36%|███▌      | 71/197 [00:00<00:00, 1130.52it/s, Materializing param=encoder.layer.4.attention.output.LayerNorm.weight]
3004.9s 619 Loading weights:  37%|███▋      | 72/197 [00:00<00:00, 1140.37it/s, Materializing param=encoder.layer.4.attention.output.dense.bias]
3004.9s 620 Loading weights:  37%|███▋      | 72/197 [00:00<00:00, 1138.55it/s, Materializing param=encoder.layer.4.attention.output.dense.bias]
3004.9s 621 Loading weights:  37%|███▋      | 73/197 [00:00<00:00, 1142.33it/s, Materializing param=encoder.layer.4.attention.output.dense.weight]
3004.9s 622 Loading weights:  37%|███▋      | 73/197 [00:00<00:00, 1136.39it/s, Materializing param=encoder.layer.4.attention.output.dense.weight]
3004.9s 623 Loading weights:  38%|███▊      | 74/197 [00:00<00:00, 1137.92it/s, Materializing param=encoder.layer.4.attention.self.key.bias]
3004.9s 624 Loading weights:  38%|███▊      | 74/197 [00:00<00:00, 1135.94it/s, Materializing param=encoder.layer.4.attention.self.key.bias]
3004.9s 625 Loading weights:  38%|███▊      | 75/197 [00:00<00:00, 1137.65it/s, Materializing param=encoder.layer.4.attention.self.key.weight]
3004.9s 626 Loading weights:  38%|███▊      | 75/197 [00:00<00:00, 1135.94it/s, Materializing param=encoder.layer.4.attention.self.key.weight]
3004.9s 627 Loading weights:  39%|███▊      | 76/197 [00:00<00:00, 1146.52it/s, Materializing param=encoder.layer.4.attention.self.query.bias]
3004.9s 628 Loading weights:  39%|███▊      | 76/197 [00:00<00:00, 1136.87it/s, Materializing param=encoder.layer.4.attention.self.query.bias]
3004.9s 629 Loading weights:  39%|███▉      | 77/197 [00:00<00:00, 1143.95it/s, Materializing param=encoder.layer.4.attention.self.query.weight]
3004.9s 630 Loading weights:  39%|███▉      | 77/197 [00:00<00:00, 1142.44it/s, Materializing param=encoder.layer.4.attention.self.query.weight]
3004.9s 631 Loading weights:  40%|███▉      | 78/197 [00:00<00:00, 1148.35it/s, Materializing param=encoder.layer.4.attention.self.value.bias]
3004.9s 632 Loading weights:  40%|███▉      | 78/197 [00:00<00:00, 1142.99it/s, Materializing param=encoder.layer.4.attention.self.value.bias]
3004.9s 633 Loading weights:  40%|████      | 79/197 [00:00<00:00, 1149.71it/s, Materializing param=encoder.layer.4.attention.self.value.weight]
3004.9s 634 Loading weights:  40%|████      | 79/197 [00:00<00:00, 1147.85it/s, Materializing param=encoder.layer.4.attention.self.value.weight]
3004.9s 635 Loading weights:  41%|████      | 80/197 [00:00<00:00, 1156.33it/s, Materializing param=encoder.layer.4.intermediate.dense.bias]
3004.9s 636 Loading weights:  41%|████      | 80/197 [00:00<00:00, 1138.96it/s, Materializing param=encoder.layer.4.intermediate.dense.bias]
3004.9s 637 Loading weights:  41%|████      | 81/197 [00:00<00:00, 1147.69it/s, Materializing param=encoder.layer.4.intermediate.dense.weight]
3004.9s 638 Loading weights:  41%|████      | 81/197 [00:00<00:00, 1143.74it/s, Materializing param=encoder.layer.4.intermediate.dense.weight]
3004.9s 639 Loading weights:  42%|████▏     | 82/197 [00:00<00:00, 1153.79it/s, Materializing param=encoder.layer.4.output.LayerNorm.bias]
3004.9s 640 Loading weights:  42%|████▏     | 82/197 [00:00<00:00, 1152.15it/s, Materializing param=encoder.layer.4.output.LayerNorm.bias]
3004.9s 641 Loading weights:  42%|████▏     | 83/197 [00:00<00:00, 1155.19it/s, Materializing param=encoder.layer.4.output.LayerNorm.weight]
3004.9s 642 Loading weights:  42%|████▏     | 83/197 [00:00<00:00, 1153.73it/s, Materializing param=encoder.layer.4.output.LayerNorm.weight]
3004.9s 643 Loading weights:  43%|████▎     | 84/197 [00:00<00:00, 1162.24it/s, Materializing param=encoder.layer.4.output.dense.bias]
3004.9s 644 Loading weights:  43%|████▎     | 84/197 [00:00<00:00, 1160.92it/s, Materializing param=encoder.layer.4.output.dense.bias]
3004.9s 645 Loading weights:  43%|████▎     | 85/197 [00:00<00:00, 1170.71it/s, Materializing param=encoder.layer.4.output.dense.weight]
3004.9s 646 Loading weights:  43%|████▎     | 85/197 [00:00<00:00, 1169.05it/s, Materializing param=encoder.layer.4.output.dense.weight]
3004.9s 647 Loading weights:  44%|████▎     | 86/197 [00:00<00:00, 1173.57it/s, Materializing param=encoder.layer.5.attention.output.LayerNorm.bias]
3004.9s 648 Loading weights:  44%|████▎     | 86/197 [00:00<00:00, 1172.13it/s, Materializing param=encoder.layer.5.attention.output.LayerNorm.bias]
3004.9s 649 Loading weights:  44%|████▍     | 87/197 [00:00<00:00, 1176.86it/s, Materializing param=encoder.layer.5.attention.output.LayerNorm.weight]
3004.9s 650 Loading weights:  44%|████▍     | 87/197 [00:00<00:00, 1172.23it/s, Materializing param=encoder.layer.5.attention.output.LayerNorm.weight]
3004.9s 651 Loading weights:  45%|████▍     | 88/197 [00:00<00:00, 1179.83it/s, Materializing param=encoder.layer.5.attention.output.dense.bias]
3004.9s 652 Loading weights:  45%|████▍     | 88/197 [00:00<00:00, 1178.14it/s, Materializing param=encoder.layer.5.attention.output.dense.bias]
3004.9s 653 Loading weights:  45%|████▌     | 89/197 [00:00<00:00, 1181.76it/s, Materializing param=encoder.layer.5.attention.output.dense.weight]
3004.9s 654 Loading weights:  45%|████▌     | 89/197 [00:00<00:00, 1177.06it/s, Materializing param=encoder.layer.5.attention.output.dense.weight]
3004.9s 655 Loading weights:  46%|████▌     | 90/197 [00:00<00:00, 1184.18it/s, Materializing param=encoder.layer.5.attention.self.key.bias]
3004.9s 656 Loading weights:  46%|████▌     | 90/197 [00:00<00:00, 1180.65it/s, Materializing param=encoder.layer.5.attention.self.key.bias]
3004.9s 657 Loading weights:  46%|████▌     | 91/197 [00:00<00:00, 1184.61it/s, Materializing param=encoder.layer.5.attention.self.key.weight]
3004.9s 658 Loading weights:  46%|████▌     | 91/197 [00:00<00:00, 1183.19it/s, Materializing param=encoder.layer.5.attention.self.key.weight]
3004.9s 659 Loading weights:  47%|████▋     | 92/197 [00:00<00:00, 1189.86it/s, Materializing param=encoder.layer.5.attention.self.query.bias]
3004.9s 660 Loading weights:  47%|████▋     | 92/197 [00:00<00:00, 1188.57it/s, Materializing param=encoder.layer.5.attention.self.query.bias]
3004.9s 661 Loading weights:  47%|████▋     | 93/197 [00:00<00:00, 1197.21it/s, Materializing param=encoder.layer.5.attention.self.query.weight]
3004.9s 662 Loading weights:  47%|████▋     | 93/197 [00:00<00:00, 1195.78it/s, Materializing param=encoder.layer.5.attention.self.query.weight]
3004.9s 663 Loading weights:  48%|████▊     | 94/197 [00:00<00:00, 1197.83it/s, Materializing param=encoder.layer.5.attention.self.value.bias]
3004.9s 664 Loading weights:  48%|████▊     | 94/197 [00:00<00:00, 1195.20it/s, Materializing param=encoder.layer.5.attention.self.value.bias]
3004.9s 665 Loading weights:  48%|████▊     | 95/197 [00:00<00:00, 1196.25it/s, Materializing param=encoder.layer.5.attention.self.value.weight]
3004.9s 666 Loading weights:  48%|████▊     | 95/197 [00:00<00:00, 1194.23it/s, Materializing param=encoder.layer.5.attention.self.value.weight]
3004.9s 667 Loading weights:  49%|████▊     | 96/197 [00:00<00:00, 1196.55it/s, Materializing param=encoder.layer.5.intermediate.dense.bias]
3004.9s 668 Loading weights:  49%|████▊     | 96/197 [00:00<00:00, 1195.24it/s, Materializing param=encoder.layer.5.intermediate.dense.bias]
3004.9s 669 Loading weights:  49%|████▉     | 97/197 [00:00<00:00, 1197.24it/s, Materializing param=encoder.layer.5.intermediate.dense.weight]
3004.9s 670 Loading weights:  49%|████▉     | 97/197 [00:00<00:00, 1195.78it/s, Materializing param=encoder.layer.5.intermediate.dense.weight]
3004.9s 671 Loading weights:  50%|████▉     | 98/197 [00:00<00:00, 1204.30it/s, Materializing param=encoder.layer.5.output.LayerNorm.bias]
3004.9s 672 Loading weights:  50%|████▉     | 98/197 [00:00<00:00, 1203.11it/s, Materializing param=encoder.layer.5.output.LayerNorm.bias]
3004.9s 673 Loading weights:  50%|█████     | 99/197 [00:00<00:00, 1212.03it/s, Materializing param=encoder.layer.5.output.LayerNorm.weight]
3004.9s 674 Loading weights:  50%|█████     | 99/197 [00:00<00:00, 1210.68it/s, Materializing param=encoder.layer.5.output.LayerNorm.weight]
3004.9s 675 Loading weights:  51%|█████     | 100/197 [00:00<00:00, 1219.43it/s, Materializing param=encoder.layer.5.output.dense.bias]
3004.9s 676 Loading weights:  51%|█████     | 100/197 [00:00<00:00, 1218.11it/s, Materializing param=encoder.layer.5.output.dense.bias]
3004.9s 677 Loading weights:  51%|█████▏    | 101/197 [00:00<00:00, 1226.61it/s, Materializing param=encoder.layer.5.output.dense.weight]
3004.9s 678 Loading weights:  51%|█████▏    | 101/197 [00:00<00:00, 1225.24it/s, Materializing param=encoder.layer.5.output.dense.weight]
3004.9s 679 Loading weights:  52%|█████▏    | 102/197 [00:00<00:00, 1224.68it/s, Materializing param=encoder.layer.6.attention.output.LayerNorm.bias]
3004.9s 680 Loading weights:  52%|█████▏    | 102/197 [00:00<00:00, 1221.92it/s, Materializing param=encoder.layer.6.attention.output.LayerNorm.bias]
3004.9s 681 Loading weights:  52%|█████▏    | 103/197 [00:00<00:00, 1229.69it/s, Materializing param=encoder.layer.6.attention.output.LayerNorm.weight]
3004.9s 682 Loading weights:  52%|█████▏    | 103/197 [00:00<00:00, 1228.03it/s, Materializing param=encoder.layer.6.attention.output.LayerNorm.weight]
3004.9s 683 Loading weights:  53%|█████▎    | 104/197 [00:00<00:00, 1233.37it/s, Materializing param=encoder.layer.6.attention.output.dense.bias]
3004.9s 684 Loading weights:  53%|█████▎    | 104/197 [00:00<00:00, 1228.57it/s, Materializing param=encoder.layer.6.attention.output.dense.bias]
3004.9s 685 Loading weights:  53%|█████▎    | 105/197 [00:00<00:00, 1236.07it/s, Materializing param=encoder.layer.6.attention.output.dense.weight]
3004.9s 686 Loading weights:  53%|█████▎    | 105/197 [00:00<00:00, 1234.43it/s, Materializing param=encoder.layer.6.attention.output.dense.weight]
3004.9s 687 Loading weights:  54%|█████▍    | 106/197 [00:00<00:00, 1243.35it/s, Materializing param=encoder.layer.6.attention.self.key.bias]
3004.9s 688 Loading weights:  54%|█████▍    | 106/197 [00:00<00:00, 1242.01it/s, Materializing param=encoder.layer.6.attention.self.key.bias]
3004.9s 689 Loading weights:  54%|█████▍    | 107/197 [00:00<00:00, 1250.38it/s, Materializing param=encoder.layer.6.attention.self.key.weight]
3004.9s 690 Loading weights:  54%|█████▍    | 107/197 [00:00<00:00, 1249.03it/s, Materializing param=encoder.layer.6.attention.self.key.weight]
3004.9s 691 Loading weights:  55%|█████▍    | 108/197 [00:00<00:00, 1257.52it/s, Materializing param=encoder.layer.6.attention.self.query.bias]
3004.9s 692 Loading weights:  55%|█████▍    | 108/197 [00:00<00:00, 1256.10it/s, Materializing param=encoder.layer.6.attention.self.query.bias]
3004.9s 693 Loading weights:  55%|█████▌    | 109/197 [00:00<00:00, 1264.59it/s, Materializing param=encoder.layer.6.attention.self.query.weight]
3004.9s 694 Loading weights:  55%|█████▌    | 109/197 [00:00<00:00, 1263.17it/s, Materializing param=encoder.layer.6.attention.self.query.weight]
3004.9s 695 Loading weights:  56%|█████▌    | 110/197 [00:00<00:00, 1270.82it/s, Materializing param=encoder.layer.6.attention.self.value.bias]
3004.9s 696 Loading weights:  56%|█████▌    | 110/197 [00:00<00:00, 1269.13it/s, Materializing param=encoder.layer.6.attention.self.value.bias]
3004.9s 697 Loading weights:  56%|█████▋    | 111/197 [00:00<00:00, 1277.51it/s, Materializing param=encoder.layer.6.attention.self.value.weight]
3004.9s 698 Loading weights:  56%|█████▋    | 111/197 [00:00<00:00, 1275.95it/s, Materializing param=encoder.layer.6.attention.self.value.weight]
3004.9s 699 Loading weights:  57%|█████▋    | 112/197 [00:00<00:00, 1284.45it/s, Materializing param=encoder.layer.6.intermediate.dense.bias]
3004.9s 700 Loading weights:  57%|█████▋    | 112/197 [00:00<00:00, 1283.18it/s, Materializing param=encoder.layer.6.intermediate.dense.bias]
3004.9s 701 Loading weights:  57%|█████▋    | 113/197 [00:00<00:00, 1291.88it/s, Materializing param=encoder.layer.6.intermediate.dense.weight]
3004.9s 702 Loading weights:  57%|█████▋    | 113/197 [00:00<00:00, 1290.00it/s, Materializing param=encoder.layer.6.intermediate.dense.weight]
3004.9s 703 Loading weights:  58%|█████▊    | 114/197 [00:00<00:00, 1298.65it/s, Materializing param=encoder.layer.6.output.LayerNorm.bias]
3004.9s 704 Loading weights:  58%|█████▊    | 114/197 [00:00<00:00, 1297.34it/s, Materializing param=encoder.layer.6.output.LayerNorm.bias]
3004.9s 705 Loading weights:  58%|█████▊    | 115/197 [00:00<00:00, 1306.05it/s, Materializing param=encoder.layer.6.output.LayerNorm.weight]
3004.9s 706 Loading weights:  58%|█████▊    | 115/197 [00:00<00:00, 1304.70it/s, Materializing param=encoder.layer.6.output.LayerNorm.weight]
3004.9s 707 Loading weights:  59%|█████▉    | 116/197 [00:00<00:00, 1313.55it/s, Materializing param=encoder.layer.6.output.dense.bias]
3004.9s 708 Loading weights:  59%|█████▉    | 116/197 [00:00<00:00, 1312.37it/s, Materializing param=encoder.layer.6.output.dense.bias]
3004.9s 709 Loading weights:  59%|█████▉    | 117/197 [00:00<00:00, 1320.85it/s, Materializing param=encoder.layer.6.output.dense.weight]
3004.9s 710 Loading weights:  59%|█████▉    | 117/197 [00:00<00:00, 1319.62it/s, Materializing param=encoder.layer.6.output.dense.weight]
3004.9s 711 Loading weights:  60%|█████▉    | 118/197 [00:00<00:00, 1328.26it/s, Materializing param=encoder.layer.7.attention.output.LayerNorm.bias]
3004.9s 712 Loading weights:  60%|█████▉    | 118/197 [00:00<00:00, 1326.83it/s, Materializing param=encoder.layer.7.attention.output.LayerNorm.bias]
3004.9s 713 Loading weights:  60%|██████    | 119/197 [00:00<00:00, 1335.43it/s, Materializing param=encoder.layer.7.attention.output.LayerNorm.weight]
3004.9s 714 Loading weights:  60%|██████    | 119/197 [00:00<00:00, 1334.16it/s, Materializing param=encoder.layer.7.attention.output.LayerNorm.weight]
3004.9s 715 Loading weights:  61%|██████    | 120/197 [00:00<00:00, 1342.73it/s, Materializing param=encoder.layer.7.attention.output.dense.bias]
3004.9s 716 Loading weights:  61%|██████    | 120/197 [00:00<00:00, 1341.48it/s, Materializing param=encoder.layer.7.attention.output.dense.bias]
3004.9s 717 Loading weights:  61%|██████▏   | 121/197 [00:00<00:00, 1349.57it/s, Materializing param=encoder.layer.7.attention.output.dense.weight]
3004.9s 718 Loading weights:  61%|██████▏   | 121/197 [00:00<00:00, 1348.29it/s, Materializing param=encoder.layer.7.attention.output.dense.weight]
3004.9s 719 Loading weights:  62%|██████▏   | 122/197 [00:00<00:00, 1356.77it/s, Materializing param=encoder.layer.7.attention.self.key.bias]
3004.9s 720 Loading weights:  62%|██████▏   | 122/197 [00:00<00:00, 1355.51it/s, Materializing param=encoder.layer.7.attention.self.key.bias]
3004.9s 721 Loading weights:  62%|██████▏   | 123/197 [00:00<00:00, 1364.00it/s, Materializing param=encoder.layer.7.attention.self.key.weight]
3004.9s 722 Loading weights:  62%|██████▏   | 123/197 [00:00<00:00, 1362.74it/s, Materializing param=encoder.layer.7.attention.self.key.weight]
3004.9s 723 Loading weights:  63%|██████▎   | 124/197 [00:00<00:00, 1371.21it/s, Materializing param=encoder.layer.7.attention.self.query.bias]
3004.9s 724 Loading weights:  63%|██████▎   | 124/197 [00:00<00:00, 1369.61it/s, Materializing param=encoder.layer.7.attention.self.query.bias]
3004.9s 725 Loading weights:  63%|██████▎   | 125/197 [00:00<00:00, 1377.75it/s, Materializing param=encoder.layer.7.attention.self.query.weight]
3004.9s 726 Loading weights:  63%|██████▎   | 125/197 [00:00<00:00, 1376.49it/s, Materializing param=encoder.layer.7.attention.self.query.weight]
3004.9s 727 Loading weights:  64%|██████▍   | 126/197 [00:00<00:00, 1384.49it/s, Materializing param=encoder.layer.7.attention.self.value.bias]
3004.9s 728 Loading weights:  64%|██████▍   | 126/197 [00:00<00:00, 1383.18it/s, Materializing param=encoder.layer.7.attention.self.value.bias]
3004.9s 729 Loading weights:  64%|██████▍   | 127/197 [00:00<00:00, 1391.41it/s, Materializing param=encoder.layer.7.attention.self.value.weight]
3004.9s 730 Loading weights:  64%|██████▍   | 127/197 [00:00<00:00, 1390.11it/s, Materializing param=encoder.layer.7.attention.self.value.weight]
3004.9s 731 Loading weights:  65%|██████▍   | 128/197 [00:00<00:00, 1397.34it/s, Materializing param=encoder.layer.7.intermediate.dense.bias]
3004.9s 732 Loading weights:  65%|██████▍   | 128/197 [00:00<00:00, 1395.87it/s, Materializing param=encoder.layer.7.intermediate.dense.bias]
3004.9s 733 Loading weights:  65%|██████▌   | 129/197 [00:00<00:00, 1403.68it/s, Materializing param=encoder.layer.7.intermediate.dense.weight]
3004.9s 734 Loading weights:  65%|██████▌   | 129/197 [00:00<00:00, 1402.35it/s, Materializing param=encoder.layer.7.intermediate.dense.weight]
3004.9s 735 Loading weights:  66%|██████▌   | 130/197 [00:00<00:00, 1410.49it/s, Materializing param=encoder.layer.7.output.LayerNorm.bias]
3004.9s 736 Loading weights:  66%|██████▌   | 130/197 [00:00<00:00, 1409.18it/s, Materializing param=encoder.layer.7.output.LayerNorm.bias]
3004.9s 737 Loading weights:  66%|██████▋   | 131/197 [00:00<00:00, 1417.22it/s, Materializing param=encoder.layer.7.output.LayerNorm.weight]
3004.9s 738 Loading weights:  66%|██████▋   | 131/197 [00:00<00:00, 1415.59it/s, Materializing param=encoder.layer.7.output.LayerNorm.weight]
3004.9s 739 Loading weights:  67%|██████▋   | 132/197 [00:00<00:00, 1423.29it/s, Materializing param=encoder.layer.7.output.dense.bias]
3004.9s 740 Loading weights:  67%|██████▋   | 132/197 [00:00<00:00, 1421.82it/s, Materializing param=encoder.layer.7.output.dense.bias]
3004.9s 741 Loading weights:  68%|██████▊   | 133/197 [00:00<00:00, 1429.99it/s, Materializing param=encoder.layer.7.output.dense.weight]
3004.9s 742 Loading weights:  68%|██████▊   | 133/197 [00:00<00:00, 1428.78it/s, Materializing param=encoder.layer.7.output.dense.weight]
3004.9s 743 Loading weights:  68%|██████▊   | 134/197 [00:00<00:00, 1436.96it/s, Materializing param=encoder.layer.8.attention.output.LayerNorm.bias]
3004.9s 744 Loading weights:  68%|██████▊   | 134/197 [00:00<00:00, 1435.71it/s, Materializing param=encoder.layer.8.attention.output.LayerNorm.bias]
3004.9s 745 Loading weights:  69%|██████▊   | 135/197 [00:00<00:00, 1442.86it/s, Materializing param=encoder.layer.8.attention.output.LayerNorm.weight]
3004.9s 746 Loading weights:  69%|██████▊   | 135/197 [00:00<00:00, 1441.21it/s, Materializing param=encoder.layer.8.attention.output.LayerNorm.weight]
3004.9s 747 Loading weights:  69%|██████▉   | 136/197 [00:00<00:00, 1448.97it/s, Materializing param=encoder.layer.8.attention.output.dense.bias]
3004.9s 748 Loading weights:  69%|██████▉   | 136/197 [00:00<00:00, 1447.62it/s, Materializing param=encoder.layer.8.attention.output.dense.bias]
3004.9s 749 Loading weights:  70%|██████▉   | 137/197 [00:00<00:00, 1455.42it/s, Materializing param=encoder.layer.8.attention.output.dense.weight]
3004.9s 750 Loading weights:  70%|██████▉   | 137/197 [00:00<00:00, 1454.07it/s, Materializing param=encoder.layer.8.attention.output.dense.weight]
3004.9s 751 Loading weights:  70%|███████   | 138/197 [00:00<00:00, 1461.86it/s, Materializing param=encoder.layer.8.attention.self.key.bias]
3004.9s 752 Loading weights:  70%|███████   | 138/197 [00:00<00:00, 1460.51it/s, Materializing param=encoder.layer.8.attention.self.key.bias]
3004.9s 753 Loading weights:  71%|███████   | 139/197 [00:00<00:00, 1467.84it/s, Materializing param=encoder.layer.8.attention.self.key.weight]
3004.9s 754 Loading weights:  71%|███████   | 139/197 [00:00<00:00, 1466.52it/s, Materializing param=encoder.layer.8.attention.self.key.weight]
3004.9s 755 Loading weights:  71%|███████   | 140/197 [00:00<00:00, 1474.14it/s, Materializing param=encoder.layer.8.attention.self.query.bias]
3004.9s 756 Loading weights:  71%|███████   | 140/197 [00:00<00:00, 1472.81it/s, Materializing param=encoder.layer.8.attention.self.query.bias]
3004.9s 757 Loading weights:  72%|███████▏  | 141/197 [00:00<00:00, 1480.56it/s, Materializing param=encoder.layer.8.attention.self.query.weight]
3004.9s 758 Loading weights:  72%|███████▏  | 141/197 [00:00<00:00, 1479.22it/s, Materializing param=encoder.layer.8.attention.self.query.weight]
3004.9s 759 Loading weights:  72%|███████▏  | 142/197 [00:00<00:00, 1486.10it/s, Materializing param=encoder.layer.8.attention.self.value.bias]
3004.9s 760 Loading weights:  72%|███████▏  | 142/197 [00:00<00:00, 1484.42it/s, Materializing param=encoder.layer.8.attention.self.value.bias]
3004.9s 761 Loading weights:  73%|███████▎  | 143/197 [00:00<00:00, 1491.51it/s, Materializing param=encoder.layer.8.attention.self.value.weight]
3004.9s 762 Loading weights:  73%|███████▎  | 143/197 [00:00<00:00, 1490.01it/s, Materializing param=encoder.layer.8.attention.self.value.weight]
3004.9s 763 Loading weights:  73%|███████▎  | 144/197 [00:00<00:00, 1497.17it/s, Materializing param=encoder.layer.8.intermediate.dense.bias]
3004.9s 764 Loading weights:  73%|███████▎  | 144/197 [00:00<00:00, 1495.69it/s, Materializing param=encoder.layer.8.intermediate.dense.bias]
3004.9s 765 Loading weights:  74%|███████▎  | 145/197 [00:00<00:00, 1502.77it/s, Materializing param=encoder.layer.8.intermediate.dense.weight]
3004.9s 766 Loading weights:  74%|███████▎  | 145/197 [00:00<00:00, 1500.25it/s, Materializing param=encoder.layer.8.intermediate.dense.weight]
3004.9s 767 Loading weights:  74%|███████▍  | 146/197 [00:00<00:00, 1507.23it/s, Materializing param=encoder.layer.8.output.LayerNorm.bias]
3004.9s 768 Loading weights:  74%|███████▍  | 146/197 [00:00<00:00, 1505.28it/s, Materializing param=encoder.layer.8.output.LayerNorm.bias]
3004.9s 769 Loading weights:  75%|███████▍  | 147/197 [00:00<00:00, 1512.85it/s, Materializing param=encoder.layer.8.output.LayerNorm.weight]
3004.9s 770 Loading weights:  75%|███████▍  | 147/197 [00:00<00:00, 1511.56it/s, Materializing param=encoder.layer.8.output.LayerNorm.weight]
3004.9s 771 Loading weights:  75%|███████▌  | 148/197 [00:00<00:00, 1519.12it/s, Materializing param=encoder.layer.8.output.dense.bias]
3004.9s 772 Loading weights:  75%|███████▌  | 148/197 [00:00<00:00, 1517.58it/s, Materializing param=encoder.layer.8.output.dense.bias]
3004.9s 773 Loading weights:  76%|███████▌  | 149/197 [00:00<00:00, 1524.93it/s, Materializing param=encoder.layer.8.output.dense.weight]
3004.9s 774 Loading weights:  76%|███████▌  | 149/197 [00:00<00:00, 1523.61it/s, Materializing param=encoder.layer.8.output.dense.weight]
3004.9s 775 Loading weights:  76%|███████▌  | 150/197 [00:00<00:00, 1531.19it/s, Materializing param=encoder.layer.9.attention.output.LayerNorm.bias]
3004.9s 776 Loading weights:  76%|███████▌  | 150/197 [00:00<00:00, 1529.89it/s, Materializing param=encoder.layer.9.attention.output.LayerNorm.bias]
3004.9s 777 Loading weights:  77%|███████▋  | 151/197 [00:00<00:00, 1537.33it/s, Materializing param=encoder.layer.9.attention.output.LayerNorm.weight]
3004.9s 778 Loading weights:  77%|███████▋  | 151/197 [00:00<00:00, 1536.04it/s, Materializing param=encoder.layer.9.attention.output.LayerNorm.weight]
3004.9s 779 Loading weights:  77%|███████▋  | 152/197 [00:00<00:00, 1543.46it/s, Materializing param=encoder.layer.9.attention.output.dense.bias]
3004.9s 780 Loading weights:  77%|███████▋  | 152/197 [00:00<00:00, 1541.11it/s, Materializing param=encoder.layer.9.attention.output.dense.bias]
3004.9s 781 Loading weights:  78%|███████▊  | 153/197 [00:00<00:00, 1548.37it/s, Materializing param=encoder.layer.9.attention.output.dense.weight]
3004.9s 782 Loading weights:  78%|███████▊  | 153/197 [00:00<00:00, 1547.06it/s, Materializing param=encoder.layer.9.attention.output.dense.weight]
3004.9s 783 Loading weights:  78%|███████▊  | 154/197 [00:00<00:00, 1554.42it/s, Materializing param=encoder.layer.9.attention.self.key.bias]
3004.9s 784 Loading weights:  78%|███████▊  | 154/197 [00:00<00:00, 1553.13it/s, Materializing param=encoder.layer.9.attention.self.key.bias]
3004.9s 785 Loading weights:  79%|███████▊  | 155/197 [00:00<00:00, 1560.46it/s, Materializing param=encoder.layer.9.attention.self.key.weight]
3004.9s 786 Loading weights:  79%|███████▊  | 155/197 [00:00<00:00, 1559.02it/s, Materializing param=encoder.layer.9.attention.self.key.weight]
3004.9s 787 Loading weights:  79%|███████▉  | 156/197 [00:00<00:00, 1565.46it/s, Materializing param=encoder.layer.9.attention.self.query.bias]
3004.9s 788 Loading weights:  79%|███████▉  | 156/197 [00:00<00:00, 1564.06it/s, Materializing param=encoder.layer.9.attention.self.query.bias]
3004.9s 789 Loading weights:  80%|███████▉  | 157/197 [00:00<00:00, 1570.99it/s, Materializing param=encoder.layer.9.attention.self.query.weight]
3004.9s 790 Loading weights:  80%|███████▉  | 157/197 [00:00<00:00, 1569.65it/s, Materializing param=encoder.layer.9.attention.self.query.weight]
3004.9s 791 Loading weights:  80%|████████  | 158/197 [00:00<00:00, 1577.03it/s, Materializing param=encoder.layer.9.attention.self.query.weight]
3004.9s 792 Loading weights:  80%|████████  | 158/197 [00:00<00:00, 1577.03it/s, Materializing param=encoder.layer.9.attention.self.value.bias]
3004.9s 793 Loading weights:  80%|████████  | 158/197 [00:00<00:00, 1577.03it/s, Materializing param=encoder.layer.9.attention.self.value.bias]
3004.9s 794 Loading weights:  81%|████████  | 159/197 [00:00<00:00, 1577.03it/s, Materializing param=encoder.layer.9.attention.self.value.weight]
3004.9s 795 Loading weights:  81%|████████  | 159/197 [00:00<00:00, 1577.03it/s, Materializing param=encoder.layer.9.attention.self.value.weight]
3004.9s 796 Loading weights:  81%|████████  | 160/197 [00:00<00:00, 1577.03it/s, Materializing param=encoder.layer.9.intermediate.dense.bias]
3004.9s 797 Loading weights:  81%|████████  | 160/197 [00:00<00:00, 1577.03it/s, Materializing param=encoder.layer.9.intermediate.dense.bias]
3004.9s 798 Loading weights:  82%|████████▏ | 161/197 [00:00<00:00, 1577.03it/s, Materializing param=encoder.layer.9.intermediate.dense.weight]
3004.9s 799 Loading weights:  82%|████████▏ | 161/197 [00:00<00:00, 1577.03it/s, Materializing param=encoder.layer.9.intermediate.dense.weight]
3004.9s 800 Loading weights:  82%|████████▏ | 162/197 [00:00<00:00, 1577.03it/s, Materializing param=encoder.layer.9.output.LayerNorm.bias]
3004.9s 801 Loading weights:  82%|████████▏ | 162/197 [00:00<00:00, 1577.03it/s, Materializing param=encoder.layer.9.output.LayerNorm.bias]
3004.9s 802 Loading weights:  83%|████████▎ | 163/197 [00:00<00:00, 1577.03it/s, Materializing param=encoder.layer.9.output.LayerNorm.weight]
3004.9s 803 Loading weights:  83%|████████▎ | 163/197 [00:00<00:00, 1577.03it/s, Materializing param=encoder.layer.9.output.LayerNorm.weight]
3004.9s 804 Loading weights:  83%|████████▎ | 164/197 [00:00<00:00, 1577.03it/s, Materializing param=encoder.layer.9.output.dense.bias]
3004.9s 805 Loading weights:  83%|████████▎ | 164/197 [00:00<00:00, 1577.03it/s, Materializing param=encoder.layer.9.output.dense.bias]
3004.9s 806 Loading weights:  84%|████████▍ | 165/197 [00:00<00:00, 1577.03it/s, Materializing param=encoder.layer.9.output.dense.weight]
3004.9s 807 Loading weights:  84%|████████▍ | 165/197 [00:00<00:00, 1577.03it/s, Materializing param=encoder.layer.9.output.dense.weight]
3004.9s 808 Loading weights:  84%|████████▍ | 166/197 [00:00<00:00, 1577.03it/s, Materializing param=encoder.layer.10.attention.output.LayerNorm.bias]
3004.9s 809 Loading weights:  84%|████████▍ | 166/197 [00:00<00:00, 1577.03it/s, Materializing param=encoder.layer.10.attention.output.LayerNorm.bias]
3004.9s 810 Loading weights:  85%|████████▍ | 167/197 [00:00<00:00, 1577.03it/s, Materializing param=encoder.layer.10.attention.output.LayerNorm.weight]
3004.9s 811 Loading weights:  85%|████████▍ | 167/197 [00:00<00:00, 1577.03it/s, Materializing param=encoder.layer.10.attention.output.LayerNorm.weight]
3004.9s 812 Loading weights:  85%|████████▌ | 168/197 [00:00<00:00, 1577.03it/s, Materializing param=encoder.layer.10.attention.output.dense.bias]
3004.9s 813 Loading weights:  85%|████████▌ | 168/197 [00:00<00:00, 1577.03it/s, Materializing param=encoder.layer.10.attention.output.dense.bias]
3004.9s 814 Loading weights:  86%|████████▌ | 169/197 [00:00<00:00, 1577.03it/s, Materializing param=encoder.layer.10.attention.output.dense.weight]
3004.9s 815 Loading weights:  86%|████████▌ | 169/197 [00:00<00:00, 1577.03it/s, Materializing param=encoder.layer.10.attention.output.dense.weight]
3004.9s 816 Loading weights:  86%|████████▋ | 170/197 [00:00<00:00, 1577.03it/s, Materializing param=encoder.layer.10.attention.self.key.bias]
3004.9s 817 Loading weights:  86%|████████▋ | 170/197 [00:00<00:00, 1577.03it/s, Materializing param=encoder.layer.10.attention.self.key.bias]
3004.9s 818 Loading weights:  87%|████████▋ | 171/197 [00:00<00:00, 1577.03it/s, Materializing param=encoder.layer.10.attention.self.key.weight]
3004.9s 819 Loading weights:  87%|████████▋ | 171/197 [00:00<00:00, 1577.03it/s, Materializing param=encoder.layer.10.attention.self.key.weight]
3004.9s 820 Loading weights:  87%|████████▋ | 172/197 [00:00<00:00, 1577.03it/s, Materializing param=encoder.layer.10.attention.self.query.bias]
3004.9s 821 Loading weights:  87%|████████▋ | 172/197 [00:00<00:00, 1577.03it/s, Materializing param=encoder.layer.10.attention.self.query.bias]
3004.9s 822 Loading weights:  88%|████████▊ | 173/197 [00:00<00:00, 1577.03it/s, Materializing param=encoder.layer.10.attention.self.query.weight]
3004.9s 823 Loading weights:  88%|████████▊ | 173/197 [00:00<00:00, 1577.03it/s, Materializing param=encoder.layer.10.attention.self.query.weight]
3004.9s 824 Loading weights:  88%|████████▊ | 174/197 [00:00<00:00, 1577.03it/s, Materializing param=encoder.layer.10.attention.self.value.bias]
3004.9s 825 Loading weights:  88%|████████▊ | 174/197 [00:00<00:00, 1577.03it/s, Materializing param=encoder.layer.10.attention.self.value.bias]
3004.9s 826 Loading weights:  89%|████████▉ | 175/197 [00:00<00:00, 1577.03it/s, Materializing param=encoder.layer.10.attention.self.value.weight]
3004.9s 827 Loading weights:  89%|████████▉ | 175/197 [00:00<00:00, 1577.03it/s, Materializing param=encoder.layer.10.attention.self.value.weight]
3004.9s 828 Loading weights:  89%|████████▉ | 176/197 [00:00<00:00, 1577.03it/s, Materializing param=encoder.layer.10.intermediate.dense.bias]
3004.9s 829 Loading weights:  89%|████████▉ | 176/197 [00:00<00:00, 1577.03it/s, Materializing param=encoder.layer.10.intermediate.dense.bias]
3004.9s 830 Loading weights:  90%|████████▉ | 177/197 [00:00<00:00, 1577.03it/s, Materializing param=encoder.layer.10.intermediate.dense.weight]
3004.9s 831 Loading weights:  90%|████████▉ | 177/197 [00:00<00:00, 1577.03it/s, Materializing param=encoder.layer.10.intermediate.dense.weight]
3004.9s 832 Loading weights:  90%|█████████ | 178/197 [00:00<00:00, 1577.03it/s, Materializing param=encoder.layer.10.output.LayerNorm.bias]
3004.9s 833 Loading weights:  90%|█████████ | 178/197 [00:00<00:00, 1577.03it/s, Materializing param=encoder.layer.10.output.LayerNorm.bias]
3004.9s 834 Loading weights:  91%|█████████ | 179/197 [00:00<00:00, 1577.03it/s, Materializing param=encoder.layer.10.output.LayerNorm.weight]
3004.9s 835 Loading weights:  91%|█████████ | 179/197 [00:00<00:00, 1577.03it/s, Materializing param=encoder.layer.10.output.LayerNorm.weight]
3004.9s 836 Loading weights:  91%|█████████▏| 180/197 [00:00<00:00, 1577.03it/s, Materializing param=encoder.layer.10.output.dense.bias]
3004.9s 837 Loading weights:  91%|█████████▏| 180/197 [00:00<00:00, 1577.03it/s, Materializing param=encoder.layer.10.output.dense.bias]
3004.9s 838 Loading weights:  92%|█████████▏| 181/197 [00:00<00:00, 1577.03it/s, Materializing param=encoder.layer.10.output.dense.weight]
3004.9s 839 Loading weights:  92%|█████████▏| 181/197 [00:00<00:00, 1577.03it/s, Materializing param=encoder.layer.10.output.dense.weight]
3004.9s 840 Loading weights:  92%|█████████▏| 182/197 [00:00<00:00, 1577.03it/s, Materializing param=encoder.layer.11.attention.output.LayerNorm.bias]
3004.9s 841 Loading weights:  92%|█████████▏| 182/197 [00:00<00:00, 1577.03it/s, Materializing param=encoder.layer.11.attention.output.LayerNorm.bias]
3004.9s 842 Loading weights:  93%|█████████▎| 183/197 [00:00<00:00, 1577.03it/s, Materializing param=encoder.layer.11.attention.output.LayerNorm.weight]
3004.9s 843 Loading weights:  93%|█████████▎| 183/197 [00:00<00:00, 1577.03it/s, Materializing param=encoder.layer.11.attention.output.LayerNorm.weight]
3004.9s 844 Loading weights:  93%|█████████▎| 184/197 [00:00<00:00, 1577.03it/s, Materializing param=encoder.layer.11.attention.output.dense.bias]
3004.9s 845 Loading weights:  93%|█████████▎| 184/197 [00:00<00:00, 1577.03it/s, Materializing param=encoder.layer.11.attention.output.dense.bias]
3004.9s 846 Loading weights:  94%|█████████▍| 185/197 [00:00<00:00, 1577.03it/s, Materializing param=encoder.layer.11.attention.output.dense.weight]
3004.9s 847 Loading weights:  94%|█████████▍| 185/197 [00:00<00:00, 1577.03it/s, Materializing param=encoder.layer.11.attention.output.dense.weight]
3004.9s 848 Loading weights:  94%|█████████▍| 186/197 [00:00<00:00, 1577.03it/s, Materializing param=encoder.layer.11.attention.self.key.bias]
3004.9s 849 Loading weights:  94%|█████████▍| 186/197 [00:00<00:00, 1577.03it/s, Materializing param=encoder.layer.11.attention.self.key.bias]
3004.9s 850 Loading weights:  95%|█████████▍| 187/197 [00:00<00:00, 1577.03it/s, Materializing param=encoder.layer.11.attention.self.key.weight]
3004.9s 851 Loading weights:  95%|█████████▍| 187/197 [00:00<00:00, 1577.03it/s, Materializing param=encoder.layer.11.attention.self.key.weight]
3004.9s 852 Loading weights:  95%|█████████▌| 188/197 [00:00<00:00, 1577.03it/s, Materializing param=encoder.layer.11.attention.self.query.bias]
3004.9s 853 Loading weights:  95%|█████████▌| 188/197 [00:00<00:00, 1577.03it/s, Materializing param=encoder.layer.11.attention.self.query.bias]
3004.9s 854 Loading weights:  96%|█████████▌| 189/197 [00:00<00:00, 1577.03it/s, Materializing param=encoder.layer.11.attention.self.query.weight]
3004.9s 855 Loading weights:  96%|█████████▌| 189/197 [00:00<00:00, 1577.03it/s, Materializing param=encoder.layer.11.attention.self.query.weight]
3004.9s 856 Loading weights:  96%|█████████▋| 190/197 [00:00<00:00, 1577.03it/s, Materializing param=encoder.layer.11.attention.self.value.bias]
3004.9s 857 Loading weights:  96%|█████████▋| 190/197 [00:00<00:00, 1577.03it/s, Materializing param=encoder.layer.11.attention.self.value.bias]
3004.9s 858 Loading weights:  97%|█████████▋| 191/197 [00:00<00:00, 1577.03it/s, Materializing param=encoder.layer.11.attention.self.value.weight]
3004.9s 859 Loading weights:  97%|█████████▋| 191/197 [00:00<00:00, 1577.03it/s, Materializing param=encoder.layer.11.attention.self.value.weight]
3004.9s 860 Loading weights:  97%|█████████▋| 192/197 [00:00<00:00, 1577.03it/s, Materializing param=encoder.layer.11.intermediate.dense.bias]
3004.9s 861 Loading weights:  97%|█████████▋| 192/197 [00:00<00:00, 1577.03it/s, Materializing param=encoder.layer.11.intermediate.dense.bias]
3004.9s 862 Loading weights:  98%|█████████▊| 193/197 [00:00<00:00, 1577.03it/s, Materializing param=encoder.layer.11.intermediate.dense.weight]
3004.9s 863 Loading weights:  98%|█████████▊| 193/197 [00:00<00:00, 1577.03it/s, Materializing param=encoder.layer.11.intermediate.dense.weight]
3004.9s 864 Loading weights:  98%|█████████▊| 194/197 [00:00<00:00, 1577.03it/s, Materializing param=encoder.layer.11.output.LayerNorm.bias]
3004.9s 865 Loading weights:  98%|█████████▊| 194/197 [00:00<00:00, 1577.03it/s, Materializing param=encoder.layer.11.output.LayerNorm.bias]
3004.9s 866 Loading weights:  99%|█████████▉| 195/197 [00:00<00:00, 1577.03it/s, Materializing param=encoder.layer.11.output.LayerNorm.weight]
3004.9s 867 Loading weights:  99%|█████████▉| 195/197 [00:00<00:00, 1577.03it/s, Materializing param=encoder.layer.11.output.LayerNorm.weight]
3004.9s 868 Loading weights:  99%|█████████▉| 196/197 [00:00<00:00, 1577.03it/s, Materializing param=encoder.layer.11.output.dense.bias]
3004.9s 869 Loading weights:  99%|█████████▉| 196/197 [00:00<00:00, 1577.03it/s, Materializing param=encoder.layer.11.output.dense.bias]
3004.9s 870 Loading weights: 100%|██████████| 197/197 [00:00<00:00, 1577.03it/s, Materializing param=encoder.layer.11.output.dense.weight]
3004.9s 871 Loading weights: 100%|██████████| 197/197 [00:00<00:00, 1577.03it/s, Materializing param=encoder.layer.11.output.dense.weight]
3004.9s 872 Loading weights: 100%|██████████| 197/197 [00:00<00:00, 1755.35it/s, Materializing param=encoder.layer.11.output.dense.weight]
3004.9s 873 BertModel LOAD REPORT from: artifacts/runs/tapt-ctxdecode
3004.9s 874 Key                                        | Status     |
3004.9s 875 -------------------------------------------+------------+-
3004.9s 876 cls.predictions.transform.LayerNorm.bias   | UNEXPECTED |
3004.9s 877 cls.predictions.decoder.bias               | UNEXPECTED |
3004.9s 878 cls.predictions.decoder.weight             | UNEXPECTED |
3004.9s 879 cls.predictions.transform.dense.weight     | UNEXPECTED |
3004.9s 880 cls.predictions.bias                       | UNEXPECTED |
3004.9s 881 cls.predictions.transform.LayerNorm.weight | UNEXPECTED |
3004.9s 882 cls.predictions.transform.dense.bias       | UNEXPECTED |
3004.9s 883 pooler.dense.bias                          | MISSING    |
3004.9s 884 pooler.dense.weight                        | MISSING    |
3004.9s 885 
3004.9s 886 Notes:
3004.9s 887 - UNEXPECTED	:can be ignored when loading from different task/architecture; not ok if you expect identical arch.
3004.9s 888 - MISSING	:those params were newly initialized because missing from the checkpoint. Consider training on your downstream task.
3257.4s 889 [s42full] ep1 done 4.2min  no val
3511.0s 890 [s42full] ep2 done 4.2min  no val
3760.0s 891 [s42full] ep3 done 4.1min  no val
4015.2s 892 [s42full] ep4 done 4.3min  no val
4265.6s 893 [s42full] ep5 done 4.2min  no val
4527.8s 894 [s42full] ep6 197/197 loss 1.1334   no val (1.33s/step)
4527.8s 895 [s42full] ep6 done 4.4min  no val
4527.8s 896 [s42full] trained on every row; final checkpoint taken, no score
4527.8s 897 ===== seed 43 FULL FIT, 3159 rows, no validation =====
4528.0s 898 fold gazetteer (first 8 terms per class):
4528.0s 899 Gender         amma batte dagar meghana munde nin sonu sule
4528.0s 900 Geo-political  pakistan
4528.0s 901 Others         btv bucket news
4528.0s 902 Political      ashwath bjp bommai congress election modi party siddu
4528.0s 903 Religion       hijab hindu islam muslim muslims
4528.0s 904 Violence
4528.0s 905 
4528.0s 906 Loading weights:   0%|          | 0/197 [00:00<?, ?it/s]
4528.0s 907 Loading weights:   1%|          | 1/197 [00:00<00:00, 28926.23it/s, Materializing param=embeddings.LayerNorm.bias]
4528.0s 908 Loading weights:   1%|          | 1/197 [00:00<00:00, 8305.55it/s, Materializing param=embeddings.LayerNorm.bias]
4528.0s 909 Loading weights:   1%|          | 2/197 [00:00<00:00, 6255.49it/s, Materializing param=embeddings.LayerNorm.weight]
4528.0s 910 Loading weights:   1%|          | 2/197 [00:00<00:00, 5047.30it/s, Materializing param=embeddings.LayerNorm.weight]
4528.0s 911 Loading weights:   2%|▏         | 3/197 [00:00<00:00, 4078.74it/s, Materializing param=embeddings.position_embeddings.weight]
4528.0s 912 Loading weights:   2%|▏         | 3/197 [00:00<00:00, 3659.95it/s, Materializing param=embeddings.position_embeddings.weight]
4528.0s 913 Loading weights:   2%|▏         | 4/197 [00:00<00:00, 3732.42it/s, Materializing param=embeddings.token_type_embeddings.weight]
4528.0s 914 Loading weights:   2%|▏         | 4/197 [00:00<00:00, 3467.80it/s, Materializing param=embeddings.token_type_embeddings.weight]
4528.0s 915 Loading weights:   3%|▎         | 5/197 [00:00<00:00, 2261.57it/s, Materializing param=embeddings.word_embeddings.weight]
4528.0s 916 Loading weights:   3%|▎         | 5/197 [00:00<00:00, 2167.37it/s, Materializing param=embeddings.word_embeddings.weight]
4528.0s 917 Loading weights:   3%|▎         | 6/197 [00:00<00:00, 2152.40it/s, Materializing param=encoder.layer.0.attention.output.LayerNorm.bias]
4528.0s 918 Loading weights:   3%|▎         | 6/197 [00:00<00:00, 1937.92it/s, Materializing param=encoder.layer.0.attention.output.LayerNorm.bias]
4528.0s 919 Loading weights:   4%|▎         | 7/197 [00:00<00:00, 1948.38it/s, Materializing param=encoder.layer.0.attention.output.LayerNorm.weight]
4528.0s 920 Loading weights:   4%|▎         | 7/197 [00:00<00:00, 1849.22it/s, Materializing param=encoder.layer.0.attention.output.LayerNorm.weight]
4528.0s 921 Loading weights:   4%|▍         | 8/197 [00:00<00:00, 1827.58it/s, Materializing param=encoder.layer.0.attention.output.dense.bias]
4528.0s 922 Loading weights:   4%|▍         | 8/197 [00:00<00:00, 1741.55it/s, Materializing param=encoder.layer.0.attention.output.dense.bias]
4528.0s 923 Loading weights:   5%|▍         | 9/197 [00:00<00:00, 1796.36it/s, Materializing param=encoder.layer.0.attention.output.dense.weight]
4528.0s 924 Loading weights:   5%|▍         | 9/197 [00:00<00:00, 1609.21it/s, Materializing param=encoder.layer.0.attention.output.dense.weight]
4528.0s 925 Loading weights:   5%|▌         | 10/197 [00:00<00:00, 1669.84it/s, Materializing param=encoder.layer.0.attention.self.key.bias]
4528.0s 926 Loading weights:   5%|▌         | 10/197 [00:00<00:00, 1648.25it/s, Materializing param=encoder.layer.0.attention.self.key.bias]
4528.0s 927 Loading weights:   6%|▌         | 11/197 [00:00<00:00, 1619.42it/s, Materializing param=encoder.layer.0.attention.self.key.weight]
4528.0s 928 Loading weights:   6%|▌         | 11/197 [00:00<00:00, 1520.78it/s, Materializing param=encoder.layer.0.attention.self.key.weight]
4528.0s 929 Loading weights:   6%|▌         | 12/197 [00:00<00:00, 1493.39it/s, Materializing param=encoder.layer.0.attention.self.query.bias]
4528.0s 930 Loading weights:   6%|▌         | 12/197 [00:00<00:00, 1452.95it/s, Materializing param=encoder.layer.0.attention.self.query.bias]
4528.0s 931 Loading weights:   7%|▋         | 13/197 [00:00<00:00, 1286.23it/s, Materializing param=encoder.layer.0.attention.self.query.weight]
4528.0s 932 Loading weights:   7%|▋         | 13/197 [00:00<00:00, 1241.94it/s, Materializing param=encoder.layer.0.attention.self.query.weight]
4528.0s 933 Loading weights:   7%|▋         | 14/197 [00:00<00:00, 1301.51it/s, Materializing param=encoder.layer.0.attention.self.value.bias]
4528.0s 934 Loading weights:   7%|▋         | 14/197 [00:00<00:00, 1205.78it/s, Materializing param=encoder.layer.0.attention.self.value.bias]
4528.0s 935 Loading weights:   8%|▊         | 15/197 [00:00<00:00, 1216.94it/s, Materializing param=encoder.layer.0.attention.self.value.weight]
4528.0s 936 Loading weights:   8%|▊         | 15/197 [00:00<00:00, 1206.46it/s, Materializing param=encoder.layer.0.attention.self.value.weight]
4528.0s 937 Loading weights:   8%|▊         | 16/197 [00:00<00:00, 1239.52it/s, Materializing param=encoder.layer.0.intermediate.dense.bias]
4528.0s 938 Loading weights:   8%|▊         | 16/197 [00:00<00:00, 1228.79it/s, Materializing param=encoder.layer.0.intermediate.dense.bias]
4528.0s 939 Loading weights:   9%|▊         | 17/197 [00:00<00:00, 1273.41it/s, Materializing param=encoder.layer.0.intermediate.dense.weight]
4528.0s 940 Loading weights:   9%|▊         | 17/197 [00:00<00:00, 1264.58it/s, Materializing param=encoder.layer.0.intermediate.dense.weight]
4528.0s 941 Loading weights:   9%|▉         | 18/197 [00:00<00:00, 1282.68it/s, Materializing param=encoder.layer.0.output.LayerNorm.bias]
4528.0s 942 Loading weights:   9%|▉         | 18/197 [00:00<00:00, 1273.62it/s, Materializing param=encoder.layer.0.output.LayerNorm.bias]
4528.0s 943 Loading weights:  10%|▉         | 19/197 [00:00<00:00, 1319.03it/s, Materializing param=encoder.layer.0.output.LayerNorm.weight]
4528.0s 944 Loading weights:  10%|▉         | 19/197 [00:00<00:00, 1310.42it/s, Materializing param=encoder.layer.0.output.LayerNorm.weight]
4528.0s 945 Loading weights:  10%|█         | 20/197 [00:00<00:00, 1311.56it/s, Materializing param=encoder.layer.0.output.dense.bias]
4528.0s 946 Loading weights:  10%|█         | 20/197 [00:00<00:00, 1255.70it/s, Materializing param=encoder.layer.0.output.dense.bias]
4528.0s 947 Loading weights:  11%|█         | 21/197 [00:00<00:00, 1236.77it/s, Materializing param=encoder.layer.0.output.dense.weight]
4528.0s 948 Loading weights:  11%|█         | 21/197 [00:00<00:00, 1220.00it/s, Materializing param=encoder.layer.0.output.dense.weight]
4528.0s 949 Loading weights:  11%|█         | 22/197 [00:00<00:00, 1246.01it/s, Materializing param=encoder.layer.1.attention.output.LayerNorm.bias]
4528.0s 950 Loading weights:  11%|█         | 22/197 [00:00<00:00, 1209.87it/s, Materializing param=encoder.layer.1.attention.output.LayerNorm.bias]
4528.0s 951 Loading weights:  12%|█▏        | 23/197 [00:00<00:00, 1243.51it/s, Materializing param=encoder.layer.1.attention.output.LayerNorm.weight]
4528.0s 952 Loading weights:  12%|█▏        | 23/197 [00:00<00:00, 1231.89it/s, Materializing param=encoder.layer.1.attention.output.LayerNorm.weight]
4528.0s 953 Loading weights:  12%|█▏        | 24/197 [00:00<00:00, 1264.88it/s, Materializing param=encoder.layer.1.attention.output.dense.bias]
4528.0s 954 Loading weights:  12%|█▏        | 24/197 [00:00<00:00, 1258.67it/s, Materializing param=encoder.layer.1.attention.output.dense.bias]
4528.0s 955 Loading weights:  13%|█▎        | 25/197 [00:00<00:00, 1218.47it/s, Materializing param=encoder.layer.1.attention.output.dense.weight]
4528.0s 956 Loading weights:  13%|█▎        | 25/197 [00:00<00:00, 1208.97it/s, Materializing param=encoder.layer.1.attention.output.dense.weight]
4528.0s 957 Loading weights:  13%|█▎        | 26/197 [00:00<00:00, 1222.43it/s, Materializing param=encoder.layer.1.attention.self.key.bias]
4528.0s 958 Loading weights:  13%|█▎        | 26/197 [00:00<00:00, 1215.97it/s, Materializing param=encoder.layer.1.attention.self.key.bias]
4528.0s 959 Loading weights:  14%|█▎        | 27/197 [00:00<00:00, 1247.58it/s, Materializing param=encoder.layer.1.attention.self.key.weight]
4528.0s 960 Loading weights:  14%|█▎        | 27/197 [00:00<00:00, 1241.03it/s, Materializing param=encoder.layer.1.attention.self.key.weight]
4528.0s 961 Loading weights:  14%|█▍        | 28/197 [00:00<00:00, 1232.27it/s, Materializing param=encoder.layer.1.attention.self.query.bias]
4528.0s 962 Loading weights:  14%|█▍        | 28/197 [00:00<00:00, 1226.90it/s, Materializing param=encoder.layer.1.attention.self.query.bias]
4528.0s 963 Loading weights:  15%|█▍        | 29/197 [00:00<00:00, 1252.29it/s, Materializing param=encoder.layer.1.attention.self.query.weight]
4528.0s 964 Loading weights:  15%|█▍        | 29/197 [00:00<00:00, 1248.29it/s, Materializing param=encoder.layer.1.attention.self.query.weight]
4528.0s 965 Loading weights:  15%|█▌        | 30/197 [00:00<00:00, 1261.43it/s, Materializing param=encoder.layer.1.attention.self.value.bias]
4528.0s 966 Loading weights:  15%|█▌        | 30/197 [00:00<00:00, 1255.40it/s, Materializing param=encoder.layer.1.attention.self.value.bias]
4528.0s 967 Loading weights:  16%|█▌        | 31/197 [00:00<00:00, 1260.09it/s, Materializing param=encoder.layer.1.attention.self.value.weight]
4528.0s 968 Loading weights:  16%|█▌        | 31/197 [00:00<00:00, 1212.15it/s, Materializing param=encoder.layer.1.attention.self.value.weight]
4528.0s 969 Loading weights:  16%|█▌        | 32/197 [00:00<00:00, 1229.03it/s, Materializing param=encoder.layer.1.intermediate.dense.bias]
4528.0s 970 Loading weights:  16%|█▌        | 32/197 [00:00<00:00, 1214.74it/s, Materializing param=encoder.layer.1.intermediate.dense.bias]
4528.0s 971 Loading weights:  17%|█▋        | 33/197 [00:00<00:00, 1233.39it/s, Materializing param=encoder.layer.1.intermediate.dense.weight]
4528.0s 972 Loading weights:  17%|█▋        | 33/197 [00:00<00:00, 1228.17it/s, Materializing param=encoder.layer.1.intermediate.dense.weight]
4528.0s 973 Loading weights:  17%|█▋        | 34/197 [00:00<00:00, 1247.42it/s, Materializing param=encoder.layer.1.output.LayerNorm.bias]
4528.0s 974 Loading weights:  17%|█▋        | 34/197 [00:00<00:00, 1225.02it/s, Materializing param=encoder.layer.1.output.LayerNorm.bias]
4528.0s 975 Loading weights:  18%|█▊        | 35/197 [00:00<00:00, 1240.43it/s, Materializing param=encoder.layer.1.output.LayerNorm.weight]
4528.0s 976 Loading weights:  18%|█▊        | 35/197 [00:00<00:00, 1235.12it/s, Materializing param=encoder.layer.1.output.LayerNorm.weight]
4528.0s 977 Loading weights:  18%|█▊        | 36/197 [00:00<00:00, 1242.28it/s, Materializing param=encoder.layer.1.output.dense.bias]
4528.0s 978 Loading weights:  18%|█▊        | 36/197 [00:00<00:00, 1237.42it/s, Materializing param=encoder.layer.1.output.dense.bias]
4528.0s 979 Loading weights:  19%|█▉        | 37/197 [00:00<00:00, 1242.29it/s, Materializing param=encoder.layer.1.output.dense.weight]
4528.0s 980 Loading weights:  19%|█▉        | 37/197 [00:00<00:00, 1237.09it/s, Materializing param=encoder.layer.1.output.dense.weight]
4528.0s 981 Loading weights:  19%|█▉        | 38/197 [00:00<00:00, 1227.44it/s, Materializing param=encoder.layer.2.attention.output.LayerNorm.bias]
4528.0s 982 Loading weights:  19%|█▉        | 38/197 [00:00<00:00, 1223.09it/s, Materializing param=encoder.layer.2.attention.output.LayerNorm.bias]
4528.0s 983 Loading weights:  20%|█▉        | 39/197 [00:00<00:00, 1218.98it/s, Materializing param=encoder.layer.2.attention.output.LayerNorm.weight]
4528.0s 984 Loading weights:  20%|█▉        | 39/197 [00:00<00:00, 1215.13it/s, Materializing param=encoder.layer.2.attention.output.LayerNorm.weight]
4528.0s 985 Loading weights:  20%|██        | 40/197 [00:00<00:00, 1237.65it/s, Materializing param=encoder.layer.2.attention.output.dense.bias]
4528.0s 986 Loading weights:  20%|██        | 40/197 [00:00<00:00, 1230.17it/s, Materializing param=encoder.layer.2.attention.output.dense.bias]
4528.0s 987 Loading weights:  21%|██        | 41/197 [00:00<00:00, 1219.81it/s, Materializing param=encoder.layer.2.attention.output.dense.weight]
4528.0s 988 Loading weights:  21%|██        | 41/197 [00:00<00:00, 1216.23it/s, Materializing param=encoder.layer.2.attention.output.dense.weight]
4528.0s 989 Loading weights:  21%|██▏       | 42/197 [00:00<00:00, 1225.24it/s, Materializing param=encoder.layer.2.attention.self.key.bias]
4528.0s 990 Loading weights:  21%|██▏       | 42/197 [00:00<00:00, 1221.80it/s, Materializing param=encoder.layer.2.attention.self.key.bias]
4528.0s 991 Loading weights:  22%|██▏       | 43/197 [00:00<00:00, 1232.67it/s, Materializing param=encoder.layer.2.attention.self.key.weight]
4528.0s 992 Loading weights:  22%|██▏       | 43/197 [00:00<00:00, 1228.89it/s, Materializing param=encoder.layer.2.attention.self.key.weight]
4528.0s 993 Loading weights:  22%|██▏       | 44/197 [00:00<00:00, 1246.29it/s, Materializing param=encoder.layer.2.attention.self.query.bias]
4528.0s 994 Loading weights:  22%|██▏       | 44/197 [00:00<00:00, 1242.80it/s, Materializing param=encoder.layer.2.attention.self.query.bias]
4528.0s 995 Loading weights:  23%|██▎       | 45/197 [00:00<00:00, 1239.79it/s, Materializing param=encoder.layer.2.attention.self.query.weight]
4528.0s 996 Loading weights:  23%|██▎       | 45/197 [00:00<00:00, 1213.75it/s, Materializing param=encoder.layer.2.attention.self.query.weight]
4528.0s 997 Loading weights:  23%|██▎       | 46/197 [00:00<00:00, 1224.26it/s, Materializing param=encoder.layer.2.attention.self.value.bias]
4528.0s 998 Loading weights:  23%|██▎       | 46/197 [00:00<00:00, 1220.48it/s, Materializing param=encoder.layer.2.attention.self.value.bias]
4528.0s 999 Loading weights:  24%|██▍       | 47/197 [00:00<00:00, 1233.04it/s, Materializing param=encoder.layer.2.attention.self.value.weight]
4528.0s 1000 Loading weights:  24%|██▍       | 47/197 [00:00<00:00, 1225.95it/s, Materializing param=encoder.layer.2.attention.self.value.weight]
4528.0s 1001 Loading weights:  24%|██▍       | 48/197 [00:00<00:00, 1241.25it/s, Materializing param=encoder.layer.2.intermediate.dense.bias]
4528.0s 1002 Loading weights:  24%|██▍       | 48/197 [00:00<00:00, 1237.39it/s, Materializing param=encoder.layer.2.intermediate.dense.bias]
4528.0s 1003 Loading weights:  25%|██▍       | 49/197 [00:00<00:00, 1252.85it/s, Materializing param=encoder.layer.2.intermediate.dense.weight]
4528.0s 1004 Loading weights:  25%|██▍       | 49/197 [00:00<00:00, 1230.05it/s, Materializing param=encoder.layer.2.intermediate.dense.weight]
4528.0s 1005 Loading weights:  25%|██▌       | 50/197 [00:00<00:00, 1229.57it/s, Materializing param=encoder.layer.2.output.LayerNorm.bias]
4528.0s 1006 Loading weights:  25%|██▌       | 50/197 [00:00<00:00, 1226.36it/s, Materializing param=encoder.layer.2.output.LayerNorm.bias]
4528.0s 1007 Loading weights:  26%|██▌       | 51/197 [00:00<00:00, 1243.79it/s, Materializing param=encoder.layer.2.output.LayerNorm.weight]
4528.0s 1008 Loading weights:  26%|██▌       | 51/197 [00:00<00:00, 1241.21it/s, Materializing param=encoder.layer.2.output.LayerNorm.weight]
4528.0s 1009 Loading weights:  26%|██▋       | 52/197 [00:00<00:00, 1225.76it/s, Materializing param=encoder.layer.2.output.dense.bias]
4528.0s 1010 Loading weights:  26%|██▋       | 52/197 [00:00<00:00, 1221.77it/s, Materializing param=encoder.layer.2.output.dense.bias]
4528.0s 1011 Loading weights:  27%|██▋       | 53/197 [00:00<00:00, 1235.37it/s, Materializing param=encoder.layer.2.output.dense.weight]
4528.0s 1012 Loading weights:  27%|██▋       | 53/197 [00:00<00:00, 1232.09it/s, Materializing param=encoder.layer.2.output.dense.weight]
4528.0s 1013 Loading weights:  27%|██▋       | 54/197 [00:00<00:00, 1248.23it/s, Materializing param=encoder.layer.3.attention.output.LayerNorm.bias]
4528.0s 1014 Loading weights:  27%|██▋       | 54/197 [00:00<00:00, 1245.22it/s, Materializing param=encoder.layer.3.attention.output.LayerNorm.bias]
4528.0s 1015 Loading weights:  28%|██▊       | 55/197 [00:00<00:00, 1260.01it/s, Materializing param=encoder.layer.3.attention.output.LayerNorm.weight]
4528.0s 1016 Loading weights:  28%|██▊       | 55/197 [00:00<00:00, 1257.53it/s, Materializing param=encoder.layer.3.attention.output.LayerNorm.weight]
4528.0s 1017 Loading weights:  28%|██▊       | 56/197 [00:00<00:00, 1264.29it/s, Materializing param=encoder.layer.3.attention.output.dense.bias]
4528.0s 1018 Loading weights:  28%|██▊       | 56/197 [00:00<00:00, 1242.69it/s, Materializing param=encoder.layer.3.attention.output.dense.bias]
4528.0s 1019 Loading weights:  29%|██▉       | 57/197 [00:00<00:00, 1257.92it/s, Materializing param=encoder.layer.3.attention.output.dense.weight]
4528.0s 1020 Loading weights:  29%|██▉       | 57/197 [00:00<00:00, 1255.30it/s, Materializing param=encoder.layer.3.attention.output.dense.weight]
4528.0s 1021 Loading weights:  29%|██▉       | 58/197 [00:00<00:00, 1265.99it/s, Materializing param=encoder.layer.3.attention.self.key.bias]
4528.0s 1022 Loading weights:  29%|██▉       | 58/197 [00:00<00:00, 1251.90it/s, Materializing param=encoder.layer.3.attention.self.key.bias]
4528.0s 1023 Loading weights:  30%|██▉       | 59/197 [00:00<00:00, 1265.74it/s, Materializing param=encoder.layer.3.attention.self.key.weight]
4528.0s 1024 Loading weights:  30%|██▉       | 59/197 [00:00<00:00, 1263.07it/s, Materializing param=encoder.layer.3.attention.self.key.weight]
4528.0s 1025 Loading weights:  30%|███       | 60/197 [00:00<00:00, 1274.92it/s, Materializing param=encoder.layer.3.attention.self.query.bias]
4528.0s 1026 Loading weights:  30%|███       | 60/197 [00:00<00:00, 1272.07it/s, Materializing param=encoder.layer.3.attention.self.query.bias]
4528.0s 1027 Loading weights:  31%|███       | 61/197 [00:00<00:00, 1271.85it/s, Materializing param=encoder.layer.3.attention.self.query.weight]
4528.0s 1028 Loading weights:  31%|███       | 61/197 [00:00<00:00, 1269.16it/s, Materializing param=encoder.layer.3.attention.self.query.weight]
4528.0s 1029 Loading weights:  31%|███▏      | 62/197 [00:00<00:00, 1284.12it/s, Materializing param=encoder.layer.3.attention.self.value.bias]
4528.0s 1030 Loading weights:  31%|███▏      | 62/197 [00:00<00:00, 1276.55it/s, Materializing param=encoder.layer.3.attention.self.value.bias]
4528.0s 1031 Loading weights:  32%|███▏      | 63/197 [00:00<00:00, 1269.21it/s, Materializing param=encoder.layer.3.attention.self.value.weight]
4528.0s 1032 Loading weights:  32%|███▏      | 63/197 [00:00<00:00, 1249.64it/s, Materializing param=encoder.layer.3.attention.self.value.weight]
4528.0s 1033 Loading weights:  32%|███▏      | 64/197 [00:00<00:00, 1250.35it/s, Materializing param=encoder.layer.3.intermediate.dense.bias]
4528.0s 1034 Loading weights:  32%|███▏      | 64/197 [00:00<00:00, 1247.86it/s, Materializing param=encoder.layer.3.intermediate.dense.bias]
4528.0s 1035 Loading weights:  33%|███▎      | 65/197 [00:00<00:00, 1248.40it/s, Materializing param=encoder.layer.3.intermediate.dense.weight]
4528.0s 1036 Loading weights:  33%|███▎      | 65/197 [00:00<00:00, 1246.31it/s, Materializing param=encoder.layer.3.intermediate.dense.weight]
4528.0s 1037 Loading weights:  34%|███▎      | 66/197 [00:00<00:00, 1257.64it/s, Materializing param=encoder.layer.3.output.LayerNorm.bias]
4528.0s 1038 Loading weights:  34%|███▎      | 66/197 [00:00<00:00, 1254.63it/s, Materializing param=encoder.layer.3.output.LayerNorm.bias]
4528.0s 1039 Loading weights:  34%|███▍      | 67/197 [00:00<00:00, 1268.05it/s, Materializing param=encoder.layer.3.output.LayerNorm.weight]
4528.0s 1040 Loading weights:  34%|███▍      | 67/197 [00:00<00:00, 1265.87it/s, Materializing param=encoder.layer.3.output.LayerNorm.weight]
4528.0s 1041 Loading weights:  35%|███▍      | 68/197 [00:00<00:00, 1274.23it/s, Materializing param=encoder.layer.3.output.dense.bias]
4528.0s 1042 Loading weights:  35%|███▍      | 68/197 [00:00<00:00, 1265.30it/s, Materializing param=encoder.layer.3.output.dense.bias]
4528.0s 1043 Loading weights:  35%|███▌      | 69/197 [00:00<00:00, 1274.21it/s, Materializing param=encoder.layer.3.output.dense.weight]
4528.0s 1044 Loading weights:  35%|███▌      | 69/197 [00:00<00:00, 1271.92it/s, Materializing param=encoder.layer.3.output.dense.weight]
4528.0s 1045 Loading weights:  36%|███▌      | 70/197 [00:00<00:00, 1278.88it/s, Materializing param=encoder.layer.4.attention.output.LayerNorm.bias]
4528.0s 1046 Loading weights:  36%|███▌      | 70/197 [00:00<00:00, 1276.82it/s, Materializing param=encoder.layer.4.attention.output.LayerNorm.bias]
4528.0s 1047 Loading weights:  36%|███▌      | 71/197 [00:00<00:00, 1288.07it/s, Materializing param=encoder.layer.4.attention.output.LayerNorm.weight]
4528.0s 1048 Loading weights:  36%|███▌      | 71/197 [00:00<00:00, 1285.70it/s, Materializing param=encoder.layer.4.attention.output.LayerNorm.weight]
4528.0s 1049 Loading weights:  37%|███▋      | 72/197 [00:00<00:00, 1298.02it/s, Materializing param=encoder.layer.4.attention.output.dense.bias]
4528.0s 1050 Loading weights:  37%|███▋      | 72/197 [00:00<00:00, 1295.42it/s, Materializing param=encoder.layer.4.attention.output.dense.bias]
4528.0s 1051 Loading weights:  37%|███▋      | 73/197 [00:00<00:00, 1299.96it/s, Materializing param=encoder.layer.4.attention.output.dense.weight]
4528.0s 1052 Loading weights:  37%|███▋      | 73/197 [00:00<00:00, 1297.96it/s, Materializing param=encoder.layer.4.attention.output.dense.weight]
4528.0s 1053 Loading weights:  38%|███▊      | 74/197 [00:00<00:00, 1309.35it/s, Materializing param=encoder.layer.4.attention.self.key.bias]
4528.0s 1054 Loading weights:  38%|███▊      | 74/197 [00:00<00:00, 1305.82it/s, Materializing param=encoder.layer.4.attention.self.key.bias]
4528.0s 1055 Loading weights:  38%|███▊      | 75/197 [00:00<00:00, 1309.16it/s, Materializing param=encoder.layer.4.attention.self.key.weight]
4528.0s 1056 Loading weights:  38%|███▊      | 75/197 [00:00<00:00, 1305.80it/s, Materializing param=encoder.layer.4.attention.self.key.weight]
4528.0s 1057 Loading weights:  39%|███▊      | 76/197 [00:00<00:00, 1305.35it/s, Materializing param=encoder.layer.4.attention.self.query.bias]
4528.0s 1058 Loading weights:  39%|███▊      | 76/197 [00:00<00:00, 1270.57it/s, Materializing param=encoder.layer.4.attention.self.query.bias]
4528.0s 1059 Loading weights:  39%|███▉      | 77/197 [00:00<00:00, 1260.53it/s, Materializing param=encoder.layer.4.attention.self.query.weight]
4528.0s 1060 Loading weights:  39%|███▉      | 77/197 [00:00<00:00, 1248.23it/s, Materializing param=encoder.layer.4.attention.self.query.weight]
4528.0s 1061 Loading weights:  40%|███▉      | 78/197 [00:00<00:00, 1253.04it/s, Materializing param=encoder.layer.4.attention.self.value.bias]
4528.0s 1062 Loading weights:  40%|███▉      | 78/197 [00:00<00:00, 1251.34it/s, Materializing param=encoder.layer.4.attention.self.value.bias]
4528.0s 1063 Loading weights:  40%|████      | 79/197 [00:00<00:00, 1261.24it/s, Materializing param=encoder.layer.4.attention.self.value.weight]
4528.0s 1064 Loading weights:  40%|████      | 79/197 [00:00<00:00, 1243.24it/s, Materializing param=encoder.layer.4.attention.self.value.weight]
4528.0s 1065 Loading weights:  41%|████      | 80/197 [00:00<00:00, 1248.73it/s, Materializing param=encoder.layer.4.intermediate.dense.bias]
4528.0s 1066 Loading weights:  41%|████      | 80/197 [00:00<00:00, 1236.75it/s, Materializing param=encoder.layer.4.intermediate.dense.bias]
4528.0s 1067 Loading weights:  41%|████      | 81/197 [00:00<00:00, 1243.21it/s, Materializing param=encoder.layer.4.intermediate.dense.weight]
4528.0s 1068 Loading weights:  41%|████      | 81/197 [00:00<00:00, 1241.40it/s, Materializing param=encoder.layer.4.intermediate.dense.weight]
4528.0s 1069 Loading weights:  42%|████▏     | 82/197 [00:00<00:00, 1237.89it/s, Materializing param=encoder.layer.4.output.LayerNorm.bias]
4528.0s 1070 Loading weights:  42%|████▏     | 82/197 [00:00<00:00, 1235.72it/s, Materializing param=encoder.layer.4.output.LayerNorm.bias]
4528.0s 1071 Loading weights:  42%|████▏     | 83/197 [00:00<00:00, 1245.32it/s, Materializing param=encoder.layer.4.output.LayerNorm.weight]
4528.0s 1072 Loading weights:  42%|████▏     | 83/197 [00:00<00:00, 1239.89it/s, Materializing param=encoder.layer.4.output.LayerNorm.weight]
4528.0s 1073 Loading weights:  43%|████▎     | 84/197 [00:00<00:00, 1246.97it/s, Materializing param=encoder.layer.4.output.dense.bias]
4528.0s 1074 Loading weights:  43%|████▎     | 84/197 [00:00<00:00, 1245.60it/s, Materializing param=encoder.layer.4.output.dense.bias]
4528.0s 1075 Loading weights:  43%|████▎     | 85/197 [00:00<00:00, 1251.13it/s, Materializing param=encoder.layer.4.output.dense.weight]
4528.0s 1076 Loading weights:  43%|████▎     | 85/197 [00:00<00:00, 1248.77it/s, Materializing param=encoder.layer.4.output.dense.weight]
4528.0s 1077 Loading weights:  44%|████▎     | 86/197 [00:00<00:00, 1255.93it/s, Materializing param=encoder.layer.5.attention.output.LayerNorm.bias]
4528.0s 1078 Loading weights:  44%|████▎     | 86/197 [00:00<00:00, 1252.73it/s, Materializing param=encoder.layer.5.attention.output.LayerNorm.bias]
4528.0s 1079 Loading weights:  44%|████▍     | 87/197 [00:00<00:00, 1240.92it/s, Materializing param=encoder.layer.5.attention.output.LayerNorm.weight]
4528.0s 1080 Loading weights:  44%|████▍     | 87/197 [00:00<00:00, 1239.06it/s, Materializing param=encoder.layer.5.attention.output.LayerNorm.weight]
4528.0s 1081 Loading weights:  45%|████▍     | 88/197 [00:00<00:00, 1236.17it/s, Materializing param=encoder.layer.5.attention.output.dense.bias]
4528.0s 1082 Loading weights:  45%|████▍     | 88/197 [00:00<00:00, 1234.57it/s, Materializing param=encoder.layer.5.attention.output.dense.bias]
4528.0s 1083 Loading weights:  45%|████▌     | 89/197 [00:00<00:00, 1238.00it/s, Materializing param=encoder.layer.5.attention.output.dense.weight]
4528.0s 1084 Loading weights:  45%|████▌     | 89/197 [00:00<00:00, 1236.55it/s, Materializing param=encoder.layer.5.attention.output.dense.weight]
4528.0s 1085 Loading weights:  46%|████▌     | 90/197 [00:00<00:00, 1245.94it/s, Materializing param=encoder.layer.5.attention.self.key.bias]
4528.0s 1086 Loading weights:  46%|████▌     | 90/197 [00:00<00:00, 1244.50it/s, Materializing param=encoder.layer.5.attention.self.key.bias]
4528.0s 1087 Loading weights:  46%|████▌     | 91/197 [00:00<00:00, 1249.41it/s, Materializing param=encoder.layer.5.attention.self.key.weight]
4528.0s 1088 Loading weights:  46%|████▌     | 91/197 [00:00<00:00, 1247.70it/s, Materializing param=encoder.layer.5.attention.self.key.weight]
4528.0s 1089 Loading weights:  47%|████▋     | 92/197 [00:00<00:00, 1252.06it/s, Materializing param=encoder.layer.5.attention.self.query.bias]
4528.0s 1090 Loading weights:  47%|████▋     | 92/197 [00:00<00:00, 1240.54it/s, Materializing param=encoder.layer.5.attention.self.query.bias]
4528.0s 1091 Loading weights:  47%|████▋     | 93/197 [00:00<00:00, 1249.12it/s, Materializing param=encoder.layer.5.attention.self.query.weight]
4528.0s 1092 Loading weights:  47%|████▋     | 93/197 [00:00<00:00, 1247.04it/s, Materializing param=encoder.layer.5.attention.self.query.weight]
4528.0s 1093 Loading weights:  48%|████▊     | 94/197 [00:00<00:00, 1252.38it/s, Materializing param=encoder.layer.5.attention.self.value.bias]
4528.0s 1094 Loading weights:  48%|████▊     | 94/197 [00:00<00:00, 1247.64it/s, Materializing param=encoder.layer.5.attention.self.value.bias]
4528.0s 1095 Loading weights:  48%|████▊     | 95/197 [00:00<00:00, 1248.47it/s, Materializing param=encoder.layer.5.attention.self.value.weight]
4528.0s 1096 Loading weights:  48%|████▊     | 95/197 [00:00<00:00, 1246.75it/s, Materializing param=encoder.layer.5.attention.self.value.weight]
4528.0s 1097 Loading weights:  49%|████▊     | 96/197 [00:00<00:00, 1249.07it/s, Materializing param=encoder.layer.5.intermediate.dense.bias]
4528.0s 1098 Loading weights:  49%|████▊     | 96/197 [00:00<00:00, 1224.55it/s, Materializing param=encoder.layer.5.intermediate.dense.bias]
4528.0s 1099 Loading weights:  49%|████▉     | 97/197 [00:00<00:00, 1224.82it/s, Materializing param=encoder.layer.5.intermediate.dense.weight]
4528.0s 1100 Loading weights:  49%|████▉     | 97/197 [00:00<00:00, 1223.08it/s, Materializing param=encoder.layer.5.intermediate.dense.weight]
4528.0s 1101 Loading weights:  50%|████▉     | 98/197 [00:00<00:00, 1231.21it/s, Materializing param=encoder.layer.5.output.LayerNorm.bias]
4528.0s 1102 Loading weights:  50%|████▉     | 98/197 [00:00<00:00, 1229.61it/s, Materializing param=encoder.layer.5.output.LayerNorm.bias]
4528.0s 1103 Loading weights:  50%|█████     | 99/197 [00:00<00:00, 1228.65it/s, Materializing param=encoder.layer.5.output.LayerNorm.weight]
4528.0s 1104 Loading weights:  50%|█████     | 99/197 [00:00<00:00, 1222.50it/s, Materializing param=encoder.layer.5.output.LayerNorm.weight]
4528.0s 1105 Loading weights:  51%|█████     | 100/197 [00:00<00:00, 1226.34it/s, Materializing param=encoder.layer.5.output.dense.bias]
4528.0s 1106 Loading weights:  51%|█████     | 100/197 [00:00<00:00, 1222.03it/s, Materializing param=encoder.layer.5.output.dense.bias]
4528.0s 1107 Loading weights:  51%|█████▏    | 101/197 [00:00<00:00, 1229.30it/s, Materializing param=encoder.layer.5.output.dense.weight]
4528.0s 1108 Loading weights:  51%|█████▏    | 101/197 [00:00<00:00, 1224.60it/s, Materializing param=encoder.layer.5.output.dense.weight]
4528.0s 1109 Loading weights:  52%|█████▏    | 102/197 [00:00<00:00, 1232.19it/s, Materializing param=encoder.layer.6.attention.output.LayerNorm.bias]
4528.0s 1110 Loading weights:  52%|█████▏    | 102/197 [00:00<00:00, 1227.15it/s, Materializing param=encoder.layer.6.attention.output.LayerNorm.bias]
4528.0s 1111 Loading weights:  52%|█████▏    | 103/197 [00:00<00:00, 1233.55it/s, Materializing param=encoder.layer.6.attention.output.LayerNorm.weight]
4528.0s 1112 Loading weights:  52%|█████▏    | 103/197 [00:00<00:00, 1231.62it/s, Materializing param=encoder.layer.6.attention.output.LayerNorm.weight]
4528.0s 1113 Loading weights:  53%|█████▎    | 104/197 [00:00<00:00, 1239.45it/s, Materializing param=encoder.layer.6.attention.output.dense.bias]
4528.0s 1114 Loading weights:  53%|█████▎    | 104/197 [00:00<00:00, 1238.34it/s, Materializing param=encoder.layer.6.attention.output.dense.bias]
4528.0s 1115 Loading weights:  53%|█████▎    | 105/197 [00:00<00:00, 1242.88it/s, Materializing param=encoder.layer.6.attention.output.dense.weight]
4528.0s 1116 Loading weights:  53%|█████▎    | 105/197 [00:00<00:00, 1241.01it/s, Materializing param=encoder.layer.6.attention.output.dense.weight]
4528.0s 1117 Loading weights:  54%|█████▍    | 106/197 [00:00<00:00, 1249.15it/s, Materializing param=encoder.layer.6.attention.self.key.bias]
4528.0s 1118 Loading weights:  54%|█████▍    | 106/197 [00:00<00:00, 1247.91it/s, Materializing param=encoder.layer.6.attention.self.key.bias]
4528.0s 1119 Loading weights:  54%|█████▍    | 107/197 [00:00<00:00, 1246.05it/s, Materializing param=encoder.layer.6.attention.self.key.weight]
4528.0s 1120 Loading weights:  54%|█████▍    | 107/197 [00:00<00:00, 1244.49it/s, Materializing param=encoder.layer.6.attention.self.key.weight]
4528.0s 1121 Loading weights:  55%|█████▍    | 108/197 [00:00<00:00, 1244.55it/s, Materializing param=encoder.layer.6.attention.self.query.bias]
4528.0s 1122 Loading weights:  55%|█████▍    | 108/197 [00:00<00:00, 1235.05it/s, Materializing param=encoder.layer.6.attention.self.query.bias]
4528.0s 1123 Loading weights:  55%|█████▌    | 109/197 [00:00<00:00, 1236.87it/s, Materializing param=encoder.layer.6.attention.self.query.weight]
4528.0s 1124 Loading weights:  55%|█████▌    | 109/197 [00:00<00:00, 1235.47it/s, Materializing param=encoder.layer.6.attention.self.query.weight]
4528.0s 1125 Loading weights:  56%|█████▌    | 110/197 [00:00<00:00, 1240.35it/s, Materializing param=encoder.layer.6.attention.self.value.bias]
4528.0s 1126 Loading weights:  56%|█████▌    | 110/197 [00:00<00:00, 1238.94it/s, Materializing param=encoder.layer.6.attention.self.value.bias]
4528.0s 1127 Loading weights:  56%|█████▋    | 111/197 [00:00<00:00, 1238.00it/s, Materializing param=encoder.layer.6.attention.self.value.weight]
4528.0s 1128 Loading weights:  56%|█████▋    | 111/197 [00:00<00:00, 1236.47it/s, Materializing param=encoder.layer.6.attention.self.value.weight]
4528.0s 1129 Loading weights:  57%|█████▋    | 112/197 [00:00<00:00, 1243.53it/s, Materializing param=encoder.layer.6.intermediate.dense.bias]
4528.0s 1130 Loading weights:  57%|█████▋    | 112/197 [00:00<00:00, 1242.54it/s, Materializing param=encoder.layer.6.intermediate.dense.bias]
4528.0s 1131 Loading weights:  57%|█████▋    | 113/197 [00:00<00:00, 1242.91it/s, Materializing param=encoder.layer.6.intermediate.dense.weight]
4528.0s 1132 Loading weights:  57%|█████▋    | 113/197 [00:00<00:00, 1241.61it/s, Materializing param=encoder.layer.6.intermediate.dense.weight]
4528.0s 1133 Loading weights:  58%|█████▊    | 114/197 [00:00<00:00, 1250.91it/s, Materializing param=encoder.layer.6.output.LayerNorm.bias]
4528.0s 1134 Loading weights:  58%|█████▊    | 114/197 [00:00<00:00, 1250.11it/s, Materializing param=encoder.layer.6.output.LayerNorm.bias]
4528.0s 1135 Loading weights:  58%|█████▊    | 115/197 [00:00<00:00, 1259.55it/s, Materializing param=encoder.layer.6.output.LayerNorm.weight]
4528.0s 1136 Loading weights:  58%|█████▊    | 115/197 [00:00<00:00, 1258.79it/s, Materializing param=encoder.layer.6.output.LayerNorm.weight]
4528.0s 1137 Loading weights:  59%|█████▉    | 116/197 [00:00<00:00, 1267.89it/s, Materializing param=encoder.layer.6.output.dense.bias]
4528.0s 1138 Loading weights:  59%|█████▉    | 116/197 [00:00<00:00, 1266.23it/s, Materializing param=encoder.layer.6.output.dense.bias]
4528.0s 1139 Loading weights:  59%|█████▉    | 117/197 [00:00<00:00, 1275.22it/s, Materializing param=encoder.layer.6.output.dense.weight]
4528.0s 1140 Loading weights:  59%|█████▉    | 117/197 [00:00<00:00, 1273.16it/s, Materializing param=encoder.layer.6.output.dense.weight]
4528.0s 1141 Loading weights:  60%|█████▉    | 118/197 [00:00<00:00, 1282.47it/s, Materializing param=encoder.layer.7.attention.output.LayerNorm.bias]
4528.0s 1142 Loading weights:  60%|█████▉    | 118/197 [00:00<00:00, 1281.53it/s, Materializing param=encoder.layer.7.attention.output.LayerNorm.bias]
4528.0s 1143 Loading weights:  60%|██████    | 119/197 [00:00<00:00, 1291.04it/s, Materializing param=encoder.layer.7.attention.output.LayerNorm.weight]
4528.0s 1144 Loading weights:  60%|██████    | 119/197 [00:00<00:00, 1290.32it/s, Materializing param=encoder.layer.7.attention.output.LayerNorm.weight]
4528.0s 1145 Loading weights:  61%|██████    | 120/197 [00:00<00:00, 1299.88it/s, Materializing param=encoder.layer.7.attention.output.dense.bias]
4528.0s 1146 Loading weights:  61%|██████    | 120/197 [00:00<00:00, 1299.17it/s, Materializing param=encoder.layer.7.attention.output.dense.bias]
4528.0s 1147 Loading weights:  61%|██████▏   | 121/197 [00:00<00:00, 1308.75it/s, Materializing param=encoder.layer.7.attention.output.dense.weight]
4528.0s 1148 Loading weights:  61%|██████▏   | 121/197 [00:00<00:00, 1308.04it/s, Materializing param=encoder.layer.7.attention.output.dense.weight]
4528.0s 1149 Loading weights:  62%|██████▏   | 122/197 [00:00<00:00, 1316.98it/s, Materializing param=encoder.layer.7.attention.self.key.bias]
4528.0s 1150 Loading weights:  62%|██████▏   | 122/197 [00:00<00:00, 1316.21it/s, Materializing param=encoder.layer.7.attention.self.key.bias]
4528.0s 1151 Loading weights:  62%|██████▏   | 123/197 [00:00<00:00, 1325.65it/s, Materializing param=encoder.layer.7.attention.self.key.weight]
4528.0s 1152 Loading weights:  62%|██████▏   | 123/197 [00:00<00:00, 1324.80it/s, Materializing param=encoder.layer.7.attention.self.key.weight]
4528.0s 1153 Loading weights:  63%|██████▎   | 124/197 [00:00<00:00, 1334.23it/s, Materializing param=encoder.layer.7.attention.self.query.bias]
4528.0s 1154 Loading weights:  63%|██████▎   | 124/197 [00:00<00:00, 1333.49it/s, Materializing param=encoder.layer.7.attention.self.query.bias]
4528.0s 1155 Loading weights:  63%|██████▎   | 125/197 [00:00<00:00, 1342.93it/s, Materializing param=encoder.layer.7.attention.self.query.weight]
4528.0s 1156 Loading weights:  63%|██████▎   | 125/197 [00:00<00:00, 1342.18it/s, Materializing param=encoder.layer.7.attention.self.query.weight]
4528.0s 1157 Loading weights:  64%|██████▍   | 126/197 [00:00<00:00, 1350.74it/s, Materializing param=encoder.layer.7.attention.self.value.bias]
4528.0s 1158 Loading weights:  64%|██████▍   | 126/197 [00:00<00:00, 1349.81it/s, Materializing param=encoder.layer.7.attention.self.value.bias]
4528.0s 1159 Loading weights:  64%|██████▍   | 127/197 [00:00<00:00, 1359.07it/s, Materializing param=encoder.layer.7.attention.self.value.weight]
4528.0s 1160 Loading weights:  64%|██████▍   | 127/197 [00:00<00:00, 1358.30it/s, Materializing param=encoder.layer.7.attention.self.value.weight]
4528.0s 1161 Loading weights:  65%|██████▍   | 128/197 [00:00<00:00, 1366.60it/s, Materializing param=encoder.layer.7.intermediate.dense.bias]
4528.0s 1162 Loading weights:  65%|██████▍   | 128/197 [00:00<00:00, 1365.73it/s, Materializing param=encoder.layer.7.intermediate.dense.bias]
4528.0s 1163 Loading weights:  65%|██████▌   | 129/197 [00:00<00:00, 1374.51it/s, Materializing param=encoder.layer.7.intermediate.dense.weight]
4528.0s 1164 Loading weights:  65%|██████▌   | 129/197 [00:00<00:00, 1373.70it/s, Materializing param=encoder.layer.7.intermediate.dense.weight]
4528.0s 1165 Loading weights:  66%|██████▌   | 130/197 [00:00<00:00, 1382.98it/s, Materializing param=encoder.layer.7.output.LayerNorm.bias]
4528.0s 1166 Loading weights:  66%|██████▌   | 130/197 [00:00<00:00, 1382.22it/s, Materializing param=encoder.layer.7.output.LayerNorm.bias]
4528.0s 1167 Loading weights:  66%|██████▋   | 131/197 [00:00<00:00, 1391.51it/s, Materializing param=encoder.layer.7.output.LayerNorm.weight]
4528.0s 1168 Loading weights:  66%|██████▋   | 131/197 [00:00<00:00, 1390.73it/s, Materializing param=encoder.layer.7.output.LayerNorm.weight]
4528.0s 1169 Loading weights:  67%|██████▋   | 132/197 [00:00<00:00, 1400.00it/s, Materializing param=encoder.layer.7.output.dense.bias]
4528.0s 1170 Loading weights:  67%|██████▋   | 132/197 [00:00<00:00, 1398.03it/s, Materializing param=encoder.layer.7.output.dense.bias]
4528.0s 1171 Loading weights:  68%|██████▊   | 133/197 [00:00<00:00, 1405.32it/s, Materializing param=encoder.layer.7.output.dense.weight]
4528.0s 1172 Loading weights:  68%|██████▊   | 133/197 [00:00<00:00, 1404.01it/s, Materializing param=encoder.layer.7.output.dense.weight]
4528.0s 1173 Loading weights:  68%|██████▊   | 134/197 [00:00<00:00, 1411.35it/s, Materializing param=encoder.layer.8.attention.output.LayerNorm.bias]
4528.0s 1174 Loading weights:  68%|██████▊   | 134/197 [00:00<00:00, 1410.06it/s, Materializing param=encoder.layer.8.attention.output.LayerNorm.bias]
4528.0s 1175 Loading weights:  69%|██████▊   | 135/197 [00:00<00:00, 1417.86it/s, Materializing param=encoder.layer.8.attention.output.LayerNorm.weight]
4528.0s 1176 Loading weights:  69%|██████▊   | 135/197 [00:00<00:00, 1416.60it/s, Materializing param=encoder.layer.8.attention.output.LayerNorm.weight]
4528.0s 1177 Loading weights:  69%|██████▉   | 136/197 [00:00<00:00, 1424.39it/s, Materializing param=encoder.layer.8.attention.output.dense.bias]
4528.0s 1178 Loading weights:  69%|██████▉   | 136/197 [00:00<00:00, 1422.61it/s, Materializing param=encoder.layer.8.attention.output.dense.bias]
4528.0s 1179 Loading weights:  70%|██████▉   | 137/197 [00:00<00:00, 1430.26it/s, Materializing param=encoder.layer.8.attention.output.dense.weight]
4528.0s 1180 Loading weights:  70%|██████▉   | 137/197 [00:00<00:00, 1428.71it/s, Materializing param=encoder.layer.8.attention.output.dense.weight]
4528.0s 1181 Loading weights:  70%|███████   | 138/197 [00:00<00:00, 1436.56it/s, Materializing param=encoder.layer.8.attention.self.key.bias]
4528.0s 1182 Loading weights:  70%|███████   | 138/197 [00:00<00:00, 1435.35it/s, Materializing param=encoder.layer.8.attention.self.key.bias]
4528.0s 1183 Loading weights:  71%|███████   | 139/197 [00:00<00:00, 1443.20it/s, Materializing param=encoder.layer.8.attention.self.key.weight]
4528.0s 1184 Loading weights:  71%|███████   | 139/197 [00:00<00:00, 1441.98it/s, Materializing param=encoder.layer.8.attention.self.key.weight]
4528.0s 1185 Loading weights:  71%|███████   | 140/197 [00:00<00:00, 1449.54it/s, Materializing param=encoder.layer.8.attention.self.query.bias]
4528.0s 1186 Loading weights:  71%|███████   | 140/197 [00:00<00:00, 1448.10it/s, Materializing param=encoder.layer.8.attention.self.query.bias]
4528.0s 1187 Loading weights:  72%|███████▏  | 141/197 [00:00<00:00, 1455.73it/s, Materializing param=encoder.layer.8.attention.self.query.weight]
4528.0s 1188 Loading weights:  72%|███████▏  | 141/197 [00:00<00:00, 1454.46it/s, Materializing param=encoder.layer.8.attention.self.query.weight]
4528.0s 1189 Loading weights:  72%|███████▏  | 142/197 [00:00<00:00, 1462.16it/s, Materializing param=encoder.layer.8.attention.self.value.bias]
4528.0s 1190 Loading weights:  72%|███████▏  | 142/197 [00:00<00:00, 1460.94it/s, Materializing param=encoder.layer.8.attention.self.value.bias]
4528.0s 1191 Loading weights:  73%|███████▎  | 143/197 [00:00<00:00, 1468.55it/s, Materializing param=encoder.layer.8.attention.self.value.weight]
4528.0s 1192 Loading weights:  73%|███████▎  | 143/197 [00:00<00:00, 1467.09it/s, Materializing param=encoder.layer.8.attention.self.value.weight]
4528.0s 1193 Loading weights:  73%|███████▎  | 144/197 [00:00<00:00, 1474.37it/s, Materializing param=encoder.layer.8.intermediate.dense.bias]
4528.0s 1194 Loading weights:  73%|███████▎  | 144/197 [00:00<00:00, 1473.08it/s, Materializing param=encoder.layer.8.intermediate.dense.bias]
4528.0s 1195 Loading weights:  74%|███████▎  | 145/197 [00:00<00:00, 1480.64it/s, Materializing param=encoder.layer.8.intermediate.dense.weight]
4528.0s 1196 Loading weights:  74%|███████▎  | 145/197 [00:00<00:00, 1479.40it/s, Materializing param=encoder.layer.8.intermediate.dense.weight]
4528.0s 1197 Loading weights:  74%|███████▍  | 146/197 [00:00<00:00, 1487.07it/s, Materializing param=encoder.layer.8.output.LayerNorm.bias]
4528.0s 1198 Loading weights:  74%|███████▍  | 146/197 [00:00<00:00, 1485.87it/s, Materializing param=encoder.layer.8.output.LayerNorm.bias]
4528.0s 1199 Loading weights:  75%|███████▍  | 147/197 [00:00<00:00, 1493.51it/s, Materializing param=encoder.layer.8.output.LayerNorm.weight]
4528.0s 1200 Loading weights:  75%|███████▍  | 147/197 [00:00<00:00, 1492.26it/s, Materializing param=encoder.layer.8.output.LayerNorm.weight]
4528.0s 1201 Loading weights:  75%|███████▌  | 148/197 [00:00<00:00, 1498.50it/s, Materializing param=encoder.layer.8.output.dense.bias]
4528.0s 1202 Loading weights:  75%|███████▌  | 148/197 [00:00<00:00, 1496.90it/s, Materializing param=encoder.layer.8.output.dense.bias]
4528.0s 1203 Loading weights:  76%|███████▌  | 149/197 [00:00<00:00, 1503.89it/s, Materializing param=encoder.layer.8.output.dense.weight]
4528.0s 1204 Loading weights:  76%|███████▌  | 149/197 [00:00<00:00, 1502.41it/s, Materializing param=encoder.layer.8.output.dense.weight]
4528.0s 1205 Loading weights:  76%|███████▌  | 150/197 [00:00<00:00, 1508.87it/s, Materializing param=encoder.layer.9.attention.output.LayerNorm.bias]
4528.0s 1206 Loading weights:  76%|███████▌  | 150/197 [00:00<00:00, 1507.14it/s, Materializing param=encoder.layer.9.attention.output.LayerNorm.bias]
4528.0s 1207 Loading weights:  77%|███████▋  | 151/197 [00:00<00:00, 1513.35it/s, Materializing param=encoder.layer.9.attention.output.LayerNorm.weight]
4528.0s 1208 Loading weights:  77%|███████▋  | 151/197 [00:00<00:00, 1511.72it/s, Materializing param=encoder.layer.9.attention.output.LayerNorm.weight]
4528.0s 1209 Loading weights:  77%|███████▋  | 152/197 [00:00<00:00, 1518.81it/s, Materializing param=encoder.layer.9.attention.output.LayerNorm.weight]
4528.0s 1210 Loading weights:  77%|███████▋  | 152/197 [00:00<00:00, 1518.81it/s, Materializing param=encoder.layer.9.attention.output.dense.bias]
4528.0s 1211 Loading weights:  77%|███████▋  | 152/197 [00:00<00:00, 1518.81it/s, Materializing param=encoder.layer.9.attention.output.dense.bias]
4528.0s 1212 Loading weights:  78%|███████▊  | 153/197 [00:00<00:00, 1518.81it/s, Materializing param=encoder.layer.9.attention.output.dense.weight]
4528.0s 1213 Loading weights:  78%|███████▊  | 153/197 [00:00<00:00, 1518.81it/s, Materializing param=encoder.layer.9.attention.output.dense.weight]
4528.0s 1214 Loading weights:  78%|███████▊  | 154/197 [00:00<00:00, 1518.81it/s, Materializing param=encoder.layer.9.attention.self.key.bias]
4528.0s 1215 Loading weights:  78%|███████▊  | 154/197 [00:00<00:00, 1518.81it/s, Materializing param=encoder.layer.9.attention.self.key.bias]
4528.0s 1216 Loading weights:  79%|███████▊  | 155/197 [00:00<00:00, 1518.81it/s, Materializing param=encoder.layer.9.attention.self.key.weight]
4528.0s 1217 Loading weights:  79%|███████▊  | 155/197 [00:00<00:00, 1518.81it/s, Materializing param=encoder.layer.9.attention.self.key.weight]
4528.0s 1218 Loading weights:  79%|███████▉  | 156/197 [00:00<00:00, 1518.81it/s, Materializing param=encoder.layer.9.attention.self.query.bias]
4528.0s 1219 Loading weights:  79%|███████▉  | 156/197 [00:00<00:00, 1518.81it/s, Materializing param=encoder.layer.9.attention.self.query.bias]
4528.0s 1220 Loading weights:  80%|███████▉  | 157/197 [00:00<00:00, 1518.81it/s, Materializing param=encoder.layer.9.attention.self.query.weight]
4528.0s 1221 Loading weights:  80%|███████▉  | 157/197 [00:00<00:00, 1518.81it/s, Materializing param=encoder.layer.9.attention.self.query.weight]
4528.0s 1222 Loading weights:  80%|████████  | 158/197 [00:00<00:00, 1518.81it/s, Materializing param=encoder.layer.9.attention.self.value.bias]
4528.0s 1223 Loading weights:  80%|████████  | 158/197 [00:00<00:00, 1518.81it/s, Materializing param=encoder.layer.9.attention.self.value.bias]
4528.0s 1224 Loading weights:  81%|████████  | 159/197 [00:00<00:00, 1518.81it/s, Materializing param=encoder.layer.9.attention.self.value.weight]
4528.0s 1225 Loading weights:  81%|████████  | 159/197 [00:00<00:00, 1518.81it/s, Materializing param=encoder.layer.9.attention.self.value.weight]
4528.0s 1226 Loading weights:  81%|████████  | 160/197 [00:00<00:00, 1518.81it/s, Materializing param=encoder.layer.9.intermediate.dense.bias]
4528.0s 1227 Loading weights:  81%|████████  | 160/197 [00:00<00:00, 1518.81it/s, Materializing param=encoder.layer.9.intermediate.dense.bias]
4528.0s 1228 Loading weights:  82%|████████▏ | 161/197 [00:00<00:00, 1518.81it/s, Materializing param=encoder.layer.9.intermediate.dense.weight]
4528.0s 1229 Loading weights:  82%|████████▏ | 161/197 [00:00<00:00, 1518.81it/s, Materializing param=encoder.layer.9.intermediate.dense.weight]
4528.0s 1230 Loading weights:  82%|████████▏ | 162/197 [00:00<00:00, 1518.81it/s, Materializing param=encoder.layer.9.output.LayerNorm.bias]
4528.0s 1231 Loading weights:  82%|████████▏ | 162/197 [00:00<00:00, 1518.81it/s, Materializing param=encoder.layer.9.output.LayerNorm.bias]
4528.0s 1232 Loading weights:  83%|████████▎ | 163/197 [00:00<00:00, 1518.81it/s, Materializing param=encoder.layer.9.output.LayerNorm.weight]
4528.0s 1233 Loading weights:  83%|████████▎ | 163/197 [00:00<00:00, 1518.81it/s, Materializing param=encoder.layer.9.output.LayerNorm.weight]
4528.0s 1234 Loading weights:  83%|████████▎ | 164/197 [00:00<00:00, 1518.81it/s, Materializing param=encoder.layer.9.output.dense.bias]
4528.0s 1235 Loading weights:  83%|████████▎ | 164/197 [00:00<00:00, 1518.81it/s, Materializing param=encoder.layer.9.output.dense.bias]
4528.0s 1236 Loading weights:  84%|████████▍ | 165/197 [00:00<00:00, 1518.81it/s, Materializing param=encoder.layer.9.output.dense.weight]
4528.0s 1237 Loading weights:  84%|████████▍ | 165/197 [00:00<00:00, 1518.81it/s, Materializing param=encoder.layer.9.output.dense.weight]
4528.0s 1238 Loading weights:  84%|████████▍ | 166/197 [00:00<00:00, 1518.81it/s, Materializing param=encoder.layer.10.attention.output.LayerNorm.bias]
4528.0s 1239 Loading weights:  84%|████████▍ | 166/197 [00:00<00:00, 1518.81it/s, Materializing param=encoder.layer.10.attention.output.LayerNorm.bias]
4528.0s 1240 Loading weights:  85%|████████▍ | 167/197 [00:00<00:00, 1518.81it/s, Materializing param=encoder.layer.10.attention.output.LayerNorm.weight]
4528.0s 1241 Loading weights:  85%|████████▍ | 167/197 [00:00<00:00, 1518.81it/s, Materializing param=encoder.layer.10.attention.output.LayerNorm.weight]
4528.0s 1242 Loading weights:  85%|████████▌ | 168/197 [00:00<00:00, 1518.81it/s, Materializing param=encoder.layer.10.attention.output.dense.bias]
4528.0s 1243 Loading weights:  85%|████████▌ | 168/197 [00:00<00:00, 1518.81it/s, Materializing param=encoder.layer.10.attention.output.dense.bias]
4528.0s 1244 Loading weights:  86%|████████▌ | 169/197 [00:00<00:00, 1518.81it/s, Materializing param=encoder.layer.10.attention.output.dense.weight]
4528.0s 1245 Loading weights:  86%|████████▌ | 169/197 [00:00<00:00, 1518.81it/s, Materializing param=encoder.layer.10.attention.output.dense.weight]
4528.0s 1246 Loading weights:  86%|████████▋ | 170/197 [00:00<00:00, 1518.81it/s, Materializing param=encoder.layer.10.attention.self.key.bias]
4528.0s 1247 Loading weights:  86%|████████▋ | 170/197 [00:00<00:00, 1518.81it/s, Materializing param=encoder.layer.10.attention.self.key.bias]
4528.0s 1248 Loading weights:  87%|████████▋ | 171/197 [00:00<00:00, 1518.81it/s, Materializing param=encoder.layer.10.attention.self.key.weight]
4528.0s 1249 Loading weights:  87%|████████▋ | 171/197 [00:00<00:00, 1518.81it/s, Materializing param=encoder.layer.10.attention.self.key.weight]
4528.0s 1250 Loading weights:  87%|████████▋ | 172/197 [00:00<00:00, 1518.81it/s, Materializing param=encoder.layer.10.attention.self.query.bias]
4528.0s 1251 Loading weights:  87%|████████▋ | 172/197 [00:00<00:00, 1518.81it/s, Materializing param=encoder.layer.10.attention.self.query.bias]
4528.0s 1252 Loading weights:  88%|████████▊ | 173/197 [00:00<00:00, 1518.81it/s, Materializing param=encoder.layer.10.attention.self.query.weight]
4528.0s 1253 Loading weights:  88%|████████▊ | 173/197 [00:00<00:00, 1518.81it/s, Materializing param=encoder.layer.10.attention.self.query.weight]
4528.0s 1254 Loading weights:  88%|████████▊ | 174/197 [00:00<00:00, 1518.81it/s, Materializing param=encoder.layer.10.attention.self.value.bias]
4528.0s 1255 Loading weights:  88%|████████▊ | 174/197 [00:00<00:00, 1518.81it/s, Materializing param=encoder.layer.10.attention.self.value.bias]
4528.0s 1256 Loading weights:  89%|████████▉ | 175/197 [00:00<00:00, 1518.81it/s, Materializing param=encoder.layer.10.attention.self.value.weight]
4528.0s 1257 Loading weights:  89%|████████▉ | 175/197 [00:00<00:00, 1518.81it/s, Materializing param=encoder.layer.10.attention.self.value.weight]
4528.0s 1258 Loading weights:  89%|████████▉ | 176/197 [00:00<00:00, 1518.81it/s, Materializing param=encoder.layer.10.intermediate.dense.bias]
4528.0s 1259 Loading weights:  89%|████████▉ | 176/197 [00:00<00:00, 1518.81it/s, Materializing param=encoder.layer.10.intermediate.dense.bias]
4528.0s 1260 Loading weights:  90%|████████▉ | 177/197 [00:00<00:00, 1518.81it/s, Materializing param=encoder.layer.10.intermediate.dense.weight]
4528.0s 1261 Loading weights:  90%|████████▉ | 177/197 [00:00<00:00, 1518.81it/s, Materializing param=encoder.layer.10.intermediate.dense.weight]
4528.0s 1262 Loading weights:  90%|█████████ | 178/197 [00:00<00:00, 1518.81it/s, Materializing param=encoder.layer.10.output.LayerNorm.bias]
4528.0s 1263 Loading weights:  90%|█████████ | 178/197 [00:00<00:00, 1518.81it/s, Materializing param=encoder.layer.10.output.LayerNorm.bias]
4528.0s 1264 Loading weights:  91%|█████████ | 179/197 [00:00<00:00, 1518.81it/s, Materializing param=encoder.layer.10.output.LayerNorm.weight]
4528.0s 1265 Loading weights:  91%|█████████ | 179/197 [00:00<00:00, 1518.81it/s, Materializing param=encoder.layer.10.output.LayerNorm.weight]
4528.0s 1266 Loading weights:  91%|█████████▏| 180/197 [00:00<00:00, 1518.81it/s, Materializing param=encoder.layer.10.output.dense.bias]
4528.0s 1267 Loading weights:  91%|█████████▏| 180/197 [00:00<00:00, 1518.81it/s, Materializing param=encoder.layer.10.output.dense.bias]
4528.0s 1268 Loading weights:  92%|█████████▏| 181/197 [00:00<00:00, 1518.81it/s, Materializing param=encoder.layer.10.output.dense.weight]
4528.0s 1269 Loading weights:  92%|█████████▏| 181/197 [00:00<00:00, 1518.81it/s, Materializing param=encoder.layer.10.output.dense.weight]
4528.0s 1270 Loading weights:  92%|█████████▏| 182/197 [00:00<00:00, 1518.81it/s, Materializing param=encoder.layer.11.attention.output.LayerNorm.bias]
4528.0s 1271 Loading weights:  92%|█████████▏| 182/197 [00:00<00:00, 1518.81it/s, Materializing param=encoder.layer.11.attention.output.LayerNorm.bias]
4528.0s 1272 Loading weights:  93%|█████████▎| 183/197 [00:00<00:00, 1518.81it/s, Materializing param=encoder.layer.11.attention.output.LayerNorm.weight]
4528.0s 1273 Loading weights:  93%|█████████▎| 183/197 [00:00<00:00, 1518.81it/s, Materializing param=encoder.layer.11.attention.output.LayerNorm.weight]
4528.0s 1274 Loading weights:  93%|█████████▎| 184/197 [00:00<00:00, 1518.81it/s, Materializing param=encoder.layer.11.attention.output.dense.bias]
4528.0s 1275 Loading weights:  93%|█████████▎| 184/197 [00:00<00:00, 1518.81it/s, Materializing param=encoder.layer.11.attention.output.dense.bias]
4528.0s 1276 Loading weights:  94%|█████████▍| 185/197 [00:00<00:00, 1518.81it/s, Materializing param=encoder.layer.11.attention.output.dense.weight]
4528.0s 1277 Loading weights:  94%|█████████▍| 185/197 [00:00<00:00, 1518.81it/s, Materializing param=encoder.layer.11.attention.output.dense.weight]
4528.0s 1278 Loading weights:  94%|█████████▍| 186/197 [00:00<00:00, 1518.81it/s, Materializing param=encoder.layer.11.attention.self.key.bias]
4528.0s 1279 Loading weights:  94%|█████████▍| 186/197 [00:00<00:00, 1518.81it/s, Materializing param=encoder.layer.11.attention.self.key.bias]
4528.0s 1280 Loading weights:  95%|█████████▍| 187/197 [00:00<00:00, 1518.81it/s, Materializing param=encoder.layer.11.attention.self.key.weight]
4528.0s 1281 Loading weights:  95%|█████████▍| 187/197 [00:00<00:00, 1518.81it/s, Materializing param=encoder.layer.11.attention.self.key.weight]
4528.0s 1282 Loading weights:  95%|█████████▌| 188/197 [00:00<00:00, 1518.81it/s, Materializing param=encoder.layer.11.attention.self.query.bias]
4528.0s 1283 Loading weights:  95%|█████████▌| 188/197 [00:00<00:00, 1518.81it/s, Materializing param=encoder.layer.11.attention.self.query.bias]
4528.0s 1284 Loading weights:  96%|█████████▌| 189/197 [00:00<00:00, 1518.81it/s, Materializing param=encoder.layer.11.attention.self.query.weight]
4528.0s 1285 Loading weights:  96%|█████████▌| 189/197 [00:00<00:00, 1518.81it/s, Materializing param=encoder.layer.11.attention.self.query.weight]
4528.0s 1286 Loading weights:  96%|█████████▋| 190/197 [00:00<00:00, 1518.81it/s, Materializing param=encoder.layer.11.attention.self.value.bias]
4528.0s 1287 Loading weights:  96%|█████████▋| 190/197 [00:00<00:00, 1518.81it/s, Materializing param=encoder.layer.11.attention.self.value.bias]
4528.0s 1288 Loading weights:  97%|█████████▋| 191/197 [00:00<00:00, 1518.81it/s, Materializing param=encoder.layer.11.attention.self.value.weight]
4528.0s 1289 Loading weights:  97%|█████████▋| 191/197 [00:00<00:00, 1518.81it/s, Materializing param=encoder.layer.11.attention.self.value.weight]
4528.0s 1290 Loading weights:  97%|█████████▋| 192/197 [00:00<00:00, 1518.81it/s, Materializing param=encoder.layer.11.intermediate.dense.bias]
4528.0s 1291 Loading weights:  97%|█████████▋| 192/197 [00:00<00:00, 1518.81it/s, Materializing param=encoder.layer.11.intermediate.dense.bias]
4528.0s 1292 Loading weights:  98%|█████████▊| 193/197 [00:00<00:00, 1518.81it/s, Materializing param=encoder.layer.11.intermediate.dense.weight]
4528.0s 1293 Loading weights:  98%|█████████▊| 193/197 [00:00<00:00, 1518.81it/s, Materializing param=encoder.layer.11.intermediate.dense.weight]
4528.0s 1294 Loading weights:  98%|█████████▊| 194/197 [00:00<00:00, 1518.81it/s, Materializing param=encoder.layer.11.output.LayerNorm.bias]
4528.0s 1295 Loading weights:  98%|█████████▊| 194/197 [00:00<00:00, 1518.81it/s, Materializing param=encoder.layer.11.output.LayerNorm.bias]
4528.0s 1296 Loading weights:  99%|█████████▉| 195/197 [00:00<00:00, 1518.81it/s, Materializing param=encoder.layer.11.output.LayerNorm.weight]
4528.0s 1297 Loading weights:  99%|█████████▉| 195/197 [00:00<00:00, 1518.81it/s, Materializing param=encoder.layer.11.output.LayerNorm.weight]
4528.0s 1298 Loading weights:  99%|█████████▉| 196/197 [00:00<00:00, 1518.81it/s, Materializing param=encoder.layer.11.output.dense.bias]
4528.0s 1299 Loading weights:  99%|█████████▉| 196/197 [00:00<00:00, 1518.81it/s, Materializing param=encoder.layer.11.output.dense.bias]
4528.0s 1300 Loading weights: 100%|██████████| 197/197 [00:00<00:00, 1518.81it/s, Materializing param=encoder.layer.11.output.dense.weight]
4528.0s 1301 Loading weights: 100%|██████████| 197/197 [00:00<00:00, 1518.81it/s, Materializing param=encoder.layer.11.output.dense.weight]
4528.0s 1302 Loading weights: 100%|██████████| 197/197 [00:00<00:00, 1738.99it/s, Materializing param=encoder.layer.11.output.dense.weight]
4528.0s 1303 BertModel LOAD REPORT from: artifacts/runs/tapt-ctxdecode
4528.0s 1304 Key                                        | Status     |
4528.0s 1305 -------------------------------------------+------------+-
4528.0s 1306 cls.predictions.transform.LayerNorm.bias   | UNEXPECTED |
4528.0s 1307 cls.predictions.decoder.bias               | UNEXPECTED |
4528.0s 1308 cls.predictions.decoder.weight             | UNEXPECTED |
4528.0s 1309 cls.predictions.transform.dense.weight     | UNEXPECTED |
4528.0s 1310 cls.predictions.bias                       | UNEXPECTED |
4528.0s 1311 cls.predictions.transform.LayerNorm.weight | UNEXPECTED |
4528.0s 1312 cls.predictions.transform.dense.bias       | UNEXPECTED |
4528.0s 1313 pooler.dense.bias                          | MISSING    |
4528.0s 1314 pooler.dense.weight                        | MISSING    |
4528.0s 1315 
4528.0s 1316 Notes:
4528.0s 1317 - UNEXPECTED	:can be ignored when loading from different task/architecture; not ok if you expect identical arch.
4528.0s 1318 - MISSING	:those params were newly initialized because missing from the checkpoint. Consider training on your downstream task.
4779.7s 1319 [s43full] ep1 done 4.2min  no val
5034.6s 1320 [s43full] ep2 done 4.2min  no val
5290.6s 1321 [s43full] ep3 done 4.3min  no val
5542.3s 1322 [s43full] ep4 done 4.2min  no val
5794.5s 1323 [s43full] ep5 done 4.2min  no val
6053.2s 1324 [s43full] ep6 197/197 loss 0.9608   no val (1.31s/step)
6053.2s 1325 [s43full] ep6 done 4.3min  no val
6053.2s 1326 [s43full] trained on every row; final checkpoint taken, no score
6053.2s 1327 ===== seed 44 FULL FIT, 3159 rows, no validation =====
6053.4s 1328 fold gazetteer (first 8 terms per class):
6053.4s 1329 Gender         amma batte dagar meghana munde nin sonu sule
6053.4s 1330 Geo-political  pakistan
6053.4s 1331 Others         btv bucket news
6053.4s 1332 Political      ashwath bjp bommai congress election modi party siddu
6053.4s 1333 Religion       hijab hindu islam muslim muslims
6053.4s 1334 Violence
6053.4s 1335 
6053.4s 1336 Loading weights:   0%|          | 0/197 [00:00<?, ?it/s]
6053.4s 1337 Loading weights:   1%|          | 1/197 [00:00<00:00, 30615.36it/s, Materializing param=embeddings.LayerNorm.bias]
6053.4s 1338 Loading weights:   1%|          | 1/197 [00:00<00:00, 8774.69it/s, Materializing param=embeddings.LayerNorm.bias]
6053.4s 1339 Loading weights:   1%|          | 2/197 [00:00<00:00, 4277.72it/s, Materializing param=embeddings.LayerNorm.weight]
6053.4s 1340 Loading weights:   1%|          | 2/197 [00:00<00:00, 3626.72it/s, Materializing param=embeddings.LayerNorm.weight]
6053.4s 1341 Loading weights:   2%|▏         | 3/197 [00:00<00:00, 3906.52it/s, Materializing param=embeddings.position_embeddings.weight]
6053.4s 1342 Loading weights:   2%|▏         | 3/197 [00:00<00:00, 3184.74it/s, Materializing param=embeddings.position_embeddings.weight]
6053.4s 1343 Loading weights:   2%|▏         | 4/197 [00:00<00:00, 2482.94it/s, Materializing param=embeddings.token_type_embeddings.weight]
6053.4s 1344 Loading weights:   2%|▏         | 4/197 [00:00<00:00, 1726.41it/s, Materializing param=embeddings.token_type_embeddings.weight]
6053.4s 1345 Loading weights:   3%|▎         | 5/197 [00:00<00:00, 1869.95it/s, Materializing param=embeddings.word_embeddings.weight]
6053.4s 1346 Loading weights:   3%|▎         | 5/197 [00:00<00:00, 1801.83it/s, Materializing param=embeddings.word_embeddings.weight]
6053.4s 1347 Loading weights:   3%|▎         | 6/197 [00:00<00:00, 1985.63it/s, Materializing param=encoder.layer.0.attention.output.LayerNorm.bias]
6053.4s 1348 Loading weights:   3%|▎         | 6/197 [00:00<00:00, 1509.38it/s, Materializing param=encoder.layer.0.attention.output.LayerNorm.bias]
6053.4s 1349 Loading weights:   4%|▎         | 7/197 [00:00<00:00, 1613.37it/s, Materializing param=encoder.layer.0.attention.output.LayerNorm.weight]
6053.4s 1350 Loading weights:   4%|▎         | 7/197 [00:00<00:00, 1574.02it/s, Materializing param=encoder.layer.0.attention.output.LayerNorm.weight]
6053.4s 1351 Loading weights:   4%|▍         | 8/197 [00:00<00:00, 1713.97it/s, Materializing param=encoder.layer.0.attention.output.dense.bias]
6053.4s 1352 Loading weights:   4%|▍         | 8/197 [00:00<00:00, 1513.44it/s, Materializing param=encoder.layer.0.attention.output.dense.bias]
6053.4s 1353 Loading weights:   5%|▍         | 9/197 [00:00<00:00, 1285.90it/s, Materializing param=encoder.layer.0.attention.output.dense.weight]
6053.4s 1354 Loading weights:   5%|▍         | 9/197 [00:00<00:00, 1220.58it/s, Materializing param=encoder.layer.0.attention.output.dense.weight]
6053.4s 1355 Loading weights:   5%|▌         | 10/197 [00:00<00:00, 1174.25it/s, Materializing param=encoder.layer.0.attention.self.key.bias]
6053.4s 1356 Loading weights:   5%|▌         | 10/197 [00:00<00:00, 1157.56it/s, Materializing param=encoder.layer.0.attention.self.key.bias]
6053.4s 1357 Loading weights:   6%|▌         | 11/197 [00:00<00:00, 1208.35it/s, Materializing param=encoder.layer.0.attention.self.key.weight]
6053.4s 1358 Loading weights:   6%|▌         | 11/197 [00:00<00:00, 1188.62it/s, Materializing param=encoder.layer.0.attention.self.key.weight]
6053.4s 1359 Loading weights:   6%|▌         | 12/197 [00:00<00:00, 1225.90it/s, Materializing param=encoder.layer.0.attention.self.query.bias]
6053.4s 1360 Loading weights:   6%|▌         | 12/197 [00:00<00:00, 1190.21it/s, Materializing param=encoder.layer.0.attention.self.query.bias]
6053.4s 1361 Loading weights:   7%|▋         | 13/197 [00:00<00:00, 1251.05it/s, Materializing param=encoder.layer.0.attention.self.query.weight]
6053.4s 1362 Loading weights:   7%|▋         | 13/197 [00:00<00:00, 1238.94it/s, Materializing param=encoder.layer.0.attention.self.query.weight]
6053.4s 1363 Loading weights:   7%|▋         | 14/197 [00:00<00:00, 1304.58it/s, Materializing param=encoder.layer.0.attention.self.value.bias]
6053.4s 1364 Loading weights:   7%|▋         | 14/197 [00:00<00:00, 1294.17it/s, Materializing param=encoder.layer.0.attention.self.value.bias]
6053.4s 1365 Loading weights:   8%|▊         | 15/197 [00:00<00:00, 1357.94it/s, Materializing param=encoder.layer.0.attention.self.value.weight]
6053.4s 1366 Loading weights:   8%|▊         | 15/197 [00:00<00:00, 1347.90it/s, Materializing param=encoder.layer.0.attention.self.value.weight]
6053.4s 1367 Loading weights:   8%|▊         | 16/197 [00:00<00:00, 1377.89it/s, Materializing param=encoder.layer.0.intermediate.dense.bias]
6053.4s 1368 Loading weights:   8%|▊         | 16/197 [00:00<00:00, 1315.60it/s, Materializing param=encoder.layer.0.intermediate.dense.bias]
6053.4s 1369 Loading weights:   9%|▊         | 17/197 [00:00<00:00, 1362.52it/s, Materializing param=encoder.layer.0.intermediate.dense.weight]
6053.4s 1370 Loading weights:   9%|▊         | 17/197 [00:00<00:00, 1351.62it/s, Materializing param=encoder.layer.0.intermediate.dense.weight]
6053.4s 1371 Loading weights:   9%|▉         | 18/197 [00:00<00:00, 1407.22it/s, Materializing param=encoder.layer.0.output.LayerNorm.bias]
6053.4s 1372 Loading weights:   9%|▉         | 18/197 [00:00<00:00, 1397.69it/s, Materializing param=encoder.layer.0.output.LayerNorm.bias]
6053.4s 1373 Loading weights:  10%|▉         | 19/197 [00:00<00:00, 1444.29it/s, Materializing param=encoder.layer.0.output.LayerNorm.weight]
6053.4s 1374 Loading weights:  10%|▉         | 19/197 [00:00<00:00, 1432.74it/s, Materializing param=encoder.layer.0.output.LayerNorm.weight]
6053.4s 1375 Loading weights:  10%|█         | 20/197 [00:00<00:00, 1482.90it/s, Materializing param=encoder.layer.0.output.dense.bias]
6053.4s 1376 Loading weights:  10%|█         | 20/197 [00:00<00:00, 1473.00it/s, Materializing param=encoder.layer.0.output.dense.bias]
6053.4s 1377 Loading weights:  11%|█         | 21/197 [00:00<00:00, 1425.89it/s, Materializing param=encoder.layer.0.output.dense.weight]
6053.4s 1378 Loading weights:  11%|█         | 21/197 [00:00<00:00, 1400.66it/s, Materializing param=encoder.layer.0.output.dense.weight]
6053.4s 1379 Loading weights:  11%|█         | 22/197 [00:00<00:00, 1418.32it/s, Materializing param=encoder.layer.1.attention.output.LayerNorm.bias]
6053.4s 1380 Loading weights:  11%|█         | 22/197 [00:00<00:00, 1408.73it/s, Materializing param=encoder.layer.1.attention.output.LayerNorm.bias]
6053.4s 1381 Loading weights:  12%|█▏        | 23/197 [00:00<00:00, 1440.65it/s, Materializing param=encoder.layer.1.attention.output.LayerNorm.weight]
6053.4s 1382 Loading weights:  12%|█▏        | 23/197 [00:00<00:00, 1430.57it/s, Materializing param=encoder.layer.1.attention.output.LayerNorm.weight]
6053.4s 1383 Loading weights:  12%|█▏        | 24/197 [00:00<00:00, 1462.43it/s, Materializing param=encoder.layer.1.attention.output.dense.bias]
6053.4s 1384 Loading weights:  12%|█▏        | 24/197 [00:00<00:00, 1451.78it/s, Materializing param=encoder.layer.1.attention.output.dense.bias]
6053.4s 1385 Loading weights:  13%|█▎        | 25/197 [00:00<00:00, 1453.15it/s, Materializing param=encoder.layer.1.attention.output.dense.weight]
6053.4s 1386 Loading weights:  13%|█▎        | 25/197 [00:00<00:00, 1444.44it/s, Materializing param=encoder.layer.1.attention.output.dense.weight]
6053.4s 1387 Loading weights:  13%|█▎        | 26/197 [00:00<00:00, 1462.90it/s, Materializing param=encoder.layer.1.attention.self.key.bias]
6053.4s 1388 Loading weights:  13%|█▎        | 26/197 [00:00<00:00, 1455.44it/s, Materializing param=encoder.layer.1.attention.self.key.bias]
6053.4s 1389 Loading weights:  14%|█▎        | 27/197 [00:00<00:00, 1445.76it/s, Materializing param=encoder.layer.1.attention.self.key.weight]
6053.4s 1390 Loading weights:  14%|█▎        | 27/197 [00:00<00:00, 1412.45it/s, Materializing param=encoder.layer.1.attention.self.key.weight]
6053.4s 1391 Loading weights:  14%|█▍        | 28/197 [00:00<00:00, 1381.51it/s, Materializing param=encoder.layer.1.attention.self.query.bias]
6053.4s 1392 Loading weights:  14%|█▍        | 28/197 [00:00<00:00, 1374.07it/s, Materializing param=encoder.layer.1.attention.self.query.bias]
6053.4s 1393 Loading weights:  15%|█▍        | 29/197 [00:00<00:00, 1383.09it/s, Materializing param=encoder.layer.1.attention.self.query.weight]
6053.4s 1394 Loading weights:  15%|█▍        | 29/197 [00:00<00:00, 1305.43it/s, Materializing param=encoder.layer.1.attention.self.query.weight]
6053.4s 1395 Loading weights:  15%|█▌        | 30/197 [00:00<00:00, 1328.53it/s, Materializing param=encoder.layer.1.attention.self.value.bias]
6053.4s 1396 Loading weights:  15%|█▌        | 30/197 [00:00<00:00, 1322.58it/s, Materializing param=encoder.layer.1.attention.self.value.bias]
6053.4s 1397 Loading weights:  16%|█▌        | 31/197 [00:00<00:00, 1318.42it/s, Materializing param=encoder.layer.1.attention.self.value.weight]
6053.4s 1398 Loading weights:  16%|█▌        | 31/197 [00:00<00:00, 1293.86it/s, Materializing param=encoder.layer.1.attention.self.value.weight]
6053.4s 1399 Loading weights:  16%|█▌        | 32/197 [00:00<00:00, 1275.64it/s, Materializing param=encoder.layer.1.intermediate.dense.bias]
6053.4s 1400 Loading weights:  16%|█▌        | 32/197 [00:00<00:00, 1267.14it/s, Materializing param=encoder.layer.1.intermediate.dense.bias]
6053.4s 1401 Loading weights:  17%|█▋        | 33/197 [00:00<00:00, 1278.88it/s, Materializing param=encoder.layer.1.intermediate.dense.weight]
6053.4s 1402 Loading weights:  17%|█▋        | 33/197 [00:00<00:00, 1272.88it/s, Materializing param=encoder.layer.1.intermediate.dense.weight]
6053.4s 1403 Loading weights:  17%|█▋        | 34/197 [00:00<00:00, 1233.17it/s, Materializing param=encoder.layer.1.output.LayerNorm.bias]
6053.4s 1404 Loading weights:  17%|█▋        | 34/197 [00:00<00:00, 1228.36it/s, Materializing param=encoder.layer.1.output.LayerNorm.bias]
6053.4s 1405 Loading weights:  18%|█▊        | 35/197 [00:00<00:00, 1254.37it/s, Materializing param=encoder.layer.1.output.LayerNorm.weight]
6053.4s 1406 Loading weights:  18%|█▊        | 35/197 [00:00<00:00, 1249.61it/s, Materializing param=encoder.layer.1.output.LayerNorm.weight]
6053.4s 1407 Loading weights:  18%|█▊        | 36/197 [00:00<00:00, 1251.53it/s, Materializing param=encoder.layer.1.output.dense.bias]
6053.4s 1408 Loading weights:  18%|█▊        | 36/197 [00:00<00:00, 1247.61it/s, Materializing param=encoder.layer.1.output.dense.bias]
6053.4s 1409 Loading weights:  19%|█▉        | 37/197 [00:00<00:00, 1268.34it/s, Materializing param=encoder.layer.1.output.dense.weight]
6053.4s 1410 Loading weights:  19%|█▉        | 37/197 [00:00<00:00, 1242.35it/s, Materializing param=encoder.layer.1.output.dense.weight]
6053.4s 1411 Loading weights:  19%|█▉        | 38/197 [00:00<00:00, 1240.01it/s, Materializing param=encoder.layer.2.attention.output.LayerNorm.bias]
6053.4s 1412 Loading weights:  19%|█▉        | 38/197 [00:00<00:00, 1217.09it/s, Materializing param=encoder.layer.2.attention.output.LayerNorm.bias]
6053.4s 1413 Loading weights:  20%|█▉        | 39/197 [00:00<00:00, 1219.20it/s, Materializing param=encoder.layer.2.attention.output.LayerNorm.weight]
6053.4s 1414 Loading weights:  20%|█▉        | 39/197 [00:00<00:00, 1214.91it/s, Materializing param=encoder.layer.2.attention.output.LayerNorm.weight]
6053.4s 1415 Loading weights:  20%|██        | 40/197 [00:00<00:00, 1227.13it/s, Materializing param=encoder.layer.2.attention.output.dense.bias]
6053.4s 1416 Loading weights:  20%|██        | 40/197 [00:00<00:00, 1223.99it/s, Materializing param=encoder.layer.2.attention.output.dense.bias]
6053.4s 1417 Loading weights:  21%|██        | 41/197 [00:00<00:00, 1234.88it/s, Materializing param=encoder.layer.2.attention.output.dense.weight]
6053.4s 1418 Loading weights:  21%|██        | 41/197 [00:00<00:00, 1230.89it/s, Materializing param=encoder.layer.2.attention.output.dense.weight]
6053.4s 1419 Loading weights:  21%|██▏       | 42/197 [00:00<00:00, 1252.37it/s, Materializing param=encoder.layer.2.attention.self.key.bias]
6053.4s 1420 Loading weights:  21%|██▏       | 42/197 [00:00<00:00, 1237.27it/s, Materializing param=encoder.layer.2.attention.self.key.bias]
6053.4s 1421 Loading weights:  22%|██▏       | 43/197 [00:00<00:00, 1250.34it/s, Materializing param=encoder.layer.2.attention.self.key.weight]
6053.4s 1422 Loading weights:  22%|██▏       | 43/197 [00:00<00:00, 1246.38it/s, Materializing param=encoder.layer.2.attention.self.key.weight]
6053.4s 1423 Loading weights:  22%|██▏       | 44/197 [00:00<00:00, 1226.88it/s, Materializing param=encoder.layer.2.attention.self.query.bias]
6053.4s 1424 Loading weights:  22%|██▏       | 44/197 [00:00<00:00, 1205.13it/s, Materializing param=encoder.layer.2.attention.self.query.bias]
6053.4s 1425 Loading weights:  23%|██▎       | 45/197 [00:00<00:00, 1213.49it/s, Materializing param=encoder.layer.2.attention.self.query.weight]
6053.4s 1426 Loading weights:  23%|██▎       | 45/197 [00:00<00:00, 1208.63it/s, Materializing param=encoder.layer.2.attention.self.query.weight]
6053.4s 1427 Loading weights:  23%|██▎       | 46/197 [00:00<00:00, 1218.21it/s, Materializing param=encoder.layer.2.attention.self.value.bias]
6053.4s 1428 Loading weights:  23%|██▎       | 46/197 [00:00<00:00, 1214.91it/s, Materializing param=encoder.layer.2.attention.self.value.bias]
6053.4s 1429 Loading weights:  24%|██▍       | 47/197 [00:00<00:00, 1218.61it/s, Materializing param=encoder.layer.2.attention.self.value.weight]
6053.4s 1430 Loading weights:  24%|██▍       | 47/197 [00:00<00:00, 1214.83it/s, Materializing param=encoder.layer.2.attention.self.value.weight]
6053.4s 1431 Loading weights:  24%|██▍       | 48/197 [00:00<00:00, 1231.42it/s, Materializing param=encoder.layer.2.intermediate.dense.bias]
6053.4s 1432 Loading weights:  24%|██▍       | 48/197 [00:00<00:00, 1227.92it/s, Materializing param=encoder.layer.2.intermediate.dense.bias]
6053.4s 1433 Loading weights:  25%|██▍       | 49/197 [00:00<00:00, 1244.72it/s, Materializing param=encoder.layer.2.intermediate.dense.weight]
6053.4s 1434 Loading weights:  25%|██▍       | 49/197 [00:00<00:00, 1240.63it/s, Materializing param=encoder.layer.2.intermediate.dense.weight]
6053.4s 1435 Loading weights:  25%|██▌       | 50/197 [00:00<00:00, 1257.73it/s, Materializing param=encoder.layer.2.output.LayerNorm.bias]
6053.4s 1436 Loading weights:  25%|██▌       | 50/197 [00:00<00:00, 1255.16it/s, Materializing param=encoder.layer.2.output.LayerNorm.bias]
6053.4s 1437 Loading weights:  26%|██▌       | 51/197 [00:00<00:00, 1273.13it/s, Materializing param=encoder.layer.2.output.LayerNorm.weight]
6053.4s 1438 Loading weights:  26%|██▌       | 51/197 [00:00<00:00, 1269.43it/s, Materializing param=encoder.layer.2.output.LayerNorm.weight]
6053.4s 1439 Loading weights:  26%|██▋       | 52/197 [00:00<00:00, 1286.79it/s, Materializing param=encoder.layer.2.output.dense.bias]
6053.4s 1440 Loading weights:  26%|██▋       | 52/197 [00:00<00:00, 1283.90it/s, Materializing param=encoder.layer.2.output.dense.bias]
6053.4s 1441 Loading weights:  27%|██▋       | 53/197 [00:00<00:00, 1291.81it/s, Materializing param=encoder.layer.2.output.dense.weight]
6053.4s 1442 Loading weights:  27%|██▋       | 53/197 [00:00<00:00, 1281.64it/s, Materializing param=encoder.layer.2.output.dense.weight]
6053.4s 1443 Loading weights:  27%|██▋       | 54/197 [00:00<00:00, 1296.18it/s, Materializing param=encoder.layer.3.attention.output.LayerNorm.bias]
6053.4s 1444 Loading weights:  27%|██▋       | 54/197 [00:00<00:00, 1293.06it/s, Materializing param=encoder.layer.3.attention.output.LayerNorm.bias]
6053.4s 1445 Loading weights:  28%|██▊       | 55/197 [00:00<00:00, 1296.46it/s, Materializing param=encoder.layer.3.attention.output.LayerNorm.weight]
6053.4s 1446 Loading weights:  28%|██▊       | 55/197 [00:00<00:00, 1293.27it/s, Materializing param=encoder.layer.3.attention.output.LayerNorm.weight]
6053.4s 1447 Loading weights:  28%|██▊       | 56/197 [00:00<00:00, 1299.33it/s, Materializing param=encoder.layer.3.attention.output.dense.bias]
6053.4s 1448 Loading weights:  28%|██▊       | 56/197 [00:00<00:00, 1295.27it/s, Materializing param=encoder.layer.3.attention.output.dense.bias]
6053.4s 1449 Loading weights:  29%|██▉       | 57/197 [00:00<00:00, 1297.55it/s, Materializing param=encoder.layer.3.attention.output.dense.weight]
6053.4s 1450 Loading weights:  29%|██▉       | 57/197 [00:00<00:00, 1294.22it/s, Materializing param=encoder.layer.3.attention.output.dense.weight]
6053.4s 1451 Loading weights:  29%|██▉       | 58/197 [00:00<00:00, 1300.13it/s, Materializing param=encoder.layer.3.attention.self.key.bias]
6053.4s 1452 Loading weights:  29%|██▉       | 58/197 [00:00<00:00, 1287.07it/s, Materializing param=encoder.layer.3.attention.self.key.bias]
6053.4s 1453 Loading weights:  30%|██▉       | 59/197 [00:00<00:00, 1291.61it/s, Materializing param=encoder.layer.3.attention.self.key.weight]
6053.4s 1454 Loading weights:  30%|██▉       | 59/197 [00:00<00:00, 1288.75it/s, Materializing param=encoder.layer.3.attention.self.key.weight]
6053.4s 1455 Loading weights:  30%|███       | 60/197 [00:00<00:00, 1302.81it/s, Materializing param=encoder.layer.3.attention.self.query.bias]
6053.4s 1456 Loading weights:  30%|███       | 60/197 [00:00<00:00, 1300.65it/s, Materializing param=encoder.layer.3.attention.self.query.bias]
6053.4s 1457 Loading weights:  31%|███       | 61/197 [00:00<00:00, 1312.70it/s, Materializing param=encoder.layer.3.attention.self.query.weight]
6053.4s 1458 Loading weights:  31%|███       | 61/197 [00:00<00:00, 1309.87it/s, Materializing param=encoder.layer.3.attention.self.query.weight]
6053.4s 1459 Loading weights:  31%|███▏      | 62/197 [00:00<00:00, 1299.51it/s, Materializing param=encoder.layer.3.attention.self.value.bias]
6053.4s 1460 Loading weights:  31%|███▏      | 62/197 [00:00<00:00, 1296.35it/s, Materializing param=encoder.layer.3.attention.self.value.bias]
6053.4s 1461 Loading weights:  32%|███▏      | 63/197 [00:00<00:00, 1307.74it/s, Materializing param=encoder.layer.3.attention.self.value.weight]
6053.4s 1462 Loading weights:  32%|███▏      | 63/197 [00:00<00:00, 1303.81it/s, Materializing param=encoder.layer.3.attention.self.value.weight]
6053.4s 1463 Loading weights:  32%|███▏      | 64/197 [00:00<00:00, 1286.08it/s, Materializing param=encoder.layer.3.intermediate.dense.bias]
6053.4s 1464 Loading weights:  32%|███▏      | 64/197 [00:00<00:00, 1283.68it/s, Materializing param=encoder.layer.3.intermediate.dense.bias]
6053.4s 1465 Loading weights:  33%|███▎      | 65/197 [00:00<00:00, 1290.13it/s, Materializing param=encoder.layer.3.intermediate.dense.weight]
6053.4s 1466 Loading weights:  33%|███▎      | 65/197 [00:00<00:00, 1274.38it/s, Materializing param=encoder.layer.3.intermediate.dense.weight]
6053.4s 1467 Loading weights:  34%|███▎      | 66/197 [00:00<00:00, 1279.66it/s, Materializing param=encoder.layer.3.output.LayerNorm.bias]
6053.4s 1468 Loading weights:  34%|███▎      | 66/197 [00:00<00:00, 1276.78it/s, Materializing param=encoder.layer.3.output.LayerNorm.bias]
6053.4s 1469 Loading weights:  34%|███▍      | 67/197 [00:00<00:00, 1281.87it/s, Materializing param=encoder.layer.3.output.LayerNorm.weight]
6053.4s 1470 Loading weights:  34%|███▍      | 67/197 [00:00<00:00, 1274.75it/s, Materializing param=encoder.layer.3.output.LayerNorm.weight]
6053.4s 1471 Loading weights:  35%|███▍      | 68/197 [00:00<00:00, 1287.92it/s, Materializing param=encoder.layer.3.output.dense.bias]
6053.4s 1472 Loading weights:  35%|███▍      | 68/197 [00:00<00:00, 1285.93it/s, Materializing param=encoder.layer.3.output.dense.bias]
6053.4s 1473 Loading weights:  35%|███▌      | 69/197 [00:00<00:00, 1298.45it/s, Materializing param=encoder.layer.3.output.dense.weight]
6053.4s 1474 Loading weights:  35%|███▌      | 69/197 [00:00<00:00, 1294.65it/s, Materializing param=encoder.layer.3.output.dense.weight]
6053.4s 1475 Loading weights:  36%|███▌      | 70/197 [00:00<00:00, 1307.49it/s, Materializing param=encoder.layer.4.attention.output.LayerNorm.bias]
6053.4s 1476 Loading weights:  36%|███▌      | 70/197 [00:00<00:00, 1305.32it/s, Materializing param=encoder.layer.4.attention.output.LayerNorm.bias]
6053.4s 1477 Loading weights:  36%|███▌      | 71/197 [00:00<00:00, 1313.08it/s, Materializing param=encoder.layer.4.attention.output.LayerNorm.weight]
6053.4s 1478 Loading weights:  36%|███▌      | 71/197 [00:00<00:00, 1297.70it/s, Materializing param=encoder.layer.4.attention.output.LayerNorm.weight]
6053.4s 1479 Loading weights:  37%|███▋      | 72/197 [00:00<00:00, 1287.56it/s, Materializing param=encoder.layer.4.attention.output.dense.bias]
6053.4s 1480 Loading weights:  37%|███▋      | 72/197 [00:00<00:00, 1285.04it/s, Materializing param=encoder.layer.4.attention.output.dense.bias]
6053.4s 1481 Loading weights:  37%|███▋      | 73/197 [00:00<00:00, 1282.66it/s, Materializing param=encoder.layer.4.attention.output.dense.weight]
6053.4s 1482 Loading weights:  37%|███▋      | 73/197 [00:00<00:00, 1280.82it/s, Materializing param=encoder.layer.4.attention.output.dense.weight]
6053.4s 1483 Loading weights:  38%|███▊      | 74/197 [00:00<00:00, 1291.99it/s, Materializing param=encoder.layer.4.attention.self.key.bias]
6053.4s 1484 Loading weights:  38%|███▊      | 74/197 [00:00<00:00, 1274.28it/s, Materializing param=encoder.layer.4.attention.self.key.bias]
6053.4s 1485 Loading weights:  38%|███▊      | 75/197 [00:00<00:00, 1274.21it/s, Materializing param=encoder.layer.4.attention.self.key.weight]
6053.4s 1486 Loading weights:  38%|███▊      | 75/197 [00:00<00:00, 1264.72it/s, Materializing param=encoder.layer.4.attention.self.key.weight]
6053.4s 1487 Loading weights:  39%|███▊      | 76/197 [00:00<00:00, 1271.26it/s, Materializing param=encoder.layer.4.attention.self.query.bias]
6053.4s 1488 Loading weights:  39%|███▊      | 76/197 [00:00<00:00, 1268.79it/s, Materializing param=encoder.layer.4.attention.self.query.bias]
6053.4s 1489 Loading weights:  39%|███▉      | 77/197 [00:00<00:00, 1270.50it/s, Materializing param=encoder.layer.4.attention.self.query.weight]
6053.4s 1490 Loading weights:  39%|███▉      | 77/197 [00:00<00:00, 1268.33it/s, Materializing param=encoder.layer.4.attention.self.query.weight]
6053.4s 1491 Loading weights:  40%|███▉      | 78/197 [00:00<00:00, 1280.26it/s, Materializing param=encoder.layer.4.attention.self.value.bias]
6053.4s 1492 Loading weights:  40%|███▉      | 78/197 [00:00<00:00, 1271.38it/s, Materializing param=encoder.layer.4.attention.self.value.bias]
6053.4s 1493 Loading weights:  40%|████      | 79/197 [00:00<00:00, 1262.11it/s, Materializing param=encoder.layer.4.attention.self.value.weight]
6053.4s 1494 Loading weights:  40%|████      | 79/197 [00:00<00:00, 1259.99it/s, Materializing param=encoder.layer.4.attention.self.value.weight]
6053.4s 1495 Loading weights:  41%|████      | 80/197 [00:00<00:00, 1265.46it/s, Materializing param=encoder.layer.4.intermediate.dense.bias]
6053.4s 1496 Loading weights:  41%|████      | 80/197 [00:00<00:00, 1263.52it/s, Materializing param=encoder.layer.4.intermediate.dense.bias]
6053.4s 1497 Loading weights:  41%|████      | 81/197 [00:00<00:00, 1274.49it/s, Materializing param=encoder.layer.4.intermediate.dense.weight]
6053.4s 1498 Loading weights:  41%|████      | 81/197 [00:00<00:00, 1265.91it/s, Materializing param=encoder.layer.4.intermediate.dense.weight]
6053.4s 1499 Loading weights:  42%|████▏     | 82/197 [00:00<00:00, 1260.64it/s, Materializing param=encoder.layer.4.output.LayerNorm.bias]
6053.4s 1500 Loading weights:  42%|████▏     | 82/197 [00:00<00:00, 1255.57it/s, Materializing param=encoder.layer.4.output.LayerNorm.bias]
6053.4s 1501 Loading weights:  42%|████▏     | 83/197 [00:00<00:00, 1255.35it/s, Materializing param=encoder.layer.4.output.LayerNorm.weight]
6053.4s 1502 Loading weights:  42%|████▏     | 83/197 [00:00<00:00, 1251.09it/s, Materializing param=encoder.layer.4.output.LayerNorm.weight]
6053.4s 1503 Loading weights:  43%|████▎     | 84/197 [00:00<00:00, 1249.27it/s, Materializing param=encoder.layer.4.output.dense.bias]
6053.4s 1504 Loading weights:  43%|████▎     | 84/197 [00:00<00:00, 1246.93it/s, Materializing param=encoder.layer.4.output.dense.bias]
6053.4s 1505 Loading weights:  43%|████▎     | 85/197 [00:00<00:00, 1254.06it/s, Materializing param=encoder.layer.4.output.dense.weight]
6053.4s 1506 Loading weights:  43%|████▎     | 85/197 [00:00<00:00, 1251.56it/s, Materializing param=encoder.layer.4.output.dense.weight]
6053.4s 1507 Loading weights:  44%|████▎     | 86/197 [00:00<00:00, 1258.37it/s, Materializing param=encoder.layer.5.attention.output.LayerNorm.bias]
6053.4s 1508 Loading weights:  44%|████▎     | 86/197 [00:00<00:00, 1245.99it/s, Materializing param=encoder.layer.5.attention.output.LayerNorm.bias]
6053.4s 1509 Loading weights:  44%|████▍     | 87/197 [00:00<00:00, 1243.65it/s, Materializing param=encoder.layer.5.attention.output.LayerNorm.weight]
6053.4s 1510 Loading weights:  44%|████▍     | 87/197 [00:00<00:00, 1241.76it/s, Materializing param=encoder.layer.5.attention.output.LayerNorm.weight]
6053.4s 1511 Loading weights:  45%|████▍     | 88/197 [00:00<00:00, 1248.87it/s, Materializing param=encoder.layer.5.attention.output.dense.bias]
6053.4s 1512 Loading weights:  45%|████▍     | 88/197 [00:00<00:00, 1247.18it/s, Materializing param=encoder.layer.5.attention.output.dense.bias]
6053.4s 1513 Loading weights:  45%|████▌     | 89/197 [00:00<00:00, 1257.43it/s, Materializing param=encoder.layer.5.attention.output.dense.weight]
6053.4s 1514 Loading weights:  45%|████▌     | 89/197 [00:00<00:00, 1255.84it/s, Materializing param=encoder.layer.5.attention.output.dense.weight]
6053.4s 1515 Loading weights:  46%|████▌     | 90/197 [00:00<00:00, 1265.72it/s, Materializing param=encoder.layer.5.attention.self.key.bias]
6053.4s 1516 Loading weights:  46%|████▌     | 90/197 [00:00<00:00, 1263.10it/s, Materializing param=encoder.layer.5.attention.self.key.bias]
6053.4s 1517 Loading weights:  46%|████▌     | 91/197 [00:00<00:00, 1272.16it/s, Materializing param=encoder.layer.5.attention.self.key.weight]
6053.4s 1518 Loading weights:  46%|████▌     | 91/197 [00:00<00:00, 1267.12it/s, Materializing param=encoder.layer.5.attention.self.key.weight]
6053.4s 1519 Loading weights:  47%|████▋     | 92/197 [00:00<00:00, 1269.75it/s, Materializing param=encoder.layer.5.attention.self.query.bias]
6053.4s 1520 Loading weights:  47%|████▋     | 92/197 [00:00<00:00, 1268.16it/s, Materializing param=encoder.layer.5.attention.self.query.bias]
6053.4s 1521 Loading weights:  47%|████▋     | 93/197 [00:00<00:00, 1278.01it/s, Materializing param=encoder.layer.5.attention.self.query.weight]
6053.4s 1522 Loading weights:  47%|████▋     | 93/197 [00:00<00:00, 1273.99it/s, Materializing param=encoder.layer.5.attention.self.query.weight]
6053.4s 1523 Loading weights:  48%|████▊     | 94/197 [00:00<00:00, 1282.88it/s, Materializing param=encoder.layer.5.attention.self.value.bias]
6053.4s 1524 Loading weights:  48%|████▊     | 94/197 [00:00<00:00, 1277.37it/s, Materializing param=encoder.layer.5.attention.self.value.bias]
6053.4s 1525 Loading weights:  48%|████▊     | 95/197 [00:00<00:00, 1286.57it/s, Materializing param=encoder.layer.5.attention.self.value.weight]
6053.4s 1526 Loading weights:  48%|████▊     | 95/197 [00:00<00:00, 1284.98it/s, Materializing param=encoder.layer.5.attention.self.value.weight]
6053.4s 1527 Loading weights:  49%|████▊     | 96/197 [00:00<00:00, 1294.95it/s, Materializing param=encoder.layer.5.intermediate.dense.bias]
6053.4s 1528 Loading weights:  49%|████▊     | 96/197 [00:00<00:00, 1292.12it/s, Materializing param=encoder.layer.5.intermediate.dense.bias]
6053.4s 1529 Loading weights:  49%|████▉     | 97/197 [00:00<00:00, 1301.37it/s, Materializing param=encoder.layer.5.intermediate.dense.weight]
6053.4s 1530 Loading weights:  49%|████▉     | 97/197 [00:00<00:00, 1299.94it/s, Materializing param=encoder.layer.5.intermediate.dense.weight]
6053.4s 1531 Loading weights:  50%|████▉     | 98/197 [00:00<00:00, 1308.14it/s, Materializing param=encoder.layer.5.output.LayerNorm.bias]
6053.4s 1532 Loading weights:  50%|████▉     | 98/197 [00:00<00:00, 1306.85it/s, Materializing param=encoder.layer.5.output.LayerNorm.bias]
6053.4s 1533 Loading weights:  50%|█████     | 99/197 [00:00<00:00, 1315.10it/s, Materializing param=encoder.layer.5.output.LayerNorm.weight]
6053.4s 1534 Loading weights:  50%|█████     | 99/197 [00:00<00:00, 1313.44it/s, Materializing param=encoder.layer.5.output.LayerNorm.weight]
6053.4s 1535 Loading weights:  51%|█████     | 100/197 [00:00<00:00, 1321.97it/s, Materializing param=encoder.layer.5.output.dense.bias]
6053.4s 1536 Loading weights:  51%|█████     | 100/197 [00:00<00:00, 1320.67it/s, Materializing param=encoder.layer.5.output.dense.bias]
6053.4s 1537 Loading weights:  51%|█████▏    | 101/197 [00:00<00:00, 1308.35it/s, Materializing param=encoder.layer.5.output.dense.weight]
6053.4s 1538 Loading weights:  51%|█████▏    | 101/197 [00:00<00:00, 1301.15it/s, Materializing param=encoder.layer.5.output.dense.weight]
6053.4s 1539 Loading weights:  52%|█████▏    | 102/197 [00:00<00:00, 1301.00it/s, Materializing param=encoder.layer.6.attention.output.LayerNorm.bias]
6053.4s 1540 Loading weights:  52%|█████▏    | 102/197 [00:00<00:00, 1298.92it/s, Materializing param=encoder.layer.6.attention.output.LayerNorm.bias]
6053.4s 1541 Loading weights:  52%|█████▏    | 103/197 [00:00<00:00, 1306.87it/s, Materializing param=encoder.layer.6.attention.output.LayerNorm.weight]
6053.4s 1542 Loading weights:  52%|█████▏    | 103/197 [00:00<00:00, 1293.17it/s, Materializing param=encoder.layer.6.attention.output.LayerNorm.weight]
6053.4s 1543 Loading weights:  53%|█████▎    | 104/197 [00:00<00:00, 1298.23it/s, Materializing param=encoder.layer.6.attention.output.dense.bias]
6053.4s 1544 Loading weights:  53%|█████▎    | 104/197 [00:00<00:00, 1295.68it/s, Materializing param=encoder.layer.6.attention.output.dense.bias]
6053.4s 1545 Loading weights:  53%|█████▎    | 105/197 [00:00<00:00, 1304.12it/s, Materializing param=encoder.layer.6.attention.output.dense.weight]
6053.4s 1546 Loading weights:  53%|█████▎    | 105/197 [00:00<00:00, 1302.89it/s, Materializing param=encoder.layer.6.attention.output.dense.weight]
6053.4s 1547 Loading weights:  54%|█████▍    | 106/197 [00:00<00:00, 1310.84it/s, Materializing param=encoder.layer.6.attention.self.key.bias]
6053.4s 1548 Loading weights:  54%|█████▍    | 106/197 [00:00<00:00, 1309.45it/s, Materializing param=encoder.layer.6.attention.self.key.bias]
6053.4s 1549 Loading weights:  54%|█████▍    | 107/197 [00:00<00:00, 1285.00it/s, Materializing param=encoder.layer.6.attention.self.key.weight]
6053.4s 1550 Loading weights:  54%|█████▍    | 107/197 [00:00<00:00, 1283.26it/s, Materializing param=encoder.layer.6.attention.self.key.weight]
6053.4s 1551 Loading weights:  55%|█████▍    | 108/197 [00:00<00:00, 1289.43it/s, Materializing param=encoder.layer.6.attention.self.query.bias]
6053.4s 1552 Loading weights:  55%|█████▍    | 108/197 [00:00<00:00, 1279.61it/s, Materializing param=encoder.layer.6.attention.self.query.bias]
6053.4s 1553 Loading weights:  55%|█████▌    | 109/197 [00:00<00:00, 1286.42it/s, Materializing param=encoder.layer.6.attention.self.query.weight]
6053.4s 1554 Loading weights:  55%|█████▌    | 109/197 [00:00<00:00, 1278.97it/s, Materializing param=encoder.layer.6.attention.self.query.weight]
6053.4s 1555 Loading weights:  56%|█████▌    | 110/197 [00:00<00:00, 1270.47it/s, Materializing param=encoder.layer.6.attention.self.value.bias]
6053.4s 1556 Loading weights:  56%|█████▌    | 110/197 [00:00<00:00, 1256.16it/s, Materializing param=encoder.layer.6.attention.self.value.bias]
6053.4s 1557 Loading weights:  56%|█████▋    | 111/197 [00:00<00:00, 1261.55it/s, Materializing param=encoder.layer.6.attention.self.value.weight]
6053.4s 1558 Loading weights:  56%|█████▋    | 111/197 [00:00<00:00, 1258.70it/s, Materializing param=encoder.layer.6.attention.self.value.weight]
6053.4s 1559 Loading weights:  57%|█████▋    | 112/197 [00:00<00:00, 1262.62it/s, Materializing param=encoder.layer.6.intermediate.dense.bias]
6053.4s 1560 Loading weights:  57%|█████▋    | 112/197 [00:00<00:00, 1261.01it/s, Materializing param=encoder.layer.6.intermediate.dense.bias]
6053.4s 1561 Loading weights:  57%|█████▋    | 113/197 [00:00<00:00, 1264.97it/s, Materializing param=encoder.layer.6.intermediate.dense.weight]
6053.4s 1562 Loading weights:  57%|█████▋    | 113/197 [00:00<00:00, 1263.14it/s, Materializing param=encoder.layer.6.intermediate.dense.weight]
6053.4s 1563 Loading weights:  58%|█████▊    | 114/197 [00:00<00:00, 1270.80it/s, Materializing param=encoder.layer.6.output.LayerNorm.bias]
6053.4s 1564 Loading weights:  58%|█████▊    | 114/197 [00:00<00:00, 1267.74it/s, Materializing param=encoder.layer.6.output.LayerNorm.bias]
6053.4s 1565 Loading weights:  58%|█████▊    | 115/197 [00:00<00:00, 1273.85it/s, Materializing param=encoder.layer.6.output.LayerNorm.weight]
6053.4s 1566 Loading weights:  58%|█████▊    | 115/197 [00:00<00:00, 1271.81it/s, Materializing param=encoder.layer.6.output.LayerNorm.weight]
6053.4s 1567 Loading weights:  59%|█████▉    | 116/197 [00:00<00:00, 1279.07it/s, Materializing param=encoder.layer.6.output.dense.bias]
6053.4s 1568 Loading weights:  59%|█████▉    | 116/197 [00:00<00:00, 1277.67it/s, Materializing param=encoder.layer.6.output.dense.bias]
6053.4s 1569 Loading weights:  59%|█████▉    | 117/197 [00:00<00:00, 1285.73it/s, Materializing param=encoder.layer.6.output.dense.weight]
6053.4s 1570 Loading weights:  59%|█████▉    | 117/197 [00:00<00:00, 1284.37it/s, Materializing param=encoder.layer.6.output.dense.weight]
6053.4s 1571 Loading weights:  60%|█████▉    | 118/197 [00:00<00:00, 1292.07it/s, Materializing param=encoder.layer.7.attention.output.LayerNorm.bias]
6053.4s 1572 Loading weights:  60%|█████▉    | 118/197 [00:00<00:00, 1290.55it/s, Materializing param=encoder.layer.7.attention.output.LayerNorm.bias]
6053.4s 1573 Loading weights:  60%|██████    | 119/197 [00:00<00:00, 1298.08it/s, Materializing param=encoder.layer.7.attention.output.LayerNorm.weight]
6053.4s 1574 Loading weights:  60%|██████    | 119/197 [00:00<00:00, 1296.87it/s, Materializing param=encoder.layer.7.attention.output.LayerNorm.weight]
6053.4s 1575 Loading weights:  61%|██████    | 120/197 [00:00<00:00, 1305.24it/s, Materializing param=encoder.layer.7.attention.output.dense.bias]
6053.4s 1576 Loading weights:  61%|██████    | 120/197 [00:00<00:00, 1304.06it/s, Materializing param=encoder.layer.7.attention.output.dense.bias]
6053.4s 1577 Loading weights:  61%|██████▏   | 121/197 [00:00<00:00, 1312.25it/s, Materializing param=encoder.layer.7.attention.output.dense.weight]
6053.4s 1578 Loading weights:  61%|██████▏   | 121/197 [00:00<00:00, 1310.88it/s, Materializing param=encoder.layer.7.attention.output.dense.weight]
6053.4s 1579 Loading weights:  62%|██████▏   | 122/197 [00:00<00:00, 1319.10it/s, Materializing param=encoder.layer.7.attention.self.key.bias]
6053.4s 1580 Loading weights:  62%|██████▏   | 122/197 [00:00<00:00, 1317.93it/s, Materializing param=encoder.layer.7.attention.self.key.bias]
6053.4s 1581 Loading weights:  62%|██████▏   | 123/197 [00:00<00:00, 1326.19it/s, Materializing param=encoder.layer.7.attention.self.key.weight]
6053.4s 1582 Loading weights:  62%|██████▏   | 123/197 [00:00<00:00, 1325.02it/s, Materializing param=encoder.layer.7.attention.self.key.weight]
6053.4s 1583 Loading weights:  63%|██████▎   | 124/197 [00:00<00:00, 1333.30it/s, Materializing param=encoder.layer.7.attention.self.query.bias]
6053.4s 1584 Loading weights:  63%|██████▎   | 124/197 [00:00<00:00, 1332.14it/s, Materializing param=encoder.layer.7.attention.self.query.bias]
6053.4s 1585 Loading weights:  63%|██████▎   | 125/197 [00:00<00:00, 1340.12it/s, Materializing param=encoder.layer.7.attention.self.query.weight]
6053.4s 1586 Loading weights:  63%|██████▎   | 125/197 [00:00<00:00, 1338.90it/s, Materializing param=encoder.layer.7.attention.self.query.weight]
6053.4s 1587 Loading weights:  64%|██████▍   | 126/197 [00:00<00:00, 1346.69it/s, Materializing param=encoder.layer.7.attention.self.value.bias]
6053.4s 1588 Loading weights:  64%|██████▍   | 126/197 [00:00<00:00, 1345.49it/s, Materializing param=encoder.layer.7.attention.self.value.bias]
6053.4s 1589 Loading weights:  64%|██████▍   | 127/197 [00:00<00:00, 1353.66it/s, Materializing param=encoder.layer.7.attention.self.value.weight]
6053.4s 1590 Loading weights:  64%|██████▍   | 127/197 [00:00<00:00, 1352.47it/s, Materializing param=encoder.layer.7.attention.self.value.weight]
6053.4s 1591 Loading weights:  65%|██████▍   | 128/197 [00:00<00:00, 1360.64it/s, Materializing param=encoder.layer.7.intermediate.dense.bias]
6053.4s 1592 Loading weights:  65%|██████▍   | 128/197 [00:00<00:00, 1359.41it/s, Materializing param=encoder.layer.7.intermediate.dense.bias]
6053.4s 1593 Loading weights:  65%|██████▌   | 129/197 [00:00<00:00, 1367.18it/s, Materializing param=encoder.layer.7.intermediate.dense.weight]
6053.4s 1594 Loading weights:  65%|██████▌   | 129/197 [00:00<00:00, 1365.90it/s, Materializing param=encoder.layer.7.intermediate.dense.weight]
6053.4s 1595 Loading weights:  66%|██████▌   | 130/197 [00:00<00:00, 1373.97it/s, Materializing param=encoder.layer.7.output.LayerNorm.bias]
6053.4s 1596 Loading weights:  66%|██████▌   | 130/197 [00:00<00:00, 1372.79it/s, Materializing param=encoder.layer.7.output.LayerNorm.bias]
6053.4s 1597 Loading weights:  66%|██████▋   | 131/197 [00:00<00:00, 1380.88it/s, Materializing param=encoder.layer.7.output.LayerNorm.weight]
6053.4s 1598 Loading weights:  66%|██████▋   | 131/197 [00:00<00:00, 1379.69it/s, Materializing param=encoder.layer.7.output.LayerNorm.weight]
6053.4s 1599 Loading weights:  67%|██████▋   | 132/197 [00:00<00:00, 1387.76it/s, Materializing param=encoder.layer.7.output.dense.bias]
6053.4s 1600 Loading weights:  67%|██████▋   | 132/197 [00:00<00:00, 1386.03it/s, Materializing param=encoder.layer.7.output.dense.bias]
6053.4s 1601 Loading weights:  68%|██████▊   | 133/197 [00:00<00:00, 1393.92it/s, Materializing param=encoder.layer.7.output.dense.weight]
6053.4s 1602 Loading weights:  68%|██████▊   | 133/197 [00:00<00:00, 1392.71it/s, Materializing param=encoder.layer.7.output.dense.weight]
6053.4s 1603 Loading weights:  68%|██████▊   | 134/197 [00:00<00:00, 1400.67it/s, Materializing param=encoder.layer.8.attention.output.LayerNorm.bias]
6053.4s 1604 Loading weights:  68%|██████▊   | 134/197 [00:00<00:00, 1399.47it/s, Materializing param=encoder.layer.8.attention.output.LayerNorm.bias]
6053.4s 1605 Loading weights:  69%|██████▊   | 135/197 [00:00<00:00, 1407.34it/s, Materializing param=encoder.layer.8.attention.output.LayerNorm.weight]
6053.4s 1606 Loading weights:  69%|██████▊   | 135/197 [00:00<00:00, 1406.16it/s, Materializing param=encoder.layer.8.attention.output.LayerNorm.weight]
6053.4s 1607 Loading weights:  69%|██████▉   | 136/197 [00:00<00:00, 1413.78it/s, Materializing param=encoder.layer.8.attention.output.dense.bias]
6053.4s 1608 Loading weights:  69%|██████▉   | 136/197 [00:00<00:00, 1412.37it/s, Materializing param=encoder.layer.8.attention.output.dense.bias]
6053.4s 1609 Loading weights:  70%|██████▉   | 137/197 [00:00<00:00, 1420.07it/s, Materializing param=encoder.layer.8.attention.output.dense.weight]
6053.4s 1610 Loading weights:  70%|██████▉   | 137/197 [00:00<00:00, 1418.84it/s, Materializing param=encoder.layer.8.attention.output.dense.weight]
6053.4s 1611 Loading weights:  70%|███████   | 138/197 [00:00<00:00, 1426.65it/s, Materializing param=encoder.layer.8.attention.self.key.bias]
6053.4s 1612 Loading weights:  70%|███████   | 138/197 [00:00<00:00, 1425.47it/s, Materializing param=encoder.layer.8.attention.self.key.bias]
6053.4s 1613 Loading weights:  71%|███████   | 139/197 [00:00<00:00, 1433.27it/s, Materializing param=encoder.layer.8.attention.self.key.weight]
6053.4s 1614 Loading weights:  71%|███████   | 139/197 [00:00<00:00, 1432.09it/s, Materializing param=encoder.layer.8.attention.self.key.weight]
6053.4s 1615 Loading weights:  71%|███████   | 140/197 [00:00<00:00, 1439.55it/s, Materializing param=encoder.layer.8.attention.self.query.bias]
6053.4s 1616 Loading weights:  71%|███████   | 140/197 [00:00<00:00, 1438.28it/s, Materializing param=encoder.layer.8.attention.self.query.bias]
6053.4s 1617 Loading weights:  72%|███████▏  | 141/197 [00:00<00:00, 1445.74it/s, Materializing param=encoder.layer.8.attention.self.query.weight]
6053.4s 1618 Loading weights:  72%|███████▏  | 141/197 [00:00<00:00, 1444.50it/s, Materializing param=encoder.layer.8.attention.self.query.weight]
6053.4s 1619 Loading weights:  72%|███████▏  | 142/197 [00:00<00:00, 1451.95it/s, Materializing param=encoder.layer.8.attention.self.value.bias]
6053.4s 1620 Loading weights:  72%|███████▏  | 142/197 [00:00<00:00, 1450.71it/s, Materializing param=encoder.layer.8.attention.self.value.bias]
6053.4s 1621 Loading weights:  73%|███████▎  | 143/197 [00:00<00:00, 1458.38it/s, Materializing param=encoder.layer.8.attention.self.value.weight]
6053.4s 1622 Loading weights:  73%|███████▎  | 143/197 [00:00<00:00, 1457.19it/s, Materializing param=encoder.layer.8.attention.self.value.weight]
6053.4s 1623 Loading weights:  73%|███████▎  | 144/197 [00:00<00:00, 1463.39it/s, Materializing param=encoder.layer.8.intermediate.dense.bias]
6053.4s 1624 Loading weights:  73%|███████▎  | 144/197 [00:00<00:00, 1461.94it/s, Materializing param=encoder.layer.8.intermediate.dense.bias]
6053.4s 1625 Loading weights:  74%|███████▎  | 145/197 [00:00<00:00, 1469.02it/s, Materializing param=encoder.layer.8.intermediate.dense.weight]
6053.4s 1626 Loading weights:  74%|███████▎  | 145/197 [00:00<00:00, 1467.62it/s, Materializing param=encoder.layer.8.intermediate.dense.weight]
6053.4s 1627 Loading weights:  74%|███████▍  | 146/197 [00:00<00:00, 1474.69it/s, Materializing param=encoder.layer.8.output.LayerNorm.bias]
6053.4s 1628 Loading weights:  74%|███████▍  | 146/197 [00:00<00:00, 1473.30it/s, Materializing param=encoder.layer.8.output.LayerNorm.bias]
6053.4s 1629 Loading weights:  75%|███████▍  | 147/197 [00:00<00:00, 1480.00it/s, Materializing param=encoder.layer.8.output.LayerNorm.weight]
6053.4s 1630 Loading weights:  75%|███████▍  | 147/197 [00:00<00:00, 1478.14it/s, Materializing param=encoder.layer.8.output.LayerNorm.weight]
6053.4s 1631 Loading weights:  75%|███████▌  | 148/197 [00:00<00:00, 1485.61it/s, Materializing param=encoder.layer.8.output.dense.bias]
6053.4s 1632 Loading weights:  75%|███████▌  | 148/197 [00:00<00:00, 1484.40it/s, Materializing param=encoder.layer.8.output.dense.bias]
6053.4s 1633 Loading weights:  76%|███████▌  | 149/197 [00:00<00:00, 1491.92it/s, Materializing param=encoder.layer.8.output.dense.weight]
6053.4s 1634 Loading weights:  76%|███████▌  | 149/197 [00:00<00:00, 1490.69it/s, Materializing param=encoder.layer.8.output.dense.weight]
6053.4s 1635 Loading weights:  76%|███████▌  | 150/197 [00:00<00:00, 1498.41it/s, Materializing param=encoder.layer.8.output.dense.weight]
6053.4s 1636 Loading weights:  76%|███████▌  | 150/197 [00:00<00:00, 1498.41it/s, Materializing param=encoder.layer.9.attention.output.LayerNorm.bias]
6053.4s 1637 Loading weights:  76%|███████▌  | 150/197 [00:00<00:00, 1498.41it/s, Materializing param=encoder.layer.9.attention.output.LayerNorm.bias]
6053.4s 1638 Loading weights:  77%|███████▋  | 151/197 [00:00<00:00, 1498.41it/s, Materializing param=encoder.layer.9.attention.output.LayerNorm.weight]
6053.4s 1639 Loading weights:  77%|███████▋  | 151/197 [00:00<00:00, 1498.41it/s, Materializing param=encoder.layer.9.attention.output.LayerNorm.weight]
6053.4s 1640 Loading weights:  77%|███████▋  | 152/197 [00:00<00:00, 1498.41it/s, Materializing param=encoder.layer.9.attention.output.dense.bias]
6053.4s 1641 Loading weights:  77%|███████▋  | 152/197 [00:00<00:00, 1498.41it/s, Materializing param=encoder.layer.9.attention.output.dense.bias]
6053.4s 1642 Loading weights:  78%|███████▊  | 153/197 [00:00<00:00, 1498.41it/s, Materializing param=encoder.layer.9.attention.output.dense.weight]
6053.4s 1643 Loading weights:  78%|███████▊  | 153/197 [00:00<00:00, 1498.41it/s, Materializing param=encoder.layer.9.attention.output.dense.weight]
6053.4s 1644 Loading weights:  78%|███████▊  | 154/197 [00:00<00:00, 1498.41it/s, Materializing param=encoder.layer.9.attention.self.key.bias]
6053.4s 1645 Loading weights:  78%|███████▊  | 154/197 [00:00<00:00, 1498.41it/s, Materializing param=encoder.layer.9.attention.self.key.bias]
6053.4s 1646 Loading weights:  79%|███████▊  | 155/197 [00:00<00:00, 1498.41it/s, Materializing param=encoder.layer.9.attention.self.key.weight]
6053.4s 1647 Loading weights:  79%|███████▊  | 155/197 [00:00<00:00, 1498.41it/s, Materializing param=encoder.layer.9.attention.self.key.weight]
6053.4s 1648 Loading weights:  79%|███████▉  | 156/197 [00:00<00:00, 1498.41it/s, Materializing param=encoder.layer.9.attention.self.query.bias]
6053.4s 1649 Loading weights:  79%|███████▉  | 156/197 [00:00<00:00, 1498.41it/s, Materializing param=encoder.layer.9.attention.self.query.bias]
6053.4s 1650 Loading weights:  80%|███████▉  | 157/197 [00:00<00:00, 1498.41it/s, Materializing param=encoder.layer.9.attention.self.query.weight]
6053.4s 1651 Loading weights:  80%|███████▉  | 157/197 [00:00<00:00, 1498.41it/s, Materializing param=encoder.layer.9.attention.self.query.weight]
6053.4s 1652 Loading weights:  80%|████████  | 158/197 [00:00<00:00, 1498.41it/s, Materializing param=encoder.layer.9.attention.self.value.bias]
6053.4s 1653 Loading weights:  80%|████████  | 158/197 [00:00<00:00, 1498.41it/s, Materializing param=encoder.layer.9.attention.self.value.bias]
6053.4s 1654 Loading weights:  81%|████████  | 159/197 [00:00<00:00, 1498.41it/s, Materializing param=encoder.layer.9.attention.self.value.weight]
6053.4s 1655 Loading weights:  81%|████████  | 159/197 [00:00<00:00, 1498.41it/s, Materializing param=encoder.layer.9.attention.self.value.weight]
6053.4s 1656 Loading weights:  81%|████████  | 160/197 [00:00<00:00, 1498.41it/s, Materializing param=encoder.layer.9.intermediate.dense.bias]
6053.4s 1657 Loading weights:  81%|████████  | 160/197 [00:00<00:00, 1498.41it/s, Materializing param=encoder.layer.9.intermediate.dense.bias]
6053.4s 1658 Loading weights:  82%|████████▏ | 161/197 [00:00<00:00, 1498.41it/s, Materializing param=encoder.layer.9.intermediate.dense.weight]
6053.4s 1659 Loading weights:  82%|████████▏ | 161/197 [00:00<00:00, 1498.41it/s, Materializing param=encoder.layer.9.intermediate.dense.weight]
6053.4s 1660 Loading weights:  82%|████████▏ | 162/197 [00:00<00:00, 1498.41it/s, Materializing param=encoder.layer.9.output.LayerNorm.bias]
6053.4s 1661 Loading weights:  82%|████████▏ | 162/197 [00:00<00:00, 1498.41it/s, Materializing param=encoder.layer.9.output.LayerNorm.bias]
6053.4s 1662 Loading weights:  83%|████████▎ | 163/197 [00:00<00:00, 1498.41it/s, Materializing param=encoder.layer.9.output.LayerNorm.weight]
6053.4s 1663 Loading weights:  83%|████████▎ | 163/197 [00:00<00:00, 1498.41it/s, Materializing param=encoder.layer.9.output.LayerNorm.weight]
6053.4s 1664 Loading weights:  83%|████████▎ | 164/197 [00:00<00:00, 1498.41it/s, Materializing param=encoder.layer.9.output.dense.bias]
6053.4s 1665 Loading weights:  83%|████████▎ | 164/197 [00:00<00:00, 1498.41it/s, Materializing param=encoder.layer.9.output.dense.bias]
6053.4s 1666 Loading weights:  84%|████████▍ | 165/197 [00:00<00:00, 1498.41it/s, Materializing param=encoder.layer.9.output.dense.weight]
6053.4s 1667 Loading weights:  84%|████████▍ | 165/197 [00:00<00:00, 1498.41it/s, Materializing param=encoder.layer.9.output.dense.weight]
6053.4s 1668 Loading weights:  84%|████████▍ | 166/197 [00:00<00:00, 1498.41it/s, Materializing param=encoder.layer.10.attention.output.LayerNorm.bias]
6053.4s 1669 Loading weights:  84%|████████▍ | 166/197 [00:00<00:00, 1498.41it/s, Materializing param=encoder.layer.10.attention.output.LayerNorm.bias]
6053.4s 1670 Loading weights:  85%|████████▍ | 167/197 [00:00<00:00, 1498.41it/s, Materializing param=encoder.layer.10.attention.output.LayerNorm.weight]
6053.4s 1671 Loading weights:  85%|████████▍ | 167/197 [00:00<00:00, 1498.41it/s, Materializing param=encoder.layer.10.attention.output.LayerNorm.weight]
6053.4s 1672 Loading weights:  85%|████████▌ | 168/197 [00:00<00:00, 1498.41it/s, Materializing param=encoder.layer.10.attention.output.dense.bias]
6053.4s 1673 Loading weights:  85%|████████▌ | 168/197 [00:00<00:00, 1498.41it/s, Materializing param=encoder.layer.10.attention.output.dense.bias]
6053.4s 1674 Loading weights:  86%|████████▌ | 169/197 [00:00<00:00, 1498.41it/s, Materializing param=encoder.layer.10.attention.output.dense.weight]
6053.4s 1675 Loading weights:  86%|████████▌ | 169/197 [00:00<00:00, 1498.41it/s, Materializing param=encoder.layer.10.attention.output.dense.weight]
6053.4s 1676 Loading weights:  86%|████████▋ | 170/197 [00:00<00:00, 1498.41it/s, Materializing param=encoder.layer.10.attention.self.key.bias]
6053.4s 1677 Loading weights:  86%|████████▋ | 170/197 [00:00<00:00, 1498.41it/s, Materializing param=encoder.layer.10.attention.self.key.bias]
6053.4s 1678 Loading weights:  87%|████████▋ | 171/197 [00:00<00:00, 1498.41it/s, Materializing param=encoder.layer.10.attention.self.key.weight]
6053.4s 1679 Loading weights:  87%|████████▋ | 171/197 [00:00<00:00, 1498.41it/s, Materializing param=encoder.layer.10.attention.self.key.weight]
6053.4s 1680 Loading weights:  87%|████████▋ | 172/197 [00:00<00:00, 1498.41it/s, Materializing param=encoder.layer.10.attention.self.query.bias]
6053.4s 1681 Loading weights:  87%|████████▋ | 172/197 [00:00<00:00, 1498.41it/s, Materializing param=encoder.layer.10.attention.self.query.bias]
6053.4s 1682 Loading weights:  88%|████████▊ | 173/197 [00:00<00:00, 1498.41it/s, Materializing param=encoder.layer.10.attention.self.query.weight]
6053.4s 1683 Loading weights:  88%|████████▊ | 173/197 [00:00<00:00, 1498.41it/s, Materializing param=encoder.layer.10.attention.self.query.weight]
6053.4s 1684 Loading weights:  88%|████████▊ | 174/197 [00:00<00:00, 1498.41it/s, Materializing param=encoder.layer.10.attention.self.value.bias]
6053.4s 1685 Loading weights:  88%|████████▊ | 174/197 [00:00<00:00, 1498.41it/s, Materializing param=encoder.layer.10.attention.self.value.bias]
6053.4s 1686 Loading weights:  89%|████████▉ | 175/197 [00:00<00:00, 1498.41it/s, Materializing param=encoder.layer.10.attention.self.value.weight]
6053.4s 1687 Loading weights:  89%|████████▉ | 175/197 [00:00<00:00, 1498.41it/s, Materializing param=encoder.layer.10.attention.self.value.weight]
6053.4s 1688 Loading weights:  89%|████████▉ | 176/197 [00:00<00:00, 1498.41it/s, Materializing param=encoder.layer.10.intermediate.dense.bias]
6053.4s 1689 Loading weights:  89%|████████▉ | 176/197 [00:00<00:00, 1498.41it/s, Materializing param=encoder.layer.10.intermediate.dense.bias]
6053.4s 1690 Loading weights:  90%|████████▉ | 177/197 [00:00<00:00, 1498.41it/s, Materializing param=encoder.layer.10.intermediate.dense.weight]
6053.4s 1691 Loading weights:  90%|████████▉ | 177/197 [00:00<00:00, 1498.41it/s, Materializing param=encoder.layer.10.intermediate.dense.weight]
6053.4s 1692 Loading weights:  90%|█████████ | 178/197 [00:00<00:00, 1498.41it/s, Materializing param=encoder.layer.10.output.LayerNorm.bias]
6053.4s 1693 Loading weights:  90%|█████████ | 178/197 [00:00<00:00, 1498.41it/s, Materializing param=encoder.layer.10.output.LayerNorm.bias]
6053.4s 1694 Loading weights:  91%|█████████ | 179/197 [00:00<00:00, 1498.41it/s, Materializing param=encoder.layer.10.output.LayerNorm.weight]
6053.4s 1695 Loading weights:  91%|█████████ | 179/197 [00:00<00:00, 1498.41it/s, Materializing param=encoder.layer.10.output.LayerNorm.weight]
6053.4s 1696 Loading weights:  91%|█████████▏| 180/197 [00:00<00:00, 1498.41it/s, Materializing param=encoder.layer.10.output.dense.bias]
6053.4s 1697 Loading weights:  91%|█████████▏| 180/197 [00:00<00:00, 1498.41it/s, Materializing param=encoder.layer.10.output.dense.bias]
6053.4s 1698 Loading weights:  92%|█████████▏| 181/197 [00:00<00:00, 1498.41it/s, Materializing param=encoder.layer.10.output.dense.weight]
6053.4s 1699 Loading weights:  92%|█████████▏| 181/197 [00:00<00:00, 1498.41it/s, Materializing param=encoder.layer.10.output.dense.weight]
6053.4s 1700 Loading weights:  92%|█████████▏| 182/197 [00:00<00:00, 1498.41it/s, Materializing param=encoder.layer.11.attention.output.LayerNorm.bias]
6053.4s 1701 Loading weights:  92%|█████████▏| 182/197 [00:00<00:00, 1498.41it/s, Materializing param=encoder.layer.11.attention.output.LayerNorm.bias]
6053.4s 1702 Loading weights:  93%|█████████▎| 183/197 [00:00<00:00, 1498.41it/s, Materializing param=encoder.layer.11.attention.output.LayerNorm.weight]
6053.4s 1703 Loading weights:  93%|█████████▎| 183/197 [00:00<00:00, 1498.41it/s, Materializing param=encoder.layer.11.attention.output.LayerNorm.weight]
6053.4s 1704 Loading weights:  93%|█████████▎| 184/197 [00:00<00:00, 1498.41it/s, Materializing param=encoder.layer.11.attention.output.dense.bias]
6053.4s 1705 Loading weights:  93%|█████████▎| 184/197 [00:00<00:00, 1498.41it/s, Materializing param=encoder.layer.11.attention.output.dense.bias]
6053.4s 1706 Loading weights:  94%|█████████▍| 185/197 [00:00<00:00, 1498.41it/s, Materializing param=encoder.layer.11.attention.output.dense.weight]
6053.4s 1707 Loading weights:  94%|█████████▍| 185/197 [00:00<00:00, 1498.41it/s, Materializing param=encoder.layer.11.attention.output.dense.weight]
6053.4s 1708 Loading weights:  94%|█████████▍| 186/197 [00:00<00:00, 1498.41it/s, Materializing param=encoder.layer.11.attention.self.key.bias]
6053.4s 1709 Loading weights:  94%|█████████▍| 186/197 [00:00<00:00, 1498.41it/s, Materializing param=encoder.layer.11.attention.self.key.bias]
6053.4s 1710 Loading weights:  95%|█████████▍| 187/197 [00:00<00:00, 1498.41it/s, Materializing param=encoder.layer.11.attention.self.key.weight]
6053.4s 1711 Loading weights:  95%|█████████▍| 187/197 [00:00<00:00, 1498.41it/s, Materializing param=encoder.layer.11.attention.self.key.weight]
6053.4s 1712 Loading weights:  95%|█████████▌| 188/197 [00:00<00:00, 1498.41it/s, Materializing param=encoder.layer.11.attention.self.query.bias]
6053.4s 1713 Loading weights:  95%|█████████▌| 188/197 [00:00<00:00, 1498.41it/s, Materializing param=encoder.layer.11.attention.self.query.bias]
6053.4s 1714 Loading weights:  96%|█████████▌| 189/197 [00:00<00:00, 1498.41it/s, Materializing param=encoder.layer.11.attention.self.query.weight]
6053.4s 1715 Loading weights:  96%|█████████▌| 189/197 [00:00<00:00, 1498.41it/s, Materializing param=encoder.layer.11.attention.self.query.weight]
6053.4s 1716 Loading weights:  96%|█████████▋| 190/197 [00:00<00:00, 1498.41it/s, Materializing param=encoder.layer.11.attention.self.value.bias]
6053.4s 1717 Loading weights:  96%|█████████▋| 190/197 [00:00<00:00, 1498.41it/s, Materializing param=encoder.layer.11.attention.self.value.bias]
6053.4s 1718 Loading weights:  97%|█████████▋| 191/197 [00:00<00:00, 1498.41it/s, Materializing param=encoder.layer.11.attention.self.value.weight]
6053.4s 1719 Loading weights:  97%|█████████▋| 191/197 [00:00<00:00, 1498.41it/s, Materializing param=encoder.layer.11.attention.self.value.weight]
6053.4s 1720 Loading weights:  97%|█████████▋| 192/197 [00:00<00:00, 1498.41it/s, Materializing param=encoder.layer.11.intermediate.dense.bias]
6053.4s 1721 Loading weights:  97%|█████████▋| 192/197 [00:00<00:00, 1498.41it/s, Materializing param=encoder.layer.11.intermediate.dense.bias]
6053.4s 1722 Loading weights:  98%|█████████▊| 193/197 [00:00<00:00, 1498.41it/s, Materializing param=encoder.layer.11.intermediate.dense.weight]
6053.4s 1723 Loading weights:  98%|█████████▊| 193/197 [00:00<00:00, 1498.41it/s, Materializing param=encoder.layer.11.intermediate.dense.weight]
6053.4s 1724 Loading weights:  98%|█████████▊| 194/197 [00:00<00:00, 1498.41it/s, Materializing param=encoder.layer.11.output.LayerNorm.bias]
6053.4s 1725 Loading weights:  98%|█████████▊| 194/197 [00:00<00:00, 1498.41it/s, Materializing param=encoder.layer.11.output.LayerNorm.bias]
6053.4s 1726 Loading weights:  99%|█████████▉| 195/197 [00:00<00:00, 1498.41it/s, Materializing param=encoder.layer.11.output.LayerNorm.weight]
6053.4s 1727 Loading weights:  99%|█████████▉| 195/197 [00:00<00:00, 1498.41it/s, Materializing param=encoder.layer.11.output.LayerNorm.weight]
6053.4s 1728 Loading weights:  99%|█████████▉| 196/197 [00:00<00:00, 1498.41it/s, Materializing param=encoder.layer.11.output.dense.bias]
6053.4s 1729 Loading weights:  99%|█████████▉| 196/197 [00:00<00:00, 1498.41it/s, Materializing param=encoder.layer.11.output.dense.bias]
6053.4s 1730 Loading weights: 100%|██████████| 197/197 [00:00<00:00, 1498.41it/s, Materializing param=encoder.layer.11.output.dense.weight]
6053.4s 1731 Loading weights: 100%|██████████| 197/197 [00:00<00:00, 1498.41it/s, Materializing param=encoder.layer.11.output.dense.weight]
6053.4s 1732 Loading weights: 100%|██████████| 197/197 [00:00<00:00, 1731.86it/s, Materializing param=encoder.layer.11.output.dense.weight]
6053.4s 1733 BertModel LOAD REPORT from: artifacts/runs/tapt-ctxdecode
6053.4s 1734 Key                                        | Status     |
6053.4s 1735 -------------------------------------------+------------+-
6053.4s 1736 cls.predictions.transform.LayerNorm.bias   | UNEXPECTED |
6053.4s 1737 cls.predictions.decoder.bias               | UNEXPECTED |
6053.4s 1738 cls.predictions.decoder.weight             | UNEXPECTED |
6053.4s 1739 cls.predictions.transform.dense.weight     | UNEXPECTED |
6053.4s 1740 cls.predictions.bias                       | UNEXPECTED |
6053.4s 1741 cls.predictions.transform.LayerNorm.weight | UNEXPECTED |
6053.4s 1742 cls.predictions.transform.dense.bias       | UNEXPECTED |
6053.4s 1743 pooler.dense.bias                          | MISSING    |
6053.4s 1744 pooler.dense.weight                        | MISSING    |
6053.4s 1745 
6053.4s 1746 Notes:
6053.4s 1747 - UNEXPECTED	:can be ignored when loading from different task/architecture; not ok if you expect identical arch.
6053.4s 1748 - MISSING	:those params were newly initialized because missing from the checkpoint. Consider training on your downstream task.
6307.4s 1749 [s44full] ep1 done 4.2min  no val
6561.8s 1750 [s44full] ep2 done 4.2min  no val
6816.3s 1751 [s44full] ep3 done 4.2min  no val
7071.6s 1752 [s44full] ep4 done 4.3min  no val
7324.9s 1753 [s44full] ep5 done 4.2min  no val
7581.5s 1754 [s44full] ep6 197/197 loss 0.9019   no val (1.30s/step)
7581.5s 1755 [s44full] ep6 done 4.3min  no val
7581.5s 1756 [s44full] trained on every row; final checkpoint taken, no score
7581.5s 1757 ===== seed 45 FULL FIT, 3159 rows, no validation =====
7581.7s 1758 fold gazetteer (first 8 terms per class):
7581.7s 1759 Gender         amma batte dagar meghana munde nin sonu sule
7581.7s 1760 Geo-political  pakistan
7581.7s 1761 Others         btv bucket news
7581.7s 1762 Political      ashwath bjp bommai congress election modi party siddu
7581.7s 1763 Religion       hijab hindu islam muslim muslims
7581.7s 1764 Violence
7581.7s 1765 
7581.7s 1766 Loading weights:   0%|          | 0/197 [00:00<?, ?it/s]
7581.7s 1767 Loading weights:   1%|          | 1/197 [00:00<00:00, 47127.01it/s, Materializing param=embeddings.LayerNorm.bias]
7581.7s 1768 Loading weights:   1%|          | 1/197 [00:00<00:00, 10979.85it/s, Materializing param=embeddings.LayerNorm.bias]
7581.7s 1769 Loading weights:   1%|          | 2/197 [00:00<00:00, 7423.55it/s, Materializing param=embeddings.LayerNorm.weight]
7581.7s 1770 Loading weights:   1%|          | 2/197 [00:00<00:00, 5497.12it/s, Materializing param=embeddings.LayerNorm.weight]
7581.7s 1771 Loading weights:   2%|▏         | 3/197 [00:00<00:00, 3795.75it/s, Materializing param=embeddings.position_embeddings.weight]
7581.7s 1772 Loading weights:   2%|▏         | 3/197 [00:00<00:00, 3210.75it/s, Materializing param=embeddings.position_embeddings.weight]
7581.7s 1773 Loading weights:   2%|▏         | 4/197 [00:00<00:00, 3454.95it/s, Materializing param=embeddings.token_type_embeddings.weight]
7581.7s 1774 Loading weights:   2%|▏         | 4/197 [00:00<00:00, 3246.37it/s, Materializing param=embeddings.token_type_embeddings.weight]
7581.7s 1775 Loading weights:   3%|▎         | 5/197 [00:00<00:00, 2950.83it/s, Materializing param=embeddings.word_embeddings.weight]
7581.7s 1776 Loading weights:   3%|▎         | 5/197 [00:00<00:00, 2813.46it/s, Materializing param=embeddings.word_embeddings.weight]
7581.7s 1777 Loading weights:   3%|▎         | 6/197 [00:00<00:00, 1909.25it/s, Materializing param=encoder.layer.0.attention.output.LayerNorm.bias]
7581.7s 1778 Loading weights:   3%|▎         | 6/197 [00:00<00:00, 1853.29it/s, Materializing param=encoder.layer.0.attention.output.LayerNorm.bias]
7581.7s 1779 Loading weights:   4%|▎         | 7/197 [00:00<00:00, 1995.93it/s, Materializing param=encoder.layer.0.attention.output.LayerNorm.weight]
7581.7s 1780 Loading weights:   4%|▎         | 7/197 [00:00<00:00, 1902.06it/s, Materializing param=encoder.layer.0.attention.output.LayerNorm.weight]
7581.7s 1781 Loading weights:   4%|▍         | 8/197 [00:00<00:00, 1792.34it/s, Materializing param=encoder.layer.0.attention.output.dense.bias]
7581.7s 1782 Loading weights:   4%|▍         | 8/197 [00:00<00:00, 1705.26it/s, Materializing param=encoder.layer.0.attention.output.dense.bias]
7581.7s 1783 Loading weights:   5%|▍         | 9/197 [00:00<00:00, 1753.23it/s, Materializing param=encoder.layer.0.attention.output.dense.weight]
7581.7s 1784 Loading weights:   5%|▍         | 9/197 [00:00<00:00, 1590.56it/s, Materializing param=encoder.layer.0.attention.output.dense.weight]
7581.7s 1785 Loading weights:   5%|▌         | 10/197 [00:00<00:00, 1614.37it/s, Materializing param=encoder.layer.0.attention.self.key.bias]
7581.7s 1786 Loading weights:   5%|▌         | 10/197 [00:00<00:00, 1555.40it/s, Materializing param=encoder.layer.0.attention.self.key.bias]
7581.7s 1787 Loading weights:   6%|▌         | 11/197 [00:00<00:00, 1564.67it/s, Materializing param=encoder.layer.0.attention.self.key.weight]
7581.7s 1788 Loading weights:   6%|▌         | 11/197 [00:00<00:00, 1539.45it/s, Materializing param=encoder.layer.0.attention.self.key.weight]
7581.7s 1789 Loading weights:   6%|▌         | 12/197 [00:00<00:00, 1605.63it/s, Materializing param=encoder.layer.0.attention.self.query.bias]
7581.7s 1790 Loading weights:   6%|▌         | 12/197 [00:00<00:00, 1585.55it/s, Materializing param=encoder.layer.0.attention.self.query.bias]
7581.7s 1791 Loading weights:   7%|▋         | 13/197 [00:00<00:00, 1585.15it/s, Materializing param=encoder.layer.0.attention.self.query.weight]
7581.7s 1792 Loading weights:   7%|▋         | 13/197 [00:00<00:00, 1562.26it/s, Materializing param=encoder.layer.0.attention.self.query.weight]
7581.7s 1793 Loading weights:   7%|▋         | 14/197 [00:00<00:00, 1628.13it/s, Materializing param=encoder.layer.0.attention.self.value.bias]
7581.7s 1794 Loading weights:   7%|▋         | 14/197 [00:00<00:00, 1609.83it/s, Materializing param=encoder.layer.0.attention.self.value.bias]
7581.7s 1795 Loading weights:   8%|▊         | 15/197 [00:00<00:00, 1679.42it/s, Materializing param=encoder.layer.0.attention.self.value.weight]
7581.7s 1796 Loading weights:   8%|▊         | 15/197 [00:00<00:00, 1596.86it/s, Materializing param=encoder.layer.0.attention.self.value.weight]
7581.7s 1797 Loading weights:   8%|▊         | 16/197 [00:00<00:00, 1661.89it/s, Materializing param=encoder.layer.0.intermediate.dense.bias]
7581.7s 1798 Loading weights:   8%|▊         | 16/197 [00:00<00:00, 1545.61it/s, Materializing param=encoder.layer.0.intermediate.dense.bias]
7581.7s 1799 Loading weights:   9%|▊         | 17/197 [00:00<00:00, 1520.36it/s, Materializing param=encoder.layer.0.intermediate.dense.weight]
7581.7s 1800 Loading weights:   9%|▊         | 17/197 [00:00<00:00, 1470.35it/s, Materializing param=encoder.layer.0.intermediate.dense.weight]
7581.7s 1801 Loading weights:   9%|▉         | 18/197 [00:00<00:00, 1481.36it/s, Materializing param=encoder.layer.0.output.LayerNorm.bias]
7581.7s 1802 Loading weights:   9%|▉         | 18/197 [00:00<00:00, 1468.97it/s, Materializing param=encoder.layer.0.output.LayerNorm.bias]
7581.7s 1803 Loading weights:  10%|▉         | 19/197 [00:00<00:00, 1520.26it/s, Materializing param=encoder.layer.0.output.LayerNorm.weight]
7581.7s 1804 Loading weights:  10%|▉         | 19/197 [00:00<00:00, 1474.14it/s, Materializing param=encoder.layer.0.output.LayerNorm.weight]
7581.7s 1805 Loading weights:  10%|█         | 20/197 [00:00<00:00, 1428.50it/s, Materializing param=encoder.layer.0.output.dense.bias]
7581.7s 1806 Loading weights:  10%|█         | 20/197 [00:00<00:00, 1370.89it/s, Materializing param=encoder.layer.0.output.dense.bias]
7581.7s 1807 Loading weights:  11%|█         | 21/197 [00:00<00:00, 1414.99it/s, Materializing param=encoder.layer.0.output.dense.weight]
7581.7s 1808 Loading weights:  11%|█         | 21/197 [00:00<00:00, 1402.73it/s, Materializing param=encoder.layer.0.output.dense.weight]
7581.7s 1809 Loading weights:  11%|█         | 22/197 [00:00<00:00, 1342.20it/s, Materializing param=encoder.layer.1.attention.output.LayerNorm.bias]
7581.7s 1810 Loading weights:  11%|█         | 22/197 [00:00<00:00, 1333.58it/s, Materializing param=encoder.layer.1.attention.output.LayerNorm.bias]
7581.7s 1811 Loading weights:  12%|█▏        | 23/197 [00:00<00:00, 1372.50it/s, Materializing param=encoder.layer.1.attention.output.LayerNorm.weight]
7581.7s 1812 Loading weights:  12%|█▏        | 23/197 [00:00<00:00, 1364.12it/s, Materializing param=encoder.layer.1.attention.output.LayerNorm.weight]
7581.7s 1813 Loading weights:  12%|█▏        | 24/197 [00:00<00:00, 1373.61it/s, Materializing param=encoder.layer.1.attention.output.dense.bias]
7581.7s 1814 Loading weights:  12%|█▏        | 24/197 [00:00<00:00, 1364.70it/s, Materializing param=encoder.layer.1.attention.output.dense.bias]
7581.7s 1815 Loading weights:  13%|█▎        | 25/197 [00:00<00:00, 1330.43it/s, Materializing param=encoder.layer.1.attention.output.dense.weight]
7581.7s 1816 Loading weights:  13%|█▎        | 25/197 [00:00<00:00, 1319.08it/s, Materializing param=encoder.layer.1.attention.output.dense.weight]
7581.7s 1817 Loading weights:  13%|█▎        | 26/197 [00:00<00:00, 1348.30it/s, Materializing param=encoder.layer.1.attention.self.key.bias]
7581.7s 1818 Loading weights:  13%|█▎        | 26/197 [00:00<00:00, 1340.96it/s, Materializing param=encoder.layer.1.attention.self.key.bias]
7581.7s 1819 Loading weights:  14%|█▎        | 27/197 [00:00<00:00, 1374.06it/s, Materializing param=encoder.layer.1.attention.self.key.weight]
7581.7s 1820 Loading weights:  14%|█▎        | 27/197 [00:00<00:00, 1367.28it/s, Materializing param=encoder.layer.1.attention.self.key.weight]
7581.7s 1821 Loading weights:  14%|█▍        | 28/197 [00:00<00:00, 1391.46it/s, Materializing param=encoder.layer.1.attention.self.query.bias]
7581.7s 1822 Loading weights:  14%|█▍        | 28/197 [00:00<00:00, 1369.49it/s, Materializing param=encoder.layer.1.attention.self.query.bias]
7581.7s 1823 Loading weights:  15%|█▍        | 29/197 [00:00<00:00, 1403.64it/s, Materializing param=encoder.layer.1.attention.self.query.weight]
7581.7s 1824 Loading weights:  15%|█▍        | 29/197 [00:00<00:00, 1385.06it/s, Materializing param=encoder.layer.1.attention.self.query.weight]
7581.7s 1825 Loading weights:  15%|█▌        | 30/197 [00:00<00:00, 1388.78it/s, Materializing param=encoder.layer.1.attention.self.value.bias]
7581.7s 1826 Loading weights:  15%|█▌        | 30/197 [00:00<00:00, 1381.75it/s, Materializing param=encoder.layer.1.attention.self.value.bias]
7581.7s 1827 Loading weights:  16%|█▌        | 31/197 [00:00<00:00, 1405.10it/s, Materializing param=encoder.layer.1.attention.self.value.weight]
7581.7s 1828 Loading weights:  16%|█▌        | 31/197 [00:00<00:00, 1398.40it/s, Materializing param=encoder.layer.1.attention.self.value.weight]
7581.7s 1829 Loading weights:  16%|█▌        | 32/197 [00:00<00:00, 1406.19it/s, Materializing param=encoder.layer.1.intermediate.dense.bias]
7581.7s 1830 Loading weights:  16%|█▌        | 32/197 [00:00<00:00, 1363.47it/s, Materializing param=encoder.layer.1.intermediate.dense.bias]
7581.7s 1831 Loading weights:  17%|█▋        | 33/197 [00:00<00:00, 1337.12it/s, Materializing param=encoder.layer.1.intermediate.dense.weight]
7581.7s 1832 Loading weights:  17%|█▋        | 33/197 [00:00<00:00, 1331.10it/s, Materializing param=encoder.layer.1.intermediate.dense.weight]
7581.7s 1833 Loading weights:  17%|█▋        | 34/197 [00:00<00:00, 1345.88it/s, Materializing param=encoder.layer.1.output.LayerNorm.bias]
7581.7s 1834 Loading weights:  17%|█▋        | 34/197 [00:00<00:00, 1330.21it/s, Materializing param=encoder.layer.1.output.LayerNorm.bias]
7581.7s 1835 Loading weights:  18%|█▊        | 35/197 [00:00<00:00, 1341.27it/s, Materializing param=encoder.layer.1.output.LayerNorm.weight]
7581.7s 1836 Loading weights:  18%|█▊        | 35/197 [00:00<00:00, 1330.76it/s, Materializing param=encoder.layer.1.output.LayerNorm.weight]
7581.7s 1837 Loading weights:  18%|█▊        | 36/197 [00:00<00:00, 1350.44it/s, Materializing param=encoder.layer.1.output.dense.bias]
7581.7s 1838 Loading weights:  18%|█▊        | 36/197 [00:00<00:00, 1338.42it/s, Materializing param=encoder.layer.1.output.dense.bias]
7581.7s 1839 Loading weights:  19%|█▉        | 37/197 [00:00<00:00, 1362.85it/s, Materializing param=encoder.layer.1.output.dense.weight]
7581.7s 1840 Loading weights:  19%|█▉        | 37/197 [00:00<00:00, 1357.18it/s, Materializing param=encoder.layer.1.output.dense.weight]
7581.7s 1841 Loading weights:  19%|█▉        | 38/197 [00:00<00:00, 1360.44it/s, Materializing param=encoder.layer.2.attention.output.LayerNorm.bias]
7581.7s 1842 Loading weights:  19%|█▉        | 38/197 [00:00<00:00, 1354.51it/s, Materializing param=encoder.layer.2.attention.output.LayerNorm.bias]
7581.7s 1843 Loading weights:  20%|█▉        | 39/197 [00:00<00:00, 1375.88it/s, Materializing param=encoder.layer.2.attention.output.LayerNorm.weight]
7581.7s 1844 Loading weights:  20%|█▉        | 39/197 [00:00<00:00, 1370.84it/s, Materializing param=encoder.layer.2.attention.output.LayerNorm.weight]
7581.7s 1845 Loading weights:  20%|██        | 40/197 [00:00<00:00, 1394.80it/s, Materializing param=encoder.layer.2.attention.output.dense.bias]
7581.7s 1846 Loading weights:  20%|██        | 40/197 [00:00<00:00, 1390.93it/s, Materializing param=encoder.layer.2.attention.output.dense.bias]
7581.7s 1847 Loading weights:  21%|██        | 41/197 [00:00<00:00, 1402.53it/s, Materializing param=encoder.layer.2.attention.output.dense.weight]
7581.7s 1848 Loading weights:  21%|██        | 41/197 [00:00<00:00, 1398.15it/s, Materializing param=encoder.layer.2.attention.output.dense.weight]
7581.7s 1849 Loading weights:  21%|██▏       | 42/197 [00:00<00:00, 1410.06it/s, Materializing param=encoder.layer.2.attention.self.key.bias]
7581.7s 1850 Loading weights:  21%|██▏       | 42/197 [00:00<00:00, 1402.75it/s, Materializing param=encoder.layer.2.attention.self.key.bias]
7581.7s 1851 Loading weights:  22%|██▏       | 43/197 [00:00<00:00, 1421.60it/s, Materializing param=encoder.layer.2.attention.self.key.weight]
7581.7s 1852 Loading weights:  22%|██▏       | 43/197 [00:00<00:00, 1416.94it/s, Materializing param=encoder.layer.2.attention.self.key.weight]
7581.7s 1853 Loading weights:  22%|██▏       | 44/197 [00:00<00:00, 1430.52it/s, Materializing param=encoder.layer.2.attention.self.query.bias]
7581.7s 1854 Loading weights:  22%|██▏       | 44/197 [00:00<00:00, 1420.01it/s, Materializing param=encoder.layer.2.attention.self.query.bias]
7581.7s 1855 Loading weights:  23%|██▎       | 45/197 [00:00<00:00, 1440.42it/s, Materializing param=encoder.layer.2.attention.self.query.weight]
7581.7s 1856 Loading weights:  23%|██▎       | 45/197 [00:00<00:00, 1410.67it/s, Materializing param=encoder.layer.2.attention.self.query.weight]
7581.7s 1857 Loading weights:  23%|██▎       | 46/197 [00:00<00:00, 1422.20it/s, Materializing param=encoder.layer.2.attention.self.value.bias]
7581.7s 1858 Loading weights:  23%|██▎       | 46/197 [00:00<00:00, 1417.92it/s, Materializing param=encoder.layer.2.attention.self.value.bias]
7581.7s 1859 Loading weights:  24%|██▍       | 47/197 [00:00<00:00, 1422.39it/s, Materializing param=encoder.layer.2.attention.self.value.weight]
7581.7s 1860 Loading weights:  24%|██▍       | 47/197 [00:00<00:00, 1379.18it/s, Materializing param=encoder.layer.2.attention.self.value.weight]
7581.7s 1861 Loading weights:  24%|██▍       | 48/197 [00:00<00:00, 1345.67it/s, Materializing param=encoder.layer.2.intermediate.dense.bias]
7581.7s 1862 Loading weights:  24%|██▍       | 48/197 [00:00<00:00, 1336.49it/s, Materializing param=encoder.layer.2.intermediate.dense.bias]
7581.7s 1863 Loading weights:  25%|██▍       | 49/197 [00:00<00:00, 1354.49it/s, Materializing param=encoder.layer.2.intermediate.dense.weight]
7581.7s 1864 Loading weights:  25%|██▍       | 49/197 [00:00<00:00, 1350.86it/s, Materializing param=encoder.layer.2.intermediate.dense.weight]
7581.7s 1865 Loading weights:  25%|██▌       | 50/197 [00:00<00:00, 1370.37it/s, Materializing param=encoder.layer.2.output.LayerNorm.bias]
7581.7s 1866 Loading weights:  25%|██▌       | 50/197 [00:00<00:00, 1367.25it/s, Materializing param=encoder.layer.2.output.LayerNorm.bias]
7581.7s 1867 Loading weights:  26%|██▌       | 51/197 [00:00<00:00, 1377.08it/s, Materializing param=encoder.layer.2.output.LayerNorm.weight]
7581.7s 1868 Loading weights:  26%|██▌       | 51/197 [00:00<00:00, 1351.86it/s, Materializing param=encoder.layer.2.output.LayerNorm.weight]
7581.7s 1869 Loading weights:  26%|██▋       | 52/197 [00:00<00:00, 1323.28it/s, Materializing param=encoder.layer.2.output.dense.bias]
7581.7s 1870 Loading weights:  26%|██▋       | 52/197 [00:00<00:00, 1305.41it/s, Materializing param=encoder.layer.2.output.dense.bias]
7581.7s 1871 Loading weights:  27%|██▋       | 53/197 [00:00<00:00, 1301.18it/s, Materializing param=encoder.layer.2.output.dense.weight]
7581.7s 1872 Loading weights:  27%|██▋       | 53/197 [00:00<00:00, 1297.85it/s, Materializing param=encoder.layer.2.output.dense.weight]
7581.7s 1873 Loading weights:  27%|██▋       | 54/197 [00:00<00:00, 1306.40it/s, Materializing param=encoder.layer.3.attention.output.LayerNorm.bias]
7581.7s 1874 Loading weights:  27%|██▋       | 54/197 [00:00<00:00, 1303.12it/s, Materializing param=encoder.layer.3.attention.output.LayerNorm.bias]
7581.7s 1875 Loading weights:  28%|██▊       | 55/197 [00:00<00:00, 1317.15it/s, Materializing param=encoder.layer.3.attention.output.LayerNorm.weight]
7581.7s 1876 Loading weights:  28%|██▊       | 55/197 [00:00<00:00, 1313.64it/s, Materializing param=encoder.layer.3.attention.output.LayerNorm.weight]
7581.7s 1877 Loading weights:  28%|██▊       | 56/197 [00:00<00:00, 1329.74it/s, Materializing param=encoder.layer.3.attention.output.dense.bias]
7581.7s 1878 Loading weights:  28%|██▊       | 56/197 [00:00<00:00, 1312.25it/s, Materializing param=encoder.layer.3.attention.output.dense.bias]
7581.7s 1879 Loading weights:  29%|██▉       | 57/197 [00:00<00:00, 1324.96it/s, Materializing param=encoder.layer.3.attention.output.dense.weight]
7581.7s 1880 Loading weights:  29%|██▉       | 57/197 [00:00<00:00, 1321.06it/s, Materializing param=encoder.layer.3.attention.output.dense.weight]
7581.7s 1881 Loading weights:  29%|██▉       | 58/197 [00:00<00:00, 1309.12it/s, Materializing param=encoder.layer.3.attention.self.key.bias]
7581.7s 1882 Loading weights:  29%|██▉       | 58/197 [00:00<00:00, 1305.98it/s, Materializing param=encoder.layer.3.attention.self.key.bias]
7581.7s 1883 Loading weights:  30%|██▉       | 59/197 [00:00<00:00, 1299.67it/s, Materializing param=encoder.layer.3.attention.self.key.weight]
7581.7s 1884 Loading weights:  30%|██▉       | 59/197 [00:00<00:00, 1292.46it/s, Materializing param=encoder.layer.3.attention.self.key.weight]
7581.7s 1885 Loading weights:  30%|███       | 60/197 [00:00<00:00, 1304.46it/s, Materializing param=encoder.layer.3.attention.self.query.bias]
7581.7s 1886 Loading weights:  30%|███       | 60/197 [00:00<00:00, 1301.73it/s, Materializing param=encoder.layer.3.attention.self.query.bias]
7581.7s 1887 Loading weights:  31%|███       | 61/197 [00:00<00:00, 1306.21it/s, Materializing param=encoder.layer.3.attention.self.query.weight]
7581.7s 1888 Loading weights:  31%|███       | 61/197 [00:00<00:00, 1303.27it/s, Materializing param=encoder.layer.3.attention.self.query.weight]
7581.7s 1889 Loading weights:  31%|███▏      | 62/197 [00:00<00:00, 1308.08it/s, Materializing param=encoder.layer.3.attention.self.value.bias]
7581.7s 1890 Loading weights:  31%|███▏      | 62/197 [00:00<00:00, 1292.32it/s, Materializing param=encoder.layer.3.attention.self.value.bias]
7581.7s 1891 Loading weights:  32%|███▏      | 63/197 [00:00<00:00, 1296.68it/s, Materializing param=encoder.layer.3.attention.self.value.weight]
7581.7s 1892 Loading weights:  32%|███▏      | 63/197 [00:00<00:00, 1293.87it/s, Materializing param=encoder.layer.3.attention.self.value.weight]
7581.7s 1893 Loading weights:  32%|███▏      | 64/197 [00:00<00:00, 1300.94it/s, Materializing param=encoder.layer.3.intermediate.dense.bias]
7581.7s 1894 Loading weights:  32%|███▏      | 64/197 [00:00<00:00, 1298.23it/s, Materializing param=encoder.layer.3.intermediate.dense.bias]
7581.7s 1895 Loading weights:  33%|███▎      | 65/197 [00:00<00:00, 1300.30it/s, Materializing param=encoder.layer.3.intermediate.dense.weight]
7581.7s 1896 Loading weights:  33%|███▎      | 65/197 [00:00<00:00, 1297.76it/s, Materializing param=encoder.layer.3.intermediate.dense.weight]
7581.7s 1897 Loading weights:  34%|███▎      | 66/197 [00:00<00:00, 1302.03it/s, Materializing param=encoder.layer.3.output.LayerNorm.bias]
7581.7s 1898 Loading weights:  34%|███▎      | 66/197 [00:00<00:00, 1299.54it/s, Materializing param=encoder.layer.3.output.LayerNorm.bias]
7581.7s 1899 Loading weights:  34%|███▍      | 67/197 [00:00<00:00, 1296.86it/s, Materializing param=encoder.layer.3.output.LayerNorm.weight]
7581.7s 1900 Loading weights:  34%|███▍      | 67/197 [00:00<00:00, 1294.31it/s, Materializing param=encoder.layer.3.output.LayerNorm.weight]
7581.7s 1901 Loading weights:  35%|███▍      | 68/197 [00:00<00:00, 1297.94it/s, Materializing param=encoder.layer.3.output.dense.bias]
7581.7s 1902 Loading weights:  35%|███▍      | 68/197 [00:00<00:00, 1279.89it/s, Materializing param=encoder.layer.3.output.dense.bias]
7581.7s 1903 Loading weights:  35%|███▌      | 69/197 [00:00<00:00, 1292.17it/s, Materializing param=encoder.layer.3.output.dense.weight]
7581.7s 1904 Loading weights:  35%|███▌      | 69/197 [00:00<00:00, 1289.24it/s, Materializing param=encoder.layer.3.output.dense.weight]
7581.7s 1905 Loading weights:  36%|███▌      | 70/197 [00:00<00:00, 1301.90it/s, Materializing param=encoder.layer.4.attention.output.LayerNorm.bias]
7581.7s 1906 Loading weights:  36%|███▌      | 70/197 [00:00<00:00, 1291.71it/s, Materializing param=encoder.layer.4.attention.output.LayerNorm.bias]
7581.7s 1907 Loading weights:  36%|███▌      | 71/197 [00:00<00:00, 1304.21it/s, Materializing param=encoder.layer.4.attention.output.LayerNorm.weight]
7581.7s 1908 Loading weights:  36%|███▌      | 71/197 [00:00<00:00, 1287.64it/s, Materializing param=encoder.layer.4.attention.output.LayerNorm.weight]
7581.7s 1909 Loading weights:  37%|███▋      | 72/197 [00:00<00:00, 1272.22it/s, Materializing param=encoder.layer.4.attention.output.dense.bias]
7581.7s 1910 Loading weights:  37%|███▋      | 72/197 [00:00<00:00, 1269.66it/s, Materializing param=encoder.layer.4.attention.output.dense.bias]
7581.7s 1911 Loading weights:  37%|███▋      | 73/197 [00:00<00:00, 1265.77it/s, Materializing param=encoder.layer.4.attention.output.dense.weight]
7581.7s 1912 Loading weights:  37%|███▋      | 73/197 [00:00<00:00, 1263.48it/s, Materializing param=encoder.layer.4.attention.output.dense.weight]
7581.7s 1913 Loading weights:  38%|███▊      | 74/197 [00:00<00:00, 1270.15it/s, Materializing param=encoder.layer.4.attention.self.key.bias]
7581.7s 1914 Loading weights:  38%|███▊      | 74/197 [00:00<00:00, 1260.24it/s, Materializing param=encoder.layer.4.attention.self.key.bias]
7581.7s 1915 Loading weights:  38%|███▊      | 75/197 [00:00<00:00, 1265.32it/s, Materializing param=encoder.layer.4.attention.self.key.weight]
7581.7s 1916 Loading weights:  38%|███▊      | 75/197 [00:00<00:00, 1260.62it/s, Materializing param=encoder.layer.4.attention.self.key.weight]
7581.7s 1917 Loading weights:  39%|███▊      | 76/197 [00:00<00:00, 1263.39it/s, Materializing param=encoder.layer.4.attention.self.query.bias]
7581.7s 1918 Loading weights:  39%|███▊      | 76/197 [00:00<00:00, 1261.44it/s, Materializing param=encoder.layer.4.attention.self.query.bias]
7581.7s 1919 Loading weights:  39%|███▉      | 77/197 [00:00<00:00, 1271.61it/s, Materializing param=encoder.layer.4.attention.self.query.weight]
7581.7s 1920 Loading weights:  39%|███▉      | 77/197 [00:00<00:00, 1267.99it/s, Materializing param=encoder.layer.4.attention.self.query.weight]
7581.7s 1921 Loading weights:  40%|███▉      | 78/197 [00:00<00:00, 1245.87it/s, Materializing param=encoder.layer.4.attention.self.value.bias]
7581.7s 1922 Loading weights:  40%|███▉      | 78/197 [00:00<00:00, 1243.79it/s, Materializing param=encoder.layer.4.attention.self.value.bias]
7581.7s 1923 Loading weights:  40%|████      | 79/197 [00:00<00:00, 1253.18it/s, Materializing param=encoder.layer.4.attention.self.value.weight]
7581.7s 1924 Loading weights:  40%|████      | 79/197 [00:00<00:00, 1251.62it/s, Materializing param=encoder.layer.4.attention.self.value.weight]
7581.7s 1925 Loading weights:  41%|████      | 80/197 [00:00<00:00, 1248.88it/s, Materializing param=encoder.layer.4.intermediate.dense.bias]
7581.7s 1926 Loading weights:  41%|████      | 80/197 [00:00<00:00, 1247.02it/s, Materializing param=encoder.layer.4.intermediate.dense.bias]
7581.7s 1927 Loading weights:  41%|████      | 81/197 [00:00<00:00, 1245.55it/s, Materializing param=encoder.layer.4.intermediate.dense.weight]
7581.7s 1928 Loading weights:  41%|████      | 81/197 [00:00<00:00, 1238.27it/s, Materializing param=encoder.layer.4.intermediate.dense.weight]
7581.7s 1929 Loading weights:  42%|████▏     | 82/197 [00:00<00:00, 1246.71it/s, Materializing param=encoder.layer.4.output.LayerNorm.bias]
7581.7s 1930 Loading weights:  42%|████▏     | 82/197 [00:00<00:00, 1231.45it/s, Materializing param=encoder.layer.4.output.LayerNorm.bias]
7581.7s 1931 Loading weights:  42%|████▏     | 83/197 [00:00<00:00, 1238.45it/s, Materializing param=encoder.layer.4.output.LayerNorm.weight]
7581.7s 1932 Loading weights:  42%|████▏     | 83/197 [00:00<00:00, 1235.28it/s, Materializing param=encoder.layer.4.output.LayerNorm.weight]
7581.7s 1933 Loading weights:  43%|████▎     | 84/197 [00:00<00:00, 1238.24it/s, Materializing param=encoder.layer.4.output.dense.bias]
7581.7s 1934 Loading weights:  43%|████▎     | 84/197 [00:00<00:00, 1234.95it/s, Materializing param=encoder.layer.4.output.dense.bias]
7581.7s 1935 Loading weights:  43%|████▎     | 85/197 [00:00<00:00, 1239.98it/s, Materializing param=encoder.layer.4.output.dense.weight]
7581.7s 1936 Loading weights:  43%|████▎     | 85/197 [00:00<00:00, 1224.48it/s, Materializing param=encoder.layer.4.output.dense.weight]
7581.7s 1937 Loading weights:  44%|████▎     | 86/197 [00:00<00:00, 1233.66it/s, Materializing param=encoder.layer.5.attention.output.LayerNorm.bias]
7581.7s 1938 Loading weights:  44%|████▎     | 86/197 [00:00<00:00, 1231.81it/s, Materializing param=encoder.layer.5.attention.output.LayerNorm.bias]
7581.7s 1939 Loading weights:  44%|████▍     | 87/197 [00:00<00:00, 1241.57it/s, Materializing param=encoder.layer.5.attention.output.LayerNorm.weight]
7581.7s 1940 Loading weights:  44%|████▍     | 87/197 [00:00<00:00, 1240.18it/s, Materializing param=encoder.layer.5.attention.output.LayerNorm.weight]
7581.7s 1941 Loading weights:  45%|████▍     | 88/197 [00:00<00:00, 1249.89it/s, Materializing param=encoder.layer.5.attention.output.dense.bias]
7581.7s 1942 Loading weights:  45%|████▍     | 88/197 [00:00<00:00, 1248.44it/s, Materializing param=encoder.layer.5.attention.output.dense.bias]
7581.7s 1943 Loading weights:  45%|████▌     | 89/197 [00:00<00:00, 1250.04it/s, Materializing param=encoder.layer.5.attention.output.dense.weight]
7581.7s 1944 Loading weights:  45%|████▌     | 89/197 [00:00<00:00, 1242.22it/s, Materializing param=encoder.layer.5.attention.output.dense.weight]
7581.7s 1945 Loading weights:  46%|████▌     | 90/197 [00:00<00:00, 1242.20it/s, Materializing param=encoder.layer.5.attention.self.key.bias]
7581.7s 1946 Loading weights:  46%|████▌     | 90/197 [00:00<00:00, 1240.43it/s, Materializing param=encoder.layer.5.attention.self.key.bias]
7581.7s 1947 Loading weights:  46%|████▌     | 91/197 [00:00<00:00, 1249.49it/s, Materializing param=encoder.layer.5.attention.self.key.weight]
7581.7s 1948 Loading weights:  46%|████▌     | 91/197 [00:00<00:00, 1247.04it/s, Materializing param=encoder.layer.5.attention.self.key.weight]
7581.7s 1949 Loading weights:  47%|████▋     | 92/197 [00:00<00:00, 1253.54it/s, Materializing param=encoder.layer.5.attention.self.query.bias]
7581.7s 1950 Loading weights:  47%|████▋     | 92/197 [00:00<00:00, 1251.59it/s, Materializing param=encoder.layer.5.attention.self.query.bias]
7581.7s 1951 Loading weights:  47%|████▋     | 93/197 [00:00<00:00, 1255.08it/s, Materializing param=encoder.layer.5.attention.self.query.weight]
7581.7s 1952 Loading weights:  47%|████▋     | 93/197 [00:00<00:00, 1239.07it/s, Materializing param=encoder.layer.5.attention.self.query.weight]
7581.7s 1953 Loading weights:  48%|████▊     | 94/197 [00:00<00:00, 1243.30it/s, Materializing param=encoder.layer.5.attention.self.value.bias]
7581.7s 1954 Loading weights:  48%|████▊     | 94/197 [00:00<00:00, 1235.68it/s, Materializing param=encoder.layer.5.attention.self.value.bias]
7581.7s 1955 Loading weights:  48%|████▊     | 95/197 [00:00<00:00, 1236.69it/s, Materializing param=encoder.layer.5.attention.self.value.weight]
7581.7s 1956 Loading weights:  48%|████▊     | 95/197 [00:00<00:00, 1234.46it/s, Materializing param=encoder.layer.5.attention.self.value.weight]
7581.7s 1957 Loading weights:  49%|████▊     | 96/197 [00:00<00:00, 1242.79it/s, Materializing param=encoder.layer.5.intermediate.dense.bias]
7581.7s 1958 Loading weights:  49%|████▊     | 96/197 [00:00<00:00, 1232.30it/s, Materializing param=encoder.layer.5.intermediate.dense.bias]
7581.7s 1959 Loading weights:  49%|████▉     | 97/197 [00:00<00:00, 1230.97it/s, Materializing param=encoder.layer.5.intermediate.dense.weight]
7581.7s 1960 Loading weights:  49%|████▉     | 97/197 [00:00<00:00, 1228.73it/s, Materializing param=encoder.layer.5.intermediate.dense.weight]
7581.7s 1961 Loading weights:  50%|████▉     | 98/197 [00:00<00:00, 1235.32it/s, Materializing param=encoder.layer.5.output.LayerNorm.bias]
7581.7s 1962 Loading weights:  50%|████▉     | 98/197 [00:00<00:00, 1233.45it/s, Materializing param=encoder.layer.5.output.LayerNorm.bias]
7581.7s 1963 Loading weights:  50%|█████     | 99/197 [00:00<00:00, 1240.46it/s, Materializing param=encoder.layer.5.output.LayerNorm.weight]
7581.7s 1964 Loading weights:  50%|█████     | 99/197 [00:00<00:00, 1238.12it/s, Materializing param=encoder.layer.5.output.LayerNorm.weight]
7581.7s 1965 Loading weights:  51%|█████     | 100/197 [00:00<00:00, 1230.29it/s, Materializing param=encoder.layer.5.output.dense.bias]
7581.7s 1966 Loading weights:  51%|█████     | 100/197 [00:00<00:00, 1223.77it/s, Materializing param=encoder.layer.5.output.dense.bias]
7581.7s 1967 Loading weights:  51%|█████▏    | 101/197 [00:00<00:00, 1224.61it/s, Materializing param=encoder.layer.5.output.dense.weight]
7581.7s 1968 Loading weights:  51%|█████▏    | 101/197 [00:00<00:00, 1223.18it/s, Materializing param=encoder.layer.5.output.dense.weight]
7581.7s 1969 Loading weights:  52%|█████▏    | 102/197 [00:00<00:00, 1231.22it/s, Materializing param=encoder.layer.6.attention.output.LayerNorm.bias]
7581.7s 1970 Loading weights:  52%|█████▏    | 102/197 [00:00<00:00, 1229.19it/s, Materializing param=encoder.layer.6.attention.output.LayerNorm.bias]
7581.7s 1971 Loading weights:  52%|█████▏    | 103/197 [00:00<00:00, 1234.75it/s, Materializing param=encoder.layer.6.attention.output.LayerNorm.weight]
7581.7s 1972 Loading weights:  52%|█████▏    | 103/197 [00:00<00:00, 1233.13it/s, Materializing param=encoder.layer.6.attention.output.LayerNorm.weight]
7581.7s 1973 Loading weights:  53%|█████▎    | 104/197 [00:00<00:00, 1240.73it/s, Materializing param=encoder.layer.6.attention.output.dense.bias]
7581.7s 1974 Loading weights:  53%|█████▎    | 104/197 [00:00<00:00, 1238.58it/s, Materializing param=encoder.layer.6.attention.output.dense.bias]
7581.7s 1975 Loading weights:  53%|█████▎    | 105/197 [00:00<00:00, 1245.46it/s, Materializing param=encoder.layer.6.attention.output.dense.weight]
7581.7s 1976 Loading weights:  53%|█████▎    | 105/197 [00:00<00:00, 1244.22it/s, Materializing param=encoder.layer.6.attention.output.dense.weight]
7581.7s 1977 Loading weights:  54%|█████▍    | 106/197 [00:00<00:00, 1252.93it/s, Materializing param=encoder.layer.6.attention.self.key.bias]
7581.7s 1978 Loading weights:  54%|█████▍    | 106/197 [00:00<00:00, 1251.64it/s, Materializing param=encoder.layer.6.attention.self.key.bias]
7581.7s 1979 Loading weights:  54%|█████▍    | 107/197 [00:00<00:00, 1260.22it/s, Materializing param=encoder.layer.6.attention.self.key.weight]
7581.7s 1980 Loading weights:  54%|█████▍    | 107/197 [00:00<00:00, 1259.00it/s, Materializing param=encoder.layer.6.attention.self.key.weight]
7581.7s 1981 Loading weights:  55%|█████▍    | 108/197 [00:00<00:00, 1267.51it/s, Materializing param=encoder.layer.6.attention.self.query.bias]
7581.7s 1982 Loading weights:  55%|█████▍    | 108/197 [00:00<00:00, 1266.27it/s, Materializing param=encoder.layer.6.attention.self.query.bias]
7581.7s 1983 Loading weights:  55%|█████▌    | 109/197 [00:00<00:00, 1273.44it/s, Materializing param=encoder.layer.6.attention.self.query.weight]
7581.7s 1984 Loading weights:  55%|█████▌    | 109/197 [00:00<00:00, 1271.68it/s, Materializing param=encoder.layer.6.attention.self.query.weight]
7581.7s 1985 Loading weights:  56%|█████▌    | 110/197 [00:00<00:00, 1262.63it/s, Materializing param=encoder.layer.6.attention.self.value.bias]
7581.7s 1986 Loading weights:  56%|█████▌    | 110/197 [00:00<00:00, 1260.83it/s, Materializing param=encoder.layer.6.attention.self.value.bias]
7581.7s 1987 Loading weights:  56%|█████▋    | 111/197 [00:00<00:00, 1265.85it/s, Materializing param=encoder.layer.6.attention.self.value.weight]
7581.7s 1988 Loading weights:  56%|█████▋    | 111/197 [00:00<00:00, 1264.57it/s, Materializing param=encoder.layer.6.attention.self.value.weight]
7581.7s 1989 Loading weights:  57%|█████▋    | 112/197 [00:00<00:00, 1271.22it/s, Materializing param=encoder.layer.6.intermediate.dense.bias]
7581.7s 1990 Loading weights:  57%|█████▋    | 112/197 [00:00<00:00, 1269.99it/s, Materializing param=encoder.layer.6.intermediate.dense.bias]
7581.7s 1991 Loading weights:  57%|█████▋    | 113/197 [00:00<00:00, 1279.31it/s, Materializing param=encoder.layer.6.intermediate.dense.weight]
7581.7s 1992 Loading weights:  57%|█████▋    | 113/197 [00:00<00:00, 1277.82it/s, Materializing param=encoder.layer.6.intermediate.dense.weight]
7581.7s 1993 Loading weights:  58%|█████▊    | 114/197 [00:00<00:00, 1287.51it/s, Materializing param=encoder.layer.6.output.LayerNorm.bias]
7581.7s 1994 Loading weights:  58%|█████▊    | 114/197 [00:00<00:00, 1285.57it/s, Materializing param=encoder.layer.6.output.LayerNorm.bias]
7581.7s 1995 Loading weights:  58%|█████▊    | 115/197 [00:00<00:00, 1295.37it/s, Materializing param=encoder.layer.6.output.LayerNorm.weight]
7581.7s 1996 Loading weights:  58%|█████▊    | 115/197 [00:00<00:00, 1294.60it/s, Materializing param=encoder.layer.6.output.LayerNorm.weight]
7581.7s 1997 Loading weights:  59%|█████▉    | 116/197 [00:00<00:00, 1303.57it/s, Materializing param=encoder.layer.6.output.dense.bias]
7581.7s 1998 Loading weights:  59%|█████▉    | 116/197 [00:00<00:00, 1302.74it/s, Materializing param=encoder.layer.6.output.dense.bias]
7581.7s 1999 Loading weights:  59%|█████▉    | 117/197 [00:00<00:00, 1312.24it/s, Materializing param=encoder.layer.6.output.dense.weight]
7581.7s 2000 Loading weights:  59%|█████▉    | 117/197 [00:00<00:00, 1311.47it/s, Materializing param=encoder.layer.6.output.dense.weight]
7581.7s 2001 Loading weights:  60%|█████▉    | 118/197 [00:00<00:00, 1321.29it/s, Materializing param=encoder.layer.7.attention.output.LayerNorm.bias]
7581.7s 2002 Loading weights:  60%|█████▉    | 118/197 [00:00<00:00, 1320.49it/s, Materializing param=encoder.layer.7.attention.output.LayerNorm.bias]
7581.7s 2003 Loading weights:  60%|██████    | 119/197 [00:00<00:00, 1330.27it/s, Materializing param=encoder.layer.7.attention.output.LayerNorm.weight]
7581.7s 2004 Loading weights:  60%|██████    | 119/197 [00:00<00:00, 1329.46it/s, Materializing param=encoder.layer.7.attention.output.LayerNorm.weight]
7581.7s 2005 Loading weights:  61%|██████    | 120/197 [00:00<00:00, 1339.22it/s, Materializing param=encoder.layer.7.attention.output.dense.bias]
7581.7s 2006 Loading weights:  61%|██████    | 120/197 [00:00<00:00, 1338.44it/s, Materializing param=encoder.layer.7.attention.output.dense.bias]
7581.7s 2007 Loading weights:  61%|██████▏   | 121/197 [00:00<00:00, 1348.20it/s, Materializing param=encoder.layer.7.attention.output.dense.weight]
7581.7s 2008 Loading weights:  61%|██████▏   | 121/197 [00:00<00:00, 1347.40it/s, Materializing param=encoder.layer.7.attention.output.dense.weight]
7581.7s 2009 Loading weights:  62%|██████▏   | 122/197 [00:00<00:00, 1356.83it/s, Materializing param=encoder.layer.7.attention.self.key.bias]
7581.7s 2010 Loading weights:  62%|██████▏   | 122/197 [00:00<00:00, 1355.99it/s, Materializing param=encoder.layer.7.attention.self.key.bias]
7581.7s 2011 Loading weights:  62%|██████▏   | 123/197 [00:00<00:00, 1365.64it/s, Materializing param=encoder.layer.7.attention.self.key.weight]
7581.7s 2012 Loading weights:  62%|██████▏   | 123/197 [00:00<00:00, 1364.74it/s, Materializing param=encoder.layer.7.attention.self.key.weight]
7581.7s 2013 Loading weights:  63%|██████▎   | 124/197 [00:00<00:00, 1374.40it/s, Materializing param=encoder.layer.7.attention.self.query.bias]
7581.7s 2014 Loading weights:  63%|██████▎   | 124/197 [00:00<00:00, 1373.62it/s, Materializing param=encoder.layer.7.attention.self.query.bias]
7581.7s 2015 Loading weights:  63%|██████▎   | 125/197 [00:00<00:00, 1383.31it/s, Materializing param=encoder.layer.7.attention.self.query.weight]
7581.7s 2016 Loading weights:  63%|██████▎   | 125/197 [00:00<00:00, 1382.38it/s, Materializing param=encoder.layer.7.attention.self.query.weight]
7581.7s 2017 Loading weights:  64%|██████▍   | 126/197 [00:00<00:00, 1392.14it/s, Materializing param=encoder.layer.7.attention.self.value.bias]
7581.7s 2018 Loading weights:  64%|██████▍   | 126/197 [00:00<00:00, 1391.11it/s, Materializing param=encoder.layer.7.attention.self.value.bias]
7581.7s 2019 Loading weights:  64%|██████▍   | 127/197 [00:00<00:00, 1400.70it/s, Materializing param=encoder.layer.7.attention.self.value.weight]
7581.7s 2020 Loading weights:  64%|██████▍   | 127/197 [00:00<00:00, 1399.88it/s, Materializing param=encoder.layer.7.attention.self.value.weight]
7581.7s 2021 Loading weights:  65%|██████▍   | 128/197 [00:00<00:00, 1409.47it/s, Materializing param=encoder.layer.7.intermediate.dense.bias]
7581.7s 2022 Loading weights:  65%|██████▍   | 128/197 [00:00<00:00, 1408.41it/s, Materializing param=encoder.layer.7.intermediate.dense.bias]
7581.7s 2023 Loading weights:  65%|██████▌   | 129/197 [00:00<00:00, 1417.89it/s, Materializing param=encoder.layer.7.intermediate.dense.weight]
7581.7s 2024 Loading weights:  65%|██████▌   | 129/197 [00:00<00:00, 1417.06it/s, Materializing param=encoder.layer.7.intermediate.dense.weight]
7581.7s 2025 Loading weights:  66%|██████▌   | 130/197 [00:00<00:00, 1426.47it/s, Materializing param=encoder.layer.7.output.LayerNorm.bias]
7581.7s 2026 Loading weights:  66%|██████▌   | 130/197 [00:00<00:00, 1425.64it/s, Materializing param=encoder.layer.7.output.LayerNorm.bias]
7581.7s 2027 Loading weights:  66%|██████▋   | 131/197 [00:00<00:00, 1435.16it/s, Materializing param=encoder.layer.7.output.LayerNorm.weight]
7581.7s 2028 Loading weights:  66%|██████▋   | 131/197 [00:00<00:00, 1434.22it/s, Materializing param=encoder.layer.7.output.LayerNorm.weight]
7581.7s 2029 Loading weights:  67%|██████▋   | 132/197 [00:00<00:00, 1443.72it/s, Materializing param=encoder.layer.7.output.dense.bias]
7581.7s 2030 Loading weights:  67%|██████▋   | 132/197 [00:00<00:00, 1442.91it/s, Materializing param=encoder.layer.7.output.dense.bias]
7581.7s 2031 Loading weights:  68%|██████▊   | 133/197 [00:00<00:00, 1452.43it/s, Materializing param=encoder.layer.7.output.dense.weight]
7581.7s 2032 Loading weights:  68%|██████▊   | 133/197 [00:00<00:00, 1451.62it/s, Materializing param=encoder.layer.7.output.dense.weight]
7581.7s 2033 Loading weights:  68%|██████▊   | 134/197 [00:00<00:00, 1461.10it/s, Materializing param=encoder.layer.8.attention.output.LayerNorm.bias]
7581.7s 2034 Loading weights:  68%|██████▊   | 134/197 [00:00<00:00, 1460.26it/s, Materializing param=encoder.layer.8.attention.output.LayerNorm.bias]
7581.7s 2035 Loading weights:  69%|██████▊   | 135/197 [00:00<00:00, 1469.64it/s, Materializing param=encoder.layer.8.attention.output.LayerNorm.weight]
7581.7s 2036 Loading weights:  69%|██████▊   | 135/197 [00:00<00:00, 1468.50it/s, Materializing param=encoder.layer.8.attention.output.LayerNorm.weight]
7581.7s 2037 Loading weights:  69%|██████▉   | 136/197 [00:00<00:00, 1477.81it/s, Materializing param=encoder.layer.8.attention.output.dense.bias]
7581.7s 2038 Loading weights:  69%|██████▉   | 136/197 [00:00<00:00, 1476.95it/s, Materializing param=encoder.layer.8.attention.output.dense.bias]
7581.7s 2039 Loading weights:  70%|██████▉   | 137/197 [00:00<00:00, 1486.17it/s, Materializing param=encoder.layer.8.attention.output.dense.weight]
7581.7s 2040 Loading weights:  70%|██████▉   | 137/197 [00:00<00:00, 1485.32it/s, Materializing param=encoder.layer.8.attention.output.dense.weight]
7581.7s 2041 Loading weights:  70%|███████   | 138/197 [00:00<00:00, 1494.69it/s, Materializing param=encoder.layer.8.attention.self.key.bias]
7581.7s 2042 Loading weights:  70%|███████   | 138/197 [00:00<00:00, 1493.85it/s, Materializing param=encoder.layer.8.attention.self.key.bias]
7581.7s 2043 Loading weights:  71%|███████   | 139/197 [00:00<00:00, 1503.16it/s, Materializing param=encoder.layer.8.attention.self.key.weight]
7581.7s 2044 Loading weights:  71%|███████   | 139/197 [00:00<00:00, 1502.33it/s, Materializing param=encoder.layer.8.attention.self.key.weight]
7581.7s 2045 Loading weights:  71%|███████   | 140/197 [00:00<00:00, 1511.53it/s, Materializing param=encoder.layer.8.attention.self.query.bias]
7581.7s 2046 Loading weights:  71%|███████   | 140/197 [00:00<00:00, 1510.74it/s, Materializing param=encoder.layer.8.attention.self.query.bias]
7581.7s 2047 Loading weights:  72%|███████▏  | 141/197 [00:00<00:00, 1520.14it/s, Materializing param=encoder.layer.8.attention.self.query.weight]
7581.7s 2048 Loading weights:  72%|███████▏  | 141/197 [00:00<00:00, 1519.33it/s, Materializing param=encoder.layer.8.attention.self.query.weight]
7581.7s 2049 Loading weights:  72%|███████▏  | 142/197 [00:00<00:00, 1528.36it/s, Materializing param=encoder.layer.8.attention.self.value.bias]
7581.7s 2050 Loading weights:  72%|███████▏  | 142/197 [00:00<00:00, 1527.53it/s, Materializing param=encoder.layer.8.attention.self.value.bias]
7581.7s 2051 Loading weights:  73%|███████▎  | 143/197 [00:00<00:00, 1536.83it/s, Materializing param=encoder.layer.8.attention.self.value.weight]
7581.7s 2052 Loading weights:  73%|███████▎  | 143/197 [00:00<00:00, 1535.80it/s, Materializing param=encoder.layer.8.attention.self.value.weight]
7581.7s 2053 Loading weights:  73%|███████▎  | 144/197 [00:00<00:00, 1544.92it/s, Materializing param=encoder.layer.8.intermediate.dense.bias]
7581.7s 2054 Loading weights:  73%|███████▎  | 144/197 [00:00<00:00, 1544.09it/s, Materializing param=encoder.layer.8.intermediate.dense.bias]
7581.7s 2055 Loading weights:  74%|███████▎  | 145/197 [00:00<00:00, 1553.40it/s, Materializing param=encoder.layer.8.intermediate.dense.weight]
7581.7s 2056 Loading weights:  74%|███████▎  | 145/197 [00:00<00:00, 1552.57it/s, Materializing param=encoder.layer.8.intermediate.dense.weight]
7581.7s 2057 Loading weights:  74%|███████▍  | 146/197 [00:00<00:00, 1561.84it/s, Materializing param=encoder.layer.8.output.LayerNorm.bias]
7581.7s 2058 Loading weights:  74%|███████▍  | 146/197 [00:00<00:00, 1561.01it/s, Materializing param=encoder.layer.8.output.LayerNorm.bias]
7581.7s 2059 Loading weights:  75%|███████▍  | 147/197 [00:00<00:00, 1570.26it/s, Materializing param=encoder.layer.8.output.LayerNorm.weight]
7581.7s 2060 Loading weights:  75%|███████▍  | 147/197 [00:00<00:00, 1569.43it/s, Materializing param=encoder.layer.8.output.LayerNorm.weight]
7581.7s 2061 Loading weights:  75%|███████▌  | 148/197 [00:00<00:00, 1578.67it/s, Materializing param=encoder.layer.8.output.dense.bias]
7581.7s 2062 Loading weights:  75%|███████▌  | 148/197 [00:00<00:00, 1577.86it/s, Materializing param=encoder.layer.8.output.dense.bias]
7581.7s 2063 Loading weights:  76%|███████▌  | 149/197 [00:00<00:00, 1586.90it/s, Materializing param=encoder.layer.8.output.dense.weight]
7581.7s 2064 Loading weights:  76%|███████▌  | 149/197 [00:00<00:00, 1586.07it/s, Materializing param=encoder.layer.8.output.dense.weight]
7581.7s 2065 Loading weights:  76%|███████▌  | 150/197 [00:00<00:00, 1595.27it/s, Materializing param=encoder.layer.9.attention.output.LayerNorm.bias]
7581.7s 2066 Loading weights:  76%|███████▌  | 150/197 [00:00<00:00, 1594.43it/s, Materializing param=encoder.layer.9.attention.output.LayerNorm.bias]
7581.7s 2067 Loading weights:  77%|███████▋  | 151/197 [00:00<00:00, 1603.40it/s, Materializing param=encoder.layer.9.attention.output.LayerNorm.weight]
7581.7s 2068 Loading weights:  77%|███████▋  | 151/197 [00:00<00:00, 1602.54it/s, Materializing param=encoder.layer.9.attention.output.LayerNorm.weight]
7581.7s 2069 Loading weights:  77%|███████▋  | 152/197 [00:00<00:00, 1611.63it/s, Materializing param=encoder.layer.9.attention.output.dense.bias]
7581.7s 2070 Loading weights:  77%|███████▋  | 152/197 [00:00<00:00, 1610.79it/s, Materializing param=encoder.layer.9.attention.output.dense.bias]
7581.7s 2071 Loading weights:  78%|███████▊  | 153/197 [00:00<00:00, 1619.90it/s, Materializing param=encoder.layer.9.attention.output.dense.weight]
7581.7s 2072 Loading weights:  78%|███████▊  | 153/197 [00:00<00:00, 1619.07it/s, Materializing param=encoder.layer.9.attention.output.dense.weight]
7581.7s 2073 Loading weights:  78%|███████▊  | 154/197 [00:00<00:00, 1628.18it/s, Materializing param=encoder.layer.9.attention.self.key.bias]
7581.7s 2074 Loading weights:  78%|███████▊  | 154/197 [00:00<00:00, 1627.35it/s, Materializing param=encoder.layer.9.attention.self.key.bias]
7581.7s 2075 Loading weights:  79%|███████▊  | 155/197 [00:00<00:00, 1636.43it/s, Materializing param=encoder.layer.9.attention.self.key.weight]
7581.7s 2076 Loading weights:  79%|███████▊  | 155/197 [00:00<00:00, 1635.60it/s, Materializing param=encoder.layer.9.attention.self.key.weight]
7581.7s 2077 Loading weights:  79%|███████▉  | 156/197 [00:00<00:00, 1644.68it/s, Materializing param=encoder.layer.9.attention.self.query.bias]
7581.7s 2078 Loading weights:  79%|███████▉  | 156/197 [00:00<00:00, 1643.62it/s, Materializing param=encoder.layer.9.attention.self.query.bias]
7581.7s 2079 Loading weights:  80%|███████▉  | 157/197 [00:00<00:00, 1652.63it/s, Materializing param=encoder.layer.9.attention.self.query.weight]
7581.7s 2080 Loading weights:  80%|███████▉  | 157/197 [00:00<00:00, 1651.78it/s, Materializing param=encoder.layer.9.attention.self.query.weight]
7581.7s 2081 Loading weights:  80%|████████  | 158/197 [00:00<00:00, 1660.70it/s, Materializing param=encoder.layer.9.attention.self.value.bias]
7581.7s 2082 Loading weights:  80%|████████  | 158/197 [00:00<00:00, 1659.82it/s, Materializing param=encoder.layer.9.attention.self.value.bias]
7581.7s 2083 Loading weights:  81%|████████  | 159/197 [00:00<00:00, 1668.82it/s, Materializing param=encoder.layer.9.attention.self.value.weight]
7581.7s 2084 Loading weights:  81%|████████  | 159/197 [00:00<00:00, 1667.97it/s, Materializing param=encoder.layer.9.attention.self.value.weight]
7581.7s 2085 Loading weights:  81%|████████  | 160/197 [00:00<00:00, 1676.96it/s, Materializing param=encoder.layer.9.intermediate.dense.bias]
7581.7s 2086 Loading weights:  81%|████████  | 160/197 [00:00<00:00, 1676.10it/s, Materializing param=encoder.layer.9.intermediate.dense.bias]
7581.7s 2087 Loading weights:  82%|████████▏ | 161/197 [00:00<00:00, 1685.08it/s, Materializing param=encoder.layer.9.intermediate.dense.weight]
7581.7s 2088 Loading weights:  82%|████████▏ | 161/197 [00:00<00:00, 1684.23it/s, Materializing param=encoder.layer.9.intermediate.dense.weight]
7581.7s 2089 Loading weights:  82%|████████▏ | 162/197 [00:00<00:00, 1693.23it/s, Materializing param=encoder.layer.9.output.LayerNorm.bias]
7581.7s 2090 Loading weights:  82%|████████▏ | 162/197 [00:00<00:00, 1692.38it/s, Materializing param=encoder.layer.9.output.LayerNorm.bias]
7581.7s 2091 Loading weights:  83%|████████▎ | 163/197 [00:00<00:00, 1701.35it/s, Materializing param=encoder.layer.9.output.LayerNorm.weight]
7581.7s 2092 Loading weights:  83%|████████▎ | 163/197 [00:00<00:00, 1700.50it/s, Materializing param=encoder.layer.9.output.LayerNorm.weight]
7581.7s 2093 Loading weights:  83%|████████▎ | 164/197 [00:00<00:00, 1709.07it/s, Materializing param=encoder.layer.9.output.dense.bias]
7581.7s 2094 Loading weights:  83%|████████▎ | 164/197 [00:00<00:00, 1708.19it/s, Materializing param=encoder.layer.9.output.dense.bias]
7581.7s 2095 Loading weights:  84%|████████▍ | 165/197 [00:00<00:00, 1716.99it/s, Materializing param=encoder.layer.9.output.dense.weight]
7581.7s 2096 Loading weights:  84%|████████▍ | 165/197 [00:00<00:00, 1716.12it/s, Materializing param=encoder.layer.9.output.dense.weight]
7581.7s 2097 Loading weights:  84%|████████▍ | 166/197 [00:00<00:00, 1724.96it/s, Materializing param=encoder.layer.10.attention.output.LayerNorm.bias]
7581.7s 2098 Loading weights:  84%|████████▍ | 166/197 [00:00<00:00, 1724.07it/s, Materializing param=encoder.layer.10.attention.output.LayerNorm.bias]
7581.7s 2099 Loading weights:  85%|████████▍ | 167/197 [00:00<00:00, 1732.86it/s, Materializing param=encoder.layer.10.attention.output.LayerNorm.weight]
7581.7s 2100 Loading weights:  85%|████████▍ | 167/197 [00:00<00:00, 1731.96it/s, Materializing param=encoder.layer.10.attention.output.LayerNorm.weight]
7581.7s 2101 Loading weights:  85%|████████▌ | 168/197 [00:00<00:00, 1740.75it/s, Materializing param=encoder.layer.10.attention.output.dense.bias]
7581.7s 2102 Loading weights:  85%|████████▌ | 168/197 [00:00<00:00, 1739.86it/s, Materializing param=encoder.layer.10.attention.output.dense.bias]
7581.7s 2103 Loading weights:  86%|████████▌ | 169/197 [00:00<00:00, 1748.64it/s, Materializing param=encoder.layer.10.attention.output.dense.weight]
7581.7s 2104 Loading weights:  86%|████████▌ | 169/197 [00:00<00:00, 1747.76it/s, Materializing param=encoder.layer.10.attention.output.dense.weight]
7581.7s 2105 Loading weights:  86%|████████▋ | 170/197 [00:00<00:00, 1756.53it/s, Materializing param=encoder.layer.10.attention.self.key.bias]
7581.7s 2106 Loading weights:  86%|████████▋ | 170/197 [00:00<00:00, 1755.66it/s, Materializing param=encoder.layer.10.attention.self.key.bias]
7581.7s 2107 Loading weights:  87%|████████▋ | 171/197 [00:00<00:00, 1764.13it/s, Materializing param=encoder.layer.10.attention.self.key.weight]
7581.7s 2108 Loading weights:  87%|████████▋ | 171/197 [00:00<00:00, 1763.21it/s, Materializing param=encoder.layer.10.attention.self.key.weight]
7581.7s 2109 Loading weights:  87%|████████▋ | 172/197 [00:00<00:00, 1771.94it/s, Materializing param=encoder.layer.10.attention.self.query.bias]
7581.7s 2110 Loading weights:  87%|████████▋ | 172/197 [00:00<00:00, 1770.93it/s, Materializing param=encoder.layer.10.attention.self.query.bias]
7581.7s 2111 Loading weights:  88%|████████▊ | 173/197 [00:00<00:00, 1779.22it/s, Materializing param=encoder.layer.10.attention.self.query.weight]
7581.7s 2112 Loading weights:  88%|████████▊ | 173/197 [00:00<00:00, 1777.69it/s, Materializing param=encoder.layer.10.attention.self.query.weight]
7581.7s 2113 Loading weights:  88%|████████▊ | 174/197 [00:00<00:00, 1786.09it/s, Materializing param=encoder.layer.10.attention.self.value.bias]
7581.7s 2114 Loading weights:  88%|████████▊ | 174/197 [00:00<00:00, 1785.04it/s, Materializing param=encoder.layer.10.attention.self.value.bias]
7581.7s 2115 Loading weights:  89%|████████▉ | 175/197 [00:00<00:00, 1793.45it/s, Materializing param=encoder.layer.10.attention.self.value.weight]
7581.7s 2116 Loading weights:  89%|████████▉ | 175/197 [00:00<00:00, 1792.38it/s, Materializing param=encoder.layer.10.attention.self.value.weight]
7581.7s 2117 Loading weights:  89%|████████▉ | 176/197 [00:00<00:00, 1800.77it/s, Materializing param=encoder.layer.10.intermediate.dense.bias]
7581.7s 2118 Loading weights:  89%|████████▉ | 176/197 [00:00<00:00, 1799.70it/s, Materializing param=encoder.layer.10.intermediate.dense.bias]
7581.7s 2119 Loading weights:  90%|████████▉ | 177/197 [00:00<00:00, 1807.42it/s, Materializing param=encoder.layer.10.intermediate.dense.weight]
7581.7s 2120 Loading weights:  90%|████████▉ | 177/197 [00:00<00:00, 1806.29it/s, Materializing param=encoder.layer.10.intermediate.dense.weight]
7581.7s 2121 Loading weights:  90%|█████████ | 178/197 [00:00<00:00, 1814.51it/s, Materializing param=encoder.layer.10.output.LayerNorm.bias]
7581.7s 2122 Loading weights:  90%|█████████ | 178/197 [00:00<00:00, 1813.42it/s, Materializing param=encoder.layer.10.output.LayerNorm.bias]
7581.7s 2123 Loading weights:  91%|█████████ | 179/197 [00:00<00:00, 1821.71it/s, Materializing param=encoder.layer.10.output.LayerNorm.weight]
7581.7s 2124 Loading weights:  91%|█████████ | 179/197 [00:00<00:00, 1820.65it/s, Materializing param=encoder.layer.10.output.LayerNorm.weight]
7581.7s 2125 Loading weights:  91%|█████████▏| 180/197 [00:00<00:00, 1828.94it/s, Materializing param=encoder.layer.10.output.dense.bias]
7581.7s 2126 Loading weights:  91%|█████████▏| 180/197 [00:00<00:00, 1827.70it/s, Materializing param=encoder.layer.10.output.dense.bias]
7581.7s 2127 Loading weights:  92%|█████████▏| 181/197 [00:00<00:00, 1836.19it/s, Materializing param=encoder.layer.10.output.dense.weight]
7581.7s 2128 Loading weights:  92%|█████████▏| 181/197 [00:00<00:00, 1835.24it/s, Materializing param=encoder.layer.10.output.dense.weight]
7581.7s 2129 Loading weights:  92%|█████████▏| 182/197 [00:00<00:00, 1843.73it/s, Materializing param=encoder.layer.11.attention.output.LayerNorm.bias]
7581.7s 2130 Loading weights:  92%|█████████▏| 182/197 [00:00<00:00, 1842.75it/s, Materializing param=encoder.layer.11.attention.output.LayerNorm.bias]
7581.7s 2131 Loading weights:  93%|█████████▎| 183/197 [00:00<00:00, 1851.12it/s, Materializing param=encoder.layer.11.attention.output.LayerNorm.weight]
7581.7s 2132 Loading weights:  93%|█████████▎| 183/197 [00:00<00:00, 1849.86it/s, Materializing param=encoder.layer.11.attention.output.LayerNorm.weight]
7581.7s 2133 Loading weights:  93%|█████████▎| 184/197 [00:00<00:00, 1858.04it/s, Materializing param=encoder.layer.11.attention.output.dense.bias]
7581.7s 2134 Loading weights:  93%|█████████▎| 184/197 [00:00<00:00, 1857.11it/s, Materializing param=encoder.layer.11.attention.output.dense.bias]
7581.7s 2135 Loading weights:  94%|█████████▍| 185/197 [00:00<00:00, 1865.38it/s, Materializing param=encoder.layer.11.attention.output.dense.weight]
7581.7s 2136 Loading weights:  94%|█████████▍| 185/197 [00:00<00:00, 1864.45it/s, Materializing param=encoder.layer.11.attention.output.dense.weight]
7581.7s 2137 Loading weights:  94%|█████████▍| 186/197 [00:00<00:00, 1872.57it/s, Materializing param=encoder.layer.11.attention.self.key.bias]
7581.7s 2138 Loading weights:  94%|█████████▍| 186/197 [00:00<00:00, 1871.56it/s, Materializing param=encoder.layer.11.attention.self.key.bias]
7581.7s 2139 Loading weights:  95%|█████████▍| 187/197 [00:00<00:00, 1879.89it/s, Materializing param=encoder.layer.11.attention.self.key.weight]
7581.7s 2140 Loading weights:  95%|█████████▍| 187/197 [00:00<00:00, 1878.76it/s, Materializing param=encoder.layer.11.attention.self.key.weight]
7581.7s 2141 Loading weights:  95%|█████████▌| 188/197 [00:00<00:00, 1887.21it/s, Materializing param=encoder.layer.11.attention.self.query.bias]
7581.7s 2142 Loading weights:  95%|█████████▌| 188/197 [00:00<00:00, 1886.27it/s, Materializing param=encoder.layer.11.attention.self.query.bias]
7581.7s 2143 Loading weights:  96%|█████████▌| 189/197 [00:00<00:00, 1894.67it/s, Materializing param=encoder.layer.11.attention.self.query.weight]
7581.7s 2144 Loading weights:  96%|█████████▌| 189/197 [00:00<00:00, 1893.74it/s, Materializing param=encoder.layer.11.attention.self.query.weight]
7581.7s 2145 Loading weights:  96%|█████████▋| 190/197 [00:00<00:00, 1901.81it/s, Materializing param=encoder.layer.11.attention.self.value.bias]
7581.7s 2146 Loading weights:  96%|█████████▋| 190/197 [00:00<00:00, 1900.85it/s, Materializing param=encoder.layer.11.attention.self.value.bias]
7581.7s 2147 Loading weights:  97%|█████████▋| 191/197 [00:00<00:00, 1909.33it/s, Materializing param=encoder.layer.11.attention.self.value.bias]
7581.7s 2148 Loading weights:  97%|█████████▋| 191/197 [00:00<00:00, 1909.33it/s, Materializing param=encoder.layer.11.attention.self.value.weight]
7581.7s 2149 Loading weights:  97%|█████████▋| 191/197 [00:00<00:00, 1909.33it/s, Materializing param=encoder.layer.11.attention.self.value.weight]
7581.7s 2150 Loading weights:  97%|█████████▋| 192/197 [00:00<00:00, 1909.33it/s, Materializing param=encoder.layer.11.intermediate.dense.bias]
7581.7s 2151 Loading weights:  97%|█████████▋| 192/197 [00:00<00:00, 1909.33it/s, Materializing param=encoder.layer.11.intermediate.dense.bias]
7581.7s 2152 Loading weights:  98%|█████████▊| 193/197 [00:00<00:00, 1909.33it/s, Materializing param=encoder.layer.11.intermediate.dense.weight]
7581.7s 2153 Loading weights:  98%|█████████▊| 193/197 [00:00<00:00, 1909.33it/s, Materializing param=encoder.layer.11.intermediate.dense.weight]
7581.7s 2154 Loading weights:  98%|█████████▊| 194/197 [00:00<00:00, 1909.33it/s, Materializing param=encoder.layer.11.output.LayerNorm.bias]
7581.7s 2155 Loading weights:  98%|█████████▊| 194/197 [00:00<00:00, 1909.33it/s, Materializing param=encoder.layer.11.output.LayerNorm.bias]
7581.7s 2156 Loading weights:  99%|█████████▉| 195/197 [00:00<00:00, 1909.33it/s, Materializing param=encoder.layer.11.output.LayerNorm.weight]
7581.7s 2157 Loading weights:  99%|█████████▉| 195/197 [00:00<00:00, 1909.33it/s, Materializing param=encoder.layer.11.output.LayerNorm.weight]
7581.7s 2158 Loading weights:  99%|█████████▉| 196/197 [00:00<00:00, 1909.33it/s, Materializing param=encoder.layer.11.output.dense.bias]
7581.7s 2159 Loading weights:  99%|█████████▉| 196/197 [00:00<00:00, 1909.33it/s, Materializing param=encoder.layer.11.output.dense.bias]
7581.7s 2160 Loading weights: 100%|██████████| 197/197 [00:00<00:00, 1909.33it/s, Materializing param=encoder.layer.11.output.dense.weight]
7581.7s 2161 Loading weights: 100%|██████████| 197/197 [00:00<00:00, 1909.33it/s, Materializing param=encoder.layer.11.output.dense.weight]
7581.7s 2162 Loading weights: 100%|██████████| 197/197 [00:00<00:00, 1948.91it/s, Materializing param=encoder.layer.11.output.dense.weight]
7581.7s 2163 BertModel LOAD REPORT from: artifacts/runs/tapt-ctxdecode
7581.7s 2164 Key                                        | Status     |
7581.7s 2165 -------------------------------------------+------------+-
7581.7s 2166 cls.predictions.transform.LayerNorm.bias   | UNEXPECTED |
7581.7s 2167 cls.predictions.decoder.bias               | UNEXPECTED |
7581.7s 2168 cls.predictions.decoder.weight             | UNEXPECTED |
7581.7s 2169 cls.predictions.transform.dense.weight     | UNEXPECTED |
7581.7s 2170 cls.predictions.bias                       | UNEXPECTED |
7581.7s 2171 cls.predictions.transform.LayerNorm.weight | UNEXPECTED |
7581.7s 2172 cls.predictions.transform.dense.bias       | UNEXPECTED |
7581.7s 2173 pooler.dense.bias                          | MISSING    |
7581.7s 2174 pooler.dense.weight                        | MISSING    |
7581.7s 2175 
7581.7s 2176 Notes:
7581.7s 2177 - UNEXPECTED	:can be ignored when loading from different task/architecture; not ok if you expect identical arch.
7581.7s 2178 - MISSING	:those params were newly initialized because missing from the checkpoint. Consider training on your downstream task.
7831.9s 2179 [s45full] ep1 done 4.2min  no val
8085.6s 2180 [s45full] ep2 done 4.2min  no val
8340.4s 2181 [s45full] ep3 done 4.2min  no val
8595.1s 2182 [s45full] ep4 done 4.2min  no val
8844.4s 2183 [s45full] ep5 done 4.2min  no val
9099.1s 2184 [s45full] ep6 197/197 loss 0.9534   no val (1.29s/step)
9099.1s 2185 [s45full] ep6 done 4.2min  no val
9099.1s 2186 [s45full] trained on every row; final checkpoint taken, no score
9099.1s 2187 ===== seed 46 FULL FIT, 3159 rows, no validation =====
9099.3s 2188 fold gazetteer (first 8 terms per class):
9099.3s 2189 Gender         amma batte dagar meghana munde nin sonu sule
9099.3s 2190 Geo-political  pakistan
9099.3s 2191 Others         btv bucket news
9099.3s 2192 Political      ashwath bjp bommai congress election modi party siddu
9099.3s 2193 Religion       hijab hindu islam muslim muslims
9099.3s 2194 Violence
9099.3s 2195 
9099.3s 2196 Loading weights:   0%|          | 0/197 [00:00<?, ?it/s]
9099.3s 2197 Loading weights:   1%|          | 1/197 [00:00<00:00, 23301.69it/s, Materializing param=embeddings.LayerNorm.bias]
9099.3s 2198 Loading weights:   1%|          | 1/197 [00:00<00:00, 5384.22it/s, Materializing param=embeddings.LayerNorm.bias]
9099.3s 2199 Loading weights:   1%|          | 2/197 [00:00<00:00, 1087.73it/s, Materializing param=embeddings.LayerNorm.weight]
9099.3s 2200 Loading weights:   1%|          | 2/197 [00:00<00:00, 1023.63it/s, Materializing param=embeddings.LayerNorm.weight]
9099.3s 2201 Loading weights:   2%|▏         | 3/197 [00:00<00:00, 1164.44it/s, Materializing param=embeddings.position_embeddings.weight]
9099.3s 2202 Loading weights:   2%|▏         | 3/197 [00:00<00:00, 1084.73it/s, Materializing param=embeddings.position_embeddings.weight]
9099.3s 2203 Loading weights:   2%|▏         | 4/197 [00:00<00:00, 1057.97it/s, Materializing param=embeddings.token_type_embeddings.weight]
9099.3s 2204 Loading weights:   2%|▏         | 4/197 [00:00<00:00, 991.03it/s, Materializing param=embeddings.token_type_embeddings.weight]
9099.3s 2205 Loading weights:   3%|▎         | 5/197 [00:00<00:00, 1125.81it/s, Materializing param=embeddings.word_embeddings.weight]
9099.3s 2206 Loading weights:   3%|▎         | 5/197 [00:00<00:00, 1016.46it/s, Materializing param=embeddings.word_embeddings.weight]
9099.3s 2207 Loading weights:   3%|▎         | 6/197 [00:00<00:00, 989.42it/s, Materializing param=encoder.layer.0.attention.output.LayerNorm.bias]
9099.3s 2208 Loading weights:   3%|▎         | 6/197 [00:00<00:00, 967.58it/s, Materializing param=encoder.layer.0.attention.output.LayerNorm.bias]
9099.3s 2209 Loading weights:   4%|▎         | 7/197 [00:00<00:00, 1024.61it/s, Materializing param=encoder.layer.0.attention.output.LayerNorm.weight]
9099.3s 2210 Loading weights:   4%|▎         | 7/197 [00:00<00:00, 1007.55it/s, Materializing param=encoder.layer.0.attention.output.LayerNorm.weight]
9099.3s 2211 Loading weights:   4%|▍         | 8/197 [00:00<00:00, 1037.87it/s, Materializing param=encoder.layer.0.attention.output.dense.bias]
9099.3s 2212 Loading weights:   4%|▍         | 8/197 [00:00<00:00, 1020.39it/s, Materializing param=encoder.layer.0.attention.output.dense.bias]
9099.3s 2213 Loading weights:   5%|▍         | 9/197 [00:00<00:00, 1088.14it/s, Materializing param=encoder.layer.0.attention.output.dense.weight]
9099.3s 2214 Loading weights:   5%|▍         | 9/197 [00:00<00:00, 893.31it/s, Materializing param=encoder.layer.0.attention.output.dense.weight]
9099.3s 2215 Loading weights:   5%|▌         | 10/197 [00:00<00:00, 864.54it/s, Materializing param=encoder.layer.0.attention.self.key.bias]
9099.3s 2216 Loading weights:   5%|▌         | 10/197 [00:00<00:00, 856.33it/s, Materializing param=encoder.layer.0.attention.self.key.bias]
9099.3s 2217 Loading weights:   6%|▌         | 11/197 [00:00<00:00, 894.64it/s, Materializing param=encoder.layer.0.attention.self.key.weight]
9099.3s 2218 Loading weights:   6%|▌         | 11/197 [00:00<00:00, 866.88it/s, Materializing param=encoder.layer.0.attention.self.key.weight]
9099.3s 2219 Loading weights:   6%|▌         | 12/197 [00:00<00:00, 880.48it/s, Materializing param=encoder.layer.0.attention.self.query.bias]
9099.3s 2220 Loading weights:   6%|▌         | 12/197 [00:00<00:00, 867.88it/s, Materializing param=encoder.layer.0.attention.self.query.bias]
9099.3s 2221 Loading weights:   7%|▋         | 13/197 [00:00<00:00, 878.08it/s, Materializing param=encoder.layer.0.attention.self.query.weight]
9099.3s 2222 Loading weights:   7%|▋         | 13/197 [00:00<00:00, 871.69it/s, Materializing param=encoder.layer.0.attention.self.query.weight]
9099.3s 2223 Loading weights:   7%|▋         | 14/197 [00:00<00:00, 902.79it/s, Materializing param=encoder.layer.0.attention.self.value.bias]
9099.3s 2224 Loading weights:   7%|▋         | 14/197 [00:00<00:00, 897.10it/s, Materializing param=encoder.layer.0.attention.self.value.bias]
9099.3s 2225 Loading weights:   8%|▊         | 15/197 [00:00<00:00, 947.49it/s, Materializing param=encoder.layer.0.attention.self.value.weight]
9099.3s 2226 Loading weights:   8%|▊         | 15/197 [00:00<00:00, 925.43it/s, Materializing param=encoder.layer.0.attention.self.value.weight]
9099.3s 2227 Loading weights:   8%|▊         | 16/197 [00:00<00:00, 974.34it/s, Materializing param=encoder.layer.0.intermediate.dense.bias]
9099.3s 2228 Loading weights:   8%|▊         | 16/197 [00:00<00:00, 969.22it/s, Materializing param=encoder.layer.0.intermediate.dense.bias]
9099.3s 2229 Loading weights:   9%|▊         | 17/197 [00:00<00:00, 977.37it/s, Materializing param=encoder.layer.0.intermediate.dense.weight]
9099.3s 2230 Loading weights:   9%|▊         | 17/197 [00:00<00:00, 962.59it/s, Materializing param=encoder.layer.0.intermediate.dense.weight]
9099.3s 2231 Loading weights:   9%|▉         | 18/197 [00:00<00:00, 970.97it/s, Materializing param=encoder.layer.0.output.LayerNorm.bias]
9099.3s 2232 Loading weights:   9%|▉         | 18/197 [00:00<00:00, 954.56it/s, Materializing param=encoder.layer.0.output.LayerNorm.bias]
9099.3s 2233 Loading weights:  10%|▉         | 19/197 [00:00<00:00, 991.78it/s, Materializing param=encoder.layer.0.output.LayerNorm.weight]
9099.3s 2234 Loading weights:  10%|▉         | 19/197 [00:00<00:00, 986.70it/s, Materializing param=encoder.layer.0.output.LayerNorm.weight]
9099.3s 2235 Loading weights:  10%|█         | 20/197 [00:00<00:00, 1019.54it/s, Materializing param=encoder.layer.0.output.dense.bias]
9099.3s 2236 Loading weights:  10%|█         | 20/197 [00:00<00:00, 1015.68it/s, Materializing param=encoder.layer.0.output.dense.bias]
9099.3s 2237 Loading weights:  11%|█         | 21/197 [00:00<00:00, 1022.17it/s, Materializing param=encoder.layer.0.output.dense.weight]
9099.3s 2238 Loading weights:  11%|█         | 21/197 [00:00<00:00, 1002.98it/s, Materializing param=encoder.layer.0.output.dense.weight]
9099.3s 2239 Loading weights:  11%|█         | 22/197 [00:00<00:00, 1038.23it/s, Materializing param=encoder.layer.1.attention.output.LayerNorm.bias]
9099.3s 2240 Loading weights:  11%|█         | 22/197 [00:00<00:00, 1033.82it/s, Materializing param=encoder.layer.1.attention.output.LayerNorm.bias]
9099.3s 2241 Loading weights:  12%|█▏        | 23/197 [00:00<00:00, 1070.20it/s, Materializing param=encoder.layer.1.attention.output.LayerNorm.weight]
9099.3s 2242 Loading weights:  12%|█▏        | 23/197 [00:00<00:00, 1066.18it/s, Materializing param=encoder.layer.1.attention.output.LayerNorm.weight]
9099.3s 2243 Loading weights:  12%|█▏        | 24/197 [00:00<00:00, 1050.87it/s, Materializing param=encoder.layer.1.attention.output.dense.bias]
9099.3s 2244 Loading weights:  12%|█▏        | 24/197 [00:00<00:00, 1045.85it/s, Materializing param=encoder.layer.1.attention.output.dense.bias]
9099.3s 2245 Loading weights:  13%|█▎        | 25/197 [00:00<00:00, 1076.78it/s, Materializing param=encoder.layer.1.attention.output.dense.weight]
9099.3s 2246 Loading weights:  13%|█▎        | 25/197 [00:00<00:00, 1067.83it/s, Materializing param=encoder.layer.1.attention.output.dense.weight]
9099.3s 2247 Loading weights:  13%|█▎        | 26/197 [00:00<00:00, 1098.18it/s, Materializing param=encoder.layer.1.attention.self.key.bias]
9099.3s 2248 Loading weights:  13%|█▎        | 26/197 [00:00<00:00, 1093.20it/s, Materializing param=encoder.layer.1.attention.self.key.bias]
9099.3s 2249 Loading weights:  14%|█▎        | 27/197 [00:00<00:00, 1105.60it/s, Materializing param=encoder.layer.1.attention.self.key.weight]
9099.3s 2250 Loading weights:  14%|█▎        | 27/197 [00:00<00:00, 1101.91it/s, Materializing param=encoder.layer.1.attention.self.key.weight]
9099.3s 2251 Loading weights:  14%|█▍        | 28/197 [00:00<00:00, 1131.48it/s, Materializing param=encoder.layer.1.attention.self.query.bias]
9099.3s 2252 Loading weights:  14%|█▍        | 28/197 [00:00<00:00, 1127.65it/s, Materializing param=encoder.layer.1.attention.self.query.bias]
9099.3s 2253 Loading weights:  15%|█▍        | 29/197 [00:00<00:00, 1151.29it/s, Materializing param=encoder.layer.1.attention.self.query.weight]
9099.3s 2254 Loading weights:  15%|█▍        | 29/197 [00:00<00:00, 1146.92it/s, Materializing param=encoder.layer.1.attention.self.query.weight]
9099.3s 2255 Loading weights:  15%|█▌        | 30/197 [00:00<00:00, 1162.30it/s, Materializing param=encoder.layer.1.attention.self.value.bias]
9099.3s 2256 Loading weights:  15%|█▌        | 30/197 [00:00<00:00, 1135.00it/s, Materializing param=encoder.layer.1.attention.self.value.bias]
9099.3s 2257 Loading weights:  16%|█▌        | 31/197 [00:00<00:00, 1141.02it/s, Materializing param=encoder.layer.1.attention.self.value.weight]
9099.3s 2258 Loading weights:  16%|█▌        | 31/197 [00:00<00:00, 1134.33it/s, Materializing param=encoder.layer.1.attention.self.value.weight]
9099.3s 2259 Loading weights:  16%|█▌        | 32/197 [00:00<00:00, 1157.01it/s, Materializing param=encoder.layer.1.intermediate.dense.bias]
9099.3s 2260 Loading weights:  16%|█▌        | 32/197 [00:00<00:00, 1143.86it/s, Materializing param=encoder.layer.1.intermediate.dense.bias]
9099.3s 2261 Loading weights:  17%|█▋        | 33/197 [00:00<00:00, 1125.23it/s, Materializing param=encoder.layer.1.intermediate.dense.weight]
9099.3s 2262 Loading weights:  17%|█▋        | 33/197 [00:00<00:00, 1120.93it/s, Materializing param=encoder.layer.1.intermediate.dense.weight]
9099.3s 2263 Loading weights:  17%|█▋        | 34/197 [00:00<00:00, 1124.11it/s, Materializing param=encoder.layer.1.output.LayerNorm.bias]
9099.3s 2264 Loading weights:  17%|█▋        | 34/197 [00:00<00:00, 1108.05it/s, Materializing param=encoder.layer.1.output.LayerNorm.bias]
9099.3s 2265 Loading weights:  18%|█▊        | 35/197 [00:00<00:00, 1092.35it/s, Materializing param=encoder.layer.1.output.LayerNorm.weight]
9099.3s 2266 Loading weights:  18%|█▊        | 35/197 [00:00<00:00, 1087.56it/s, Materializing param=encoder.layer.1.output.LayerNorm.weight]
9099.3s 2267 Loading weights:  18%|█▊        | 36/197 [00:00<00:00, 1110.85it/s, Materializing param=encoder.layer.1.output.dense.bias]
9099.3s 2268 Loading weights:  18%|█▊        | 36/197 [00:00<00:00, 1107.40it/s, Materializing param=encoder.layer.1.output.dense.bias]
9099.3s 2269 Loading weights:  19%|█▉        | 37/197 [00:00<00:00, 1104.39it/s, Materializing param=encoder.layer.1.output.dense.weight]
9099.3s 2270 Loading weights:  19%|█▉        | 37/197 [00:00<00:00, 1101.55it/s, Materializing param=encoder.layer.1.output.dense.weight]
9099.3s 2271 Loading weights:  19%|█▉        | 38/197 [00:00<00:00, 1123.15it/s, Materializing param=encoder.layer.2.attention.output.LayerNorm.bias]
9099.3s 2272 Loading weights:  19%|█▉        | 38/197 [00:00<00:00, 1120.25it/s, Materializing param=encoder.layer.2.attention.output.LayerNorm.bias]
9099.3s 2273 Loading weights:  20%|█▉        | 39/197 [00:00<00:00, 1137.22it/s, Materializing param=encoder.layer.2.attention.output.LayerNorm.weight]
9099.3s 2274 Loading weights:  20%|█▉        | 39/197 [00:00<00:00, 1134.34it/s, Materializing param=encoder.layer.2.attention.output.LayerNorm.weight]
9099.3s 2275 Loading weights:  20%|██        | 40/197 [00:00<00:00, 1106.01it/s, Materializing param=encoder.layer.2.attention.output.dense.bias]
9099.3s 2276 Loading weights:  20%|██        | 40/197 [00:00<00:00, 1102.92it/s, Materializing param=encoder.layer.2.attention.output.dense.bias]
9099.3s 2277 Loading weights:  21%|██        | 41/197 [00:00<00:00, 1121.47it/s, Materializing param=encoder.layer.2.attention.output.dense.weight]
9099.3s 2278 Loading weights:  21%|██        | 41/197 [00:00<00:00, 1118.82it/s, Materializing param=encoder.layer.2.attention.output.dense.weight]
9099.3s 2279 Loading weights:  21%|██▏       | 42/197 [00:00<00:00, 1118.08it/s, Materializing param=encoder.layer.2.attention.self.key.bias]
9099.3s 2280 Loading weights:  21%|██▏       | 42/197 [00:00<00:00, 1099.53it/s, Materializing param=encoder.layer.2.attention.self.key.bias]
9099.3s 2281 Loading weights:  22%|██▏       | 43/197 [00:00<00:00, 1110.16it/s, Materializing param=encoder.layer.2.attention.self.key.weight]
9099.3s 2282 Loading weights:  22%|██▏       | 43/197 [00:00<00:00, 1104.19it/s, Materializing param=encoder.layer.2.attention.self.key.weight]
9099.3s 2283 Loading weights:  22%|██▏       | 44/197 [00:00<00:00, 1100.67it/s, Materializing param=encoder.layer.2.attention.self.query.bias]
9099.3s 2284 Loading weights:  22%|██▏       | 44/197 [00:00<00:00, 1097.68it/s, Materializing param=encoder.layer.2.attention.self.query.bias]
9099.3s 2285 Loading weights:  23%|██▎       | 45/197 [00:00<00:00, 1112.80it/s, Materializing param=encoder.layer.2.attention.self.query.weight]
9099.3s 2286 Loading weights:  23%|██▎       | 45/197 [00:00<00:00, 1110.60it/s, Materializing param=encoder.layer.2.attention.self.query.weight]
9099.3s 2287 Loading weights:  23%|██▎       | 46/197 [00:00<00:00, 1124.52it/s, Materializing param=encoder.layer.2.attention.self.value.bias]
9099.3s 2288 Loading weights:  23%|██▎       | 46/197 [00:00<00:00, 1121.69it/s, Materializing param=encoder.layer.2.attention.self.value.bias]
9099.3s 2289 Loading weights:  24%|██▍       | 47/197 [00:00<00:00, 1137.54it/s, Materializing param=encoder.layer.2.attention.self.value.weight]
9099.3s 2290 Loading weights:  24%|██▍       | 47/197 [00:00<00:00, 1134.78it/s, Materializing param=encoder.layer.2.attention.self.value.weight]
9099.3s 2291 Loading weights:  24%|██▍       | 48/197 [00:00<00:00, 1139.92it/s, Materializing param=encoder.layer.2.intermediate.dense.bias]
9099.3s 2292 Loading weights:  24%|██▍       | 48/197 [00:00<00:00, 1101.24it/s, Materializing param=encoder.layer.2.intermediate.dense.bias]
9099.3s 2293 Loading weights:  25%|██▍       | 49/197 [00:00<00:00, 1105.28it/s, Materializing param=encoder.layer.2.intermediate.dense.weight]
9099.3s 2294 Loading weights:  25%|██▍       | 49/197 [00:00<00:00, 1100.42it/s, Materializing param=encoder.layer.2.intermediate.dense.weight]
9099.3s 2295 Loading weights:  25%|██▌       | 50/197 [00:00<00:00, 1113.68it/s, Materializing param=encoder.layer.2.output.LayerNorm.bias]
9099.3s 2296 Loading weights:  25%|██▌       | 50/197 [00:00<00:00, 1111.10it/s, Materializing param=encoder.layer.2.output.LayerNorm.bias]
9099.3s 2297 Loading weights:  26%|██▌       | 51/197 [00:00<00:00, 1117.81it/s, Materializing param=encoder.layer.2.output.LayerNorm.weight]
9099.3s 2298 Loading weights:  26%|██▌       | 51/197 [00:00<00:00, 1115.42it/s, Materializing param=encoder.layer.2.output.LayerNorm.weight]
9099.3s 2299 Loading weights:  26%|██▋       | 52/197 [00:00<00:00, 1131.83it/s, Materializing param=encoder.layer.2.output.dense.bias]
9099.3s 2300 Loading weights:  26%|██▋       | 52/197 [00:00<00:00, 1129.63it/s, Materializing param=encoder.layer.2.output.dense.bias]
9099.3s 2301 Loading weights:  27%|██▋       | 53/197 [00:00<00:00, 1095.04it/s, Materializing param=encoder.layer.2.output.dense.weight]
9099.3s 2302 Loading weights:  27%|██▋       | 53/197 [00:00<00:00, 1087.75it/s, Materializing param=encoder.layer.2.output.dense.weight]
9099.3s 2303 Loading weights:  27%|██▋       | 54/197 [00:00<00:00, 1087.05it/s, Materializing param=encoder.layer.3.attention.output.LayerNorm.bias]
9099.3s 2304 Loading weights:  27%|██▋       | 54/197 [00:00<00:00, 1080.30it/s, Materializing param=encoder.layer.3.attention.output.LayerNorm.bias]
9099.3s 2305 Loading weights:  28%|██▊       | 55/197 [00:00<00:00, 1093.24it/s, Materializing param=encoder.layer.3.attention.output.LayerNorm.weight]
9099.3s 2306 Loading weights:  28%|██▊       | 55/197 [00:00<00:00, 1084.87it/s, Materializing param=encoder.layer.3.attention.output.LayerNorm.weight]
9099.3s 2307 Loading weights:  28%|██▊       | 56/197 [00:00<00:00, 1094.82it/s, Materializing param=encoder.layer.3.attention.output.dense.bias]
9099.3s 2308 Loading weights:  28%|██▊       | 56/197 [00:00<00:00, 1086.39it/s, Materializing param=encoder.layer.3.attention.output.dense.bias]
9099.3s 2309 Loading weights:  29%|██▉       | 57/197 [00:00<00:00, 1097.95it/s, Materializing param=encoder.layer.3.attention.output.dense.weight]
9099.3s 2310 Loading weights:  29%|██▉       | 57/197 [00:00<00:00, 1095.54it/s, Materializing param=encoder.layer.3.attention.output.dense.weight]
9099.3s 2311 Loading weights:  29%|██▉       | 58/197 [00:00<00:00, 1107.28it/s, Materializing param=encoder.layer.3.attention.self.key.bias]
9099.3s 2312 Loading weights:  29%|██▉       | 58/197 [00:00<00:00, 1105.20it/s, Materializing param=encoder.layer.3.attention.self.key.bias]
9099.3s 2313 Loading weights:  30%|██▉       | 59/197 [00:00<00:00, 1118.98it/s, Materializing param=encoder.layer.3.attention.self.key.weight]
9099.3s 2314 Loading weights:  30%|██▉       | 59/197 [00:00<00:00, 1117.47it/s, Materializing param=encoder.layer.3.attention.self.key.weight]
9099.3s 2315 Loading weights:  30%|███       | 60/197 [00:00<00:00, 1132.18it/s, Materializing param=encoder.layer.3.attention.self.query.bias]
9099.3s 2316 Loading weights:  30%|███       | 60/197 [00:00<00:00, 1128.99it/s, Materializing param=encoder.layer.3.attention.self.query.bias]
9099.3s 2317 Loading weights:  31%|███       | 61/197 [00:00<00:00, 1141.93it/s, Materializing param=encoder.layer.3.attention.self.query.weight]
9099.3s 2318 Loading weights:  31%|███       | 61/197 [00:00<00:00, 1134.27it/s, Materializing param=encoder.layer.3.attention.self.query.weight]
9099.3s 2319 Loading weights:  31%|███▏      | 62/197 [00:00<00:00, 1144.65it/s, Materializing param=encoder.layer.3.attention.self.value.bias]
9099.3s 2320 Loading weights:  31%|███▏      | 62/197 [00:00<00:00, 1128.38it/s, Materializing param=encoder.layer.3.attention.self.value.bias]
9099.3s 2321 Loading weights:  32%|███▏      | 63/197 [00:00<00:00, 1136.41it/s, Materializing param=encoder.layer.3.attention.self.value.weight]
9099.3s 2322 Loading weights:  32%|███▏      | 63/197 [00:00<00:00, 1134.17it/s, Materializing param=encoder.layer.3.attention.self.value.weight]
9099.3s 2323 Loading weights:  32%|███▏      | 64/197 [00:00<00:00, 1143.30it/s, Materializing param=encoder.layer.3.intermediate.dense.bias]
9099.3s 2324 Loading weights:  32%|███▏      | 64/197 [00:00<00:00, 1140.49it/s, Materializing param=encoder.layer.3.intermediate.dense.bias]
9099.3s 2325 Loading weights:  33%|███▎      | 65/197 [00:00<00:00, 1152.87it/s, Materializing param=encoder.layer.3.intermediate.dense.weight]
9099.3s 2326 Loading weights:  33%|███▎      | 65/197 [00:00<00:00, 1150.88it/s, Materializing param=encoder.layer.3.intermediate.dense.weight]
9099.3s 2327 Loading weights:  34%|███▎      | 66/197 [00:00<00:00, 1162.73it/s, Materializing param=encoder.layer.3.output.LayerNorm.bias]
9099.3s 2328 Loading weights:  34%|███▎      | 66/197 [00:00<00:00, 1160.54it/s, Materializing param=encoder.layer.3.output.LayerNorm.bias]
9099.3s 2329 Loading weights:  34%|███▍      | 67/197 [00:00<00:00, 1172.36it/s, Materializing param=encoder.layer.3.output.LayerNorm.weight]
9099.3s 2330 Loading weights:  34%|███▍      | 67/197 [00:00<00:00, 1167.82it/s, Materializing param=encoder.layer.3.output.LayerNorm.weight]
9099.3s 2331 Loading weights:  35%|███▍      | 68/197 [00:00<00:00, 1164.63it/s, Materializing param=encoder.layer.3.output.dense.bias]
9099.3s 2332 Loading weights:  35%|███▍      | 68/197 [00:00<00:00, 1162.14it/s, Materializing param=encoder.layer.3.output.dense.bias]
9099.3s 2333 Loading weights:  35%|███▌      | 69/197 [00:00<00:00, 1173.96it/s, Materializing param=encoder.layer.3.output.dense.weight]
9099.3s 2334 Loading weights:  35%|███▌      | 69/197 [00:00<00:00, 1169.61it/s, Materializing param=encoder.layer.3.output.dense.weight]
9099.3s 2335 Loading weights:  36%|███▌      | 70/197 [00:00<00:00, 1180.44it/s, Materializing param=encoder.layer.4.attention.output.LayerNorm.bias]
9099.3s 2336 Loading weights:  36%|███▌      | 70/197 [00:00<00:00, 1174.48it/s, Materializing param=encoder.layer.4.attention.output.LayerNorm.bias]
9099.3s 2337 Loading weights:  36%|███▌      | 71/197 [00:00<00:00, 1184.97it/s, Materializing param=encoder.layer.4.attention.output.LayerNorm.weight]
9099.3s 2338 Loading weights:  36%|███▌      | 71/197 [00:00<00:00, 1178.89it/s, Materializing param=encoder.layer.4.attention.output.LayerNorm.weight]
9099.3s 2339 Loading weights:  37%|███▋      | 72/197 [00:00<00:00, 1185.94it/s, Materializing param=encoder.layer.4.attention.output.dense.bias]
9099.3s 2340 Loading weights:  37%|███▋      | 72/197 [00:00<00:00, 1179.91it/s, Materializing param=encoder.layer.4.attention.output.dense.bias]
9099.3s 2341 Loading weights:  37%|███▋      | 73/197 [00:00<00:00, 1183.85it/s, Materializing param=encoder.layer.4.attention.output.dense.weight]
9099.3s 2342 Loading weights:  37%|███▋      | 73/197 [00:00<00:00, 1181.49it/s, Materializing param=encoder.layer.4.attention.output.dense.weight]
9099.3s 2343 Loading weights:  38%|███▊      | 74/197 [00:00<00:00, 1193.36it/s, Materializing param=encoder.layer.4.attention.self.key.bias]
9099.3s 2344 Loading weights:  38%|███▊      | 74/197 [00:00<00:00, 1191.03it/s, Materializing param=encoder.layer.4.attention.self.key.bias]
9099.3s 2345 Loading weights:  38%|███▊      | 75/197 [00:00<00:00, 1200.83it/s, Materializing param=encoder.layer.4.attention.self.key.weight]
9099.3s 2346 Loading weights:  38%|███▊      | 75/197 [00:00<00:00, 1199.01it/s, Materializing param=encoder.layer.4.attention.self.key.weight]
9099.3s 2347 Loading weights:  39%|███▊      | 76/197 [00:00<00:00, 1210.63it/s, Materializing param=encoder.layer.4.attention.self.query.bias]
9099.3s 2348 Loading weights:  39%|███▊      | 76/197 [00:00<00:00, 1208.62it/s, Materializing param=encoder.layer.4.attention.self.query.bias]
9099.3s 2349 Loading weights:  39%|███▉      | 77/197 [00:00<00:00, 1219.77it/s, Materializing param=encoder.layer.4.attention.self.query.weight]
9099.3s 2350 Loading weights:  39%|███▉      | 77/197 [00:00<00:00, 1217.42it/s, Materializing param=encoder.layer.4.attention.self.query.weight]
9099.3s 2351 Loading weights:  40%|███▉      | 78/197 [00:00<00:00, 1227.61it/s, Materializing param=encoder.layer.4.attention.self.value.bias]
9099.3s 2352 Loading weights:  40%|███▉      | 78/197 [00:00<00:00, 1220.57it/s, Materializing param=encoder.layer.4.attention.self.value.bias]
9099.3s 2353 Loading weights:  40%|████      | 79/197 [00:00<00:00, 1229.18it/s, Materializing param=encoder.layer.4.attention.self.value.weight]
9099.3s 2354 Loading weights:  40%|████      | 79/197 [00:00<00:00, 1227.20it/s, Materializing param=encoder.layer.4.attention.self.value.weight]
9099.3s 2355 Loading weights:  41%|████      | 80/197 [00:00<00:00, 1229.36it/s, Materializing param=encoder.layer.4.intermediate.dense.bias]
9099.3s 2356 Loading weights:  41%|████      | 80/197 [00:00<00:00, 1222.96it/s, Materializing param=encoder.layer.4.intermediate.dense.bias]
9099.3s 2357 Loading weights:  41%|████      | 81/197 [00:00<00:00, 1233.29it/s, Materializing param=encoder.layer.4.intermediate.dense.weight]
9099.3s 2358 Loading weights:  41%|████      | 81/197 [00:00<00:00, 1231.49it/s, Materializing param=encoder.layer.4.intermediate.dense.weight]
9099.3s 2359 Loading weights:  42%|████▏     | 82/197 [00:00<00:00, 1242.38it/s, Materializing param=encoder.layer.4.output.LayerNorm.bias]
9099.3s 2360 Loading weights:  42%|████▏     | 82/197 [00:00<00:00, 1239.81it/s, Materializing param=encoder.layer.4.output.LayerNorm.bias]
9099.3s 2361 Loading weights:  42%|████▏     | 83/197 [00:00<00:00, 1212.44it/s, Materializing param=encoder.layer.4.output.LayerNorm.weight]
9099.3s 2362 Loading weights:  42%|████▏     | 83/197 [00:00<00:00, 1210.94it/s, Materializing param=encoder.layer.4.output.LayerNorm.weight]
9099.3s 2363 Loading weights:  43%|████▎     | 84/197 [00:00<00:00, 1221.21it/s, Materializing param=encoder.layer.4.output.dense.bias]
9099.3s 2364 Loading weights:  43%|████▎     | 84/197 [00:00<00:00, 1219.92it/s, Materializing param=encoder.layer.4.output.dense.bias]
9099.3s 2365 Loading weights:  43%|████▎     | 85/197 [00:00<00:00, 1217.59it/s, Materializing param=encoder.layer.4.output.dense.weight]
9099.3s 2366 Loading weights:  43%|████▎     | 85/197 [00:00<00:00, 1210.46it/s, Materializing param=encoder.layer.4.output.dense.weight]
9099.3s 2367 Loading weights:  44%|████▎     | 86/197 [00:00<00:00, 1214.22it/s, Materializing param=encoder.layer.5.attention.output.LayerNorm.bias]
9099.3s 2368 Loading weights:  44%|████▎     | 86/197 [00:00<00:00, 1212.37it/s, Materializing param=encoder.layer.5.attention.output.LayerNorm.bias]
9099.3s 2369 Loading weights:  44%|████▍     | 87/197 [00:00<00:00, 1220.62it/s, Materializing param=encoder.layer.5.attention.output.LayerNorm.weight]
9099.3s 2370 Loading weights:  44%|████▍     | 87/197 [00:00<00:00, 1218.82it/s, Materializing param=encoder.layer.5.attention.output.LayerNorm.weight]
9099.3s 2371 Loading weights:  45%|████▍     | 88/197 [00:00<00:00, 1211.52it/s, Materializing param=encoder.layer.5.attention.output.dense.bias]
9099.3s 2372 Loading weights:  45%|████▍     | 88/197 [00:00<00:00, 1209.72it/s, Materializing param=encoder.layer.5.attention.output.dense.bias]
9099.3s 2373 Loading weights:  45%|████▌     | 89/197 [00:00<00:00, 1218.38it/s, Materializing param=encoder.layer.5.attention.output.dense.weight]
9099.3s 2374 Loading weights:  45%|████▌     | 89/197 [00:00<00:00, 1215.59it/s, Materializing param=encoder.layer.5.attention.output.dense.weight]
9099.3s 2375 Loading weights:  46%|████▌     | 90/197 [00:00<00:00, 1224.46it/s, Materializing param=encoder.layer.5.attention.self.key.bias]
9099.3s 2376 Loading weights:  46%|████▌     | 90/197 [00:00<00:00, 1222.82it/s, Materializing param=encoder.layer.5.attention.self.key.bias]
9099.3s 2377 Loading weights:  46%|████▌     | 91/197 [00:00<00:00, 1221.60it/s, Materializing param=encoder.layer.5.attention.self.key.weight]
9099.3s 2378 Loading weights:  46%|████▌     | 91/197 [00:00<00:00, 1220.23it/s, Materializing param=encoder.layer.5.attention.self.key.weight]
9099.3s 2379 Loading weights:  47%|████▋     | 92/197 [00:00<00:00, 1228.62it/s, Materializing param=encoder.layer.5.attention.self.query.bias]
9099.3s 2380 Loading weights:  47%|████▋     | 92/197 [00:00<00:00, 1226.98it/s, Materializing param=encoder.layer.5.attention.self.query.bias]
9099.3s 2381 Loading weights:  47%|████▋     | 93/197 [00:00<00:00, 1233.19it/s, Materializing param=encoder.layer.5.attention.self.query.weight]
9099.3s 2382 Loading weights:  47%|████▋     | 93/197 [00:00<00:00, 1231.39it/s, Materializing param=encoder.layer.5.attention.self.query.weight]
9099.3s 2383 Loading weights:  48%|████▊     | 94/197 [00:00<00:00, 1227.53it/s, Materializing param=encoder.layer.5.attention.self.value.bias]
9099.3s 2384 Loading weights:  48%|████▊     | 94/197 [00:00<00:00, 1225.48it/s, Materializing param=encoder.layer.5.attention.self.value.bias]
9099.3s 2385 Loading weights:  48%|████▊     | 95/197 [00:00<00:00, 1229.09it/s, Materializing param=encoder.layer.5.attention.self.value.weight]
9099.3s 2386 Loading weights:  48%|████▊     | 95/197 [00:00<00:00, 1227.12it/s, Materializing param=encoder.layer.5.attention.self.value.weight]
9099.3s 2387 Loading weights:  49%|████▊     | 96/197 [00:00<00:00, 1235.37it/s, Materializing param=encoder.layer.5.intermediate.dense.bias]
9099.3s 2388 Loading weights:  49%|████▊     | 96/197 [00:00<00:00, 1233.54it/s, Materializing param=encoder.layer.5.intermediate.dense.bias]
9099.3s 2389 Loading weights:  49%|████▉     | 97/197 [00:00<00:00, 1230.62it/s, Materializing param=encoder.layer.5.intermediate.dense.weight]
9099.3s 2390 Loading weights:  49%|████▉     | 97/197 [00:00<00:00, 1225.67it/s, Materializing param=encoder.layer.5.intermediate.dense.weight]
9099.3s 2391 Loading weights:  50%|████▉     | 98/197 [00:00<00:00, 1227.10it/s, Materializing param=encoder.layer.5.output.LayerNorm.bias]
9099.3s 2392 Loading weights:  50%|████▉     | 98/197 [00:00<00:00, 1222.83it/s, Materializing param=encoder.layer.5.output.LayerNorm.bias]
9099.3s 2393 Loading weights:  50%|█████     | 99/197 [00:00<00:00, 1231.02it/s, Materializing param=encoder.layer.5.output.LayerNorm.weight]
9099.3s 2394 Loading weights:  50%|█████     | 99/197 [00:00<00:00, 1229.63it/s, Materializing param=encoder.layer.5.output.LayerNorm.weight]
9099.3s 2395 Loading weights:  51%|█████     | 100/197 [00:00<00:00, 1235.95it/s, Materializing param=encoder.layer.5.output.dense.bias]
9099.3s 2396 Loading weights:  51%|█████     | 100/197 [00:00<00:00, 1222.06it/s, Materializing param=encoder.layer.5.output.dense.bias]
9099.3s 2397 Loading weights:  51%|█████▏    | 101/197 [00:00<00:00, 1227.60it/s, Materializing param=encoder.layer.5.output.dense.weight]
9099.3s 2398 Loading weights:  51%|█████▏    | 101/197 [00:00<00:00, 1225.72it/s, Materializing param=encoder.layer.5.output.dense.weight]
9099.3s 2399 Loading weights:  52%|█████▏    | 102/197 [00:00<00:00, 1225.61it/s, Materializing param=encoder.layer.6.attention.output.LayerNorm.bias]
9099.3s 2400 Loading weights:  52%|█████▏    | 102/197 [00:00<00:00, 1223.97it/s, Materializing param=encoder.layer.6.attention.output.LayerNorm.bias]
9099.3s 2401 Loading weights:  52%|█████▏    | 103/197 [00:00<00:00, 1228.94it/s, Materializing param=encoder.layer.6.attention.output.LayerNorm.weight]
9099.3s 2402 Loading weights:  52%|█████▏    | 103/197 [00:00<00:00, 1226.91it/s, Materializing param=encoder.layer.6.attention.output.LayerNorm.weight]
9099.3s 2403 Loading weights:  53%|█████▎    | 104/197 [00:00<00:00, 1223.76it/s, Materializing param=encoder.layer.6.attention.output.dense.bias]
9099.3s 2404 Loading weights:  53%|█████▎    | 104/197 [00:00<00:00, 1222.29it/s, Materializing param=encoder.layer.6.attention.output.dense.bias]
9099.3s 2405 Loading weights:  53%|█████▎    | 105/197 [00:00<00:00, 1229.37it/s, Materializing param=encoder.layer.6.attention.output.dense.weight]
9099.3s 2406 Loading weights:  53%|█████▎    | 105/197 [00:00<00:00, 1228.12it/s, Materializing param=encoder.layer.6.attention.output.dense.weight]
9099.3s 2407 Loading weights:  54%|█████▍    | 106/197 [00:00<00:00, 1230.51it/s, Materializing param=encoder.layer.6.attention.self.key.bias]
9099.3s 2408 Loading weights:  54%|█████▍    | 106/197 [00:00<00:00, 1229.23it/s, Materializing param=encoder.layer.6.attention.self.key.bias]
9099.3s 2409 Loading weights:  54%|█████▍    | 107/197 [00:00<00:00, 1232.35it/s, Materializing param=encoder.layer.6.attention.self.key.weight]
9099.3s 2410 Loading weights:  54%|█████▍    | 107/197 [00:00<00:00, 1230.90it/s, Materializing param=encoder.layer.6.attention.self.key.weight]
9099.3s 2411 Loading weights:  55%|█████▍    | 108/197 [00:00<00:00, 1234.38it/s, Materializing param=encoder.layer.6.attention.self.query.bias]
9099.3s 2412 Loading weights:  55%|█████▍    | 108/197 [00:00<00:00, 1232.84it/s, Materializing param=encoder.layer.6.attention.self.query.bias]
9099.3s 2413 Loading weights:  55%|█████▌    | 109/197 [00:00<00:00, 1241.02it/s, Materializing param=encoder.layer.6.attention.self.query.weight]
9099.3s 2414 Loading weights:  55%|█████▌    | 109/197 [00:00<00:00, 1237.58it/s, Materializing param=encoder.layer.6.attention.self.query.weight]
9099.3s 2415 Loading weights:  56%|█████▌    | 110/197 [00:00<00:00, 1242.01it/s, Materializing param=encoder.layer.6.attention.self.value.bias]
9099.3s 2416 Loading weights:  56%|█████▌    | 110/197 [00:00<00:00, 1240.90it/s, Materializing param=encoder.layer.6.attention.self.value.bias]
9099.3s 2417 Loading weights:  56%|█████▋    | 111/197 [00:00<00:00, 1244.24it/s, Materializing param=encoder.layer.6.attention.self.value.weight]
9099.3s 2418 Loading weights:  56%|█████▋    | 111/197 [00:00<00:00, 1242.66it/s, Materializing param=encoder.layer.6.attention.self.value.weight]
9099.3s 2419 Loading weights:  57%|█████▋    | 112/197 [00:00<00:00, 1250.48it/s, Materializing param=encoder.layer.6.intermediate.dense.bias]
9099.3s 2420 Loading weights:  57%|█████▋    | 112/197 [00:00<00:00, 1249.29it/s, Materializing param=encoder.layer.6.intermediate.dense.bias]
9099.3s 2421 Loading weights:  57%|█████▋    | 113/197 [00:00<00:00, 1256.76it/s, Materializing param=encoder.layer.6.intermediate.dense.weight]
9099.3s 2422 Loading weights:  57%|█████▋    | 113/197 [00:00<00:00, 1255.53it/s, Materializing param=encoder.layer.6.intermediate.dense.weight]
9099.3s 2423 Loading weights:  58%|█████▊    | 114/197 [00:00<00:00, 1263.34it/s, Materializing param=encoder.layer.6.output.LayerNorm.bias]
9099.3s 2424 Loading weights:  58%|█████▊    | 114/197 [00:00<00:00, 1261.96it/s, Materializing param=encoder.layer.6.output.LayerNorm.bias]
9099.3s 2425 Loading weights:  58%|█████▊    | 115/197 [00:00<00:00, 1269.74it/s, Materializing param=encoder.layer.6.output.LayerNorm.weight]
9099.3s 2426 Loading weights:  58%|█████▊    | 115/197 [00:00<00:00, 1268.45it/s, Materializing param=encoder.layer.6.output.LayerNorm.weight]
9099.3s 2427 Loading weights:  59%|█████▉    | 116/197 [00:00<00:00, 1276.43it/s, Materializing param=encoder.layer.6.output.dense.bias]
9099.3s 2428 Loading weights:  59%|█████▉    | 116/197 [00:00<00:00, 1275.18it/s, Materializing param=encoder.layer.6.output.dense.bias]
9099.3s 2429 Loading weights:  59%|█████▉    | 117/197 [00:00<00:00, 1282.86it/s, Materializing param=encoder.layer.6.output.dense.weight]
9099.3s 2430 Loading weights:  59%|█████▉    | 117/197 [00:00<00:00, 1281.55it/s, Materializing param=encoder.layer.6.output.dense.weight]
9099.3s 2431 Loading weights:  60%|█████▉    | 118/197 [00:00<00:00, 1289.28it/s, Materializing param=encoder.layer.7.attention.output.LayerNorm.bias]
9099.3s 2432 Loading weights:  60%|█████▉    | 118/197 [00:00<00:00, 1288.00it/s, Materializing param=encoder.layer.7.attention.output.LayerNorm.bias]
9099.3s 2433 Loading weights:  60%|██████    | 119/197 [00:00<00:00, 1295.72it/s, Materializing param=encoder.layer.7.attention.output.LayerNorm.weight]
9099.3s 2434 Loading weights:  60%|██████    | 119/197 [00:00<00:00, 1294.45it/s, Materializing param=encoder.layer.7.attention.output.LayerNorm.weight]
9099.3s 2435 Loading weights:  61%|██████    | 120/197 [00:00<00:00, 1302.13it/s, Materializing param=encoder.layer.7.attention.output.dense.bias]
9099.3s 2436 Loading weights:  61%|██████    | 120/197 [00:00<00:00, 1300.79it/s, Materializing param=encoder.layer.7.attention.output.dense.bias]
9099.3s 2437 Loading weights:  61%|██████▏   | 121/197 [00:00<00:00, 1308.04it/s, Materializing param=encoder.layer.7.attention.output.dense.weight]
9099.3s 2438 Loading weights:  61%|██████▏   | 121/197 [00:00<00:00, 1306.53it/s, Materializing param=encoder.layer.7.attention.output.dense.weight]
9099.3s 2439 Loading weights:  62%|██████▏   | 122/197 [00:00<00:00, 1312.32it/s, Materializing param=encoder.layer.7.attention.self.key.bias]
9099.3s 2440 Loading weights:  62%|██████▏   | 122/197 [00:00<00:00, 1310.84it/s, Materializing param=encoder.layer.7.attention.self.key.bias]
9099.3s 2441 Loading weights:  62%|██████▏   | 123/197 [00:00<00:00, 1314.90it/s, Materializing param=encoder.layer.7.attention.self.key.weight]
9099.3s 2442 Loading weights:  62%|██████▏   | 123/197 [00:00<00:00, 1312.41it/s, Materializing param=encoder.layer.7.attention.self.key.weight]
9099.3s 2443 Loading weights:  63%|██████▎   | 124/197 [00:00<00:00, 1319.19it/s, Materializing param=encoder.layer.7.attention.self.query.bias]
9099.3s 2444 Loading weights:  63%|██████▎   | 124/197 [00:00<00:00, 1316.45it/s, Materializing param=encoder.layer.7.attention.self.query.bias]
9099.3s 2445 Loading weights:  63%|██████▎   | 125/197 [00:00<00:00, 1323.96it/s, Materializing param=encoder.layer.7.attention.self.query.weight]
9099.3s 2446 Loading weights:  63%|██████▎   | 125/197 [00:00<00:00, 1322.73it/s, Materializing param=encoder.layer.7.attention.self.query.weight]
9099.3s 2447 Loading weights:  64%|██████▍   | 126/197 [00:00<00:00, 1330.62it/s, Materializing param=encoder.layer.7.attention.self.value.bias]
9099.3s 2448 Loading weights:  64%|██████▍   | 126/197 [00:00<00:00, 1329.42it/s, Materializing param=encoder.layer.7.attention.self.value.bias]
9099.3s 2449 Loading weights:  64%|██████▍   | 127/197 [00:00<00:00, 1336.85it/s, Materializing param=encoder.layer.7.attention.self.value.weight]
9099.3s 2450 Loading weights:  64%|██████▍   | 127/197 [00:00<00:00, 1335.42it/s, Materializing param=encoder.layer.7.attention.self.value.weight]
9099.3s 2451 Loading weights:  65%|██████▍   | 128/197 [00:00<00:00, 1342.31it/s, Materializing param=encoder.layer.7.intermediate.dense.bias]
9099.3s 2452 Loading weights:  65%|██████▍   | 128/197 [00:00<00:00, 1340.97it/s, Materializing param=encoder.layer.7.intermediate.dense.bias]
9099.3s 2453 Loading weights:  65%|██████▌   | 129/197 [00:00<00:00, 1348.52it/s, Materializing param=encoder.layer.7.intermediate.dense.weight]
9099.3s 2454 Loading weights:  65%|██████▌   | 129/197 [00:00<00:00, 1347.19it/s, Materializing param=encoder.layer.7.intermediate.dense.weight]
9099.3s 2455 Loading weights:  66%|██████▌   | 130/197 [00:00<00:00, 1354.51it/s, Materializing param=encoder.layer.7.output.LayerNorm.bias]
9099.3s 2456 Loading weights:  66%|██████▌   | 130/197 [00:00<00:00, 1353.05it/s, Materializing param=encoder.layer.7.output.LayerNorm.bias]
9099.3s 2457 Loading weights:  66%|██████▋   | 131/197 [00:00<00:00, 1360.59it/s, Materializing param=encoder.layer.7.output.LayerNorm.weight]
9099.3s 2458 Loading weights:  66%|██████▋   | 131/197 [00:00<00:00, 1359.31it/s, Materializing param=encoder.layer.7.output.LayerNorm.weight]
9099.3s 2459 Loading weights:  67%|██████▋   | 132/197 [00:00<00:00, 1367.26it/s, Materializing param=encoder.layer.7.output.dense.bias]
9099.3s 2460 Loading weights:  67%|██████▋   | 132/197 [00:00<00:00, 1366.13it/s, Materializing param=encoder.layer.7.output.dense.bias]
9099.3s 2461 Loading weights:  68%|██████▊   | 133/197 [00:00<00:00, 1372.98it/s, Materializing param=encoder.layer.7.output.dense.weight]
9099.3s 2462 Loading weights:  68%|██████▊   | 133/197 [00:00<00:00, 1371.65it/s, Materializing param=encoder.layer.7.output.dense.weight]
9099.3s 2463 Loading weights:  68%|██████▊   | 134/197 [00:00<00:00, 1378.78it/s, Materializing param=encoder.layer.8.attention.output.LayerNorm.bias]
9099.3s 2464 Loading weights:  68%|██████▊   | 134/197 [00:00<00:00, 1377.39it/s, Materializing param=encoder.layer.8.attention.output.LayerNorm.bias]
9099.3s 2465 Loading weights:  69%|██████▊   | 135/197 [00:00<00:00, 1384.28it/s, Materializing param=encoder.layer.8.attention.output.LayerNorm.weight]
9099.3s 2466 Loading weights:  69%|██████▊   | 135/197 [00:00<00:00, 1382.91it/s, Materializing param=encoder.layer.8.attention.output.LayerNorm.weight]
9099.3s 2467 Loading weights:  69%|██████▉   | 136/197 [00:00<00:00, 1389.91it/s, Materializing param=encoder.layer.8.attention.output.dense.bias]
9099.3s 2468 Loading weights:  69%|██████▉   | 136/197 [00:00<00:00, 1388.33it/s, Materializing param=encoder.layer.8.attention.output.dense.bias]
9099.3s 2469 Loading weights:  70%|██████▉   | 137/197 [00:00<00:00, 1395.69it/s, Materializing param=encoder.layer.8.attention.output.dense.weight]
9099.3s 2470 Loading weights:  70%|██████▉   | 137/197 [00:00<00:00, 1394.36it/s, Materializing param=encoder.layer.8.attention.output.dense.weight]
9099.3s 2471 Loading weights:  70%|███████   | 138/197 [00:00<00:00, 1401.53it/s, Materializing param=encoder.layer.8.attention.self.key.bias]
9099.3s 2472 Loading weights:  70%|███████   | 138/197 [00:00<00:00, 1399.98it/s, Materializing param=encoder.layer.8.attention.self.key.bias]
9099.3s 2473 Loading weights:  71%|███████   | 139/197 [00:00<00:00, 1407.69it/s, Materializing param=encoder.layer.8.attention.self.key.weight]
9099.3s 2474 Loading weights:  71%|███████   | 139/197 [00:00<00:00, 1406.51it/s, Materializing param=encoder.layer.8.attention.self.key.weight]
9099.3s 2475 Loading weights:  71%|███████   | 140/197 [00:00<00:00, 1415.14it/s, Materializing param=encoder.layer.8.attention.self.query.bias]
9099.3s 2476 Loading weights:  71%|███████   | 140/197 [00:00<00:00, 1414.35it/s, Materializing param=encoder.layer.8.attention.self.query.bias]
9099.3s 2477 Loading weights:  72%|███████▏  | 141/197 [00:00<00:00, 1423.02it/s, Materializing param=encoder.layer.8.attention.self.query.weight]
9099.3s 2478 Loading weights:  72%|███████▏  | 141/197 [00:00<00:00, 1421.37it/s, Materializing param=encoder.layer.8.attention.self.query.weight]
9099.3s 2479 Loading weights:  72%|███████▏  | 142/197 [00:00<00:00, 1429.80it/s, Materializing param=encoder.layer.8.attention.self.value.bias]
9099.3s 2480 Loading weights:  72%|███████▏  | 142/197 [00:00<00:00, 1428.90it/s, Materializing param=encoder.layer.8.attention.self.value.bias]
9099.3s 2481 Loading weights:  73%|███████▎  | 143/197 [00:00<00:00, 1437.53it/s, Materializing param=encoder.layer.8.attention.self.value.weight]
9099.3s 2482 Loading weights:  73%|███████▎  | 143/197 [00:00<00:00, 1436.76it/s, Materializing param=encoder.layer.8.attention.self.value.weight]
9099.3s 2483 Loading weights:  73%|███████▎  | 144/197 [00:00<00:00, 1445.44it/s, Materializing param=encoder.layer.8.intermediate.dense.bias]
9099.3s 2484 Loading weights:  73%|███████▎  | 144/197 [00:00<00:00, 1444.68it/s, Materializing param=encoder.layer.8.intermediate.dense.bias]
9099.3s 2485 Loading weights:  74%|███████▎  | 145/197 [00:00<00:00, 1453.35it/s, Materializing param=encoder.layer.8.intermediate.dense.weight]
9099.3s 2486 Loading weights:  74%|███████▎  | 145/197 [00:00<00:00, 1452.59it/s, Materializing param=encoder.layer.8.intermediate.dense.weight]
9099.3s 2487 Loading weights:  74%|███████▍  | 146/197 [00:00<00:00, 1461.27it/s, Materializing param=encoder.layer.8.output.LayerNorm.bias]
9099.3s 2488 Loading weights:  74%|███████▍  | 146/197 [00:00<00:00, 1460.52it/s, Materializing param=encoder.layer.8.output.LayerNorm.bias]
9099.3s 2489 Loading weights:  75%|███████▍  | 147/197 [00:00<00:00, 1469.15it/s, Materializing param=encoder.layer.8.output.LayerNorm.bias]
9099.3s 2490 Loading weights:  75%|███████▍  | 147/197 [00:00<00:00, 1469.15it/s, Materializing param=encoder.layer.8.output.LayerNorm.weight]
9099.3s 2491 Loading weights:  75%|███████▍  | 147/197 [00:00<00:00, 1469.15it/s, Materializing param=encoder.layer.8.output.LayerNorm.weight]
9099.3s 2492 Loading weights:  75%|███████▌  | 148/197 [00:00<00:00, 1469.15it/s, Materializing param=encoder.layer.8.output.dense.bias]
9099.3s 2493 Loading weights:  75%|███████▌  | 148/197 [00:00<00:00, 1469.15it/s, Materializing param=encoder.layer.8.output.dense.bias]
9099.3s 2494 Loading weights:  76%|███████▌  | 149/197 [00:00<00:00, 1469.15it/s, Materializing param=encoder.layer.8.output.dense.weight]
9099.3s 2495 Loading weights:  76%|███████▌  | 149/197 [00:00<00:00, 1469.15it/s, Materializing param=encoder.layer.8.output.dense.weight]
9099.3s 2496 Loading weights:  76%|███████▌  | 150/197 [00:00<00:00, 1469.15it/s, Materializing param=encoder.layer.9.attention.output.LayerNorm.bias]
9099.3s 2497 Loading weights:  76%|███████▌  | 150/197 [00:00<00:00, 1469.15it/s, Materializing param=encoder.layer.9.attention.output.LayerNorm.bias]
9099.3s 2498 Loading weights:  77%|███████▋  | 151/197 [00:00<00:00, 1469.15it/s, Materializing param=encoder.layer.9.attention.output.LayerNorm.weight]
9099.3s 2499 Loading weights:  77%|███████▋  | 151/197 [00:00<00:00, 1469.15it/s, Materializing param=encoder.layer.9.attention.output.LayerNorm.weight]
9099.3s 2500 Loading weights:  77%|███████▋  | 152/197 [00:00<00:00, 1469.15it/s, Materializing param=encoder.layer.9.attention.output.dense.bias]
9099.3s 2501 Loading weights:  77%|███████▋  | 152/197 [00:00<00:00, 1469.15it/s, Materializing param=encoder.layer.9.attention.output.dense.bias]
9099.3s 2502 Loading weights:  78%|███████▊  | 153/197 [00:00<00:00, 1469.15it/s, Materializing param=encoder.layer.9.attention.output.dense.weight]
9099.3s 2503 Loading weights:  78%|███████▊  | 153/197 [00:00<00:00, 1469.15it/s, Materializing param=encoder.layer.9.attention.output.dense.weight]
9099.3s 2504 Loading weights:  78%|███████▊  | 154/197 [00:00<00:00, 1469.15it/s, Materializing param=encoder.layer.9.attention.self.key.bias]
9099.3s 2505 Loading weights:  78%|███████▊  | 154/197 [00:00<00:00, 1469.15it/s, Materializing param=encoder.layer.9.attention.self.key.bias]
9099.3s 2506 Loading weights:  79%|███████▊  | 155/197 [00:00<00:00, 1469.15it/s, Materializing param=encoder.layer.9.attention.self.key.weight]
9099.3s 2507 Loading weights:  79%|███████▊  | 155/197 [00:00<00:00, 1469.15it/s, Materializing param=encoder.layer.9.attention.self.key.weight]
9099.3s 2508 Loading weights:  79%|███████▉  | 156/197 [00:00<00:00, 1469.15it/s, Materializing param=encoder.layer.9.attention.self.query.bias]
9099.3s 2509 Loading weights:  79%|███████▉  | 156/197 [00:00<00:00, 1469.15it/s, Materializing param=encoder.layer.9.attention.self.query.bias]
9099.3s 2510 Loading weights:  80%|███████▉  | 157/197 [00:00<00:00, 1469.15it/s, Materializing param=encoder.layer.9.attention.self.query.weight]
9099.3s 2511 Loading weights:  80%|███████▉  | 157/197 [00:00<00:00, 1469.15it/s, Materializing param=encoder.layer.9.attention.self.query.weight]
9099.3s 2512 Loading weights:  80%|████████  | 158/197 [00:00<00:00, 1469.15it/s, Materializing param=encoder.layer.9.attention.self.value.bias]
9099.3s 2513 Loading weights:  80%|████████  | 158/197 [00:00<00:00, 1469.15it/s, Materializing param=encoder.layer.9.attention.self.value.bias]
9099.3s 2514 Loading weights:  81%|████████  | 159/197 [00:00<00:00, 1469.15it/s, Materializing param=encoder.layer.9.attention.self.value.weight]
9099.3s 2515 Loading weights:  81%|████████  | 159/197 [00:00<00:00, 1469.15it/s, Materializing param=encoder.layer.9.attention.self.value.weight]
9099.3s 2516 Loading weights:  81%|████████  | 160/197 [00:00<00:00, 1469.15it/s, Materializing param=encoder.layer.9.intermediate.dense.bias]
9099.3s 2517 Loading weights:  81%|████████  | 160/197 [00:00<00:00, 1469.15it/s, Materializing param=encoder.layer.9.intermediate.dense.bias]
9099.3s 2518 Loading weights:  82%|████████▏ | 161/197 [00:00<00:00, 1469.15it/s, Materializing param=encoder.layer.9.intermediate.dense.weight]
9099.3s 2519 Loading weights:  82%|████████▏ | 161/197 [00:00<00:00, 1469.15it/s, Materializing param=encoder.layer.9.intermediate.dense.weight]
9099.3s 2520 Loading weights:  82%|████████▏ | 162/197 [00:00<00:00, 1469.15it/s, Materializing param=encoder.layer.9.output.LayerNorm.bias]
9099.3s 2521 Loading weights:  82%|████████▏ | 162/197 [00:00<00:00, 1469.15it/s, Materializing param=encoder.layer.9.output.LayerNorm.bias]
9099.3s 2522 Loading weights:  83%|████████▎ | 163/197 [00:00<00:00, 1469.15it/s, Materializing param=encoder.layer.9.output.LayerNorm.weight]
9099.3s 2523 Loading weights:  83%|████████▎ | 163/197 [00:00<00:00, 1469.15it/s, Materializing param=encoder.layer.9.output.LayerNorm.weight]
9099.3s 2524 Loading weights:  83%|████████▎ | 164/197 [00:00<00:00, 1469.15it/s, Materializing param=encoder.layer.9.output.dense.bias]
9099.3s 2525 Loading weights:  83%|████████▎ | 164/197 [00:00<00:00, 1469.15it/s, Materializing param=encoder.layer.9.output.dense.bias]
9099.3s 2526 Loading weights:  84%|████████▍ | 165/197 [00:00<00:00, 1469.15it/s, Materializing param=encoder.layer.9.output.dense.weight]
9099.3s 2527 Loading weights:  84%|████████▍ | 165/197 [00:00<00:00, 1469.15it/s, Materializing param=encoder.layer.9.output.dense.weight]
9099.3s 2528 Loading weights:  84%|████████▍ | 166/197 [00:00<00:00, 1469.15it/s, Materializing param=encoder.layer.10.attention.output.LayerNorm.bias]
9099.3s 2529 Loading weights:  84%|████████▍ | 166/197 [00:00<00:00, 1469.15it/s, Materializing param=encoder.layer.10.attention.output.LayerNorm.bias]
9099.3s 2530 Loading weights:  85%|████████▍ | 167/197 [00:00<00:00, 1469.15it/s, Materializing param=encoder.layer.10.attention.output.LayerNorm.weight]
9099.3s 2531 Loading weights:  85%|████████▍ | 167/197 [00:00<00:00, 1469.15it/s, Materializing param=encoder.layer.10.attention.output.LayerNorm.weight]
9099.3s 2532 Loading weights:  85%|████████▌ | 168/197 [00:00<00:00, 1469.15it/s, Materializing param=encoder.layer.10.attention.output.dense.bias]
9099.3s 2533 Loading weights:  85%|████████▌ | 168/197 [00:00<00:00, 1469.15it/s, Materializing param=encoder.layer.10.attention.output.dense.bias]
9099.3s 2534 Loading weights:  86%|████████▌ | 169/197 [00:00<00:00, 1469.15it/s, Materializing param=encoder.layer.10.attention.output.dense.weight]
9099.3s 2535 Loading weights:  86%|████████▌ | 169/197 [00:00<00:00, 1469.15it/s, Materializing param=encoder.layer.10.attention.output.dense.weight]
9099.3s 2536 Loading weights:  86%|████████▋ | 170/197 [00:00<00:00, 1469.15it/s, Materializing param=encoder.layer.10.attention.self.key.bias]
9099.3s 2537 Loading weights:  86%|████████▋ | 170/197 [00:00<00:00, 1469.15it/s, Materializing param=encoder.layer.10.attention.self.key.bias]
9099.3s 2538 Loading weights:  87%|████████▋ | 171/197 [00:00<00:00, 1469.15it/s, Materializing param=encoder.layer.10.attention.self.key.weight]
9099.3s 2539 Loading weights:  87%|████████▋ | 171/197 [00:00<00:00, 1469.15it/s, Materializing param=encoder.layer.10.attention.self.key.weight]
9099.3s 2540 Loading weights:  87%|████████▋ | 172/197 [00:00<00:00, 1469.15it/s, Materializing param=encoder.layer.10.attention.self.query.bias]
9099.3s 2541 Loading weights:  87%|████████▋ | 172/197 [00:00<00:00, 1469.15it/s, Materializing param=encoder.layer.10.attention.self.query.bias]
9099.3s 2542 Loading weights:  88%|████████▊ | 173/197 [00:00<00:00, 1469.15it/s, Materializing param=encoder.layer.10.attention.self.query.weight]
9099.3s 2543 Loading weights:  88%|████████▊ | 173/197 [00:00<00:00, 1469.15it/s, Materializing param=encoder.layer.10.attention.self.query.weight]
9099.3s 2544 Loading weights:  88%|████████▊ | 174/197 [00:00<00:00, 1469.15it/s, Materializing param=encoder.layer.10.attention.self.value.bias]
9099.3s 2545 Loading weights:  88%|████████▊ | 174/197 [00:00<00:00, 1469.15it/s, Materializing param=encoder.layer.10.attention.self.value.bias]
9099.3s 2546 Loading weights:  89%|████████▉ | 175/197 [00:00<00:00, 1469.15it/s, Materializing param=encoder.layer.10.attention.self.value.weight]
9099.3s 2547 Loading weights:  89%|████████▉ | 175/197 [00:00<00:00, 1469.15it/s, Materializing param=encoder.layer.10.attention.self.value.weight]
9099.3s 2548 Loading weights:  89%|████████▉ | 176/197 [00:00<00:00, 1469.15it/s, Materializing param=encoder.layer.10.intermediate.dense.bias]
9099.3s 2549 Loading weights:  89%|████████▉ | 176/197 [00:00<00:00, 1469.15it/s, Materializing param=encoder.layer.10.intermediate.dense.bias]
9099.3s 2550 Loading weights:  90%|████████▉ | 177/197 [00:00<00:00, 1469.15it/s, Materializing param=encoder.layer.10.intermediate.dense.weight]
9099.3s 2551 Loading weights:  90%|████████▉ | 177/197 [00:00<00:00, 1469.15it/s, Materializing param=encoder.layer.10.intermediate.dense.weight]
9099.3s 2552 Loading weights:  90%|█████████ | 178/197 [00:00<00:00, 1469.15it/s, Materializing param=encoder.layer.10.output.LayerNorm.bias]
9099.3s 2553 Loading weights:  90%|█████████ | 178/197 [00:00<00:00, 1469.15it/s, Materializing param=encoder.layer.10.output.LayerNorm.bias]
9099.3s 2554 Loading weights:  91%|█████████ | 179/197 [00:00<00:00, 1469.15it/s, Materializing param=encoder.layer.10.output.LayerNorm.weight]
9099.3s 2555 Loading weights:  91%|█████████ | 179/197 [00:00<00:00, 1469.15it/s, Materializing param=encoder.layer.10.output.LayerNorm.weight]
9099.3s 2556 Loading weights:  91%|█████████▏| 180/197 [00:00<00:00, 1469.15it/s, Materializing param=encoder.layer.10.output.dense.bias]
9099.3s 2557 Loading weights:  91%|█████████▏| 180/197 [00:00<00:00, 1469.15it/s, Materializing param=encoder.layer.10.output.dense.bias]
9099.3s 2558 Loading weights:  92%|█████████▏| 181/197 [00:00<00:00, 1469.15it/s, Materializing param=encoder.layer.10.output.dense.weight]
9099.3s 2559 Loading weights:  92%|█████████▏| 181/197 [00:00<00:00, 1469.15it/s, Materializing param=encoder.layer.10.output.dense.weight]
9099.3s 2560 Loading weights:  92%|█████████▏| 182/197 [00:00<00:00, 1469.15it/s, Materializing param=encoder.layer.11.attention.output.LayerNorm.bias]
9099.3s 2561 Loading weights:  92%|█████████▏| 182/197 [00:00<00:00, 1469.15it/s, Materializing param=encoder.layer.11.attention.output.LayerNorm.bias]
9099.3s 2562 Loading weights:  93%|█████████▎| 183/197 [00:00<00:00, 1469.15it/s, Materializing param=encoder.layer.11.attention.output.LayerNorm.weight]
9099.3s 2563 Loading weights:  93%|█████████▎| 183/197 [00:00<00:00, 1469.15it/s, Materializing param=encoder.layer.11.attention.output.LayerNorm.weight]
9099.3s 2564 Loading weights:  93%|█████████▎| 184/197 [00:00<00:00, 1469.15it/s, Materializing param=encoder.layer.11.attention.output.dense.bias]
9099.3s 2565 Loading weights:  93%|█████████▎| 184/197 [00:00<00:00, 1469.15it/s, Materializing param=encoder.layer.11.attention.output.dense.bias]
9099.3s 2566 Loading weights:  94%|█████████▍| 185/197 [00:00<00:00, 1469.15it/s, Materializing param=encoder.layer.11.attention.output.dense.weight]
9099.3s 2567 Loading weights:  94%|█████████▍| 185/197 [00:00<00:00, 1469.15it/s, Materializing param=encoder.layer.11.attention.output.dense.weight]
9099.3s 2568 Loading weights:  94%|█████████▍| 186/197 [00:00<00:00, 1469.15it/s, Materializing param=encoder.layer.11.attention.self.key.bias]
9099.3s 2569 Loading weights:  94%|█████████▍| 186/197 [00:00<00:00, 1469.15it/s, Materializing param=encoder.layer.11.attention.self.key.bias]
9099.3s 2570 Loading weights:  95%|█████████▍| 187/197 [00:00<00:00, 1469.15it/s, Materializing param=encoder.layer.11.attention.self.key.weight]
9099.3s 2571 Loading weights:  95%|█████████▍| 187/197 [00:00<00:00, 1469.15it/s, Materializing param=encoder.layer.11.attention.self.key.weight]
9099.3s 2572 Loading weights:  95%|█████████▌| 188/197 [00:00<00:00, 1469.15it/s, Materializing param=encoder.layer.11.attention.self.query.bias]
9099.3s 2573 Loading weights:  95%|█████████▌| 188/197 [00:00<00:00, 1469.15it/s, Materializing param=encoder.layer.11.attention.self.query.bias]
9099.3s 2574 Loading weights:  96%|█████████▌| 189/197 [00:00<00:00, 1469.15it/s, Materializing param=encoder.layer.11.attention.self.query.weight]
9099.3s 2575 Loading weights:  96%|█████████▌| 189/197 [00:00<00:00, 1469.15it/s, Materializing param=encoder.layer.11.attention.self.query.weight]
9099.3s 2576 Loading weights:  96%|█████████▋| 190/197 [00:00<00:00, 1469.15it/s, Materializing param=encoder.layer.11.attention.self.value.bias]
9099.3s 2577 Loading weights:  96%|█████████▋| 190/197 [00:00<00:00, 1469.15it/s, Materializing param=encoder.layer.11.attention.self.value.bias]
9099.3s 2578 Loading weights:  97%|█████████▋| 191/197 [00:00<00:00, 1469.15it/s, Materializing param=encoder.layer.11.attention.self.value.weight]
9099.3s 2579 Loading weights:  97%|█████████▋| 191/197 [00:00<00:00, 1469.15it/s, Materializing param=encoder.layer.11.attention.self.value.weight]
9099.3s 2580 Loading weights:  97%|█████████▋| 192/197 [00:00<00:00, 1469.15it/s, Materializing param=encoder.layer.11.intermediate.dense.bias]
9099.3s 2581 Loading weights:  97%|█████████▋| 192/197 [00:00<00:00, 1469.15it/s, Materializing param=encoder.layer.11.intermediate.dense.bias]
9099.3s 2582 Loading weights:  98%|█████████▊| 193/197 [00:00<00:00, 1469.15it/s, Materializing param=encoder.layer.11.intermediate.dense.weight]
9099.3s 2583 Loading weights:  98%|█████████▊| 193/197 [00:00<00:00, 1469.15it/s, Materializing param=encoder.layer.11.intermediate.dense.weight]
9099.3s 2584 Loading weights:  98%|█████████▊| 194/197 [00:00<00:00, 1469.15it/s, Materializing param=encoder.layer.11.output.LayerNorm.bias]
9099.3s 2585 Loading weights:  98%|█████████▊| 194/197 [00:00<00:00, 1469.15it/s, Materializing param=encoder.layer.11.output.LayerNorm.bias]
9099.3s 2586 Loading weights:  99%|█████████▉| 195/197 [00:00<00:00, 1469.15it/s, Materializing param=encoder.layer.11.output.LayerNorm.weight]
9099.3s 2587 Loading weights:  99%|█████████▉| 195/197 [00:00<00:00, 1469.15it/s, Materializing param=encoder.layer.11.output.LayerNorm.weight]
9099.3s 2588 Loading weights:  99%|█████████▉| 196/197 [00:00<00:00, 1469.15it/s, Materializing param=encoder.layer.11.output.dense.bias]
9099.3s 2589 Loading weights:  99%|█████████▉| 196/197 [00:00<00:00, 1469.15it/s, Materializing param=encoder.layer.11.output.dense.bias]
9099.3s 2590 Loading weights: 100%|██████████| 197/197 [00:00<00:00, 1469.15it/s, Materializing param=encoder.layer.11.output.dense.weight]
9099.3s 2591 Loading weights: 100%|██████████| 197/197 [00:00<00:00, 1469.15it/s, Materializing param=encoder.layer.11.output.dense.weight]
9099.3s 2592 Loading weights: 100%|██████████| 197/197 [00:00<00:00, 1825.48it/s, Materializing param=encoder.layer.11.output.dense.weight]
9099.3s 2593 BertModel LOAD REPORT from: artifacts/runs/tapt-ctxdecode
9099.3s 2594 Key                                        | Status     |
9099.3s 2595 -------------------------------------------+------------+-
9099.3s 2596 cls.predictions.transform.LayerNorm.bias   | UNEXPECTED |
9099.3s 2597 cls.predictions.decoder.bias               | UNEXPECTED |
9099.3s 2598 cls.predictions.decoder.weight             | UNEXPECTED |
9099.3s 2599 cls.predictions.transform.dense.weight     | UNEXPECTED |
9099.3s 2600 cls.predictions.bias                       | UNEXPECTED |
9099.3s 2601 cls.predictions.transform.LayerNorm.weight | UNEXPECTED |
9099.3s 2602 cls.predictions.transform.dense.bias       | UNEXPECTED |
9099.3s 2603 pooler.dense.bias                          | MISSING    |
9099.3s 2604 pooler.dense.weight                        | MISSING    |
9099.3s 2605 
9099.3s 2606 Notes:
9099.3s 2607 - UNEXPECTED	:can be ignored when loading from different task/architecture; not ok if you expect identical arch.
9099.3s 2608 - MISSING	:those params were newly initialized because missing from the checkpoint. Consider training on your downstream task.
9355.7s 2609 [s46full] ep1 done 4.3min  no val
9612.1s 2610 [s46full] ep2 done 4.3min  no val
9870.6s 2611 [s46full] ep3 done 4.3min  no val
10125.7s 2612 [s46full] ep4 done 4.3min  no val
10381.9s 2613 [s46full] ep5 done 4.3min  no val
10638.2s 2614 [s46full] ep6 197/197 loss 0.9498   no val (1.30s/step)
10638.2s 2615 [s46full] ep6 done 4.3min  no val
10638.2s 2616 [s46full] trained on every row; final checkpoint taken, no score
10638.2s 2617 
10638.2s 2618 full fit on 3159 rows. There is no score for this run and there cannot be one:
10638.2s 2619 every labelled row was used for training. Compare it against a 5-fold run's
10638.2s 2620 OOF only by submitting both.
10638.2s 2621 
10638.2s 2622 predicted distribution on the test inputs vs the training prior:
10638.2s 2623 class             predicted   training
10638.2s 2624 Gender                43.0%      43.1%
10638.2s 2625 Geo-political          7.8%       5.9%
10638.2s 2626 Others                15.2%      14.2%
10638.2s 2627 Political             17.7%      17.7%
10638.2s 2628 Religion              10.4%      12.1%
10638.2s 2629 Violence               5.8%       7.0%
10638.2s 2630 wrote /kaggle/working/hastika/artifacts/runs/b_context_tags_full/predictions.csv
10640.1s 2631 Traceback (most recent call last):
10640.1s 2632 File "<string>", line 1, in <module>
10640.1s 2633 File "/usr/local/lib/python3.12/dist-packages/papermill/execute.py", line 131, in execute_notebook
10640.1s 2634 raise_for_execution_errors(nb, output_path)
10640.1s 2635 File "/usr/local/lib/python3.12/dist-packages/papermill/execute.py", line 251, in raise_for_execution_errors
10640.1s 2636 raise error
10640.1s 2637 papermill.exceptions.PapermillExecutionError:
10640.1s 2638 ---------------------------------------------------------------------------
10640.1s 2639 Exception encountered at "In [3]":
10640.1s 2640 ---------------------------------------------------------------------------
10640.1s 2641 AssertionError                            Traceback (most recent call last)
10640.1s 2642 /tmp/ipykernel_24/4275136733.py in <cell line: 0>()
10640.1s 2643 18 assert all(rows == "3159" for _, rows in fits), fits
10640.1s 2644 19 assert "tags=True" in log_text, "context tags were not enabled"
10640.1s 2645 ---> 20 assert "rdrop=0.5" in log_text, "R-Drop was not set to 0.5"
10640.1s 2646 21 assert "reinit=1" in log_text, "one-layer reinitialization was not enabled"
10640.1s 2647 22 assert (RUN_DIR / "test_probs.npy").exists(), "validation probabilities were not written"
10640.1s 2648 
10640.1s 2649 AssertionError: R-Drop was not set to 0.5
10640.1s 2650 
10642.3s 2651 /usr/local/lib/python3.12/dist-packages/mistune.py:435: SyntaxWarning: invalid escape sequence '\|'
10642.3s 2652 cells[i][c] = re.sub('\\\\\|', '|', cell)
10642.5s 2653 /usr/local/lib/python3.12/dist-packages/nbconvert/filters/filter_links.py:36: SyntaxWarning: invalid escape sequence '\_'
10642.5s 2654 text = re.sub(r'_', '\_', text) # Escape underscores in display text
10643.1s 2655 [NbConvertApp] Converting notebook __notebook__.ipynb to notebook
10643.4s 2656 [NbConvertApp] Writing 373800 bytes to __notebook__.ipynb
10645.9s 2657 [NbConvertApp] Converting notebook __notebook__.ipynb to html
10646.8s 2658 [NbConvertApp] Writing 642216 bytes to __results__.html