id,Comment,Label
5944,yarige bekittu inthadella avar hatra en ide bomb irbek ashte,Violence
7700,Ara hu cha evanu aa taliban mmaat keli illi banidane,Geo-political
1293,Enu boss bartha bartha hero kale kami agthide,Gender
6986,Chaple thagond hodire e sulle ge,Violence
2418,Ninu antavle bidu. Tayianthe maglu. Honnayakanahalli li ninu dodda dagar antha modle elargu gothu,Others
5653,Le dummi anchor batte bichi torsodu sadane na..,Gender
4129,Dagar mundevu,Gender
5463,Avana name haenu antha ghotthaglilla avani sulae maga avara Amma nijavagalu ibbanae appa Amma Hilla aa qurel man  beverci alkat thoo avana mukakkae yava partiyavaru  avanannu galligae haerislilva,Gender
3514,Enta dagar ge janma kottadke tumba bejaride antare,Gender
7701,Ninge yellaru ishotond mana mariyadi illa antha hellthare adru ninge youtube chanel beka,Others
1015,"@Pradeep Kumar Narayanappa Shiroorkar who the hell are you, nimmouna maatalli atra irli",Political
6282,Full Kashmir namde aste odhhu odisbeku pakistan na,Geo-political
4467,aa sule makkala guru itihasa nodidare gottagutte avaru enta visha jantugalu. avugalalli olleru annore illa ella raksasaru.,Gender
1297,"Yen kobbu evalge, olle slum tara mathadthidaale??????",Gender
2505,Shatad interview tagolorge shatadalli hodibeku .,Violence
4623,Ninmakke nanjodaaka????,Gender
1364,Pratham hindoo  babar  avna appa aagoke saadya illa mostly ninnappa irbeku adke babar ge baidre ninige urita ide,Gender
5299,loude ke baal yaranna antidiya nodkond annu,Violence
3597,Nagara havu arathi song kathe heloove Nana kathe  godse file yavaga. Bjp jointly running the govt with mufti Mohamed sayeed.,Political
1319,From independence still today congress hove itidu,Political
4389,Ede Karnatakadalli Dhalitharannu Maneolage Benki ettu Kondaralla avaga E Moorkarige Kaneeru Baralilva thoo Nakali Hindugale Bari acting,Violence
265,Sabru  samnu  cut made,Religion
2518,Lo thata modlu vishya poorti tilko.....yallu mamsahara bidi antha yaru helila....muslim avru kotiro samskruti na hampinalli tumba chenagi didivi.....sumne Mike sigthu antha build up kodbeda.....mamsa tagonde thane sumne manege hogu,Religion
2808,@Gowda nimma avva sathaga sms maadoo sulamagana yashatta janakka uatidhiyoo sulamagana thu nunnamun,Gender
415,Evanu danada mamsa tike pakistanke kalsi Alle erli mathe barode beda,Geo-political
206,Nimanagye karakodu honge,Violence
4289,Nenu tv ayogya,Others
5317,@Manjunath Bg enge edre tikha oditare,Gender
4385,Ivane dodda kala ivanu hatra hogi question keltira,Gender
2455,chappali togondu hodedru aa daridra nann makkalige buddhi baralla,Violence
2670,thu lofar munde ene ninu ninu ondu henna,Gender
5137,turku nann makli,Gender
7331,Nin English ge nan lavda..... Lofer munde,Gender
51,U idiot girl thu avrammn,Gender
7373,Yawa sullege huttidawanu interview maduthirowanu?? Sullege huttirowane  modi Eno dabakida  bewaraci Bengloure  rape madilwa? avaga ello hogidda modi movie bagge matadu paksha eke beku ninage??,Political
6246,Karnataka kandantta waste CM,Political
4512,Ivalu bottu haakirodu Yake? Unity bekandre? Ella Drama,Gender
6489,Eee B TV boli maklige met metali odibeku .. sonu kadak answer anta bere akavre .... Arda e media endane enta room edda dagargalella tv channel alli bandavre,Others
3697,Sule maklu congress avar shata,Gender
2116,Le sule munde amikonde kuthkole ...............idhi TV show na ........Btv news channel ....Ella nodthirodhu news ...porn website alla ............,Gender
3217,Yavan bandru nem hanebaraha este kandro tarle mundeva yar bandru nemmanna manel Erok bettu evru kule madok hogtara,Gender
4455,Thuuu loaper SULE SANIA,Gender
4738,Harsha kole adaga obne obba muslim atwa organization protest madilla.. Ade obba muslim satre...nam hindugale beedige ilitare... Idu namma paristhiti... Nammor adyawaga kalitaro devrige gottu,Religion
752,Bitti biryani kodthare..hogi tingu munde nadiyo halka sulemagane.. ðð,Gender
6443,1 antu arta aytu hijab matter Yavaga barutto avaga heng pungli gyang GE kesri shall Nenp agodu ð¤£ð¤¦ââ hinge nai tara kacchadta iri nam desha uddara ð¤¦ââð¤¦ââð¤¦ââð¤¦ââ,Political
7762,Inu intadela anyaya ela jasti agute. Congress party bantala.ela hallagi hogute nodta iri,Political
8008,Sonu muka nayi tika tara aagide ððð,Gender
550,Kachada ...guggu bosadimaga ramesh jarakiholi,Gender
968,Thu movi nija wahi islam annu Ari yeari fast,Religion
2509,Honagi odha thoothu,Gender
1473,Yenu kith hakuke agala ninn madrasi bevarsi tandu,Gender
4240, Halli hudgi antha heloke nachke na ? English mathadakke baralla antha heloke nachke na ? Wats your real problem?,Others
3851,@Gowda nimma avva sothoogidhala thithi yaavaga lofer ninu sothoogu evathu haalu thuppa bedtharaa,Gender
4115,"@Chandra Prasad mundondu dina alla, modlindanu baitare just bcoz he was a muslim.. ee pratham thara edbidangi na karsi mathadsavrge buddhi illa..avnobba dodd huccha..",Religion
7047,Nin maglige etkond hogi covert madil alwa adke ee reeti matadtiddiya,Gender
3909,Lo kerala dinda band illi ganchali madthiya holaya soole magane Ning danad maamsa sikkilla anta bolimagane congress tunne unnu hogi mudhi goobe soole magane,Gender
3447,Dagar TV nali dagara gala interview,Others
2581,"Ivnu congress chela. Ivnu muslim ge uttidavanu. Hindu galu sc st nu kuda hindugale. Hindugalu oggattagiddare. Le mudiya, ninu siddaramulla khan shisya antha yellarigu gottu. Tika muckindu oogu.",Religion
2853,hate henge madodu anta tilkolli,Gender
2319,muchiddidda satya eega horage bantu.. thu shikhandi congress idu bari pandits bagge alla idu mass killing exodus of Hindus !,Political
6218,Hogo mudgube nan magne,Gender
2833,Thirke S ... Makla nim thika NIV tholkoldro lo neevella hinge madi madi Sonu gowda belithidale gaandu soo.. makla nnevella AVL kaslinn ????????sama agthidira nimmane akka thangirna nodkoli,Gender
6069,Speeker waste fellow ðððsumne kutkollodu,Political
62,ivanu congress giraaki. Olle muslimarannu support maadu illaandre hogi halal mutton tinnu. Kashmiri files du yajamaana.,Geo-political
126,"PRAANHA ODRU NAAVU BHAARATHA DESHANA HINDHU RAASHTRA MAADALU BEDALLA..CONGRESS,JDS ANTAAREY.. YENU KITTU KOTEERA EE DESHADA HNDHUGALU. NAMMA KARMA REE KARMA.VOTU HAAKI GELLISI EE BEVARSEE GALANNA. NAATAKA SHRUU MAADEDDAARALLA.",Political
5730,Idu world wide ide but election gimic agbardu what a number difference 32000 inda 3 thu ivn janmakke,Political
1915,Kerla story ne fake ansuthe sir .....jathi bage movie madi popular agake sumne story create madii madidare ansuthe...ee story nija agidre nam Indian govt enu madetha eethu aa time ali  ...?,Political
7858,"??lo natka adveda yaro ,1thapp madre elaroo madala sule magne adann heloo bil kiss banoo storry hello",Gender
4659,Ade ninge malhiddade antha amma sumane kuthiddare alla ammange  sumane kuthiddare antya inyenamma nin hage madbekitha,Gender
6046,Thayige thakka magalu.. Pakka sulegala parivara,Gender
1276,kannada matandilla Andi Adakke obba mahilege yesteuGun,Gender
7607,Bagllu???? nendu Hur bagllu????????????nindu mukli nodko,Religion
7046,Bro nivella yen gotta<br>Virat nam avnu anta avnu kole mad bandru samartane madkoltira<br>Nan naveen correct anta heltilla but virat Indian nam avnu anta over ag samrtane madkolbardu<br>Tappu yar madedru tappe<br>Virat ge 200 million support ede but who in front of him don&#39;t have it and that of afghani how can he<br>Nim yelr prakaran adikara hana eravr yen madudru eldavr muchkond erbeku alva<br>Ed yavt egu badlagolla,Religion
4217,Hindu muslim elru ondagi irbeku antanu heltira avr avr madya dveshnanu huttaktira....,Religion
1021,Papaa broo sathya thilidhe video sikthu antha troll madbidadha,Others
6712,Sule anchor,Gender
4198,Already maklu na biti bandidira mate ega maaklu madkondu adunu konege biti beron atara hogtira plz makluge problem madbedi adru badlu Yast Jana nadru sumne madve maadkoli,Religion
3044,"????????, Hagidre 2002 ralli gujrath dange yava sulemaga Bandidda...<br><br>Gujrath dange bagge Ondu film madi thorisi.",Gender
3019,Lopar munde thu loose munde,Gender
4031,"Snake  sham,  Surya keerthi avrna  karsi  interview  madri.  Adukkadru bele irutte nimge... Stupid  media...",Others
1082,Ninnd englishooo ninnnu ennge madidru dove raninee,Gender
8022,Respect yaradru agali. Nivu cong kattalu nive CM agbeku anta namagu ase ide.,Political
4018,Bucket TV enro nimdu ond show nu nettag madak agalla,Others
2816,KESARI HUVAAAAAAH  VERY GOOD MEDICINE EAT THAT DRIED BEEJAAAAH THAKATH JASTHEEEHIRAHATHAE innu jasti kittadbahudu avaga,Political
2367,Film sijana tu bari segani talayalli tumbide,Political
5527,MODI BOOT ALLHA NEEKO DU nina dash dash,Political
7121,"Binge here kelsa elua yake benki kodo kelsa madtiya (ninmatu keli ha henmagalige munde ra,,,,,,anta baysiddiya nimaneli henmaklu elua",Violence
1369,Dabba meghana,Gender
2365,Superr vikash anna???? karnataka da ella hennu makkallu nanna tharane anthale dagar munde,Gender
1958,Dadda baddimagane  sariyagi yao anthane artha agilla.,Gender
850,Bomai kala nana maga,Gender
633,Amma think maadodu enthaa magalappa ithu ayyooo,Gender
4079,Btv ban agbeku guru bari faltu janara interview madtare thuu nim janmakke,Others
7339,Budget odokkintha munche yenu avasara evanige... Siddumullakhan ge... ð,Gender
948,ivlindale nam siddu sir sattogiddu,Gender
1779,ee chutya pratham bekitta ee channel ge,Others
2619,Ivanu jail inda bandaga en madidda gottillva namge,Gender
1258,eshtu episodes madidru sakagalla ee tamilians boli maklige en beko,Violence
5185,Sonu loss agide  ataaa anisute  vaaa nayi marre,Others
311,Bosude magana first nenaga chappli  hodebaku idu film kono,Violence
4830,Sadane bidi swamy.... Nivella change agalla.. est kottidhare duddu ee election ge?,Political
2054,"Rss bagi mathadere nin,,,,, mukha chachaktini",Gender
3468,3rd class congress party...ivara mukhavada kalachi bittu,Political
7496,Lo sudeepa yako Nayi balu baltidiya. ? E daridra bigboss show enda janakke yenu msg kodtidiya amikkond maneli kudu film madoke dam ella andre.. saniya matte Roopesh ge yenu byiyodilla e mindri maga,Others
1004,Haif.sule.magna.aiklu.batu. yammia.tanu,Gender
4874,Batte bichidde ivala sadane,Gender
5591,Daridra jeevana thoo thoo ??????,Gender
4457,Ayyo thaayi voice en ast ketdaagide dove raani,Gender
3609,Metere agauke avlu layak illa,Others
130,Nim avva frst saytale nodu ??????,Gender
6238,Election mundene ee cinema bandide andre..sarkaraa dharmagalanna use madkoltha ide ..,Religion
7316,match fixing madoralla enta aatagararu,Others
4478,sule munde,Gender
4051,All bjp MLA are supid fellows nachike illada nayigalu,Political
607,E dagar soolege heng irbeku antha gotilva....<br>Thu mother na control madtovle <br>Ningintha better nim taayi ishtella aadru maglu anthare,Gender
4794,Hooo amma taayi ???????? yaru madde irodne nin magalu madirodu ??,Gender
2899,Vikas nakan holle kule guru ????????????,Gender
6633,Nim avva Nan jote drama madiradke nin huttiddu chtya Nan magne,Gender
3641,Btv manager ge mett alli hodibeku. Paapa avra amma na yakro karsidira. Sonu dodd dagaru. Interview madta idiya alva ninu ninge vadibeku Kane. Tuu,Violence
1454,Kittodnannamaga en dudd kotre kole bekadru madtane,Gender
6224,Vikas bro starting speech is vere level bro <br>Sonu be like :yaarapa ee punyathma HAGE HAKO CHACCHHI,Geo-political
78,Evannaro doodda sulemaga BJP yavanu,Gender
4857,Lo kachada hijda nann magane yako bartira bay hakake,Gender
2746,DK  Anna Laxmi akka   <br>.Ramesh sullu bahal Dina nadalla,Political
3782,Super broo.............. Avala face nodi brooILI TINDAVAL TARA ADTALE,Gender
3528,Aaha enta mother neevu .enta magalau adbhuta . Enta magalanna padiyoke punya madirbegu . Modalu kapala  mokksha  madabeku evarege,Violence
7289,Oogi ri aval mokakke. Adyak innu idalo game alli,Religion
351,SHAATA DESHA...KARNATAKA BIKSHE BELUTHE...SEPERATE STATE ADRE,Political
5540,Papigala adhikara : Prukruthiya Vikopa,Violence
8,Nam desha inthavrinda uddara agilla 60 years  inda,Political
2038,Anchor yeno puss puss antavle,Others
1184,NKN Nam Karnataka Dalli Maklu Huccheuyoo astu Neer Kudilaa  Pakistandvru Jatre Shoki Bere gandugalduu ??????,Geo-political
4905,"@Mohan Vasista  <br>Daridra buddi yarige erathe antha jagathige gothu ð<br>Astond buddivantharagidre helbekithu namige reservation beda antha,<br>RSS, HINDU anthira RSS chief yake yavaglu bramanre aagbeku bereyavrige bitkodi aaga nodana.",Political
3409,First interview madthaedra nimmage  manna mareyadde elwa,Others
1402,ee sidramulla Khan ge Keli ishtu guarantee kotti manege hogi malgada,Political
6217,Great young man ansul saxena. 96 desha drohigalu dislike madiddare,Political
993,Sudeep noesi mathadodra bage niwu matadodu Bala tappu Ganesh mungaru male hit adag niwu interview nali hegla matadedri Marta betra kannada Dali nalge Li niyatu irodu nam d boos kannada da hulli darshan sir ge matra yawtu bere yawra bagge tappa gi mathdla  as Ganesh fan d boss is great than Sudeep,Others
919,bomb blast madi eshtu janaranna kondu saysidru.. innu sakagilla ee boli maklige,Violence
286,Satya iduâºï¸innu movie alli torslikke agallaðð»maiyella jum ansutteâºï¸avrella manushyare alla Darmandharu tertosrist galuâºï¸,Religion
6904,Kudakara samrajya,Gender
558,Lee childu Surya .. avaga tea martidda iga desha martiddane ...  Thika muchhkondu hogu...,Violence
570,Lo btv sule makla bucket  hidyodu  bidro sule makla btv,Gender
4356,"t surprise,,,next &quot;TAGURU DICHHI,,deside,, people,,nayigalu evarannella gellidre gudsi gundantra madtare",Political
2737,Sak bedro.banki hacho kelsa beda matte dudd Hak ide desha da jantege,Political
1295,Siddu bettukottbedu matdalli avruva amele nenu cals tago k na  bomayi siddu keltoero eduke answer kodu yak bere bere matdtediea sidown bomayi please kuthka,Gender
358,Nimage mana maryade illa bommai thu muka didre cm GE seet ge avamana,Political
2841,KANNADA SOOL3 MAKLU ALREADY UCHE KUDITHA IDIRA,Gender
4638,Hello en sadhane madidale avlu,Gender
7448,Jammu Kashmir en Pakistan avar appanda..namma Soldiers enu bitti biddilla,Geo-political
7938,Hale mudiya saayuva samayadalladru dwesha bidu en hottkond hogtiya ninna government na bitt hogu ee dirty politics na ille swargakku ninna kantri rajakiyana togond hogbeda,Political
4690,At least swalpa adru concern bedva che ivlu oblu hudgina paapa avru,Gender
1928,Pratam ninu nayi tunnige huttidu bevarsi nann magane ninu tunni magane,Gender
2854,Kapi mundeve nimma nodudre asayya agutte sariyagi batte hakondu kuthko haage nimm thaayi ninu eno sadhane madilo thara heltidare istella buildup beka ninge ri inthavna bittu modhlu ollolle sadhkarannu thilisi kodri kachada channel gala,Gender
7559,"Dalitar Mele Halle adaga Avar manegalige Benki hacchi suttaga Nivella yalli eddri agelli hogittu nimma dwani, Brahmins mele Halle adag ,adu Hindugalu,Hindu Dharmada mele Halle,Ulidavar mele Halle adag adu bari Jatige matra simita agirutte Alva?",Violence
1339,Yentha thayi.. yentha maglu.. ebru. Appa naave punyavanthru.  Ebru suside madkondu sathu hogi.. anna dhanda bhoomi bara neevgalu.. nim thama anthu A1 porki.  Yelarigu kalu aglskonde bandhidhira.. estella mariyadi hogidhe.. avra amma yaru madhe ero thappu madilla antha bere hekthovle..andhre avara amma yestu beeli harirolla.  ?? Nimna nodhmele ne gothagithu.. nin antha hasaya janagalu ennu edhare antha.  Hote paadige mado prostitutes gale nim gintha parvagilla.. ????,Religion
2122,"shilpa sister awalige nachike maan maryade yenila bidi yala bitakidale aa lofar Munde,tho awal jammke",Gender
8046,Motu patlu bommayi bogale bjp,Political
4788,So called patrakarta agni eega elli,Gender
1775,inta hudgina nan yellu nodilla thuuuuuu nachike ilva avlige,Violence
6214,Huchhanan Maga pratam,Gender
3711,Thuuuu ninna olle hudgir tara Mukwad hakonda natka madolu ninu very bad girl,Gender
5389,yavo ivella????,Religion
784,Thoo Intavarannu interview madtara?,Others
7648,King tunni solemaga,Gender
3852,Hye nimmmoun tull sole magane avlenen ogiltiyale ninu anta solena mindriguttid sole avlu,Gender
6048,Desha droha kelasa maadalikke kaaytaa irtare. Deshadalli mandatory kaydeyagi once for all hijab kittu bisakuva law tarbeku. Pade pade court case deal maadlikke government namma tax money halmadbekagilla.,Political
2475,"They first convert. Admele fake passport madi dubai or Saudi ge kalisthare, allinda ellige kalisthare antha god knows. baaddi maklubsulerige huttidav ivu",Geo-political
3443,Ivlu en field alli hesru madidlu anta big boss avru tagondru... only merit was her viral video,Violence
6748,Edhu interview thuu ??,Others
6821,Sullu siddharamayya,Political
3401,Btv news avrge jodna thagond hodibeku,Violence
7894,mahadayi nadinu maharashtra seratte aa bevarsigalu bandu ille okkarskotare,Gender
3790,Film alli hero real life vilan,Others
6026,Btv news channel ban madiii,Others
5103,Dagar bayalli kannada beda,Gender
3495,Idiot Meghana.....,Gender
4545,Gambhir Anna huccha agidane ??????,Gender
2145,Yavva yasht madhuve de happy marriage life ?? yavva evan joti aadru chandage sansara madakondu hogi,Gender
5610,ee ella jatiyavrigu madbeku mari habba,Violence
2127,Ninnammman sulemunde. Nin Dodd dagar ninna first show inda karnatak Dinda orgade hakbeku,Gender
6091,Muslim nodidre sittu barathe....,Religion
2272,B TV is some shit channel inta jaanara interview madi hesaru haal madkotare,Others
5229,Nija. But MODI hesru helkondu NAAMARDHA SHIKANDI galelaaa MLA MP seat nintkondre hege vote maadodu?,Political
5675,BJP illa andidre enagtha ithu antha kwledge irorge gothu muchkond ogappa,Political
983,Innu beledilla avagle build up kottu maatado pratham yenu yogyate ide akbar is king secularism ge innond hesru secularism gottilde iro stage mele kooro e hebbatta galige oddu horag haaki,Gender
5458,Hey bolimagane 25 koti bagge maathaadirodhu D Boss Neenu muttaalnange maathaadbeda,Gender
5192,He bjp sarakara tu nimma jaati  jaati madde jagala hacchuvaga  nimage mana maryade ella yakandre narendra  modi nimmappa alva thuu  nimmmmn,Political
801,En sadhne nooo  enooo dharidhra Chanel hooo karma ???????????????????? yast jana makl antane gotilla sh*<b>***</b> alle jagla madtale tuuuuu,Others
3643,Sagar friends galella   sonu akkana  bathroom video nodi yeshtu sala jatka hodididaro,Others
5667,Evlge one chances kodbardhu seriyal ge,Gender
4880,Tullappa ð???ð???ð??? drunken member<br>Neenu gandsu adre sabru ge hello tulla ð?? ð?? ð?? ð?? <br>Bevarsi tune vunnu ð?? ð?? ð?? ,Gender
6156,Election time canvas ge stars baroke agutte...cauvery protest banni andre...a film hit aitu a film hit anta matadtare...I agree ppl should encourge our films than other films...also these stars should remeber they have become stars because of kannada ppl before speaking about ppl.,Others
3267,Lee a dog mariyade tagibeda,Violence
7878,nange permission kotre ivagle aa huch hadshi makkalanna suttu koltini,Violence
3823,Ninnappana  thunni,Gender
1678,Saku sumnirappa.. Nivgulu kittogiro tukali flop pichargulu madodrinda ne ella kannadavaru tamil telugu hindi pichargulu nododu. Nivella bari bogale pichargulu madi janranna mangyan madtira. Hogi Rakshith Shetty Rishab Shetty Raj Shetty kaal kelage nuggi first cinema andre enu anta basics tilkolro nivella mass hero gulu.,Religion
909,nayi avalu,Gender
2906,Hucchha manasikkka ivnu kudidu  taitu e bevarsy hendtige hodedu saysi bitta,Violence
857,"Tajmilanadu Janagalu karnataka da yella companies allu edrae e Nan maklu na hodisbeku ha kaade kaveri neer kelthare ekade yella companies kelsa kithkothidare namma Karnataka sarkara kannadigarige meesalithi kottilla, formers ge neeru kooda kodsthilla waste govt.",Political
7809,"Mutton 50 rupees discount kotru anta news munde bandi awrge support madtiya?<br>Address kodu magne, mamsa kalstini ninge free agi.. tind sayi",Violence
6013,Nim ammangu nin dagar avtara notakhagtilla yavaga saitiya anta helatara Ede  mukada experience tuu nindu ondu janmana,Gender
4924,Thatha muslim agi convert agu yake badkonthidhiya gube thara,Religion
599,Next match ede dirty picture ððð,Political
1556,Hi nahi inddha nim gowdru jathi hallagoithu,Religion
7313,Nin Amman nin bathroom ne thorselvale bosudi,Gender
3934,Evnu yaru bevarsi chakka circle nalli dudd kelak hogu sumne,Gender
1623,Tappu Tappe yaaraadrenu? Neeru Bittiddu Tappu ,Gender
2704,@Razak Ramlath nin appa hucha bolimagne,Gender
7470,Neena I kalla.berayaregahelutheya.,Gender
1959,Bjp mulla gala film,Political
6027,ee movie sullu madhu sir ??,Others
1471,Dagar thull sonu,Gender
5801,Yantha magluge janma kotama ninge doda namaskara ??????,Gender
3145,Bidi hogli anbedi ma nim maglu matte haage antira,Gender
1594,@Chandra Prasad kashmir nalli idda yella hindu galnu sayisi odsidare gottaita bari kashmiri pandits nalla first learn history,Geo-political
5002,Terarist avaru yare agirali aa sule makkala na .  navu indian yellru deti avarannu suttu hakona .aa terarist gala hendati  makkalanna ittu kollona ava.tappugi alla tayi makkalante .aavag gottagutte hinta hindu gala mele tappagi nadedu kollo terarist sule makkalige,Gender
2729,Nanu hucchi hoydhu bido niroo kudubekadre shotha niroo kudiyoge haste delath irbeda,Violence
6278,Aythu swami neevu helidahage navella cinema nodutheve. Eega yara mele dwesh karuthira? Nimma dvesha swalpa controlnalli idi swami. Kashmiri panditharu anubhavisidakje nammellarigu dukka untu. Eega neevu yarige buddi kalisalikkehoratiddirii. Nodi swmi namma purvajaru inthadde thara kasta anubhavisiddare. Avara baggenu yochisi. Eega janaralli dvesha huttisi jana jeevana kedisslikke hogabedi. Nimma manege hogi nimage estu beko adtu kanniru haski. Deshakke thorisabedi.,Political
1947,nayi  meghana hucchi,Gender
7697,Siddramulla Khan ge <br>daily 10 number uta beku avnu upavasa kudo mate baralla????,Gender
3323,Swamigale mamsaharavannu namma cm nillisilla. Neevu congressnavaru swalpa  nimma bashana band Madi. Nimmage dikkara. Manege hogi. Jai modiji,Political
2805,Soole munde,Gender
5933,Sarkarakki takka.sabapate<br>Sareela.,Political
5242,Secular secular anta anno ghandoos watch this movie..,Others
6106,420 siddya bennalli gudya,Gender
1064,Enu ivalu mathadthale mathadakkene gothila ivalige,Gender
6724,nonscence tagondu nivu interview madtidira .......tanna tayiayanna media dalli heg respect kodabeku annoda gottilll.....hennu jaatige avamaan adu,Others
6032,Hindina kaladalli doddoru bandare thande thayi bandare  tale bagisikondu kuthukollo ondu kala ithu ade channagithu kalumele kalu akondu dhuimaku raniru ivaru anchor modalu dress hege akolbeku annodana kali chanadana tv nodu,Others
7927,"@Bharath NP ðâ¤ Kalaberike Nivugalu, Navu E deshada mulanivasigalu bekidre DNA testige ready edira?",Political
989,Looti hodiyo bagge mathadi next cm siddhu  Karnataka king congress,Political
4482,"ivlu olle malli thara iddale , istu kobbu irbardu ,",Gender
1108,Nkn report madro,Others
5979,"<a href=""https://www.youtube.com/watch?v=QdUAOW1fvyk&amp;t=3m50s"">3:50</a> maanige anna thinthira edu yav sede helkottiddu??????",Others
5922,Nim kittagiro channel g nun yekda sikhaka,Others
6587,Le Bosdk nale nadiddu Saytiya yak beku le ninge sulemagne,Gender
3056,bere match league nodih.. Etc how discipline they are<br>Chillre nan maklu,Others
2101,Dayavity sabara manaege kalisi e buudana,Gender
3701,"Hey sonu common sence elva... Nim amma paapa eno avr life bagge heludre, kothi kothi thara adthiyalla... Elli heege yaav thara behave maadbeku anno culture elva... Ammange yaav respect elva nin hatra...  First decent annodu kali... Neenen ele magu alla... Avrna heeg edhrusi neen heeg agirodhu",Others
4363,Kothi evlu onde thara avre,Others
3780,Haudu kaleda baari congress ninda jumping madidavaru evttu matte thavaru manege barthare aste adakke neevu bobbe haaki dodda issue maadabekagilla godi midea ð¡ð¡ð¡,Political
5057,Thuu dagar sonu gowda,Gender
992,Congress GE mettali hodiri siddu ge sullemaga DKSI GE hodiri,Gender
4377,Freedam apps yaru sulemaga avana mele ond FIR haki bosudi maganige,Gender
2432,dhar anta hesariroru ella pandits ee..pandit agi ulida pandits na konda fame avnige sallutte,Geo-political
6383,"Ivalu yavalivlu, yar horge haktare.  Avru hijab hakkond barbeda antha heltirod, ivgala talege chennagi hulabittiddare ivr community avru. Clean madakke sadyave illa,  mulugi hogiddre blind believes li",Religion
2384,Tuuuuu nimma lee bucket channels... Tuuuu nimma... Sonu loud na akondu,Others
277,Jai bheem jai tippusulthan,Religion
5058,"Nija heludru, Congress Baddi maklu idekkella support madtare ......BJP ega irodrindane Hindugalige Shakti jasti agide ee reeti cinemana dairyavagi tegitidare release madta idare ide place alli Congress iddiddre ee tara conemaglu bartirlilla shooting shuru kuda madoke bidtirlilla ",Political
7133,"Hardik edit Muclaare ??????????<br><a href=""https://www.youtube.com/watch?v=PjzJRJPTUWo&amp;t=1m37s"">1:37</a> Tullare",Others
3990,Ee mudi goobege bari vayassaytu aste.,Political
2915,sule makla enn dru D Baaaaaassss anta avn hooos kudkond ogbedi swlpa thappu sari  yochne madi support madro badethava.,Gender
5152,Yaaru ah huduga na baiyyolla. Avalu young idhale mistakes aguthe yaaru saacha alla. First leak madida huduga nannu balckmailing plus man baanga maduva case haaki olagade haakbeku.,Religion
4477,"Kereyaneeru kerege challi, anno hage,<br>Nammavare Nam DeshaDa janakke ??<br>ISI Ugrara Groups, idi vishvaDavaru Seri Ban Madokke agalva??<br>Huduki Hodeya Beku  Ellaru seri!!",Geo-political
7097,Kachada kageri ivanigiro bele ella hoytu holeli,Gender
4608,Nammavare munde namage kashmir fails aaguthe. NODTA IRU,Geo-political
3620,hawdo sister yala aa munde trah irla,Gender
4942,"Vikas sister Sonu, adke papa vikas sikapatte urkota idane",Gender
1541,Evln nodidre temt aagall guru evlu oblu dagari,Gender
6956,Nalyak cm,Political
134,Cholist nann maga,Gender
3841,Why is this Pakistani here..? Alli ganchali madidakki odsiddare ansutte....,Geo-political
2173,"BJP Preritaru kelvaru janaranna,Jaati,Dharma,mandira masjidi,Love Jihad,Mannu Masi anta heli 20% percent Muslims ranna neechavagi torisi 80% Hundugalu Naija samasyegalinda janara dikku tappiso hunnara bittu intaha apadanegalalli yavude satya iruvudilla...Jana intaha mosada aata dinda yavag yachettukoltaro...?edu nijavagidre kendradalli sarkara yaraddu ? Innuvarege yaake yavude karyacharane yagilla?Swalpa jana yochis nodbeku...",Religion
3734,Neev btv news navru enta third class nan maklu neevu ee kalva kuruskondu interview madtidiralla thu kalva nan makla,Others
5424,"Avala bai nodi ð¤£ð¤£ð¤£ð¤£SHE EATS DOG ð¶ SHIT <a href=""https://www.youtube.com/watch?v=gUdwsbrrySc&amp;t=0m08s"">0:08</a>",Others
5992,Gandu tamma ninge makud mele vadyad bittu waste Tara idane,Gender
4370,Ibru dagargalu. ?? duddu kotre ibru bartare blue and red,Violence
714,Tukali third class show.. Ee muru bitta rajkarni show yavan nodtane,Others
2461,Hindu Rashatra bagge dikkar hakuva ninu desh katto ninu muslimaru ninage baanvaru hindugala haad hagale kole maadidavru ninna bandugalu che nayi Hindu aagi huttidde ninu duranta.,Religion
4653,India na secular madidu doddu thoppu...Namma olle thana na asahayakate ankondidare...,Geo-political
6353,He sole ninu nam mane hennu maklu.bage mathadbeda Kane sole ninu nijavaglu solene bosidike,Gender
4869,soole makle gujrathalli maadiddenu porota maadi thindadda aadi chennagi neevu kone aagthaa banthu,Gender
2600,Yak nam kanadigaru bedkontare nam kannada yavaglu top intha lofer huchu nayigal atra kannada matadi anta she is not worth to tlk kannada ?? we love Kannada ????? saniya thu Nin janmake ????,Gender
5043,boli maga tanu bp jasti madkondu namdu jasti madtane,Gender
5225,ee daridra sarkara koskara eshtu tragedy and savu nodbekaytu,Political
1728,Nayee  soole maga bogaltane,Gender
4804,Ee BTv avrige mana maryade illa ninantha kittodalna karkond bandidare,Violence
1074,Ee fake story movie yannu nodi samajakke yavude olithu illa. Budhiyillada sangigalindagi producer hana madida.,Religion
3204,Nimma appa elva nin antha magalu nodi hodi hodra papa avaru nimma antha magalu yarigu beda antha nine kelko deevarali,Gender
3257,Adakke karanaradavarannu ...ellarannu gallige hakale beku.....Nivu nijwagi Baba Sahebara Samvidhanakke Hindugalige Nyaya vadisabeku,Religion
7514,Berelu torsidre hasta ne nungidru antaralla haage ee Pak nan maklu.<br><br>Pakistan gaga kottidde tappauetu muchkond erohagidre eri ella andre bere yav deshkko hogi anta helidre gotta hts ettu..<br><br>Jaga alla sagni nu kodlla Pak nan makla..,Geo-political
3389,arun ge  thanks helu ella andidre nin BB ge bartirlilla,Gender
3549,Mental adu teli sari illa avaladu mental tara adatale,Religion
6549,Dabba nana makkala yav sule ge huttidira,Gender
7825,Report madro evalana yellaru,Gender
6942,Big boss hogodu.....En sadhane pa .....dod Thayi Kan beedamma....edu ondu interview...,Others
6505,"@My kannada houda sir ,okay haage maadthini, nammane pakkadalle R S S navaru thumba iddare avarige helthini sir.",Geo-political
6524,Sada Sonu thika muchkond kannada matadu English matadaka barala,Gender
853,Ri much ri Saku nivu sati sahagamana paddati yanna acharne Madi hennu makkalanna jivanta suttu hakidri addken heltira aga manaviyate yellittu dalitaranna himse madiddu nim dharma davare ondu drama movie ge hindu muslim Madi desha da shanti halu madbedi,Religion
5897,swanta gandananne kole gaida pataki,Gender
5941,BJP bari sullu BJP mla galu estondu hennu makkalna rape madidare estu CD case madikondidare anta janarige gottu thappu yaru madidru shikshe agbeku,Political
3042,Ninu nattuge kuthkolavva Modlu <br>Amele nimmange heluvantte,Religion
4803,jaylalitha iddaglu ee vishya ittu alva eshtu rajkiya madodu,Political
3739,Shata Sule maga ninu,Gender
6617,Halal cut madiro danada mamsa khareedhi madi press navaranna karedu mukya mantrigala bagge keelagi matanaduva eee manushyanige Hindu sanghataneyinda dhikkaravirali,Religion
7758,Sule makla btv??. Kacha hakilva??,Gender
5186,"Hindhu Na kondaga  helogidappa <br>Allal certificate bandhaga hel hogiddappa <br>Kashmiralli hindhu galna Nasha madi kole madi rape madidaga Elli hogidde<br>Masidihalli Kashmir bittogi ,illandre kole madthini antha anunce maddaga yelli hogidde .<br>Convert madidralla avag hellidde .<br>Pakisthan zindabad yeldag hellidde .<br>Terrorism maadidag helli hogidde .<br>Allal mark devara prasada mele akdag hellidde .<br>Ninu nijavada hindhu drohi ,congressigga <br>Tirupathi temple Alli muslim avarna administration Alli akidralla avag hellidde",Religion
1539,Athava naavu Srilanka tara savira savira jana bombblastinda saayovarege kaadu hijab bahiskarisabekagilla. ,Political
4943,Ninnan karedukondu pakista Dali bidabeku,Geo-political
6996,Namma india dalli caraption kuda ban agbeku,Geo-political
4072,"Ri nivella sinima bagge math adta ediro ella hindu, Muslim gala noduve birukannu untu madtidiro Thu nimma, edu ondu news channel a..nivella deaha drohi gala le. <br>???????",Religion
186,@Mahammad Mustha bolimagne namge godi raddu akki raddu adru parwagilla. Petrol ge 200 rs adru parwagilla. Dudd ide nammathra petrol haksthivi. But nim tharad terrorist galige gummidre saku. Neev beledre jevane iralla avaga godi akki yarig beku.,Political
5959,Half kunne muchkondu hogo bolimaga,Gender
3473,Thuu sule makhla,Gender
3058,40% golmall govt. Jai siddu,Political
4808,Le lowde ke ball rohith sharma du not out adruu out kotruu adru bagge mathado gaandu gaandu ð¤«ð¤«ð¤«,Gender
6474,"Mahelege  Avahelan, madi dire or",Religion
7775,Tappu yaru madalla ? Darshan kuda human being Avrigu Kopa barodhu sahaja... Celebrity aadhre kudibardha ? Kopa barbardha ? Avrigu emotion iralva.. Naavugale kuddhaga jagala made ilva.. Darshan madidre Matra adhu Big crime ha ? D boss Na nodkond urkolor Laksa jana aadhre.. Avranna preethsoru KOTIGatle jana eddhare... Jai D Boss ??,Others
7946,IT li kelsa madodrinda hididu waiter varegu ee tamilians du ganchali jasti aytu,Geo-political
1682,Yello sabaru bitti mattan kottavane adkke avara para mathadthavane Hindu drohi,Religion
3883,Ammage sariyag kutkoli sare hethkoli ayyo kapi,Gender
6856,Nin yaro mudhiya ninge  yen agthide antha gothidhiya   sule magne,Gender
5148,I miss you Harish<br>Thooooo Meghana,Gender
6599,Mathe ninna tha maglu na hethmele think madbekala heng mane inda gandan jote kalsadapa yavan madve agtanapa e huchina anta think madtare,Gender
1132,Nenu thaeee na Halli avrage hegg hellta edhera alwa D maglu yavaglu D ne,Gender
7730,Aunty thara mathadthidale ????,Gender
1657,420.bjp 40/BJP shaba adyaxs BJP yavarige chapalili hodibeku munde makkala,Violence
5737,Sulle maklu BJP sarkara,Political
6343,Hogle Hapsuli magane,Gender
2632,Ninu modiji hendey muskodu barodu bitu masale dose tinake hogideya ella puncher hakake hogidya lofer ninu kalanina chikapa nu kalla,Gender
5968,"Hinta girl,s ge life nali innondo sala mukha torisabardu bro<br>&quot;Challenge inda badakbeku avarmunde&quot;",Violence
6164,Meenakshi entha maklige janma kotbitte meenakshi ð en over adthalppa evlu yappa ð,Gender
7780,BjP bhakt re Neem aji (SC Muslim Christian ....) Sulemakal neem aji Vidhan sauda nugi jejti...Maklaa,Religion
3997,Thuu nim janmukke??,Others
3721,Yappa dove ranira,Violence
2083,kachada bevarsigalu,Violence
4576,Ninnu  congress chella  gulamma,Political
1834,Dagar dagar dam dam dagar dagar sule ??,Gender
1046,En saadane madavle antha avlna estond great thara maathadtirodu...thu e media davarge maana maaryade ila..en social media dalli batte ella sariyaag haakolde dance maadodu adella ond saadane naa...thu naachke aagbeku...kasta pattu desha kaayo yodharige..corona time li day night antha nodde family bittu duty maadiro nurse ila doctors galge interview maadi...adna bittu moorannu bittu kuthiro evlna interview maadtidiraa...thu nim buddige hotteg anna thinthiro ila kakkas thinthiro,Others
2654,Adu Vallabhai patel ranta Hindugalu Congress lli iddiddakke ..tilko modlu gaand nan magne.,Political
7393,"Entha maarre neeevu only kerala movie script matra nodidre saka? Mandookagala,, prapanchadalli innu tumba deshagalive directrge election tumenalli release madoke bere deshada script workout agalla. Adakke directr sahibrige gotthu loha garam hi maaro hathoda anda haage hodaddu 3 hudugiyaru script 3000 . All over indiadalli more than 3 lkh hudigiyara human trafficking nadeytha ide. World nalli adu 30 lkh ginta jaastgi ide. Iro reality torisodu bittu bjp promotion madoke ondu Kerala stry<br>Adannu nodi nija anta baaybadko moorkha anda bhaktaru. Nimma taleyalli Ee pari segani hege tumbide anta artha agalla. <br>Omme kasmiri files <br>Mathome kerala stry<br>Mathomme avanmman pinda <br>Adanna nodi nija anno mandookagalu??????",Political
7929,King kohli thap madalla avrige ursidre yavde karnakku bidalla naveen ul haq cricket baduku mugithu antha,Others
3438,"Vote kelakke  musleemara ( site) jagadalli bundhu  kelidare  Kalu catharsi BJP ge Dhikkara  BJP poison  ,  jaibheem â?",Political
3272,Nim amman mathige vonchuru govrava kodu uddhara aagthiya illa andhre ninge 3 lakh alla one crore bandhru naayinu thirug nodalla,Religion
5205,Ellarugu kettadhu kettvishya bega esta aguthe...adre olledh yavangu beda...kettdhana joollu surskondu..nodadu amele Sacha thara mathadadu...thu nin janmake.,Gender
8026,huccha pratham â¦â¦â¦. psycho bolimaga <br>blue jp yenjalu nekta iddane â¦yeno duddu sigta irbahudu â¦avattu huccha venkat sariyagi ninna kennege tadkave,Gender
1189,Same dagar gallu inge mathadodu,Gender
5621,Modi eda ant esta divas naditap nim sarakar eg adu diyal manig di,Political
6834,"BTV Video grapher,  Anchordu thode,  Sonu thode,  matthu yede Bahagana highlite maadi video coverage maadidane,  amele ivrgala olaa udupu andre Kaacha kaano haage video maadidane ee BTV Video grapher mele Under A+ Adult videos Case haakbeku..  Naachke aagbeku ivru janmakke",Others
2123,Boggi puti sule munde nataka maadthale nambabardu ????????,Gender
4300,Hog tunne unni b tv,Others
7251,Nim Anna nodake gandu Tara edane.Nijvad gandsagididre ninna illi tanka Barak bidtirlilla,Gender
4100,Bosadike aswat nayi..,Gender
148,Rip sonu gowda tika blast agirabeku superb vikas,Violence
6329,"Thuu kachada nayee Sonu ge nettag mathadak baralla thuuu nindu ond janma na ,",Violence
2570,Tata muslim beda e rastra dali,Religion
2318,Nale CSK  revenge thakollthe,Others
4821,Soole ge dipression bere,Gender
2762,Dagar tullu evlu meghana,Gender
1870,E match avish Khan kursidruu next play offs nalli lsg vs rcb hidre Naveen nanthu hadsalla ðð,Political
5098,Sonu starting attakke erbitlu amel biddodlu,Others
3157,Budget hellila avage evanu(nidramaya) bogoloke start madyan. Bari sokin mattu evanadu,Political
5934,T muci. Kondu Allaregu tket kodisu Swatantra horatagararu Ede deasha ka astu kàsta paterabeku narameda modiya bage yake estandu aluve,Political
3750,"Akbar the Great kano!<br> Boli magane Firstam..,",Gender
1318,Shikandi Ashwath nanna maga e sala sule magunna e Ashwath na constituency yalli janaru hodedu hodisttare....Jai Bheemji Jai sidduji Jai Congress...,Violence
6623,Holger girl dana nayi huchi,Others
7296,Edu yavado dagar Mane edde hage edeð,Gender
3274,Dharm yavude erli Manushyatva beku intha vara mele nama sarkar kathin karma takobeku nanu muslim adre nana dharm hemse kalisel manushyata kalised adhrmake ageruva anyake naya segali ð¹ð¹jai seya ramðð allhuakbarðð ð¹ð¹,Religion
4558,"Raithara saala manna madidre desha halagutte anda ivnu, but 40 to 50% commission thindre desha uddara hagutha heli Mr amavasya",Political
7877,Dharshan  lockup ge haaki odiri. POLICE  SATHOGIDDAARA,Political
6393,Hitler neina appa,Gender
2151,Siddaramulla khan ge baidre thurkarige huttidavrige uriyuthe,Gender
6465,"Aa mamsa thindu sayi, huncha mudiya",Violence
304,Nodthini ninna dummaboss shateranigen kombu edya,Gender
2902,Lofar nann maklu namm kaveri neer kudidu namage batti idtave,Gender
3631,Anamadheya enu...nimge kivi kelsalva idu indrajith lankesh voice anta... Goobegala,Others
651,Avla thuu dabba,Others
1709,Loudi anchor,Others
2646,Ninna appa muslimane?,Religion
3196,tuuuuu uu idiot magana,Gender
7385,Pakistan davru bitre bere dehsadavaru gandasarallave,Geo-political
5632,"Jai, BJP,. Lavde Hogi kashmiri file film du",Geo-political
5278,Bjpyavu nayigale,Gender
7049,Thayige netug mathadadh kali nin thayi adag Ning gothguthe,Gender
7760,Really meghana is a bad girl or cheating girl,Others
3703,Le ninnakkann sulemagne yako arrkotha iddiya bitti kalka thin mslty toilet naayee mundedhe adanna ardha samaan Saabhi galigg helo looar,Gender
526,Avaran muadide nijahadare avaru harahadaru namm jan suamani biadal uasar,Geo-political
7466,Bigg Boss Na Eno Ankondowle <br>Howlu Enadru Achieve Madbeku Anthe nija hogilla Kardidira Anthe Hogidale,Gender
4962,Nindu leack agiddu video upload madu nodbeku nan nindu sonu,Others
2611,babur obba loafer muslim sulemaga,Gender
3799,"Avaga Congress iddaga pratiyobba praje tale mele 5 Laksha Sala yittu, adre iga namma bharata Modi Bere deshagalige Sala kodo Tara madidare srilanka Afghanistan ge Sala kottidare namm India economy alli 5 ne place ge yeride, Sundaravada kattadagalu devalayagalu kadsiddu yaru Congressge idella sadya agtitta? ",Political
7827,Hindhu galu devaru nambhali nambhade irale adre avastokke avarirthare adare ee muslims yak devaranne thoristhivi antha convert madi desha dhrohi madi naraka thorustgare muslimarinda doora itabeku,Religion
2009,Haa Freedom app naa yak guru akthira ? Boli makla thu,Gender
1639,Pan India heroine tane evluu next ????,Geo-political
6136,First neenu nododh bidu..ogidallappa neenunu Tamil alli maatad kondu film release maadake..nin film alli odalla antha uri ninge..,Others
2025,"Manahan,mariyadi,ellah,sahr bittu nintavre ee pakshadavru",Political
3730,Hettha thaayee mundhe yav thara koothidhiya ? Frist neenu correct agee Amman hedhurgade correct koothko mathe avrge helthiya? Neen akiro dress nodu ?,Others
2112,Nimmamnna badavaru accident ahgi sattru yaru yochane kuda madodhilla adhe obbba selabritige  swalp henahadhru ahdhre adhanne ondhu dhodd news madtta idhira great indea,Others
5195,"So called Bhikaatigalu 10 kg Akki ge Baliyagbardu , Adrallo benglurigalu  secularigalige vote haakbardu modiji kodu Akkige Tamma Lebell Antisi Naau kotteu antha  Bogalu bhattrige ban  madi",Political
5201,Deshada mana haraaju haaktaare. Once for all avaru maadidahage deshadaadyanta hijab bahishkarisabeku.. shandamuslimara yella dangegalanna onde dangege oggoodisi law tandubidona.<br><br>Jai Hind!,Religion
4371,Dj Halli kj Halli nu avra koduge ne. Ne ye 5-6 year li hogbidtiya. Naavu irbekalapa inta terrorist gala jyothe,Others
1116,kashmir files The Bollywood Khan Mafia tumba try madide ee movie na stop madlikke. There are many Hafiz saeed&#39;s and Dawood&#39;s in Bollywood,Geo-political
4559,Mr pratam  sariyagi helu Gujrat rides 4000  muslem ellanu saysidru,Gender
2302,2023ke bjp yavruge&quot; mannu koduva &quot;day,Political
732,Uneducated old men......chikkamagaluralli dk nintaru gellalla.......enne etu,Political
6252,Tumba Dodd sadhane bidi ??????...first Nim Mane henn magalana sariyagi etkoli amele hintavrig support madi ....ovractng madode aytu nachigettavu ..hintvrna news channel ge karstve ..yavo evella ....thuuu??,Others
6083,Jai b.j.p. yavaglu b.j.p.sarkarane barodu kelale mudiya,Political
2813,Lopar Nana maga naryna,Gender
778,ella tamilians ge konga nadige kalsi,Gender
6161,Ninu Darmada Bagge mathanadi ninna nicha Buddi Thorishabeda,Political
2466,"Avru movie dudd madidru antana neevu dudd madakkagalla antana.<br> Kantara KGF Charlie Saptasagarada aache yello Ee movies yella bere kade hit agive. Haganta avru hogi bere rajyada tondaregallali tale hakta edara. ee Tara cheap agi adbeda Darshan. First heg maatadbeku anta Kali, yen neen support madade edre pratibatane nadiyalva.",Others
7816,40%B J P THU,Gender
7056,Nin antha kithodavlge edella bere beka muchkondu hogele nin handi musudina nodoke asayya agutte dagar,Others
2142,Mental Tulu evlu  innu esht sala kaal etttalo,Gender
107,Soole maga prathm madak bere kelasa illada nayi nann maga,Gender
439,Thikla nan maga Pratham,Gender
803,"eega satya gothaithalla, ide maarihabba ee kalsule maklige. Namma huccha venkat avaranna choobittu kachisabeku.",Gender
3998,kothi nann magane .. ningen bandittu roga,Gender
2587,intharavarennalla public munde galligerasbeku,Geo-political
6064,Bjp bucket channel<br>Bjp chela pratam,Political
401,Nanu matte nanna sadhane??,Violence
5740,"Alkut bjp sule maklinda ella desha alagthirodu. E sulemaklu. Avnyavano thayaduka elthone congress sulemaklu antha, e video upload maadironu pakka thayi adukane irbeku. ",Political
917,Hogappa mamsa tinnu. Hogu 6 tinglu taliban alli iru. Sumne burude bidbeda,Geo-political
1658,idella Fake Kashmir Files produced by BJP Andhbhakta bari sympathy goskara 2024 elections,Geo-political
427,muslim virodi gali ge tamacha ð¶ð¶ð¤£ð¤£,Religion
6701,Boli magane  cm  thika muchkondu kuthukollolo,Gender
6870,hi midri nann magne,Gender
4135,Gandu thata thika muchkondu duddu thagodu hogi pachko adhu bittu extra yela mathabeda ninu desha drohi aitha <br>Nam purathanaru modalle yellidare tirkondu tinu parvagila adhre turukara sahavasa madabedi antha <br>Adhare swlpa Jana nimantoru t...... Ke hogidira nachike agabeku,Religion
2547,kannada tamil jagala nodkondu allobba hindi yavanu enjoy madtavne,Religion
996,Chi nachikedu agabek bucket tv avarige....thu chi,Others
4245,"KJ DJ Halli Yalli Ninna bandavaaru Dalitha MLA manegae  Gokulasthami dina Benki ittaga Bayalli En itkondidae Ninnu. Kashmiradallina martanada , sharada pitaa innu aneka allina devasthana ,Hampi, Halaebidu, Somanatheshwara devasthana, Melukotae Srirangam Takshashila, Nalanda innuu estoo Lekka villa dasthu mandiragalanaa ninna baandhavaru sarva nashamaadidarae. Namma hindu samskruthi baggae maodallu tilidhoko neenu, Yoga , Ayurveda, Samara kalae, Bharatnatya, Kuchpudi, Karanataka sangeeta, Vykarnana,Yakshgana, Kalari payat, Kathi varsae, Kara saamu. Sonnae yannu kanduididuddu Aryabataruu. Ninnathaa huchharannaa kathhaarisabekuu",Violence
2701,Mundaite mari habba ellaranna hodedu bisaktane evanu bandre,Violence
4550,Evatta hijaba bedtira nale college nalle maseedi beku antira niva helida hage  madoke edu Pakistan alla edu namma desh nava helida hage nodabeku,Geo-political
2539,Dagar sonu,Gender
779,Girajki giraki  mudiya muslim politician bekeno ninge?,Religion
2534,@super ?? nin ammun keyaa,Gender
7010,Soun en helu nen video node.. Ahaha super F... Punyavanta ... avnu,Gender
3890,Ashwath narayana psi scam voter ID kalla,Violence
4887,Hindustani Sangeetha muslims kodige ððð¤£ð¤£ music haram in Islam,Religion
7506,Boli Maga na ninu csk fan na,Gender
1736,Vikas hego hage avnu video madirodu.<br>Think madi  vikas ginta jasthi dailog hodidane aduke batte bichirodu.,Gender
6181,Pakistan bo--------- gandse adre kan Munde band attack madli e Thara bomb grenade itkond barorvr Ella gaan-------,Violence
3064,Thu nim janmaka madhuve ago age nimdhu,Gender
4699,Nale nin batte bicchi ba andre bartiya modlu haneliro kunkuma tegi kailiro dara tegi amele unity bhage matadu amele nin vishya neen nodko bereyawra vishya matadode nin kelsana madake bere kelsa elwa neenen police aa adella policeru nodkotare nin tande taee bereyawranna dweshisake helikodtiddara ninge modlu olle reetilli balodna kali sumne buddi ella andmele college ge yak hogtiya surpanaki,Gender
4994,"Kothnan maga?..<br>Kothi ge holisi namma kapirayana maryade thegibedi..ðð<br><br>Yella 26 appandarge huttiro soolemaklu mughalaru..<br>Ivagiro muslims kooda avara santhanagale.. yella lafanga soolemaklu, thamma thayiyanne 36 bari athyachara mado soole janthugalu..<br><br>Quran anthe.. adhanna hogi pakistan alli follow madi illa Dubai Alli follow madi..<br>India Alli Quran=Dog&#39;s shit..<br>Nam Mane nayi Kakka madutthe adhunna thogond Nim allah ge abhisheka madi, prasada hanchi soolemakla..",Religion
2269,Huccha pratham madak bere kelsa ilde illi band pungtavne,Gender
4185,"Dagar sonu, IVALIGE INNU ESHTU JANA BEKO",Gender
198,Pratham obba Huchcha,Gender
5641,Nine dodha goliju,Gender
4001,paapa thalege yetu bidhir beku....adakke hing adtavne hijda tandu,Gender
2821,Tunny ninge aa turkigalade bekenamma namdu bedva?,Violence
3871,Ree yajamanre Elli BJP hagu congress yellinda Bantu ree <br>Nivu janara manavioiso prayatna madi yalru ottagi Saha balwe nedisi anta heli ashte horathu adu bittu e vicharavanna rajakiya madbedi edarinda yeradu samudhayagala mele dushparinama untagutte,Political
7017,btv news chaplil odibeku bevarsi pisi pisi anta helkodta avle lowdy,Others
2,Inta Lofers galindane samaaja halagodu,Gender
1764,"Nehru the true villan of the Kashmir problems pandits hesaru helkkondu mosa madida deshakke.. Sins of Nehru, indira Gandhi and Rajiv Gandhi ella vapas bantu in the same way of terrorism. God punished Nehru family for their dwesha hindu gala jotege.",Geo-political
2033,Population rise avara MUSLIMARA  koduge...ð¡ð¡ð¡ð¡,Religion
2922,Hoge mindri,Gender
979,Kannadadalli matadi sayi,Violence
862,Evaga clarify yagedhe Ella stargallu avara manneyalli edhre E dagar boss yavagul thootdhali edhini antha yhelli pavitra Gowdana thullali eruva hulna kelthedha eshtu deena??????,Gender
3594,ISLAM DHARMA HEGIDIYO ADANNE ISLAM DHARMA HELUTTE ASTE TAYI....NEENU THU KACHDA BJP JANMAKKE BENKI HAAKA DESHA,Violence
5469,@Deekshith Kundar prataf ðð kav kav ð¥ð,Gender
4827,Alla sonu avara amma navare nivu nan magalu tappu madidhale anta avalige sari yagi erabeku anta Buddi kalista ella adhara Badalaagi avlige Buddi heloko hodhavarige Buddi helta edhira niv avarige hinge support madidhre evattu e...riti madidhavaru nale bere yavodhu riti madalla anta yen garenty so nodi amma namma tappannu navu oppikondu adhannu sari madko beku bere yavarige helakke hogabaradhu artha agidhe ankotini,Religion
6957,Tika ganchalli thooooooo stupid,Gender
4283,Sulemaga aurangazeb muslim raja anta kobbu,Gender
7608,Please Back word and dalitharu don&#39;t vote bjp mata hakabedi,Political
3562,Kera tagondu hodi tata BJP ge,Political
3205,E gatanegalu nadiyuwaga congress adikaradali etu a sule maklu congress dawru nama hindugaliga ago himse gotu edre yenu madila saili bidi anta edru.. enta congress e dashadinda nirmula aglebeku awagle e desha uddara agute.,Political
2460,@AIO All In One nim amma thull nekbeeku bro send her,Gender
5803,Sonu gowda nayiya  sadhaneya hinde iro Shrama sikksikkorge batte bicchi torsodu avlu antu nayi...nayi helakku bejaragtide nayige olle buddi adru ide .ivlu kachda ge neevu publicity kodtiralva neeventa kachda agirabhudu,Gender
1646,Lowdya Sonu,Gender
2213,tu ediyat lofar maghana,Gender
2484,Ni congress dav adi gottu muchkond manig hog,Political
5712,Lady CD sahukar jarkiholi,Gender
7176,Lo avlu hudugi alla kano chakka,Gender
7920,Ayoo. Mudiya. Mamsana. Yaro. Thinbeda. Antha. Elidho. Ninna. Bainalli. Hindhusthana. Anta. Elbardu.  Ninna. didre. Gothaguthe. Ninu. Mullanige. Uthidu. Antha. Gothaguthe. Nenu. Thunnena. Ulta. Madi. Ninthkondru. Desha. Dinda. Bjp. Na. Odsoku. Agalla. En. Sata. Nu. Agalla. Edu. Trailler. Aste next. Buldozer. Baruthe. Ninnaturanna. Gundi. Thodi. Malgsakke.,Political
1114,Ondu kelsa madana aunu yalle erli tandu kochi kochi charga madi bisasana,Gender
4701,Darshan Frnds sari illa adrindane name halagthide inthavr insane Vishnu ambi thara idda Sudeep darshan doora aagidd... Darshan aa chelagalna bitre uddara agodu,Others
3429,Kutkolo tullee Bomaiii bjp avru kituu gudee akirodu du ediviii tulgaa,Political
2925,Court orderna verodisdaga yelli hogidde kaka avaga kaveri nenapaglilva,Gender
3590,Ammage maryade kodod Kali Sonu ni,Gender
6607,secularism namma deshakke kantaka,Geo-political
1292,Thap evr dalla.<br>Nam state alli evlnu follow mado lakshagatle jana edaralla ??.<br>Nam desha entourinda uddara adange.,Political
1835,Aa ugragamiyannu hididu gallu shikshe kodabeku,Gender
1883,Arun chedi nan maga neene anchor bitu cartnoon netwrk madu ee bikanasi gansu,Gender
3857,Bathroom li  kultikondu pose kodtiala iga swalpa  kodu,Others
4884,Ee thara maadodh kintha ivlu ?????????? nalli ninthkondidre agirodu enukk 20 madve agodu intha soolerindane desha alagthirodu alkut pavitra,Others
7139,@Rio de janairo hogo lowda kongur tunneg uttdone nan en nin tara pakkad mane uncle ge jai analla.,Gender
943,Thu aa 2 Chik maklu nenpagilva ninge su mu***,Gender
6427,Ivnyaro sule maga,Gender
5435,Kagiri.niia.pakaspathi,Gender
7932,Sadhane ..iPhone 13 Alli ....ade Dodd sadhane .... ????????????Thu ?? nachike elldvu evlu..,Others
3300,Le thukali thind sai namma kamadenu nimma uta ,Gender
2068,Fast avl mataddidre en nam kannadakke ero bele ede fast avl samsara sarimadkoli anta heli sir nayi munddege,Political
4693,Unnata shikshana sachivanaagi Tippu bagge apaprachaara madtanalri bhosudimaga..ivnu pakkad maneyevarige. Huttidaunu.,Gender
5595,Ley ninna buddi enagittu,Political
4580,Thu ivrige nachike mana maryade annode ilwa ivlu nam kannadada hennumagalu anta heloke namge nachike agtide??,Others
3668,Sabha adeksha ne dod dove Nan maga,Gender
5994,Naayigala jagala??,Religion
3378,Dagar darshan bari build up nanna magndu tut ninna,Gender
6719,Thu ninn makkakke ishtu benki haka,Violence
2316,Ninnakkan sule magane agarana mada sule magane bommaiah,Gender
4069,"E news avrge buddi illa ivlu yav Dodd celebrate antha karsi interview madtidira Dakota,,,,,ivl range ge innu yav script hu bandilla anthale bevrcy",Others
2405,mudiya ning yak beko.. Thika muchkond thagondidh mutton beyskond thinnu hogu..,Gender
7565,Nim anna maddur ali vegetables sale madtida ... <br>Adu road ali <br>Ega big boss ali heltiya <br>Nav heavy rich anta <br>E Tara nu ertara jana,Gender
262,Badkirodakintha sayod melu sule munde ninu,Gender
6645,Bari akki kottare saldu khan sahebreððniv ella onde naduve janasamanyaru oddadabeku ð¡,Geo-political
4250,Nin english naa keya iddu ogu nin<br>Chambli thulla ooravr akond keya thuu garthi munde ogu,Gender
1601,Thika muchkond hogo buddda,Gender
2238,????????tuuuu first matadodna kali tu ninna,Gender
563,Darshan belita iddare avrige hechhu fans followers iddare annode ivatt darshan avrige kaarana hinta avamana......modlu indrajith sir sandhesh sir modlu obra vishya na innobra hatra helodanna bidiii......yesht clear aaagi heltiddira modlu nimm ibrigu baibeku.......,Violence
6638,Neenu ennu badhkidhiya.. Mahatayi satt hogu,Gender
2210,Aviveki Nan Maga sidramulla helibitrea agoyta?,Gender
1593,Thika muchkond iro lo pratham,Gender
1854,Thu e mudi baddige madve bekitha,Gender
45,Evanobba huchha Nalayik Ramesh.,Gender
4480,Thu tukaligalu .<br>Sade,Gender
1057,"Bjp sarakaarakke actors Mathu films saaku promote maadakke, nija zero sulli 100% aagi bittide",Political
3280,Lo gandhu stop ur stupid mouth nimmajji,Gender
4593,yake estu over hagi adathiya yamma nam tym waste madbeda ethara upload madi,Political
6570,Allah yavanu avanobha tulla.kroori nanmaga.A Sulemaga Helikottidana Kolemadu Antha.Thu Nayinanmaklu,Gender
7996,Mana mariyade ano namma desh barata nimmida deshada esuru alagute evajanaru kettu hoktare,Violence
261,E movie nodudre yare agirli rakhta kudiyuthe pakka ð¥ð¤­,Others
6084,Brasta BJP ð West CM ð next CM badavara ramayya ð,Political
2129,Le nadiyo thukali tholkolo nindu First le. Kachada ninu and nin comment kanole.,Gender
473,Lo gaandu kashmir files du gottagutte Muslims mattu congress enu anta,Geo-political
5279,Vikas Anna heli hengasna dengodu Andre hege anta torsidri,Gender
1257,Aruna yali dagar,Gender
5765,Ooge awar thikka nekku,Gender
7998,bjp solu guarentee only 35 seat will win,Political
5323,Nin akkan sede mundeva??????,Gender
5743,mindirigalu koolegadakaru mdarchoods bnchoods ijras oddu haaki kondu tundu tundu maadi naayige narige haakuva banni banni,Religion
3197,Congress booli makkallana doora idi ji hindu ji bjp,Political
2596,Hucchu sulemagane age agide buddi bandilla,Gender
4416,Ayyo janna jevana madakkasta padtavre...   Rajakiyadavara atta dinda  desha hologide,Political
2938,Jei. Hind   jei  karnataka muslimaranna odsi illinda,Religion
6735,Ninge dhikkar nimma manege kallaru bandre en madtira nive heli hodadu saystira,Violence
7518,ivla Bayalli Hasuvina ganjala Haki Kannada Barutte,Gender
3131,Evreella yava seme celebrate galu hugri bucket TV GE thu nim janmukke .....,Others
7501,Hogele lowde ??.  <br>Jai kannadambe??,Religion
2527,Yen karmano,Gender
5498,Bommai thika nayimari keya.,Political
591,Congress Party Gulamaru Seculargalu Kashmir Files Filmnnu Nodabeku Jai Hindutwa Jai Hindu Dharma Jai Shree Ram,Religion
4539,"Modiji idralla en madidru akhanda srinivas mane suttru,shivamogga dalli hindu mukhandana kole madidru,bjp govt en madidru Hindu govt anthare hindugalige safety illa,dina rate jaasthi,elladakku tax,10 varsha adhikara kotvi en madidru bjp,eega enu madokkagolla,hindu galu oggattagabeku ashte,JAI HIND JAI KARNATAKA.",Political
7113,Nim avn bucket tv and I phone 12 ????,Others
7179,ADU  NIJAANE 32000 K SULLU ALLA NAMMA IDNADALLI IDAKKE 10RASHTU INNU HECHCHU HINDU HUDUGIYARU CONVERT AGIDDRE AVARIGE ENU MANKU BOODHI ERACHIDDARU A SOLLE MAKKALU TURUKA MUNDE MAKKALU NAMMA HENNUMAKKALI ENU DODDA ROGA BANDIDIYOODEVARE AVARANNU MUTTISIKOLLUVUDU ANDRE ASAHYA ANTHADARALLI MADHUVE SHIVA SHIVA,Religion
4916,Ninu hinnu badukidyala aa bomb hakidru ninnpapi jeeva innu sattilla thu ,Violence
1333,Avr yogithege police constable age relaxation madok agthila..  Youths ivagladru nenp madkoli next ee govt barod beda.. Ivrge vote ne akbardu thu. Youths ge study one help kuda madila,Political
2086,Monthly payment yestu nimge ..nachke agbeku nim lifestyle ge,Others
1368,Gambhir.   Neech. Buddhi <br>  BJP.  Join aadmele ðð,Political
1855,Yee Ee thara sahata savra Audio hakhudru waste.. En kalthana reap madidhara.. Yakh ist yelithidhira TRP nimvn mideas,Political
4497,Media yella shata lekka !! Dboss enu antha namge gothu sullay Makla bere news hudukro,Others
1014,Kangres gorment barbeku sidramyyasar cmagbeku karmikara hamaligala kastana bageharisthare.âââââââ,Political
1435,Hucch solemgalu aval ammange ne marayade kodvalu tuuuui??,Gender
5406,Rakesh adiga roopesh shetty bitre yar sari illaaâ¦ yella dove,Religion
7671, Ivanu Congress sapporter adn iva desa kattana antha bosadi maga  keral kasmir west bengal kasmir di ba bosadi magan gottakkadu hindu rastaparekalpane yaka huttigandaiti,Gender
2457,Ayithu.mudukA.ninnade.mathu.sari.adre.nanu.b.j.p.ninnantha.oldman.vOTE.agotta.bjp.ge.illa,Political
2410,Eastu dina eallige hodidde eaga arlo marlo aadide bosdi magnige,Gender
533,Shanda chiranjeevi ninamman soole maga neenu,Gender
270,JDS bage yako matadtya gaandu,Gender
5689,Aa sulle maklna sumne bidbarddu,Gender
5344,Yak Bantu akrosha antanalla Anchor mabbu sulemga ivanu hindu na saabhi na,Religion
4748,D Boss dagar ge saktagi closes tagotha idare nama boss,Gender
6661,thoo idiot ninna istu love madoru matte yavattu Sigolla,Gender
2157,Bevarsi partam. Ninu hutte illa aa kaldali hetlar ninna appa,Gender
5224,Sullugala saramaale.<br>Islamic yaru madtilla yellanu emotionally blackmail.hinfurastragokara ildiro sullu.,Religion
1079,Bbayolge domex akbitu saysbidu adhe nimge adhrushta ??,Others
2524,nammavare namage shatrugalu embudakke inthavare udaharane,Geo-political
616,Hindugalu oggattagi Muslims avaranna strict rules adiyalli tandu Matta hakbeku. Hindustan dalli badukabeku andre elliya kanoon jari madi ondu hendathi n family planning  adiyalli badukabeku. Avara shariya kanoon kittakabeku.,Religion
6117,Innu jaati antha hogi vote haaki. Karnataka files aagakke daari Maadi. Nimanthoru ero tanaka desh uddara aagalla,Political
1712,Evl istu halagoke evr appa ammane karana modlu avrige chaplii tagondu yaradru hodibeku yanta maglige janma kottidare naayigalu,Violence
7366,Ninu bandhiridhu nin body thorske antha bogole,Gender
6604,Bootle hoditara ba ekade Bijapur ke,Violence
1358,Bellige bellige evattu galeej nodo tara agoitu..chey..,Political
4244,Ivanuu turukk bolemaga,Gender
2912,Ivl ge mana maryade illa,Political
3502,hi sule nimm hengasarige idu olle kelsa,Gender
731,chee ivalobba dodda sule,Gender
718,Naveen ullla hu akbar ga mukli urdaiti .,Gender
1811,"Thhoo nin makke, Ytu kottiddare duddu, election matu",Political
8038,Avlge baiyokintha munche avlann karsiro news channel matte anchor ge modlu sari agi ugi bekittu innu chennagirodu,Others
3374,"Congress navaru kivige hoovina badalu, kitthogiro kera thagondu katkondre olledu",Political
6626,Lee neat hagi video madu hochne made mathanadu video start made hochne madodu hala mate pade pade ha muthi na nahi tka thara madbeda nodok hagala lkb neat hagi video madodu kalthko worst video in youtube ??,Others
6002,Hogo mudka ninna jati kettogide,Gender
6270,Speaker very bad mathadakke bidalla,Political
3565,A muduka saku manege hogi guligi tagondu malako muduka hindutvada bagge matadtiya ninn agandastana ulsiko,Political
5153,Papa hdk kumaraswamy avanige bari 1kg mutton tegedukolluvastu matra duddu kottiddane,Political
6485,Uncle...addhu Australia series....ipl alla..iiieethukalli team pay madi,Religion
3074,Pakisthan e prapanchadalli irbardu,Geo-political
3867,e ayogyanige free mutton sikkide adikke muslim kandre agalla,Religion
2941,Nima ajji thulu ????,Gender
360,Adenu galeezu antiya ? Thu Nin Amman,Gender
6663,Idiot meghana mathina malli,Gender
4313,Only elections gimmick,Political
674,"Pratham neenu olle helide... Aadre sabru ninnannu tindu biduva, endu nodtare.... Aaa kolegaduka, paapigalige, namma, vedane enu gottu? ",Religion
1749,Mucknond kannada matade,Gender
1290,Le mangtulle alli rohit sharma mathadirodu umpiy jothege avn not out agirodr bagge sumne odrbeda,Gender
5325,Pakistana davalu india yake bandalu beversi munde,Geo-political
7867,Soolegala ??,Gender
1941,BJP du blue joker party aste ley,Political
945,"government ee riti adre ,uru uddhara agatte",Political
3480,Waste CM Bommai jai siddu,Political
4883,Congress bjp nev yaru nem appange uttilva,Political
3053,Yala dove edu agadre nin mobile yavd antha kelta erlila video li ????,Others
2166,pooty clean madabakamma.pooty cleanidre olleya kamai baruthe.,Political
60,"Ah sule na Inna yak itkondidaro, ah sule ge yaru vote madolla first of all.",Gender
7441,Modalu e RCB franchise boli maklu kannadakke avamana madkonde bandidare adu e namma kannadigarige arta aagtilla,Violence
886,"Le directore ninu yenu prbudha ankodidhre ninu hoba mutala , siddramhaiah adlethadhli agiruwa lootikorathana brasta adlithadha bagge,awnadhurankaradha bagge kelodhu bittu, hendthige sere kodsudhra maganege chadi kodsudhra antha kelthiyeli, adhrabadhlu , city white tapingnali Ytu, Indra canteen nali Ytu , sc st corporation Ytu looti Madhuri antha kelre sitharam.",Political
2588,Menter alla mental,Gender
8045,avarige gottu ansatte avara cinema karnataka border datalla anta yakandre idakke proof avara abhimanigalu dabba,Geo-political
4343,Sonu dagara ivalu ammanu dagara? Yar jote malagtaro dina,Gender
1378,Pakistan Pakistan annotu nodi yaru support madtirodu anta clear agi gottide,Geo-political
4658,"Tata Muslims galu Muslims hey , nim kaldange illa ee 21st century. Ogi tindu maja madu with those ppl songs ..",Religion
5188,First nim anthavrge enadru madi Buddi kalsbeku,Others
2146,Amma inta magalu na visha kottu sayisu,Gender
1,Loo tirbooke BTv avare yavaloo bethale adavalu kudisikondu yeno nimdhu thu..loo aha anchor dress nodroo  media annutharenoo tukaligala..,Others
2034,Avan Amman Pakistan ke shata,Geo-political
7454,LongsulimakLu eaga bandare mudiya sulimaga,Gender
3160,Fixing agidre rohith not out irbekittu or. 50 odibekittu out adru match fixing for. Birthday antirallo gubold Nan makla,Others
4629,Ha sulege hange hagbeku,Gender
236,Thu  evanu  obba  Hucha evanige  enu  gottilla,Gender
7655,Unity anta bandre first kumkum tagiri. Idu kuda dharmik sanket. First equality nivu follow madodann kaliri amele helri bere avarige.,Others
6926,Darshan boss bagge matadoru modlu avara ammage uttidara keli,Religion
2887,Jana tinnuku Ilde saaytidare ..anta timenalli ennn sir group madkond kudiyodu...galate madkolodu....money jaasti edre swalpa illadorige help Maadi.....samajamuki kelsa Maadi kudidaaga sigo kickginta jaaasti sigutte...,Others
7814,Nimunela hutsodru badalu condoms erlilva nimma appa,Political
1534,Tunni Pakistan mendry,Geo-political
2194,Ivlu papa avr ammage respect kodalla inn mugit film ge bandre tu ivl janmakke,Others
7683,"Ivalenappa hinge adthavle avara amma ge maryade kodthilla , innu maneli avr ammana mathu kelode illa ansuthe , adikke helodu appa amma swalpanadru strict agi belisbeku antha. swalpa preethi jothe ge bhaya bhakthinu irbeku avagle olleya vicharagalu thalege hogodu illa thale thaggisabekaguthe...",Religion
2998,Yelli a sulemaga Abdul razak,Gender
7455,Evaru beleso ah muslim haavu evaranne kadiyutte,Religion
5766,Nam government en madtide ee tara agtirodella nija agidre adikke ond antya kansbeku elrigu nemdi agi baduku kodi,Political
4696,Huchcha ee tara galabhe ella ebbisi en sadhastiya,Political
3618,Nkn sule munde gal nella karkondh show mado tirke nan maklu media shatad sule madklu reality gu reel gu.<br><br><br>There is no value for JOURNALISM ITSSELF,Gender
1399,Shut up <br>Yenu sadane madi dbbakidiya tayi,Gender
6175,Baket??? tv ge bere kelsane ellaa..... Enta chappar galanna tagond interview madtiralla??????????????????????????????vikas benki marre ninu??????????????????????????,Violence
6579,Nivugalu first bhuddi kaliri bjp congress jds 3 pakshanu sersi papa rajakiyadavaru onde thayi makkalu edanthe modalu namma Jana bhuddi kaliri,Political
7688,Avaru indiadavarala Pakistan public tv ranganath sir helidre helthare,Geo-political
5113,Paapa Aa thayige novanna helkolakagthilla aste great mother but sonu is big dgr thu,Violence
5658,Fake movie... ?? spreading fake news in this movie.... 30k plus missing and terrorist andre gvrt yen maadtide intelligence yen maadtide,Others
6700,TV show nalli edya hege batte aakobeku antha gothagalva. Hange bandu kuthkoli ennu chennagiruthe. Karnataka da samskruthi halagthirodu nimmanthorindane,Others
2554,Cm basvarj bomai ninna hatir Bal eill aragendr nar eil BJP,Political
557,"@ibrahima, le langa sulamagane nimmanta avrindane pure indian Muslims shame agtirodu",Gender
5431,Halal khora,Gender
3784,Vikas yella kandasara paravagi mathadidira jai ....sakkath thu aval janmakke ivlige interview bere ...,Others
7302,Nivella congress enjil kasu tindu tegi bandoru.....nimmade Muslims ahnn oh ok maneli karkond hogi itkoli,Religion
6516,Innocent mother paapa.. she is soo dominating to her mother. Avl en madudru bayi muchkond iro have control Alli ittidale. If her father was there she would&#39;ve not been like this.,Geo-political
5758,Correct Thaatha. Chennagi Hugiri. BJP yavara naachike illadha janmagalige,Political
5684,"e tara hogi U.A.E, dubai nali egye madali nodona, allirodu sarvadikara,+katina kaanoonu, alva!, elli democrecy mannu tinnoke, elliya law nara ssttu hoda law.",Geo-political
5342,Thu yar guru ivlu Jaatre . Yaapa devre Naninda aytila ????????????,Gender
4366,Thuuuu megahanaaa ...this is bad..,Political
974,@AIO All In One sure bro pakka madthini nim amma ge but protection use madkondu coz nim amma ge aids edhe alwa thumba jana gal hatra keyskondi adukke????,Gender
5076,Btv ge chaplile odibeku,Violence
3216,Lofar sulee,Gender
1316,Nin amma paapa kane yake lovede nin ammange value kodo soolemunde avra yedhurgadene kaal mele haaki  kari thullu thoristha idhiyalla thuu,Gender
6606,Yappa punyatma mahanubhava neenu mamsa aadru thinnu sasya aadru thinnu neenu thinku BJP GU Mr basavaraj bommai gu enappa sambadha <br><br>HINDUSTANA YAVATHU HINDU GALA DESHA NE BERE DESHA AGOKE BIDALLA <br><br>THIKLU THIKLU THARA MATHADODU BIDAPPA <br><br>INNU 25 YEARS BJP NA ALLADSAKKE AGALLA BIDAPPA <br><br>HOGI THINNU MAMSA THINDRE SNEHA IRUTHA,Political
2806,Batte bichaki video madbeku thane,Others
1128,Thu a holasu sidrama kothige..a Congress ge yake vote hakidvo..uddhara madalla iva.<br>Nayigalu nayi buddi bidthava,Political
2330,"Hindu virodhi sulemaklu  e movie na hegadru madi beelsbeku antha mindri atta adthavre , Ex- Roopesh Rajanna, Harish bairappa, some buddists, And hindu names fake ID yella Facebook Twitter Alli , E movie nodbedi antha helthavre ,,, sulemaklu ge jaathivadi nayiegalige benki hacchode kelsa",Violence
6385, vichara vadi ...bilkul mamsavadi... publicity vadi<br>Jai bjp ð??ð??ð??,Political
6590,Congres siddu mugisoku modale siddu congres mugistare bidi avaridre congres kathe harohara,Political
7848,Darshan avru  olle nata   friends   gumpu katkond  yenne party&#39;madkond hotel alli kelsa maado badapayigala mele dharpa torisodu yav nyyaya,Political
5896,Amar avre 32000 Savira alla 3 Jana adrunu terrorist is terrorist,Geo-political
1695,bavarsi  girl,Gender
6978,Avn sikkidre  nin hen madbeku antha ankondiya andhna madi thirsko nin kopa bejaru nin alu na hella nu bidle beda anthavrna.....,Gender
2178,Bucket tv...... Nimna modlu ban madbeku.... Enro nimdu karma olle vyaktigalna interview madro ivl yavl en madidale antha interview madtidiroooo,Others
5130,Nenu yava nan maga yake nimma tandeg huttilva,Gender
4236,Tagala bari baddal nann maga enen madi sattno eno ,Gender
7067,"Nin yaro haa genocide supporter errbeku , first tolguu nan magnee.",Gender
7678,Mukhya Kanthri...world belongs to ne.. Kantri mantri no yavanigottu,Gender
5477,Tatappa ellellu Muslim avarisikoltiddare.nale Nim makkalu mommokkalannu Muslim he convert madtare avara Nin hesaru helokke yaru erodilla. History Swalpa odi nanatara matadi,Religion
528,Pakistani Sully makallu yaru erbardu sir plz finish Madi,Geo-political
520,Gaandu sandesh nanmaga tukali nan maklu you ella darshan du sha nu tikthkolak agalla obru,Geo-political
161,Tagalrappa avattu jaggesh avr athra hogi kshame kelu kelu anta hegradtidda gnaniyulla abhimaanigale indrajith du ivaga en madtiraaaa abhimaanigale (celebrities)??????devridaane guru avattu jaggesh avrige avr vaysige bele kodde ast maadudralla ivattu nimig tirgide iste jivna tilkolro ??,Geo-political
2187,Islam ondu Terrorism dharma,Religion
6588,kannada Jana are poor and enu buddhi illa kachadagalu,Violence
7298,Tea marodalla ninu didda beversi nayi surya,Gender
434,@Pavithrajanu Pavithrajanu antha changlu galge suport madbeka ?,Others
485,Bolimagane fixing illla yen illa views goskara yeneno helbeda,Others
420,Allina lingaytharu ee bari sariyage buddi kalisthare muttidkobeku,Geo-political
4747,Congress +i.n.d.i.a deal agide??????????,Political
4900,Aswath embha nalyak mathadu  manga neena hethawaru dharadaru,Gender
2960,Avlu kacha bichhi thorsidu avramung kushi ??hagide,Gender
1092,Bolimaklu pakistana nashaagbeku,Geo-political
5875,1974 ralle mugididre eega yake neer bidbeku,Gender
5366,Naiiiiiiiiiiiiiiiii Nim appa Amma nu Inge ninu inge ninge heds bandu saibeku,Gender
2114,"One doubt nin thamma nin video nodila 18, min du ????",Others
5827,modalu e interview madthanalla avanige chappalli hodibeku. yaake satta haariyoke kelbeku . avlige indian muslim esta aagilla andre avlige pakistan muslim bekagitha hagidaga yaake nivu nam bhase avamana madthira,Violence
5930,Lye Nin Amman sulemunde Nin jote iro anchor Hu Nin Tara ne sule irbeku adike pisu pisu anta matadutedale?? avl Amman Pakka Nin kinta Dodd dagar avlu Avn Amman ????????????,Gender
5370,Sir English version oddi sir neev English bere Arabic Alli bere erutha helli.1st page Alle est saati tallege thumbodu eruvannu obbane adu alla matra antha .neev open mind inda odi avag nimge ansuthe.,Others
3223,Nayi sonu??????,Others
4355,Boli maga ramesa ogi  chaddi bichu,Gender
6268,"Ival amma dha thappu yen illa, avar ajji jothe belidh anthe ,avl ajji naa mett thagond hodibeku",Violence
1212,Paki Turki .. Tika kobbu.,Gender
630,BUKET TV ?? MONKEY JATKA HODKOTIRUTTE ADUNNU VIDEO MADI ESHTU RASA BANTU ANTA CHARCHE MADU ?? NKN CHUTYAGALA,Others
3606,Ninu nim Amman hottege thane huttiradu muchkondu kuthko kittodole,Gender
5336,Ninna mathe dodda durantha so called secularism,Gender
1815,Namage nijavadha boss Thande thayi,Gender
6646,Useless kageri... ondu kelasa madilla nammalli bandamele,Religion
1649,Kalu anda bakthara kunndaga kodi sariyagthada avaga ee muslimarige khushi agbahudu,Religion
205,Yav sanskriti tandidare ??? Bomb ? Love jihad ? Cow theft?? Illegal slaughters?? Riots ?? Idena sanskriti !??? Nev matadbekadre dkond matadi,Violence
5298,e hudgeeru pootiya roma thegeyudilla.lodgige hodhamale alli gothaguthe.collage hudgeeru 70%dhuddu madodhu adda dhariyindha.innu hindhu hudgiyaru muslimarondhige lodgalli kandare navu bidudhilla.sariyagi odheyutheve.hushar!!!,Religion
4778,Hindu Dharma halu agide nimanta jativadigalinda,Religion
3557,Yar guru evlu . Irritate idiot.thuuu entavrnela tv ge yak karstaro ????????,Others
1418,Nin janmak benki haka,Violence
3729,Hello MR Newz reader.. First nevu manage hele nimge intha nonsense script kottidu yaru.. daridra vagi kutkondu daridra news nodidre heege agodu,Others
7586,Sule makla btv aaa sonu sule dhu shata heriri bvc gala,Gender
66,Tamil Nadu onthara Pakistan thara treat madtare kannadavaru,Geo-political
7247,40% sarkara thu nimma janmakke jathi jathi antha saithane cm aglikke ivnige yogethe illa next cm sidramayya sir masood hagu fazil hathye madsiddu ivne ivnu grhasachiva agidaga mangolre nalli hathyakanda madda,Political
6751,"Afganistan rules , hijaba hakkbeku, college hogabaradu,",Geo-political
7043,Soole  neenu muchkond maneli iru,Gender
7078,Thuuu loperrr ella hudgiru olleyavaralla hage ella hudgiru kettoru alla ella avaravaru madiddu paapa,Religion
4487,Muchkondudu  paatadha kade gamana kodiri.... Bere avaru thalege  batte aakovara.... Illa olgade chaddi aakovara antha nodkondirodhaaaa.......illi one one marks ge compitation nadithidhe government job ge ....,Gender
5963,"Daridra 420, bhrasta, kaamuka bjp bari jaati bheda bhaav maadtirodu. Matthomme intha daridra sarkara Vanna yaavatthu adhikarakke tarodilla.<br>Naavu INDIANS ð??®ð??³",Political
5351,"Nin Kurukshetra Robert moviesge hogi bere rajyagallalli Kai chaachidaga yellogittu Swami ee maryade nindu. Nam tatte varigu bandre matrana gottagodu. Kannada cinema antiralla.. neevenu film Maadi laaba namge kodta edira Swami. Bere film Elli dudd madiru tax govtge hogodu, neen madidru tax governmentge hogodu.<br>Sambandane eeralla Elli nadita erodenu neen maatadta erodenu. Olle cinema madidre yellaru support madtare 1st olle cinema Maadi aaga Jana nodilla anta helu.<br>Stop making useless statements and learn how to act and make films first handitara tindu kudidu deha belasadre saldu buddi belsko. Chutiya",Others
5602,Avaga alvike mado paksha vote goskar edanu nodi sumane kutithu. Adake evathu ah janata shapa tati ah rajakiya paksha Edi desha dali mulegumpu agirodu????,Political
3407,Nam comments odoku time illa ansutte ajja ajjige....comments mado badlu kandaga tu anta ugudre buddinadru barutte ansutte,Geo-political
7112,Tepri tara matadtavle,Gender
5275,Slum ali erorna bb li bitre ede agadu,Geo-political
6898,"Ninge mutton puksHate sikkidhe adu congress inda, jothege ond bottle kuda yettidiya , script sarige rehearse madilla martihoogtidhe, ninge acting bartilla, next free sigalla mutton ninge",Political
5341,Akbar ninna appa kano sule magane bavarsi,Gender
707,Idyavudo congi...mangi company,Political
3685,Very good Vikas bro eantha chapper munde gale ban age beku we all karnataka support Vikas bro.....,Gender
2352,Hight weight Ella kammi ....namge ond hudgi naanu. ...est kicch ide mansallli Andre. .naav en madok sadya yav tara revenge teerkobodu nan antha gottagtilla. ......,Others
2338,All most all  hudugiru erode hinge ...hudgarige hudgaranna  noyosodu avara ketta gunna...but olle hudgarige Kala ella guru ...any way ..rest in peace brother,Religion
951,Tu iddu ond jeevana na tuu sulle re ninginta parvagilla,Gender
4523,Idu thika ganchali    ivalige ide next,Gender
3820,Ninnninda thiliyuvantaha yaava vishayavilla. Ninna upadesha beda. Moonde kooda baruvudu BJP maathra.,Political
6557,Thuuu inotor nella yen madbeku....... Future ante future thuuu,Others
3449,Nin nettage kuthukole,Gender
592,cheat madi madine melakke ertiddare,Religion
4177,Hey gooda. <br>Ninna bahige dikkars,Political
1880,Nalayak Nayi basavraj bommai,Political
6568,Lo gandu Sule makkala hijab ivattu special agi kanistiddiya. Saviraru varshagalinda hennu makkalu hijab daristiddare. BJP anavashyakavagi voot Bank gagi madtiro rithi ide idu.,Gender
6820,"Inta ketta Sonu anta KRIMI ellu nodilla, avara parents heage thadkondidaro maneyalli. Avaru great",Geo-political
7235,namm dam irodu ivarige neer kodakkalla,Gender
7808,Boss anthe boss evunu thika nayi Mari keya ????,Gender
3302,700 kotti anthe... thika urkondu urbaglagthane siddaramulla khan... ððððð yelrigu kuthkolli antha order madthane siddaramulla khan... ððððð,Religion
7629,Bvc ninu  byarige uttidava boshudi alkat,Gender
1759,Thooninn yarno konda paapa sumne bidatta,Gender
1842,Justice to Kashmiri Hindus ..avarenu nimmashtu kettavaralla,Geo-political
1810,Bandh madoku percentage beka... Yella sariyagi avreð,Gender
177,Build up raja publicity ge olle chance controversy king,Gender
6709,Ayo nem havan mendagut mundde nen nodi yela hudgiru hage kalkond betaru thu sule mundde,Gender
3547,Ivribru Sule maga Sule Munde samajne kedsbitru,Gender
2834,chaddi anchor<br> chaddipratam,Gender
7799,En karma guru idella! Nodorge namage budhi ila athava madorge tevla gotagta ila ??,Gender
6335,ee tamil bosadimaklu ella kade heege kantri buddhi,Gender
3024,Congress bevarsigalu,Political
6528,Thu chappar avn mathu ninge thamasena papa avn mathadodrale gothagalva avn eat prethi inda nov inda elkothidre ninge durankarada mathgalu thu duddu Antha saythiyalle Thu ega dud kotre avn barthana ninnantha duddige dagar bekadru agthiya thu  nin alagogthiya uddara anthu agala,Gender
611,Modalu e channel na  ban madbeku ahha super tayi mandya davarela hegena thu nem janamke sadane madidala halaka,Others
6640,Ayyo tayi yava saadane bagge matadbeku bathroom saadaneya baggena...??????,Gender
1396,Nene dodda Kalla matte aa madrasi bagge en heltiya,Political
3917,Niharu not a good design.lofer nanna maga neharu,Gender
4683,@Narasimha Murthy banda Guru telugu golti gandu nan maga....,Gender
2886,Lofer rss pratham,Gender
4020,Naav halal maamsa thagolalla andre nim thika yaak urithidhe.... muslims galge halal maad dhange cut maad kodak helu avranthra ne thagolana anthe,Religion
6952,Thu kachadagala ???? except Mother ????,Gender
3338,"@#ps ninna daridra buddige enu helabeku anta tiliyalla. Brahmanaru yavagalu ninnante reservation kelalla. Buddiyinda munde baruttare. Ninnnta daridra buddiyavarige tiliyalla. <br><br>Ambedkarge odisuddu, hesarukottidde brahmanaru. Brahmanaru ambedkarke ya",Political
6520,Ye Malleshappa mund vandina Benni chori hakataralla avag tiliyutte,Gender
4383,Loper sule magane jds avren nin hendthi dengidra ella nin Amman kedidra boli magane,Gender
208,Janara kivige flower ???? bari sullu,Gender
3561,karnataka kke  iddku bidbardu intha jana galnna,Political
2664,Sanghparivarada sullu suddi idu.biased channel fakepolitician fake,Others
4312,Yee news channel doure...avru yelle tamil cinema nododh bidi  anthl helyar ...sulla sulla hesar Haal Madhuri nivu news Channel dour...nivu nim tagg line thuuu nachiggetouree,Others
3616,Naresh obba huchha.evalu huchina,Gender
1269,Hee hucha avaru Karnataka cm  maryade kittu matadu maraya,Political
1164,Avalu dodda loffer,Gender
1073,Appa illa andre makkalu baya bakthi ilde hege halgthare annodakke ivale doddu example..,Religion
6285,Eeeevl bayalli nam kannada bedaaappo bedaaa??,Violence
2613,Bommai     British  gulama   <br>Rss   boot ð¥¾bommai<br><br>Yediurppa    good  CM,Political
5623,Edralli erorella weast peoples,Violence
1163,Kashmiradali hindugalanu kondaaga <br>Elidappa ninu.nin Bali rosha or swabhimana idare hindugala Hate bagge maatadu.,Religion
5036,Lo gubal avlu yoko Kannada maathadbeku,Others
6531,Edu baravase belakalla   blue TV edu boli makkala,Violence
2625,Nin maglu tullag haaku suli magne,Gender
3026,evalige herohena agu quality illa dagar quality jasti kanasta edi,Gender
408,Chutya adi o le nodidra gottagatta sanna paaragoligu adu boundary hogyad antha gottagatta,Gender
117,election bantala ð¤£ð¤£ budget bantu egaðð 40% hoge esala,Political
4075,"Shame on INDIAN Govt, Ajmal kasab mumbai blast attack madidamele avange jail lalli Ittu, avan saluvagi 9 crore rupees Kharch madru Inta Govt, nobody take immediate Action,",Violence
2973,Kannada mathdi sayoku roga thuuu adhu yan bandidiyo evghlghya yestu haldhru astya thuuu Never ever change,Gender
5713,Neenu yenbekadru  thinnu. Ninna. Mathu. Yava. Nayinu. Kelalla chi ee daridra jati,Gender
3572,Amma.mada.kalasa.magallu.madidale.thande.sathmale.thahe.sakbaku.aduna.sonu.madthidalle.hedu.thppa<br>Nanige.hedu.sare,Gender
6648,Aa kitodoluge horage haki pastu,Geo-political
6961,ANTHA  KACHADA NAYI ENNU BADUKIDANE ANDRE WTS NONSENCE.. ENTHAVARNA SAYISBEKU,Others
3977,ninag hrudayane illa meghana vanchaki ninu olle hudugan jeevanad jote ata adade ninag yavattu olleda agalla I hate u megha but I really love u harish,Gender
4909,Darshan andre ond respect ittu evaga thu nin janmakke,Gender
5046,Idu south kade agbekittu Ivrige sari goota baddu direct Yama loka kke kalstiddru.,Gender
2812,Le pratham cinema nododu avarice bittidu ninu avru Hindu Christian muslim illa anta heloke ninnu yaru pshyco,Religion
4234,yaroge bekagittu idella sumne muchkond idre agtittu ee bosadige,Gender
3839,Pratam koti nan maga edella whatsup university students,Gender
2332,Blue shirt yako nigradtiya...,Gender
5828,Nine veest  nin  program  nodode   dodd a  veest  yaru  nodbedi,Gender
848,Karoubba randi bhosadimaga siddaramulla,Gender
3889,Kattu kate kalpanika kate kotto de bjp sarkara da bahala dooda abhi varddhi hagu jati dharma anta dovesha bettudu manusha manushatva da madhiya visha bersiddu evara sadhane,Political
2892,Money idre ne manusya antha prove madbitllu,Political
4081,@Lakshmi Lacchu nin kushina nin nodkondu iru nan kushi thagondu ninu uppin kayi akthiya ??????,Gender
3414,namge yako thika uriyuthe <br> thika uruyudu nimge musalmanrannu hegadru maadi damanisbeku ade chaddigala target but adu. Agtha elve agudu Ella,Religion
7094,Thuuuu inthavru erodu kintha yalla adru hogi say beku thuuuu edu ondu jalmana enu EGA 18 years hudga hudgi thara EGA Frist madve thara feel bere thuuuu nachke agbeku ????????,Others
3745,@#ps bramansru hodare bhrata Islamic state agatte. Bramahanaru yake sabarannu horage haku sulemagane.,Gender
328,"Comment maadoke parmission, sulemagne sariyagi janukke olle sandeha iro film adre nodri anbeku adunna bittu, e sule maklu history ne change maadida thayi adukru ivru.",Gender
7822,Avn gandsagidree comments sections off madtirlolla??,Gender
5818,ee bhoside gala kai yalli kotre mugitu ado gathi,Violence
1675,Thu evalu oblu thayyi na evalu sari edidre avalu yake dagar agthidlu yaru madilwa antha kelthane avalu video madbekadre yen mannu thinthidla evalu mundde yar barthare maduve agake avalna bere yavaru agidre sucide madkondthidru thu evara jnamake,Gender
6656,inta rakkasarege yen laba,Gender
1536,Eee bal balbekkkaa thu,Gender
5337,Mandya MLA galu katte kayiri,Political
6363,Surprise enuo ellappa edhella namma janru madkhaluo kharma khandha,Religion
6286,"Lo gubald , matalli arthane ilvallo ninu yava bhashe matadtiya adu mukhya yakandre ee tamilians ge manners illa",Gender
581,Ninnu madiro kelasakke think maddale kunidadabekitha anti ??,Gender
3813,Evlige tumba attidude,Violence
5293,Dagar guru ivlu.... Avru mother edrige hing adtale  bere avr yedrige inn yav tara,Gender
6497,Amma Tayeee DC yean Court Kinta Dadavvara Avre Sarkarada Kay Kelage Kelsa Madodu Innu Neenu Avara Hatra yean Hogtitya Innu CJI Hatra Hogu Ninge Nyaya Sigute....????,Political
4193,Muchappa saaku kandidini nimm jatiyavaru madodanna,Gender
5114,ALLA NINNA APPA AMMA SATHODRA....DUDDU BEKADRE BHIKSHE BEDU....,Gender
3176,whole ipl is fixed and scripted....fans ella bakra tara kanstara,Others
3385,Dk obba brasta sule maga,Gender
3222,avanu helida video torsi ..nimma purana yarige beku nayi nann maklu,Gender
4352,"Aythu thika muchu, dodda buddivantha tara comment hakbitta.. hogi neene news vodhu",Others
6815,Kundigas nimm nimm jati nodko hogi ,Gender
1857,Cha aste marilla ....India ne maariddare,Geo-political
1787,"Yavdu guru bucket chanel, kettuduna kettadagi nodake inheg nodtare chuthiya gala",Others
2734,Edhrantha 420 channel yavdhu Ela guru,Others
3578,Sir nimge confirmation ella andre niv video headline na yak atara haktiya swalpa nu commonsense elva,Others
7893,raja Hari Singh madiddrinda ishtella agtirodu avanna bandhisbekittu,Gender
4750,E tara ugrarannu saport mado namma kelavabba baratiyana buda sametha kittakka beku akenendre obba ugranige nav avanige saport madi namma deshada valagadene ettukontivalla adakke naanu yelodu ondhe yaru saport madtaro avarannu mattu haa urannu Sarva nasha madbeku,Religion
3964,Ivaga yelli kasta irutthe porn star iddalalva??,Geo-political
7032,Ninna bettale video madida room torsu,Others
6354,Btv ge trp illa so ivlna karkond bandu kutidare??,Gender
549,Ye lovdimagna  chhatrapati shivaji maharaj a shivaji alla,Gender
272,E SULE MUNDE NA METTINALLI ODIBEKU,Gender
8025,Sulemaga siddukhan,Gender
5638,Tamilians na hod du kalsi allige bidtivalla alle kudili,Geo-political
5255,Nin amman tullu history farst oodu,Gender
6612,Soolemaga nin video yak nodkolthiya..,Gender
7163,Niventha bucket tv yo yappa,Others
4428,Pakistan nayi hareti akige hanga maduda ada,Geo-political
1094,E byawarsi hindu galu Muslim gals annu pregnant madi cheat madthare adhu agbahudu idhu agalla soole makhlu,Religion
370,Bro nanu Muslim avnanna pablik ali kochaka beku,Religion
3895,Mannige anna ??,Gender
4959,"Satyana muchittu Sulna yetti torsitte ee Congress party, Swatantra sikidaginda yiddiddu Congress tane yen kardu gudde akittu eega deshana uddara madtavante? ",Political
7285,Thu en interview idhu,Others
2782,illondu allondu helo kelsa ee dkshi du huchh nann maga,Gender
7307,Video bitidu ede room alla,Others
754,Eddakke karana adavna terarrist sayisbeku ð ðððªð¹âï¸âï¸âï¸â°ï¸,Geo-political
824,Yake bro 90 hodedu road madya biloka  ?..,Violence
5532,Bari oluu dhuddin aasege thorsidhlu aste iPhone 12 anta avr boyfriend ge gothillva,Political
542,Freedom app navnu sikkudre mettalli odiri,Gender
92,Oyo room yali ayti,Gender
4619,Documents idre torsidre elru sumnirtare adu bittu bari sullu helodu,Gender
3724,KSRTC du madodukke elu salary,Geo-political
812,Fraud Ashwath Narayan nive heege madri,Violence
4752,Anchor matra phd maadi bandi dare ansutte nice questions and nice answers yappa  ellidri mundeva neevu,Others
4109,Nine galijju inna nin kelsa yali madtiya sulle ð¡ð¤£,Gender
6163,"vikas elidyo ,,, ba guru party kodustene,,, mansiige nemmadi aytu  nin kottid slippershotge sonu ????   ,,",Gender
7445,"idu yav seeme news channel guru, idakkinta Split villa esto better, anchor dress nodi modlu avara aakara nodidre ivarannu modlu Karnataka dinda oddhu odisbeku.",Others
655,Mucho saku mulla nann magne,Gender
5809,Hintaaa luuuccchhhha sulle maklinndaa desha haallll aaggtttha idee... Hinta terrorists sulle maklnna arrest madbekuu....,Gender
1199,Evlige evr amman hatra matadstirode avamana anno hage nadkotidale,Violence
7994,@Pradeep Kumar Narayanappa Shiroorkar Mulla galige huttiro nayi ninu,Gender
4404,Ivr mathadodu nodidre ivre magluge support madtare ....yava henmaklu tappu madilva antharalla yava henmklu e tara madilla duddigoskara ...ivlge olle samskara illa ... interview li e Tara mathadtidale ...ivl amma innocent ....ivlu worst,Others
4340,A hudgina mathu gurujee annona thegedu bisaki plss... Avaga nim OTT GU Nim nirupanigu olle bele eruthe sir,Gender
1884,Ee video nodi nagbekoo albekoo gothagtilla ????????,Others
1172,Kalla Ashwath Lofar sule maga Ashwath modalu jail ge agbeku,Gender
5852,Bommoyi obba pakkaa dhurbala dummy cee yem...,Gender
3932,Nin dabba channel ge nayi thunne thurko,Others
268,Amma tayi nanti bere ninu bichamma,Gender
2956,lopar nanamaga namm rajyada henn makkal mele kannu ivugalige,Gender
1442,di basavaraja sir avare nivu nim beget aste helabeku adan bitu sumne kutta eruva vetakati yana kadsalike hoga baradu,Religion
6768,Bjp jindabad bjp. Solisoke. Yarappana kaiyalli. Aguvudilla,Political
4419,BOODA.BOMMAI.,Political
1785,E kitthodhavlige acting ali navarasagala bagge ne gothila allodhu anthe comedy overacting ishte new acting skills kelkoli akka athra acting kalirii thuuu nin janmakke modhlu acting andhre enu antha thilko thuuu ??????,Others
4510,Nine hondu galiju bevarshi,Geo-political
4815,Adu maatra saadhya illa nachige mana maryade swalpavu ulidilla avlige,Political
6761,Sathyavadha maathugalu  Nijakku namma hennu makkalu  adhunikhatheya mohakke baliyaghi  namma samskruthiyannu marethu Hanege kum kum iduvudharindha battegalannu haakuvavaregu fashion aghi parivarthisi Hindhu dharmavanne Dharma vannu marethu vsrakommeyadharu degulagalige beti needivudhu maadali shalege hoguva makkalu pennige ink illadhiddharu thutige lipsticks  beku doddavarige gourava kodovudhilla thandhe thayi kooli maaduthiddharu avaru hakuva batte modelgalu hakuva reethi iruthadhe innadharu buddhi kalisiri,Religion
2620,Shata Dr yar heliddu ee thara madbeku anta,Others
6454,420nan.maga.ashvthna,Gender
7554,namma hennu makkalanna krooravagi hatte gaida ellarigu ghora shikshe agabeku..avaru baduka baradu,Violence
3246,Shata thara ede e bigg Boss all are bosudis,Gender
3154,Siddanna super hugi mokakki evarige,Gender
6608,Pratyakshavagi naderu namballa Andre innenu helodu ivarige .  Idu ivara moodhathana,Religion
5767,Xvideosdalli ide. Ninna video .nine bhatroomalli video maadi avanna yaake doortiya,Others
2936,E soole mundena thu ninn janmakke astu benki aaka innu sari aagi mathadodikke barodilla inyholna karkondu bandu illi kurisi interwive madthidiralla thu B Andre backet bidi,Violence
1267,Lo  loafer modi media <br>Arshdeep 3 wicket idara  bagge  helro <br>Modi media ????,Political
153,muslims na ella Pakistan ge kalisi,Geo-political
3930,Siddaramaiah rinda namma janara Hana waste maadista eddare,Political
6039,Gandu bjp sulemaklu,Political
6062,Amma shanthi magalu disko shanthi nijvaglu intha amma ge ivlu maglu annodhakku nachike aguthe ??????,Gender
7248,Illi Darshan sir du tappalla matte indrajith du tappalla paristiti haagide illi yardu tappu andre Darshan frds anta nambiro avn jote iro tukaali galaddu avrindane ivella aa boli maklinda Darshan gu kett hesru idu onde alla chanagirorna bere madodu ivr kelsa,Geo-political
5697,Neen muche.. Kachada.. Let ur mom speak...,Gender
583,Dalitara mele aaguva anyaaya ninage kaanislilla alwa pratham Nan magne..... Nimma panditaru Dalitara mele maaduva dourjanya kaanislilla partham ninage...... Muchkondu hogi kelsa nodo goobald,Gender
1715,Sndesh avre chenage etri darshan ge bagni guta ????????????????,Gender
1974,@Bharath NP ðâ¤ ð¤£ ninge thane avn mele astond love adke unnu ande.. Nange helbeda Nanganthu kandre ne agalla avna ..,Gender
1081,Evl makkishtu thu ????????,Gender
2556,Nanu hige matadi audio bitre edu saty agutta evag jana hendi tinnoke biddidare,Violence
8051,Kalla siddu,Gender
4537,"Secularist cpartiyavarella idannu allgaledu, adu isolated incident, idee Islam community aathara illa anta, sabara manege hogi bandu, sabara ghandasarannu maneyalli serisidare, ade ghandasu ondu dina nimma magalu, hendati, soseyarannu harisikonda hoda mele nimage gottaguttade. ",Religion
6422,Lo mudeya avarava ooralli avaray gelodhu,Gender
5815,Ninu halka nan maga,Gender
1019,Enta sulerinda.namma samajakke ketta name,Gender
4277,Nino nin muthino tuuu ogu first hennagirodn kalthko nin video net alli nir tara erithide adu gottidru maana maryaade bittu video madthiyalla ninge nachike agalva ??????Odibeku ninge naayi??,Others
4599,@Darshan S A bro modlu nan name ethu eno sumne yt alli video akona ankondu name change mad de aste. Enu bhayakke ankonda. Bro howdu Pak muslims avru antha but North alli enge andre ella muslims terrorist avrna bidbedi antha heltha edhare,Religion
7100,Evna karma sagani tinnu sidramullah thennu,Gender
6196,Lavada bomayi jai sidramayya,Political
5829,Erulli bellulli ruchine gotil innu maamsa Ruchi en gottu,Gender
3025,"Mudka congi gulamana ninu bevarsi, jai bjp",Political
4873,Thu asayya ivalu,Gender
119,Ye maga thikka mucha namm pm bagge matado yogyatene illa ivugalige,Political
2533,Thu evaraa janumakay,Gender
3927,E vishyadalli king ð du tapp ade andre a bolimaklu naveen ge huttirbek ð¤£ð¤£ð¤£ð¤£,Gender
2652,Bjp ne ka mudi gube gellodu  thilkolro gulamara bevarsi gala,Political
553,Nenu kalaberike sulemagane,Gender
2643,Muslaa vayas aytho muchkond iru hoge hakstavre illa andre,Religion
6575,Bro Niv csk fan kanuthe Niv mathadod bari positivity towards csk and negativity towards rcb,Others
1500,Edu baaglu ellarige gottirutte. Nindu oor bagalu ð¤£ð¤£ð¤£ð¤£ð¤£,Religion
1896,Speeker RSS goonda,Gender
2773,Only pungi jumla this bjp govt pungri pungri,Political
3180,kerala state ondu islamic state agodralli doubt ee ella,Religion
7773,Cm sir siddu kala dalli nim tara hagarana agilla bidi divert madbedi...ha kelavu gatane galu aitu death aitu but nim party avr tara benki hachila janara hotte mele hodidilla bidi sir...avr muchakidru sari nivu avag kadlepuri tintidra sir bidi jana pata kalstare,Violence
1390,<br>Kashmirakke hogi Horata madoke yenadru Sangatane madthiya elvalla...? <br> Yella Samaanya jana Yaro barbeku bandu Namnella Uddara madbeku anno brame alle kaala kalithivi... Ade Politicians ge Vote Bank.. ,Political
5347,"Ye yajamana vayassagi tale kettidiya? Sayo vayassagide, innu buddi bandilla. Innu eshtu rajya haal madbek ankondidane",Others
7733,Evaba 420 bhayotpadaka,Gender
5363,Adond bichii kutko sonavva dress,Gender
529,Yavva durgavva... anchor anthiya olle batte haku ????,Gender
219,Nam bijapur maryadene tagadal e omma che halli guggu,Gender
7440,Ayya mindri ??,Gender
2708,Soole ninna ammana vaatha bevarsi mundde,Gender
4169,Gaandu muduka saabru tunnege huttudiya,Gender
5290,"NRC maadidakke ne....Corona banthu...muslimara viridian horaadiddakke.....innu hijaab   nisheda madudre,Inn yaawa roga baruttha??? Thu nim janmakke, nCHKIKE AAGbeku ..",Religion
3394,aa muslim sule makkalige intha save barbeku,Gender
5987,ella desha looti madavre,Political
5546,"Tande real life nalli hero, maga real life nalli villan",Gender
6756,Le kall sulemagane Mudit ninaman.mujimadautare le,Gender
5032,Dk shivakumar meter off agide Stalin munde Utthara kumara e nam dk shivakumar ,Political
4974,Dagar sonu,Gender
7465,Tu kachda chanal??,Gender
418,"British avru Bandaglu Nam jana Yen mathadilla, Congress 70 yr looti madidru koogadlilla, <br>Yaro Obru Prajakeeya andre yaru vote hakalla. <br><br>Vasthavadalli badukodu kaliri avaga Nija yenu annodu Gothaguthe...",Political
5826,Waste cm peddu siddu,Political
4863,Manegey  hogi bashana madu elliyenu proyojana ella,Geo-political
235,En kittavle anta nen interview madtidiya thooo nim janmakke,Others
6691,Ganchali madi pakistan serko,Geo-political
5870,Nale nim manege bandu nim maneyavaranna madtarala gottagatte bosdk ninge,Gender
4715,Huch Na Maga innu esht henmakkalann ahaal madtano,Gender
1886,Kushi hate madtini ninna tumba ee thara madidiya papa hudugarige,Geo-political
193,Thuu karma,Religion
84,Darshan ennmunde folpe hero mugitu nin kathe. Hendthige mosa maddala estu dina. Mosa madodalde odiyodu bere. Mugitu nin kate bidu enna.,Gender
1891,Ley kalla ningee Congress 40 barodhu BJP Yogi Model Karnataka 140+ guarantee <br><br>Jai Shri Ram ð©ð©ð©ð©ð©,Political
3536,Hogoo guggu eshtudina eldeero mathu neenunu sangina,Gender
6636,yakri kushivare sidduge asht Mosa madudhri thu,Gender
7841,Yen dove madthalappa dove Rani????<br>Akkange award kodro idondh baaki ithu????,Violence
6240,Mannige Anna Tintara ??Arta aagilla nange mann tintiro anna tintiro first decide madi,Gender
6408,Ayyyaa nin mukha naayi nekkaa,Gender
7338,Sule mude dagar khushi ge mattu sonu ge en vyatyasa avalu mai toristale ivalu mansalli iro kettadanna torsidale,Gender
7865,Evane dodha kalla,Gender
2115,Hey boli nann m....... Le edaralli ads,Gender
5857,madbarde iro tappe madirodu estu sulabhavagi heltiyamma hogli bidi anta madbekadre gottirlilva ivlge ivr janmakke benki haka innu badkidyalla bere mane henmaklu niin nodi halaktare,Violence
2245,Milk kudidu Malko hogu kanda.....CSK fixing prove aagi ban aadru  IPL nali fixing agala anta heltiyala kanige yenu akondidiya,Others
2621,Naveen ul Haq ba magne play of ge bowling madtane Kohli,Others
2420,Thu avl na nodudre ne asayya agutte,Gender
1140,Free mamsa sikkide adakke Muslim Bagge mathadthane,Religion
6459,stupid kushi thu,Gender
2282,Bari ide aytu rcb fans du<br>....adke ishtu varsha aadru cup geddilla <br>Nim janmadallu uddara agadilla,Political
4858,D Boss In Reel. Dubaak Boss In Real ??yav seeme hero no eno,Gender
976,Bigg Boss nadithide anthanu ansthilla... En sir idu ondu season haað¤­ð¤­ thuu,Others
1190,"Bjp bittu desha kattu,,,,",Political
5300,Idu bari Kerala story ashte alla. Idu coastal Karnataka story kuda. Bhatkal alli Anjuman collage alli tumba hindu hudugiyaru mane bittu naapatte aagta idru. Appa ammana kashta aa hudugiyarige gottagta irlilla. Kappu burka da hinde yello tamma magaliddale ennuva nambikeyalli budukta idda taayi tande adeshto. Buddigedi hindu hudugiyaru.,Religion
3170,"Mundond Dina APJ Kalam gu baitare bro ,astu adhwana maadtidare politicians",Political
1337,Jodskondalla waste sabapathi<br><br>Talk always reality,Political
3392,Hai kashmi Dali Farooq Abdullah government ithu thurka nanna makalu,Geo-political
1711,"Politicians namkodre enu madall anna en madbeku navu youths annodan yochane madbeku illa andre nale namge bavishyane iralla.<br>Nam desha na deshada prajegalanna inchu inchagi kolemadthiroru nam politicians ,they never suport us they support only such useless people.we have only one weapon that is voting ,before voting think housands times who is fit and who is unfit.<br>Jai hind",Political
895,Naveen sulemagne comments off anko ????,Gender
2267,Nam kannada industry ge tumba nachike ago hage madidlu thu ninge nachike agalva,Violence
5781,Kothnanmaga Akbar hucchnanmaga Babar is Super ibru muslim nann maklu,Gender
1405,Pratham obba kanthri nan maga,Gender
5783,Yen koobhu evalige lofer sonu,Gender
2920,Anchor na chapli tagondu hodiri. Avlu e tara video madidine anchor agidale ansutte,Violence
7556,Lay samajavaadi muduka nindu  ooragala hrudaya edre Muslim ge handi tinke helu nam dharmada bagge nalige haribidbeda,Religion
1630,Neena I kalla.berayaregahelutheya.,Gender
7447,Shatad film shatihogri ella hijda galu seri,Gender
2416,Hutatma anti Alla Tayi aa randi maganige namardha sooli maga,Gender
7342,naveen soolemaga,Gender
6764,<b>Yarale eki estu matadtala</b>,Gender
6037,Ninu thiklu thara adudru evathu chanagi mathadthia ankonde adre enu uddhara ago lakshana illa,Political
6312,"Pratham hucha, avanige yake kardidri. Avanige bashe illa.",Violence
3471,Bere yaru sikkilva nimge interview maddake entha poligale beka,Others
5609,"Navu saha e vishayan high light madbekku and RCB team owners ge request madbekku evallana modhlu tengdhu hakki bere mentar recruit madi antha, Avagle entha Ganchali maduvavarige budhi barodhu",Others
2015,Mundde maklu bittuuu thuuuuuuuuu lopar,Gender
3017,Congress supporters nachike agbeku,Political
2035,Ayyo sulemakla nimge sulle ellavngu bega idsodu e kithogiro sulemagunna chaannel enthadda ethi idithiro sulemakla nimma anthorindalle.,Gender
5869,Thu loffer vikas adu ninna parikalpanege bittiddu obba hennu magalige were reethi mathu adthiyalla idu estu sari thu gandu Nan magne lofer cheaper Sonu akka super agi answer kottry??,Gender
827,bharatakke bandu illiya Anna tindu kanna hakuvabare jasti,Religion
5379,Hey daridra karanaka government ivaglradru tamilnadige neer kododu nilstiya,Political
7593,@Satwik Fire neevu hindu gala??? Hindu dharma odiyak ninthoru neevu galu...brahmins adunna ulisthavre...,Religion
1179,"Nam desha hallagtirodu Muslim,Christians inda alla... secular antha hellkollo hindugallinda.<br>",Religion
503,mumbai blast madsiddu 26/11 alli ivare adalita iddagene kantri nann maklu annyayavagi sayisbitru,Violence
2491,I hate meghana thu ninna,Gender
6409,"Ban her coming to india, avag buddi barate e bewarsi Gul gee",Political
2933,"Meanwhile Darshan fans be like : ond item song illa , foreign ali heroin jothe duet song illa.. villian galna gudde hakond dialogue hodyo scene illa ...ivella ondu cinema na antha  Andkondirtare pakka ð¤£",Geo-political
2661,Thu ninn thikakke ishtu benki haka,Violence
1498,"Modlu e holasu muslim paxa congress nu mattu Islam dharmavannu deshadinda ban maadi????????. Ivattu Devara naadu anta karesikonda Kerala ivattu islamic state aguttide, pak, afghanistan aguttide. Dayavittu namma Kerala vannu kaapaadi. ????????????",Religion
3035,Wold alli 57 muslim contry alle eshto varsha dinda hindu galu kelsa madtha eddare ..awarella enu mathantara aagbitra edella bjp sule makla vote bank politics ashte,Political
7524,Hindhugalu  ecchethukollabeku muslim  boycott madi,Religion
7551,"Tumba thanks madam, celebrity agodu hege antha helkotidakke. Innu bega celebrity agbeku andre, majestic circle ali ninthkondu, batte ella bichakki, kuniri",Others
4934,I think this fish market ð¤£ meenu maro nepadalli janaranna kondkotare,Violence
1420,Avr enri tirmana takotar ree .. Nachke aagneku nimge thooo,Others
3674,Btv tulli GE metnalli odibeku en shata ivru media ante ivru intavru na idkondu program madoke nachike agolva,Others
4557,Kageri  speaker allari vidhan sabha dalli sweaper,Geo-political
5483,Nodi kudeyyakki niru .awarhu kylodhu.. 1 dram water ghy 50 rs nhalli nhvhu perchase mhdthidwee,Political
6560,Miss you harish????...changlu avlu thuuuu,Gender
5720,E sule na yake promote madta idira,Gender
170,Hi bro  neevu  nan comment read maadtiyo gottilla . But nodidre reply maadi.  Gujarat nalli Muslimara mele aada maarana homada bagge maatadu . Matadalla yaake satya yaavattu kahi alva ..,Religion
3834,Innu yeshtu madve aagteeramma nachkene illa yeshtu Mane manassugalanna halmadteera,Violence
5559,Thu maangettawa first a sonu e anchor makkakke thu  anta ugibeku awlu dresso....ewlu dresso...le mooru bittawa muchkond  manege  hogre thu nim janmakishtu ???????????????????????????????????,Others
1732,Haudappa neenu raajbhavanadalle pramaan maadi hudugijothe malgiddu,Gender
2445,Nim makakkishtu benki haka sariyagi batte hakodanna kalori,Violence
4781,"le bewrsi sonu gowda,karnatkad yala henmakalu nin trah bte bichi fames agla yala henmaklu nin trah ne irla yaladro road nli sigo ninge chpllli kithogohage hoditene tho lofar munde ninge ashte maryade idre igle susaid maadko saai",Gender
7103,"Arun heliddu muslim sultan sikandar loodi, he is also history tagna.",Religion
24,Virat Kohli Kachadda!,Gender
4462,Sulemaga pravadi ????   helu  thinnuva  bevarsi   handis  ??  ??  are   very   dangerous  ..??,Gender
2331,Yav sadhane non sense BTV,Others
1848,rakesh papanna bandre ninu hucche huykothiyaa sandesh ninu,Gender
1497,Lo bt v suleakla yaro avalu karkondu bandu avalanna interview madoke thu thu yhu,Gender
155,Ningu cut madirbeku adke e tara matadakatti,Gender
1903,mettali hodibeku mundege,Violence
1754,Muchkond hogali,Gender
1750,Banglore teases naveen lucknow teases virat ur future govindaaa,Gender
1334,RCB ge bekitta inntavru,Others
3304,Ayo nin akkan tukali Sonu  ware wah drama ha ..tu,Gender
2501,Yarpa ivara eshto kett kelsa madtare avaga artha agalla en helodu,Political
3498,Film chanagidre mathra jana nododu ...neev mado dabba film na ee kanalli nodok agalla...film chanagididake kgf 200koti karnataka li madidu ..avr film nodthya nodthya andre neen netug madidre nindu nodthare,Others
4131,Bhosdi maginge enu gottilla akbar bagge matadta iddane,Gender
6897,"ROUDY,HADISIMAGA,D,K,BRASHTA,E,BOLEMAGA",Gender
3610,Nimmouna tullu,Gender
4256,Kelavannu goverment college alli work maduva govt lecturers every Friday namaz na attend madtare classes bittu noon 1 gantege hodre barodu 3 30 pm hage bartare ....idu Every Friday madtare but classes madalla as a govt lecturer agi hege class College bittu hodre college na principle and management yaru kelalla,Political
6071,Karnatakake barabeda daridra,Political
4400,ee muduka ninu hindutvadali huttide dodda duranta gube mudiya ð???ð???ð???ð???,Religion
7635,"Ayyo dagar ge edella arta agalla ,batte bicchi dance madu annu madtale",Gender
7216,Bro blur made bro thumbnail chee??,Gender
3798,mudeyara batte bichchisi idihampanakatte suthalu attadisi hadabeku bewarsi sooleyarige high court adesha dikkarisuvashtu duraahankarana modalu tc kottu oddu hodisi collegeninda avaramman kam jaathiguttidda randeyarannu,Violence
447,Nijavaglu nadedirodanna move madirodu viroda madavrella desha drohigalu,Religion
3470,Pakistan pudi pudi ????????????,Geo-political
6667,Shame on u meghana harish badlu neen hogbekittu,Others
4757,Lee Mallesh hell tindu eroo ninna yavanu beda anthare sole maganee,Gender
5796,40% bommai bjp tusssss pataki,Political
6215,Hindu Muslim godi mediai ivarige enu gottu,Religion
3938,hudgiranna yavatu nambedi sir hudgiru usaravalli tara,Violence
1702,Sidramullah bhodidike randimagane nimmna appanigehuttidiya,Gender
896,Thurk nan maklige ondhu virus kandu hidiyabeku,Violence
6758,Dagar sonu,Gender
5029,"ella janara hakku kitkonndre, racista state agatte ashte karnataka",Political
5044,"Kurubaagedru Evanege reservation eedaru govt kelasa seegade vokkaligara sahayadeenda accidental AHINDA CM aada eevanu.. Yto Jana reservationeelade Govt employee agee jevana sarthaka madekondedaree.. Eevanu duduu maderodu evanu makalana dedree gothaguthadee.. Yella wastebodygaleu eetara beleyodu..Evanu helo kathee bare bogus...samanya Janara jeevana bere swamy.. Karnatakadale Yto Ramaiah eedaree.. Yaru neentara Ella.. Yaru neentara Kiuruba antha helkondu beledela swamy.. Nenu Kuruba agee huteede Neena qualification.. Bereawarege compare madedree neenu yeenu badava alla bedree.. Neenudu hindideshada hybrid family....Evandu Mysore maharajaru Tara Pan India Maharajara level.. Yte aadaru evarugalu pan India golla,kuruba,dalitara bracketge seredava..",Political
2454,"<a href=""https://www.youtube.com/watch?v=QdUAOW1fvyk&amp;t=2m27s"">2:27</a> anchor be like &#39;adu avl hanebaraha&#39; ante????",Others
7083,dabba megana ellarigu assaya,Geo-political
876,Thika muccha lay,Gender
2003,Sonu Amma Sula munda,Gender
5348,Paapa harish <br>Thu ivalen hudgina naayi thu avalu uddara agalla,Gender
6257,Thikka muchuu muchuu avala tikkadalli avana tune,Gender
2350,Ley daver sonu gowdaa adu mannige anna alla adu nin thayina keya sule magle,Gender
5465,Sadane na ayyo karmavee..ha anchor ho ha dagaro .....??,Gender
5854,Dagar gella interview beka btv yav nashemadthare antha gothagthilla darag galuna bitti bere yarigadru interview madad bitti sayyi????,Others
2284,Ninn enu doddu sadane madirothara mathadthidiyalle edun yak thorustidiya fastafoll already ninnu fulll,Gender
2963,"ishtu davalatta ivlige, mentor madida punytma photo kodunindu ??",Religion
961,Nimma darma Dali saal hakoddu hoga bekedu helya yenro raddi maklya,Violence
5777,Dove rani preethi hesralli murder madidlu,Violence
2722,congress ge vote madidde tapp aytu ,Political
571,Leee bevarsi nimkinta aa madrasi gale eshto vasi,Gender
2183,Pratikara takolle beku,Gender
5004,Muslim âªï¸ turka suli malklege huttidiya bos d k,Religion
416,Huchu...munde..magane.....gothide..hogu.....ððð,Gender
3717,Dabba speaker ð¡ð¡,Gender
6482,Ahudhu ee kobbida handhi beedhi nayi sidramulla obba darma droohi ee yannu solisi manege kalisi jaihind,Gender
6962,Nachike agbeku nimabaige mannaka,Political
2394,Avluu shaaa.... Saadhane maadidaale thuu btv ge ishtuuu,Others
469,Pavithra ge Naresh aasti nodi aase ayta... <br>Naresh ge pavithra aunty aasti nodi aase ayta..<br><br>Fully confused. <br>Upendra song nenpu bantu.<br>Aasti nodi aase ayta...!!! <br>????????????,Political
1911,Pavithra aunty in few days Darshan avlna keytiro video release madtale ?? sule maga Darshan ge media TIKA HODIYODU guarantee ??,Gender
4285,"Darm darmakke benki, jati jati kalaha, yare satru hindu horatagara kole ankondu hindu muslim ra madya benki hacchuva kelasa dikkar e sarkarakke",Violence
3778,Yava loper gedru janagalge enu madtila,Gender
3479,Perfect slipper shot Vikas ?? IDU NINAGE BEKITTA MAGANE,Gender
6100,"Sir gottidru sulla nijana Andre agutta?muslimaru namma deshyada hindugalannu Modalu kondede moslimaru.nanthara avara darunagalu chithra himsheyagittu.<br>Ondu cinema andare nijavagi nadeda gatane kottiralla,adaralli 5or10%kottirthare satu mathrane nija sulla Andre agalla.yalla katu sathyane.",Religion
1103,"Vikas na kalsroo next season big boss ge, nakkan ivlge DOGGYY style allee  maadakidaanee",Gender
4153,Bosudi MUNDE RANDI,Gender
4650,Avanaman avanige bat Alli aghilla avnigeð,Violence
6233,Think madodhu yaak andhray ningay yakadhru janma kotno antha papa awrigay ennu yenen nodbeko e nanna kannugalali antha Nimma amma yochnay madthawaray ??????,Religion
169,Pakistan loudabad,Geo-political
6249,Yenne Congress Party Mudukaððððððð,Political
3978,"Brasta bjp,  west cm,   next cm,   badavara   ramayya",Political
7119,Lo mudka ninu manege hogi malkohogo ninge yako beku rajakiya ninu Hindu alla anttha artha agide Jai shri ram ð©,Religion
7268,Dagars gale tumbiro b tv??,Others
7414,Fixing madkoloke kakka colour team ankondirbeku.ð,Others
4496,. Ellaru jasti disa meriyak agalla.. ee attitude ella swalpa dina ashte,Religion
4062,Thikal budda vayassadre ayta en sadhane madidiya modi?,Political
5312,420Bjp evagladru uddara madi,Political
4772,A ugragamina saha ella kallinda hodidu sayisbeku ella uta kodade: avan prana dehavanna bittu hogodu avanige gottaga beku,Violence
467,Elru du chapli clean madsi avul htra,Violence
3011,En speaker neevu enri helthidira nachike agalva full state li matter hagiro matter bagge helilla andre matadodu bedva en sir neevu,Others
5296,"Rcb manegment ge heli avlge gate pass kodasbeku avlu madiddu tappu kelsa..,",Violence
4379,Congress Musalmanara Chamcha Muduka,Political
7040,"Useless CM, he doesn&#39;t kw anything what need to tell in budget speech. bere yavaranna baidre en bantu",Political
6810,tinnakke gati illa andru idakkeni kammi illa,Geo-political
6788,Saku mucho Le mathadidre Modi Modi anthira neevu state nalli enu kitthiddira antha heli,Political
7044,Ninu yava munde maga,Gender
2645,Fake news. Yaryaru antha helo.,Others
702,Jana bate akodu yenake manna mariyade goshkara  adre bate bechukondu  kunniyodalla ma,Violence
1268,Ninu vabha desh drohi,Religion
5583,Pinaraye Vijayan Avana Maga lane Talibanigalige Kottu Maduve Madisibitidane &amp; KL na Mantri Kuda Madidane Avana Magle Love-Jihad Aagirabekadree Innu KL na Islamic Republic aagodana Tadiyoke aaguta BJP For KL Andreea aastee Uligala Illa Andreea Karnataka ku Aapathu....??,Political
3878,Evale ondu doddu bogas enu evar family bayali pada ne bartila,Gender
5282,Dugar sundri saniya,Gender
6016,Mi &amp; CSK ban madi,Others
31,Yala chadigalu chandi chamundi aagi ivarannella kollu,Gender
431,Muchkond modlu decent agi irodanna kalutko over agi adbeda   nin enu cinema actress alla nin chennagidini anta helkoloke nine modlu galiju innu nin room na  clean agi itkotiya nin character na clean agi itko,Geo-political
5843,tu karma sonu natka adthavle?????????...,Gender
1973,Adikke vayasadamele buddi kadime aagutte andu nale Dina nimgu sersi Koch hakdaga gottagutte guru ivattinadu dabeda nale du du,Geo-political
3958,Nataka adoda bidrappa 97adi neeriddaga e matha,Gender
4303,Kerala next 20 years alli muslim state agatte,Religion
760,Huchu aswtanarayana,Gender
3908,I dagrn live karsiddu yaru avran  metttale hodibek,Violence
1437,Thuuu nin janmakke ee hengsu ivalige huttidala?,Gender
6915,@NAMMA TULUNAD Ennu yaru tukali gandhi,Geo-political
1862,Next yavanige sikathalo paapa aa nanmagnige yejalu eegin kaladalli na hudugiru yellaru avarannu nodbeku andkonde barthare munde maklu sari naavu nodithre kelthare ninge akka thangi elwa antha antha munderu ge hinge aagodu olledaythu ninu yenu hudugaru astu kilu andkondiddiya anubavisu ????????,Gender
7468,Nimma janmakke Benki hakka..interview  madokke yaru sikillwa ? Anchoring  madokke nachke agalwwa..thu kachada nayeegala ..,Violence
6842,"Bjp bhaktare,Karnataka file movie maadi Duddu maadkoli enenu nimatra kisiyakagala.",Political
967,NAMMA RCB KENAKI ULIDAVARILLA <br>BARI NAMMA RCB FANS HODEDE BIDATHVE JAI RCB,Violence
3128,Ninu ucha kano bavrsi uche kudi,Gender
5139,Le yene sadane madirodu bb hodre sadnene.????,Gender
4630,Chaiyi madaru deshana Alumadutha eradu. Stupid PM stupid plans,Political
1110,Brother nivu File The P.I.L. on against him...madi,Geo-political
6394,Sir evalu turki antha gothithu adukke nanu yavathu e chappar na abimanishilla   p v shindhu ??,Others
1706,Sonu lowda mentlu agbittavlhe ?????,Gender
7966,Mana maryade udya ninge bari Hana Hana Alva beku ninge,Political
2957,Speaker ivabba bjp chela,Political
5772,enta hudgirge chans kodbardu,Others
1289,Mukli muche chuul munde ??,Gender
6079,Wagah boly magane,Gender
756,Nim.avvan nodidre yaru chaddi bichhalla bidu...ur soole nim.avva,Gender
5438,"Gujrat files, 1992 files, mumbai files, sikh riots files yella barli hagadre, mass killings madadavrige vote haki sarkar dalli kursidavru humanity bagge matadridare thoo nim janmakke",Political
6572,????Loafer kacchada munde????,Gender
2748,inthor hing agbitre innu youth boys and girls hegirabeku.... naachikedu mundevu,Violence
6530,Yella news reporters T N Seetharam sir kaalu kelage nuggabeku. Kaliro janara kiwili blood barso bolimakla..ð,Others
2697,"Halkodo tayi ka hasu,  adanna tin neenu,  neenu manushya na, maha papi kanla  ivu nimm jatige idakke ellru hate madodo",Gender
2629,You all people who commenting still watching big boosð<br>Akkan first ban aagbeku ee show,Others
488,Neharu thapp madidare hag mad bardithu POK namage serr baku haarising yen ada yalli hoda udda heg nill sidru,Violence
56,Le dagaar sonu i phone 12,Gender
1491,@Manjunatha s g S ninna dummaboss ge  gottu avn en dabakidru avnu film out side Karnataka odalla antha ninnantha blind dumma abhimanies mathra nododu adikke hotte uri,Political
6997,Basavaraj bommai dkopa eg ninna kivigi hoovu ittidare Jana,Political
3382,Very good sir a gandu eshwarappa ge  mattu kodka ravi ge heli,Political
7532,ade matte Islam andre loudas. Mand ??chutiyas,Religion
2784,Ee turqas mele innu hatred jasti aytu ee naija kathe cinema nodi,Geo-political
7429,Ivlu taayi agoke nalayaku taayi  sari ididre ivlu.ige agta irlila,Gender
5261,Fake...thu Sule makla yen sigutte le nimage,Gender
7724,50 kke 50 Jana yodharanna bali togobeku,Violence
5708,Yaru support madlila siraj bai Ella support madididre chemagirthithu,Geo-political
6077,devru anta idre ningr satta melu Elli nemmadi kodade ietane,Gender
5957,Go VEGAN ?? Sulae Makla..<br>Watch atleast 1 of the below VEGAN Documentaries First and then talk about Consuming DAIRY PRODUCTS mamsa mamsa anta yak saytira,Geo-political
2486,yaru support madbedi saniya mirzzja ge kannadigare,Gender
5055,Alla kanro gube gala howdu aytu iga a bitta announu innu idane alva <br>Avnge punishment kodso riti enadru torsi ad bittu yavno obba mulla na kuruskandu avn keludre avn en eltane <br>A movie nodud mele elrugu buddi bandide munduk eg irbek anta <br>Adre pandit galge nyaya kodsouru yaru,Others
5553,yee tukali yen anta video madtiyaaaa????????,Others
7079,Third class nan maga anupak kher,Gender
3383,No matter about religion naveen ul haq na chachbeku bvc,Others
7346,Nimmouvan tullage Sabra tunni ikka,Gender
1809,Akbar hendathi yaaru randi magad erbahudu alwa,Gender
7746,Le lowdy siddu nin Sacha sule maga,Gender
5476,Haudu yella Govt institution nalli sharada lady photo pooje ee hijabu mathe stundsna happy  manasige Communal bithuva ABVP YELLA baan maadi ad bittu Gullenari buddi yella redy aaguthe,Political
1691,Psi scam giraki Ashwath narayana,Violence
836,Oddhu  olage haki,Gender
7824,Onduhenge.hethara.mathadbadi.yallru.thappu.madthare.adu.gothagalla<br>Sonu.mathdi.byskothalle.aste.,Religion
7917,Well said UT Khadar. Dr Aswasth Narayan yenne hodkond Bhashana maadodhu ansatthe. Kotyanthara Siddu abhimanigalu manassu maadidhare yella manthrigalu mane indha horage baroke aagalla. Naavella Siddanna avarie gowrava kottu summaniddheve,Religion
4706,namma deshadalle iddu Pakistan ge support maduva janarannu first gundittu kollo,Geo-political
1514,Iwla hesaru apavithra,Gender
8048,Adikarad ashe e CM ge akashmika CM,Political
6490,Full fake movie bro you are educated henge nambde bro 32000savira Andre ata na astu Janrege isi ge joint mado varge kendr sarkara genas kilta itta hage agidru sarkarada secret agency gal gamanakke bartir lilwa ondu agency nu report madilla ennu varge Film full Rss navar manasikate inda madirodu full fake????,Others
6155,Dabba hudugi.ivlan yaru nambanedi,Gender
6050,SHAL with mettu togond hodiri,Violence
1243,Hi dingri billi iphone alli video madu Changi irthue ninu troll agidiya alla adna ninu eno oscar award kedidiya alla antha ankobeda e nayi ninu bbk house ge ogidiya antha kotha aadmele nanu nan fav show ne nodke agthilla nine galiju .amma thai give respect and take respect in bb house nanu nin byke antha ne nin channel ID alli bandhu ugthidini ð¤¬ð¤¬ð¤¬ð¤¬ð¤¬ð¤¬,Others
1653,Ashwath Narayan is suleymagana,Gender
4078,Bycott bjp bjp baddi maklige odsi,Political
405,Rahul gandhi kuda prime ministre adre edhe tara madtane kalla family,Geo-political
6243,@Vishwanath G S odisoodaadare yaavaagale odisbahudittu..anthavaralla swalpa history kalithu baa,Religion
5911,Psi scam congress navaru madiddar anta nivu madtiddira Tu nim Janmakke.,Political
1099,Supreem mundhaa naanu yanu madodhakkagal handhaa kaalla rajakarni mosagara badimaaga hdk hdd yallaru,Gender
1350,Avanu chai mare gottilla vadhare neenu hudigiyara sex video madi mp agiddiy,Gender
6294,E darshan du delly ondu news irutallo thu,Others
5533,"First Sonu bigboss ge barodu ishta irlilla, bandadmele janara nambike na galiskoltaneno anta ankondidde, but isht dodda live show crore people&#39;s nodtirtare adru avlu ade buddi toristidale",Others
6060,Hey vatal nagaraj mudhuka yaru dhudu thakondu enjil mathu bidthithiya sulemaga 1st history noda handhi thikaganchili jasthi athrey berayartha thorso suleymaga kaveri nadhi yenu nin appantha bevarsi dhudu thakondu suley kelsa madthithi neenge kett saave barute aa thina elru happy<br>Thalaivar Velu Prabhakaran Pilla n Veerappan ellantha aadbeda one day u will be trashed badly u scoundrel basturds bitchs,Gender
3869,Sariyagi dhengdhe guru,Gender
3162,Gandu sule maklu eror yalla  nam BOSS nu 1  adana tadkoloke agtilla adke uri jasti,Gender
1881,"electionally siddana kivige hoo hidthare andukodidvi, adare munchrne ellaru hoovu itkondavare, congigalige eegale confirm agide",Political
686,Nimontullah BJP Andhra okay Congress Congress f*** you,Political
2776,Dagar family.nimma annan jote nu hinge malgidiya ansatte????,Gender
3262,Ammange respect kodama modlu... Amman kashta ammange gottu... Yaro ninna sakirbodu bt 9 month kashta patte boomige thandirodu ninna... Le first yengirbekuntha kalii amele mathadu.,Gender
4431,"Ananth Nag sir correct agi mathadavre,  Congress party ge manushyathva yilla",Political
516,Le thadaka rajakiya vishyavannu kuduka Nan Magne  Cenema ge compare madthiya.... nin film kannada bitree yavanu nodalla... muchkondu  bembala kodu ell ente hodedu hogu,Violence
6263,Public TV deshadrohi channel,Others
1373,Ley amma  collsali ejabu tagiri anta hetirodhu oky nivela manely edhu kalliri,Gender
1813,Slipper renali hodeyabeku...,Violence
2975,Manig anna thintara anthe ????,Gender
6772,Mooru bittoru urge doddoru ?? ural yar yen helidru care madalla ee dove rani????????,Violence
6790,Neenu hucch nan maga ð,Gender
283,Virat huchhana tara madtare,Gender
5793,"Boolimkla niv muckka hijab thagniii, kadik college hogge  education yan effect athillla",Political
3156,Thata ninge yakbeku evella...ninge puksete yavdo lastge mikerodu waste mamsa ke estondu mathadthiya.. urru byada anthete kad baa anthete.. Ytkotoure dhudu naa...sumne mamkallu jothe sukka anubavisu..,Religion
2999,Hu swamy avaru Anna tamandiru jataka cut madida mutton thikay heali nahu halal thintivi eeli fact yanapa andray halal certification gay dhood yak tagobeaku eeli nehu vishala hurdayadavaru antha healu yastu sari heali by the way I&#39;m t a bjp person,Political
1628,Cm  bomai navare nachike aagalava nimgage nim kaaladalli PSI hagarna aagide  thu nima  BJP government ge chapalli tokondi hodibeku,Violence
1254,ivardella aytu eega madrasis start madkondavre... beku anta sumne iddavaranna keralisis jati mata anta start madidarre..,Religion
7685,Chrtian schoolge kalsithiro appa amma evara mathu kelabeku egagale hardha hindu samsrukthi halagide.,Religion
104,Ivarella chaddi...<br>Tata nivu heliddu sari but yake ottaya adann kelri avrige<br>Otnalli mane kea antu kottidiya husharu ee rajyadalli entry sikkaytu innu enen nodbeko,Violence
1219,avaramman nagra havu kachha ee hengsige,Gender
3333,Stupid... Amma ge first respect kododu kali...nivu avlige thai agirodu durbagyaa amma...,Others
2304,"Le hogale muchicondu ello biharinava irbeku, hendtina bereyavan jote malagake bittu",Gender
3937,Sulemundera,Gender
2124,Nana maga muslmanara maga martham,Gender
6381,Ee darshan onthara Jnr Nalpad idange munde sachha Inde rowdy... He is destroying his own name N it shld condemned n he shld apologize for tht...,Geo-political
3585,Ivanobba uchasulemga buddhi ildava,Gender
7613,Good job bomaige yekavachanadale matanare yenu avanege mareyade alla,Gender
4184,War aglebeku sulemakla Pakistan nimge ayhey,Geo-political
305,Lokayuktha close madlilva sidda ð¡,Gender
5417,Jai sri ram <br>Bevarsi BABAR <br>Kothnanmaga AKBAR<br>JAI HINDU,Religion
316,Ley English baralla andre nettuge kannada mathadu yak eee thirpe shoki thuuu ninnaman,Gender
4259,Ebur hogi hal bavi beli,Geo-political
2425,Muslim ugragami soolemunde taliban ge tolguð¤§,Geo-political
6554,Bommayi ingineering padhavidhara dikeshi<br>Sslc  kotwal shishya. Adakke ekavachanadalli matadodu,Political
6535,Yen mental guru evlu aden douv madtale paa<br>Famous aagbeku antaa aase idre halavaaru daarigalive <br>Batte bichkondu video madodu vande alla adrinda maryade hogatte,Others
412,D J halli K G halliyalli nimma snehitharu Dalitha vekthi manege benki hacchidaaga ean maadthiddappa,Violence
6264,UT Khader ella jana kw enide ur proactive speech during CAA in Mangalore .,Political
64,Nehru madida yedavatininda indigu india novu anubavisutide,Geo-political
7738,Avanenu tode tattodu nanna jyothe Vada madoke heli...naanu gumtini,Violence
5984,Banda gulama gandhi gulama congress bolimaga,Political
5988,nachike illw,Political
6776,Evalge oot hakaourge nan Yakada,Violence
925,Intha hudganna miss madkondelle thu nin janmakke benki haka inthornella kainalli hodibaradu,Violence
1648,Le halaala hutida sule magane ninu bharat dli hutidiya aadre yudo mula nina amma na repe madi hutida papi kusu ninu,Gender
1553,Nim gandi mori and yeddi yard unnoke hogidare,Geo-political
5678,Brasta BJP ?? West CM ?? next CM badavara ramayya ??,Political
2990,"Nenne monne child nan maklella nam boss ge mathadtara gandu naveen, gandu gambirð",Gender
4953,Ayyo idu one video nin makke ishtakke hing adtavle.. Alloblu idale master in making bettale videos,Gender
663,Tamil janara character nodidira heng adtave baddetavubtandu,Gender
7481,Howdhamma.. thappagidhe. Nimdhe training ah nude agi bf jothege video maadodanna? Maadoke kellsa illdhe reels maadkond kuthkolo Trp goskara Inthaa dagaar galanna interview maadthirala..,Others
310,Sede sonu ??,Gender
8010,Bjp kpsc very fuck bosudi sule maga navaru kpsc bjp brastacharai galu bolimaklu,Political
6202,hucha Sule maga,Gender
875,"dboss all haters sulemakla nann tunne unni,, jai DBOSS ??",Gender
5566,yelli sixe agide ghandu muthalik <br>Ninnappa Modi modalena acust maadi arestu damm ideya,Political
4955,"Hi Arun badiger tukali nan magane neenu anchor aagiroke nalayaku kanno,yaradru mathadvaga interrupt madbeda.",Others
6273,Chi madaro  pm adre panchar hakoru  yenagtare anta nine tilko mukleppa,Political
856,Holagade olle gali hogli antha yakende<br>Narendra modina kandre bhaya,Political
950,ley child Sonu nina mukake,Gender
5842,3nu bitore ivagin kaladalli chennagirodu ..yav devru illa enu illa,Others
3391,Helalla andre menter inda kittu haaki ashte ganchali antha heltiralla hottaege tinnalla nihu muslim mahile antha bayee ge banda hage head line hakbeda digvijaya news hen maklige maryade kodod kaliri first nim kelahu news channels galige ganchali jasti aagide rajakiya nayakara support ide antha,Others
7849,"Khadar Yaa sha... chali nu bidsilla,bari olu kathe...",Geo-political
2829,AYYO EEE MUNDEGE ONDU HIJDA YARIVANU.....,Gender
1488,Thuuuu alkA bevarsi mundhe meghana....yentha olle hero Harish sir missss u lottttttttt ??,Gender
998,Modalu tayi ge gourava kodu tayi ashirvad illa Andre nin en madidru dustbin aste....,Gender
6253,Avru sagni tindidru avaga niv avrginna swalpa munde hogi helne tintidiri aste,Gender
7815,Ee sule maklu sabrugalge huttiroru,Gender
5316,Avra parent na Karso necessity irlilla nimge papa KARSI MARYADE TEGEYODA,Others
2462,Yar hoovu itkontare dtivi CM sayabre,Political
7584,Media dhavru thumbaa bele balkonthidhiraaa really shame,Others
7684,"Edu Sathya  , evarannu beru samrtha kitthu hakabeku",Gender
8053,dwesha rosha nimagashte alla ellarigu idde ide,Religion
1022,"MANDA,TUNNI,KADER,LOFARA,POLITICEN,E,BOLEMAGANIGI,KANNADA,KALI,LOFARA",Gender
914,Guru bere avrella sumne irlilwaa ivn maatra yak egradbekittu..avesh Khan ge rubtane anthane aache ittidare inna yav range irbeda,Others
5662,Thu nin janmake. Nettag kannda matadak agalla illenak sayak bandidiya,Gender
4359,Entha bevarsi  Pakistani yavalna modlu Karnatakadida kik out madro,Geo-political
179,40% Commition Tinlike Budget Mat Yenu Ella ð¤©ð¤©ð¤©ð¤©ð¤©,Political
15,"starting full top ge ogidlu  sakkath vikash bro ?? over acting alli sympsthi gittuskotole evulu Shilpa Sonu partners bidi bro , Este hugudre aste evarge , side business running erutte , BB enda professional tango business startup sonudhu?? kengeri mori",Others
5315,Hogo Nenaman sule magane.,Gender
7012,@AIO All In One nim ammma thull sakath bro,Gender
1860,Itna sal bigd giya ehi lugo ko arrest keu nehi kiya? Modiji Jindawaad,Gender
5771,Murka prajegalu thu nin mukakke,Gender
5053,Muslims  narameda  aithallaha  adakke  yara  kanniru bartha  illha,Religion
2610,mantri akkalu laxme 100 prsehntt kodbeku ee samajadalli,Violence
2248,YAvlu helidu nin cheengidy antha bosdike,Gender
7737,Yen guru naveen ul haq 1post ge 105000 comments boli maga satha hawa ????,Gender
2766,Bitre avr ammange hodiyo thara kanthidale,Violence
4328,frist avr appa amma na hudki avrge sari Ada shikshe kodi,Gender
2130,Thuuu ninna life alli ningu ade gati barutte kane nimmantavr irodrindane bere hudgirgu bele sigtilla bitch,Gender
6781,Ayyo ivalu innu boomi mele edala,Gender
6330,Ninge ithra nataka adoke Bartha ninge bhu,Gender
750,Sadne ????na .sadne madirorna bittu..yarno yarno heltha ediralla ??karma,Religion
7459,Sule maga naveen ð<br>Aduu nam king mundeee neee tikka nakra adtane,Gender
1027,Akka Gaand gaabari agodlu,Gender
3712,Hindu galu Ella nodtare amele congres vote haktare <br>Hindu galu Dongee no 1 viswas droha madtare <br>Hindu gale saree Ella <br>Muslim baibedee<br>Hindu galu Ella hindu alla swarthee<br>Hindu elrannu manbedee<br>Mosa madtare,Religion
4424,Eee Saab soolemakkklige boot ?? kalalli hodibeku,Violence
3550,Chaplili hodedange madidru supar bro,Violence
3946,Dagar dagar dam dam dagar dagar sule ??,Gender
6200,Thai namskara .. One mother like u is enough thu .. U also make one video n release Alva .. Yella are doing,Others
7483,E nan magunge vote hakbedi kamesha ivnu. <br>Kachidananmaga,Political
5810,Mooru bittolu,Gender
3328,Sule na karkond bandu olle chance kotre hinge hagodu.,Gender
1609,underworld don muttappa Rai du party ante guru,Political
4730,tu daridhra davaru,Geo-political
1291,Avlaa buddi ele gotagtaa ede.. Avlaa tayigene... Evlu maryade kodtaa elaa.. Avraa tayi mundene kal mele kalna akond kuthavle.. Thu ????,Gender
4679,E Congress sulimakle Tamil nadige niru bittidare,Political
7993,Don&#39;t take me wrong... A dharma Ond factory idd haage... Maklu madi terrorist madi...  Mataantara madi terrorist madi...  Education  kodisi terrorist madi...  En karma guru ivrdu. Yav devru heliddane ivrugalige,Religion
4308,@Pradeep Kumar Narayanappa Shiroorkar ninu handig huttid cross breadaa,Gender
6630,Le gubaldu 3 six vadidhre fixing antiya 5 ke 5 six vadidaga Rinku adu fixing alla nin yav Tara matadtidiyaleee bakra,Others
4149,"Hyy nin shaaa, bayyoddakke reason heltini Anta heli, namge gottiro vishyane heltidya alwa nachike agolwa ... mindri",Gender
4896,amma taayi ....elar maneli akka tangi amma idare adre nim magli tara duddige sikkidavrige torskondu tirgadalla..modli neev helirordna sari madkloli sulena hettbittu bereyavrige kai torsak hogbedi,Gender
6909,Nachike agbeku evr badukige,Political
3307,Hottige evaru uta madudilla ade madudadare satta enadameledudduarisuvaru sagani tinno muslimaru,Religion
2471,ella unite agi irbeku illa andre ee boli maklu nammanna namm desh dinda doora madtare,Violence
7732,"Ninanthavru bhoomige bhara, kannada kulakke avamana... Ley looosebadethade, ee video last month upload maadidhu, eega mathe repost maadidare",Political
5962,Samskruti kedsirodu Turki Nan maklu.  Ee ajja huttide waste .... Bega sayappa mudkappa,Gender
4360,"Sir,Yasin Malik and bitta karatee ebrunu galege yerusbeku",Violence
2831,Hogee chinali ee sule jati henmaklu deshankke maraka,Gender
2191,"Ivlanna Biggboss he kardidde hecchu,antadralli mic sari madkoli andiddakke big boss ge baitale????????",Gender
5648,Evl yaro loose erbeku ??papa avr amma,Gender
5236,Nan shaatak sama supreme court yaav sulemaga avnu judge aa sule makl en illi bandu nodidara . ??????,Gender
269,yaryaru responsible idakke avaranna punish madi,Geo-political
748,bolimaganige chappli tagondu badi beku,Violence
22,Shameless women shameless person thoooooo Nimma janmakke,Political
329,Speaker is bucket raja,Others
7916,"yaru saacha alla , annoke agalla neenu... neenu tappa madidiya , adakke bejar madkodu bittu samarthane madkoyiyala... matte bere janand bagge matadatiya.. namma karnatakadalli bahal Jana innocent idare... neenu tilkondiro Tara yellaru madalla",Others
661,Loper man bjp loper man bjp mla mp pm cm,Political
3652,Even she don&#39;t hve respect on her mother... Yappa etaranu eratta character... Trp ge yen bekidru madtira...,Others
7757,Nodri tv channel nali kuthiro anchor du and Sonu du battegalu nodri.. ashte yaake bicchidira.. innu poorthi bicchi kuthkondbidi. Sonu du second video ne beda. Idhe nodkothivi.,Others
7818,CM  bommai nin munche yav pakshadhalidhappa a pakshali agarana madi BJP ge ogi a pakshada mele thanike madthidhya nachike agbeku ninge,Political
5717,Avnna GOUNDIKE koullabahkou,Gender
3707,Edhella just election gimix aste... Jana edhanna artha madkobeku and evaga petrol 101 amele election gedhre 201 rs haguthe.... petrol diesel... gas rate yallanu amele dbeku........ evagale gas rate 1100 amele 2000 rs..... badavru yenu thagolokke hagolla erokku hagolla..... yantha pradhani....... sullina baravase pradhani.....,Political
4179,Naachike bitre heege irtaare... Thoo asahya,Violence
6419,@PUNEETH  nin thayidu ene comments edru nen gandusu edre nan bage helu gaandu ðªðª,Gender
3347,Ashwath Narayana nd avn thamma ebru lootikoooraru.. PSI scamist<br>Gaaaandugaluuuu,Violence
6147,ninu 5varsha edde peddaramayya ninu havige bandu mathadu thu 10kg akki kotru matadilla BJP ninu sayatha ediyalla,Political
4612,Muslim leaders yellidira swamy<br>Siddaramayya nimmantha lophar rajakaranigalindane hegella agtirodu,Religion
2118,"@Sinan Chinnu aa soolemaklige yake explain madtiri bro. Naayi baaala donku.. auru ene comment madli, saayli bidi auru.",Gender
372,Yeno heavy support madkond thumba hogultha idralla ivla kachada kithodh fans nodrappa nim mane hudgi na avra ammange yav range ge maryadhe kodthale antha . Innocent innocent ankondu thale mele hathi koorskoli Inna ?????? av lu avla fans yella kithodhavre,Others
4676,Mindri muduka Sule maga,Gender
6972,Avligi met metali odibeku,Violence
2291,Pralaya admeley thavu yel ulkothira sidaramaiahyanavare Badami yenu mangala grahadalideys. Dalitharege nev madiro mosa deyvru nimmana sumne bedalla. Nev andkondiro hagey congress niminda gelthu ankobeyda. Papi nenu,Political
3575,"Congress ge muslimara vote beku adakke nam Hindu devalayada adaya luti madodu muslimarige Haj yatre anta 5 Laksha kododu, devastana Matra udara madtirlilla munde maklu, innadru sari yagi yochne Madi vote aki ",Political
4628,Namdu country Li yeniki edhare muslim havru get last,Religion
3787,I&#39;m sory for say this....Hindu darma corect iddidre yaaru bere darmakke corvert agtha irlilla bro....hindu darmadalli hindu henmaklige raksane illa.... Nam deshada sanskruti heluthe.... 5 janara munde neenu tale taggisi maii thumba batte hakond hogbeku antha.... But hindu henmaklu madthirudenu....????,Religion
4492,Darshan Naayi,Gender
962,if I can not Dnt enter Karnataka ganchali nam Anna Neeru bekku first medias Dnt promote her,Others
3635,Muni mulegump agtane ee dushkarmi galanna matta hakbeku,Violence
5217,Nee yen madur iwag hit aadi..,Gender
6900,Avnige yen gothu  gandu sule mudhiya hidhu galige paata helbeda ninn yavoo  cross nyige utidhiya sule maga,Gender
3110,Hoggle. Solermagan.. Ninu. Sat. Harmu. Le. Modi. Soler. Saber. Halo. Tinnu,Political
3147,"Swami , avaga yav govt ittu annodu heltiyalla. Ivaga article 370 remove madiddu modi govt anta heloke ningenu kasta. Congress helutte nav power ge bandre article 370 matte implement madtivi anta. Adella helu ninu. Modi govt na support madu antilla , avru olledu madidare andmele avru madiro olle kelsa nu helbeku swami. No doubt you are biased and hate modi(telling this after watching all your political videos).",Political
5747,Arlo Marlo baege bnda hage mathadthare siraamayya,Political
6259,Nan yekkada BTV ban agbeku...,Others
3687,Avara vamshatharu neharu rahul sonia indira desha dhrohi congress navaru,Political
1037,First kannada chennagi matodad Kali,Gender
3018,Nin vayasigadru manamaryade bedwa...  Boli magane,Gender
6307,Muslim anti indians .pakka 420 galu,Religion
4204,BJP is worst thu kachada politics ????,Political
4797,Nivu nimma svarthakoaskkara mathadtha eroedu Swamy ok namma desha uddhara madakkantu alla,Political
1211,Nadyale chapper munde,Gender
5862,Yenu upyoga ella. Darshan yentha asahya/criminal maadadru avna fans avna boot nekakke Jai Dboosa anta line nalli nintkothare. YATHA celebrity TATHA  fans.,Others
7471,Tayi...neenu naav tumba rich family rich family annod keli nim mane eno mysore palace ankondidde nam mane kelsuk baror mane edukku doddage ede???????????????????,Religion
3892,Pratam ninu huchha sulemaga..,Gender
3439,Kadak answer anthe... Sonu ge bucket alla drum hidithavre,Others
1317,Loparu RSS,Gender
7627,Thu nen janmuke eg amma nu karkod badhu,Gender
1145,Barri natka nimdella congress avru kas kottirbeku e yappange ð???ð???ð???ð???,Political
4530,"TIPPU HODEDHA REETIYALLE SIDDUKHNA BERKETULLLA hodedhu hakabeku ... jai NANJEGOWDA, URIGOWDA .... JAI OKKALIGA.",Violence
7155,Nim avva Nan jote bula thullw anta drama madiradke nin huttiddu chtya Nan magne,Gender
1273,Sulemagandu B TV ????????????????,Others
3293,Ivatthu  daridra naayee neenu yaru moosu nodalla nayi neenu daridra kangressiga,Violence
4872,IVAROBBA DESH DROHI. MUSLIM HISTORY THILIYADA AVIVEKI SIR.INTHAVARIGE ENU ANNABEKU THILIYADU.HINDU DEVALAYAGALANNU NAASHA MAADIDAVARU YAARU.?HELI SIR.,Religion
4763,@Pradeep Kumar Narayanappa Shiroorkar  yaw topic ge yen matadtiya.. jai sree ram andre ningenaythu? Yarg huttidya?,Gender
3020,onde desha davaragi neerigoskara ee thara kittadoda..olle India Pakistan thara aytu,Geo-political
1168,Le mudhiya manege hogi thindhu malagu hogu ivattige ishte innenu sigalla ee gube rajakaranigalinda,Gender
6508,ADIKKE THIKKA ODITHA IRODHU...<br>TAMIL NADU BIDALLA,Gender
7731,Halal kora,Gender
6023,Ivl 2 chand alli football adri sule munde,Gender
3943,Eeee cenimada title nali first ge 32000 girl itho iga 3 rake ilidi de adarale gothagthe estu sathiyaa ??????,Others
6603,Btv news avre ...nimge interview madoke yaru sigalilva...nenapittukolli Sonu avaru madiruva thappannu neevu encourage madthidhira...Sonu avara thayige swalpanu mathadoke ista illa...adru neevu bidthilla...yake avara mana maryade kalithira??,Others
5902,Ayyyo sulle munde Dod Dagar alva nenu nen inda nem mannevrge maryade kodthara,Gender
6014,entha entha avru  kashta pattu madirthare avruna bittu 500 reals ketta ketta photos akudre ivru en kastha pattu avru,Geo-political
3783,stupid ediotttt felowwww.really shes bigggg cheater...,Others
459,Anchor ge hodibek,Violence
6866,Congress bandre Nam Raajyanu pakka ide Tara agodu ....Ivagle a DK Bahiranga Helike kodtaane Hindu aagi bhajaranga Dala adu idu ban madteni anta ...,Religion
5018,Avaligenro gottu yuvadopu <br>     Karkodu hogi mavina thopu. Nimge modle buddi illa thundu batte hakidre saku anthoranna Mike hidkondu intervie madtirallo,Religion
4796,B j p sarkarane  etala manntentera,Political
2240,"Ajjara dj halli kj hallili samarassya elli hogittu.. Hijab muslim ge aste alla hindugaligu vasta sahite illu, avaga samarasyya agalva..",Religion
7050,Aa dina India dalli barode doubt.  Secural sulemaklu idaralla !!!,Geo-political
85,Hindu darmakke nimma koduge enu sir,Religion
5671,Sule mundera thode thorsankond kuti dira nodok aktilla..mane ge banni mathadana,Gender
83,"Swami , avaga yav govt ittu annodu heltiyalla. Ivaga article 370 remove madiddu modi govt anta heloke ningenu kasta. Congress helutte nav power ge bandre article 370 matte implement madtivi anta. Adella helu ninu. Modi govt na support madu antilla , avru olledu madidare andmele avru madiro olle kelsa nu helbeku swami. No doubt you are biased and hate modi(telling this after watching all your political videos).",Political
5426,E tara joke madi ne vishva guru bandu bidi alli rounds hakidru jana nambilla  evr  dodda mosa gararu,Others
3511,Nemma channel kelssk barada vishiya healkondu edeshada janaranu muttalarigai mado komuvadigalu thu NEMA janmakea Banki haka,Others
2368,Dagar  Dagar ivalu bigboss navrigu torsirbeku adake chance kottirtare,Gender
5031,Evk bere kelsa ella kad baa anno vaisige madve beka tu ??,Gender
6734,E thara kithod vlog ge 2.5k likes shabhash viewers who were like her vedio this is very bad to do vedio,Geo-political
7925,Mana maryade iddavaru I rethi madalla,Political
6752,Btv news worst nimdhu news channel sumne inthavrna interview madi iro name nu almadkothidira,Others
3563,Parents cultured illa andre makkalu adda dari hidithare,Geo-political
6703,First btv na boycott madi avaga hella sari agute,Others
6514,Yen shata content edye edrale ninn tullu nodko first,Gender
4779,Le kuduka Sule Magne appu hodaga pakisthan fans kuda shradanjali cadle hacodara mulaka sallisidru.. it mean kalege bashe ella. Nin obba nata hagi Yaru helbarda mathu helodke elru ninja doora ettidare... Sulemagne. Edu rajkiya vishya thadaka,Gender
476,Siddu soolemaga,Gender
4464,Ok Fine .... One 1nimisha... ?????? hoyko badko situation,Gender
3182,Budget kelo samadana elva ale comment ð¤¦ð¼,Gender
3212,Nim Avva Nan jote natka madiradke nin huttiddu chtya Nan magne ??,Gender
361,Evl Yaro Mangun Tullu.... Evle Crct agi Batte Hakilla....... papa Avr Ammange Helta avle....<br>Sonu Gowda Nin Bayige nan Frd Lowda...,Gender
3587,Adu nindu ur bagalu antha namge gottilvaaððð,Religion
4437,Ade hitlar iwattu namma bharata dali rss,Religion
3297,This asshole delteing  comments bvc nayi magane true torisu fake haki bjp nayi agbeda,Political
3005,Loo nayi yen bogolutha eddiya namma janakke ashtu tale kettilla innu ninna elect madalu,Others
4785,Sonu gowda mindri,Gender
5895,Nina.meravange.madidarll.Ninenu.helodu..ninahathra<br>ero.hanadalli...115.mla.galanna.karedisaboudu.....,Political
1161,Hey rhukaligala yarighe beku edhu??? Idhu enu vishya charche madlikke,Gender
5642,Well said sisterðMuslim ugragami soolemundediru hijab beku anta boglodu,Religion
2672,Modlu ee muru bittiro btv avrge ugirappa mana maryade enu illa ivrge,Others
5856,En Tunni budget helodu yavdu madalla 420 bjp,Political
744,Nimmanthavaru alli irbekitthu<br>Aa time alli...<br>Aaga gotthagtitthu...ninge.<br>Tholagu....,Religion
2535,Psi exam case enaytu adukke eashwath karaana,Gender
3357,Jihadigalanna oddu pakistanakke kalsi Ella problem solve agatte ..,Geo-political
807,innu munde artha agatte jds mahatva enu anta .. Adre ee mudiya obba saybeku ashte,Gender
6697,Congress navaru  jnu nalli desha dhrohi  galanna bittu namma hindhuga kole madsidralla ee desha dhrohi congress navara,Political
512,NimmaManeyavarigu BurkaAksi NeenuAkaondu PadayatreMadi MamsaSevisabedahanta YaruHeliddare Moorka,Gender
2059,"Munde magne, ade 650 ge 20 kg ragi barthade Or 15 kg rice bathade one week thinhidu. Thin munde magne.",Gender
1327,"Ayyo nidanakke bogale mangaaa,,,,,,,,,,,nange artha agthella",Gender
38,Yavadru knowledge adru avrge okay anthe matte yake school college ge bartira hogi ramayan mahabharat na study madi mane lli iri.. thuu enu agtha ide he bharat desh.. antha nija gottagilla..nivu irodu india dalli aduna fast mind lli itkolli..,Religion
5539,RIP NAVEEN SULE MAGA ð¥ð¥ AFGANISTAN SULE MAGA,Gender
3699,Naveen waste nanna maga,Gender
2860,"Ondu seriousness illa CM ge, budget mandisodu higena!! Unfit fellow",Political
6237,"Neevu avra dekireki dkotiya ?? dkolli yar beda heliddare... Avru nimma Anna tammandira.. idanne hogi west bengal assam and Kashmir nalli hogi avrige yake helalla ah? nanu nimma tande, Anna idda hage anta ivrinda rape n brutally murder agiro women n their family helalla?  U hav lived a waste lyf den.. bucket lyf hidiyoku ondu limit ide ... Nimmanta Jayadrath n  meer sadik indane namma desha heege agiddu... Namma sangeetada bagge matadoku modlu sariyagi tilkoli... Even so many Mughal rulers including Akbar was impressed by Hindu musicians like Tansen, Meerabai,  Purandara dasa, Kanakadasa etc... Indian real history and Hindu kings bravery was vanished by so called Sufi ppl.. wat d hel u kw ... N u want to teach the things to us ??",Violence
7381,"Bere yenadru madri pa...celebrities samajakke valled agotara... Ni nodbeda anta niv anbahudu sudeep sir, but na nim alli kelkotirodu edella bidi uppi anta janakke help madi sadya adre...... Na keltirodu sudeep sir ge.. Big boss waste adna nodi halaagodu yallaruuu",Others
534,Nin ....... Ninge madoke kelsa illa adke bere avr time waste madtiya,Gender
2336,Innentha math adtare nim antha backet hidkond views goskara thu nim makke,Religion
1495,Ivalu yaru I can&#39;t annodake  modlu hodsi illinda,Violence
5536,Nin beku andru avr ninig sigilla manga olle hudugn life almadide thu,Gender
5738,Nina sabar hella ti sule magane,Gender
7230,Congress ge vote haki matte mulamanru Hindu gala mele dabbalike nadsli Brothers,Political
6495,Nin yava heloke bevarsi nayi namm mannu namm niru nindenale,Gender
7964,Pethmundede  kapalak barsi budhi helavru yaru illa adukke e thara chaglu ninu thu thu thu papi  antha hudgunna miss madkondalle papa harish,Gender
5381,INU MUSLIM HUDAGARU ROAD GE BARUVA TIME BANDIDE ISHTU TANAKA MUSLIM HUDUGIYARU CONTROL MADIDARE INU MUSLIM HUDUGARU âï¸âï¸âï¸ HIDKONDU BARUVA TIME BANDIDE AVARA BINDI BAJANE OMA POOJE YELLA NILLISBEKU SCHOOL COLLEGE GALALI âï¸âï¸âï¸ðªðªðªðª,Religion
5695,Aa anamadeya vyakti  yaaru sulemaga,Gender
1529,ee hero heroinu yav kadalli sikru maga ..olle kaad manushya tara idare,Gender
3337,Love anno hudugiyarige chappalili hodiri,Violence
7545,Nim amman sule magane vikas <br>Aa place nalli nim akka tangi idre yen madtidhe...,Gender
2862,"Middle class ppl kasta padodu Ivar shoki madodu.<br>Doctors engineers farmers cleaners construction labours kasta padodu ..  Ivaru matadi geddu dud madi manege hogodu aste ... Contacts with businessman, education hospital increasing prices without margin. People should oppose these exploitation.. Schemes na freebies andu , scholarship cancel madodu , Nam tax alli road madodu matte nam alli toll kelodu",Political
5147,Ninu bega saite boli maganeð???ð???ð???,Gender
1066,Nim gendrole dagar dagar anru le 2022 2023 Bantu ee dagar matu bathroom tv na ban madrole ban madrole Sonu move madtale cerdaga akbid ra le akbid ra le Sonu jol fana goskara enod videos madtalo le  btv aliyas bathroom tv  thu ?? ????????,Others
4427,En Sonu nin thirke soki,Gender
7234,Nijavanna yumba dina muchidoke agalla ondalla ondu dina horabarle beku barutte ide riti nijavada gatanegalu movie agi barli namma janakke avagadru buddi barutta anta nodona,Others
183,Nam  kannada  Avala  ketta  bayalli  barude  beda,Violence
5938,Huttisida tayi yavttu sullu helall sonu ... Nine sullu heltideya 3 Jana ideera nivu,Gender
1745,Dalit inda converted aada handi musalmana..ninappan kari kunne alli ninn handi amman halala tullu..dalit convert muslim,Religion
5492,Thumbnail aadru blur maad aakro chik hudugru nodtha irthare ??,Gender
2823,Ariyalla muriyalla antha change madthane idave e keprudullu galu ee paksha gellabardu .. Hange halagi hogli congress,Political
926,420 bjp 40 &#39;/.bolimakallu,Political
2865,Tukali she is,Geo-political
2066,Lo yaaro ishtu like kottirodu? Then U r not kannadigas?,Gender
7902,Ninu batte bicchi video madodu olle drustiyalli nodbeka Navu,Others
1801,intha ugrarannu support maduva namma kelavobba rajakarani galannu buda didnda udees madabeku,Geo-political
7618,avarige    education   bekaagilla   avarige    galaate   beku. shame  to    hijaabies.,Political
162,Shatta kelaka Siddaramaullah khan ge vote haki gelisidhu,Political
7386,Sadhane ?? magalu madiddana Tayayi samarthane ?? yaaru madbarda tappu madidala ? Avr manelu hen maklu ilva - e Tara eddidre maneli chaplili hod du aache haaktidve,Gender
2032, arrest immediately  jana haalagi hogatare,Political
1151,Aa yemmanige yak sir estu budhi helthira uttake maryadhe kodha jana evaru ð,Violence
865,Big boss alla sex boss function modalu nodtidde evaga bitbitte tuuuu,Gender
7703,Modlu e melvarga davru ellrunu equal treat madodu kaliri.,Geo-political
504,Moothina yaake hage madthiya??????,Gender
4844,Neeve mane kelasadavra tara edira...????,Gender
10,Nind tappila bidu nim amma tama avrdu tappu ninug ashtu muddu madi haal agoke karana,Gender
645,Matte hosa  polotical porn c d yavaga barutte,Gender
7967,Otu time yella idella film..adu muslim alla tererrist,Religion
1772,Chaplil hodibeku avlige,Violence
5350,Naveen hogene avn inna satta king na  face madoke agutta,Gender
5819,Muduka hudugi ge maduve thu yetha kaalanappa idu,Gender
1265,Tv9 tale hiddka bari ide aytu,Political
7597,Hugri hugri e stars ge bari Twitter ali aste evrdhu gandsuthan,Political
1343,Siddu durankare,Gender
5787,Daba  video ivlu madod video ge yar en credit kodbeku,Others
2875,ella muslim rannu saysi,Religion
417,Onde ondu matigu answer kadalla bari Pakistan Hindustan Muslim Hindu China lock down anta jangalige huchar madta iddare,Geo-political
1679,E badget dk ge matra huva eduva hagide,Political
8015,Hucchu Sule makkala sante andre hinge erutta di......,Gender
7400,Tqs ond daridra tolgtu,Violence
5340,Dagar enenu madi saytalo,Gender
4,Yellarrnnu ekavachanadalli mathodu dre ye marulu suruagide siddharama,Political
5665,Nalayak congress. Jnu ondu jihadi institute adakke ban agbeku,Political
2286,Sariyage helidira sir avarge benlore beku tamilanadu ge water beku yavadadru 1 select madka beku nivu matanadiddu 100%GOOD.,Political
1656,Avag edad BJP govt..hindu galan konsa plan madiddu BJP govt..history allu torsilla sule maklu rajkiya madirodu..eddeli hindugale nim esrall badki nimmanne kolsavre....plus 11500 muslim women&#39;s na rape Madirodu thorsilva.... Pandiths and RSS wadigalu rape Madirodu thorsavra... Avr raktha yest kuddirbardu... Godra dal 3500 muslim suttirodu thorsidara... Paapa... Kanirla 300 pandiths sathidare ade timel 1500 muslims na kondirodu thorsilva... Nim yogaytheg nan mettu...sule hindus.. Rajkiya nadsak dwesha tumbtavre.. Matte gulaam nagag desha ready agtide.. 11500 girls rape madida hindu tunne na yav riti chach beku... 15000 muslim kondirovrna yav shikshe kodbeku.. Matte siddavagali India????..... Again we are back,Religion
7075,Rythara neerella tamilnaduge bitbitra?,Gender
6593,Tu nim janumake eshtu benki haka,Violence
2811,Sule munde ivalu esht janara jote malagidalo,Gender
6271,Ellla dislike madii,Geo-political
2736,Avunige estane maduve edhu ee nan thaige 2du alva tho ogapa ????????,Geo-political
3109,Nam state Nim state Naavu lingayath gwdas anno badlu Hindu Anni modlu rajru kuda inge aadi British bandidhu nam shivaji Nim rayanna nav marathas Niv immadi annodh biddi yella Hindu kapadakke oradididdhu,Religion
437,"Ee tamil nadu avru sadist sulemaklu, yaarnu badkoke bidalla, kerala avr jothenu jagala illu jagala",Religion
2585,Prathamanata Actor  yaru Sitka Hilla   Ango Actoragidiya bere vichara Na  Andabakata chanallnalliro. Ancor helbaudu.   beedi,Gender
3209,"ella partygalu cong, bjp jds ellaru bewarsigalu ellavannu muchchihaahikondu bandaru hindugalige baayalli mannu haakidaru bewarsigalu ivaru ",Political
6229,thu nayi megana,Gender
3896,Thukli nann maklu,Gender
325,E nayina modlu pakisthanakke kalsi,Geo-political
4892,Guldu nan magnay <br>enu agola <br>Mamsa beda adanna tindre ninu muslima agtiya,Religion
2137,Chaddigalu sulege uttidawa ru,Gender
7063,Avaru enadaru maadali maatadali nimma tullu Mina Mina annutta<br>Kachada mundera Sule munderu neevella,Gender
8017,A shivajkumar ge mett takondu hodiriii,Violence
3922,CD lady jote KANU nu arica gotta tan ninag,Gender
5608,Purohitara mind voice. : ee punyatmanige innu eshtu madhuve maadsbekappa :;,Gender
2940,in this this history you will get all answer soon.... boot nekkida naaigalu...,Gender
7008,Bevarsi,Others
4966,Thu nin janmake ninu ondu hengsa .. Namma nadina maryaade kalitale,Gender
4572,"Sumaru Yella shandamuslimaru deshadrohigallu, bhayotpadakaru. <br><br>Tamma swarthakkoskara shaleya vyavaste badalaavanege dange maadtaare. ",Religion
3802,Nodoke silent agidale estu mathdthale she is really bad girl,Gender
2043,Kannada davru Andre yellarigu sadara agide avlige heli yenu prayojana kannada neladalli huttibeledavre kannada mathadalla navu thumba odidoralla horagade yavde shop ge hogli englishalle kelthare  yenmadodu egiga anthu 3 class odiroru kuda YouTube nodi nodi English mathadode jasthi spelling yenu antha gotthiralla,Others
2802,Sonu sattu hogbidu sumne yaak badhuktiyaa ??,Gender
5611,Thu nin muchkond hogu sede,Gender
1734,BJP is sule maklu paksha,Gender
140,Backet tv channel,Others
6462,Evlu hutid hage gothiruthe yar athra beldidlu antha thayi anno respect ella bodhkolthaly ????,Others
505,Ebaru sariyagi edare evalu bithri avalu jathri ????????????,Gender
4790,Darshan yake hege madidru gothagtha ealla.. Evle enadru madirtale bosadi,Gender
1688,Budbudke. Makkalu. Bare. Opreshon. Made. Bede.. Nachekene. Agalla. Ovt. Hakoru. Muttalaru.,Religion
3408,Chapli yalli bjp modi Amita shah  ge hodibeku,Violence
4220,Raktha kudhiyutheð¥ð¥must watch no Muslim and Hindu all r one guys God never created ur Hindu and ur Muslim idella nav madkondirodu,Religion
753,Dislike madirorella pakistanadore erabekhu munde maklaaa,Geo-political
5948,Aunty heavy Dove madtidare,Violence
3648,Amma tayi adhu awlu  adrustha alla adhu I phone tandukotta adrusta ..????????,Religion
6685,@Pavithrajanu Pavithrajanu Sonu ge madeve agideya ella mathe avn boy friend heldha antha batte bechi thors beka adralley artha madko avl yentha avl erbeku,Gender
7769,C M mathnaduvaga viroda pakshada nayakarige kulthukolbeku antha samanya jnana ella siddarama,Political
2414,Dog speaker nayi jana,Others
3663,Kotwal sisya .. jail alli irbekaagittu.   Modi/shah govt also sleeping.   ,Political
3079,"Swalpa madidru ashte, jaasti madidru ashte. Tappu tappe. Ishtondu aggressive attitude bekirlilla. Just 2 tingalu munche virat hegidru. Success ilde iddaga calm agi idru.<br>Ivaga swalpa success sikkid mele matte hale chaali munduvaresiddare. World&#39;s top cricketer inda idunna naavu expect madalla. Swalpa dignity inda behave maadi.",Political
6976,Serial dalli nodi olle valu ankondidde . tu ninna janmakka benki haka,Violence
6172,Nin akkn dead body seena,Gender
6670,Lofur sule magne chappar nan magne,Gender
4596,thumba chennagidale hudgiðð¥°thullu cleanidare chennagi keyyabaku.thullu tight irbahudhu ðð¥°ð¥°ð¥°ð¥°ð¥°,Gender
7728,Hi anna kali ninn chonna,Gender
1453,Boss e mundena modlu kalsi plz....,Gender
7768,"Paapa , aa thayige maryade kodtilvala ivlu . Thuuuu,,<br> Jaatre baddi magle??",Gender
5530,Ivaru.tarlrgalirabeku.bjpgebarorejasti.ivaruyavaseme,Political
5265,Avl ajji pinda adyavng artha agutte avl mathu ??,Gender
4538,Saththdhnnu thorreshodhu ? Question âï¸,Political
2474,Ashwath nararyana loper Nan maga,Gender
423,Le baket nimma akka and dks ge love and matte en.yen madidare ante howda baket nanna magne,Gender
7523,150runge aatara struggle madidare insult to India,Geo-political
745,B tv sole makalla nemage kelsa elava evalana nema kelsake etugole janagalege yake thorusuthira mindre makalla,Others
7485,Bro rajamauli madthidre inna stunt scene super madtidru..fake story for fake people..,Geo-political
7095,Ramesha is a tukaali kunni,Gender
3298,Sonu ge chennagi mukakke ugiri sir. Durankari sonu,Gender
2546,kushi nijja ninna bhala olee avalu ankodidde Kane ishtu kettola ninu papa siddarth miss sir,Gender
5549,Daggar Sonu louda,Gender
2800,Interview al kuthkond Valle suleee thara adthidhale,Others
16,Worst Chanel andre adu news first,Others
3303,Nalayak bjb government,Political
6705,ijadagalu eli eli mel janare naavy nyaya maaduva kashimir issuege pandithsge namma help avarugalu namm annatammadirarru kashmir yaara appanaddu yaava turukanann maganandu avara amman soole makkalu,Geo-political
3580,Elogide Muslims galu galate maddaga covid time ali problem maddaga elogide ivath bandidiyala ninge nachke agalva nam thathana age nimge swalpa thilkond mathadodna kalthkoli,Religion
1516,Thuuu fake sulemakkla????????????,Gender
1234,Nalayak bommayi,Political
3236,Sonu cuteusupurkey oddodistare nodtairu,Others
5879,"First ninage thale idiya dku, nveg ban madilla",Others
251,megana nimmatoru etara natka preeti madod endane Nija love ge ero bele hogodu  thu,Gender
5901,16 lakh subscriber idira e channel ge nivella dagara ge huttiroru anta confirm aytu,Others
5935,@Reddy ninna maatalli arta ide Alva muttala,Gender
1055,Interview madtirovlu fod dagar sule munde !!silent voice alli helkodod bere ivramman sule mundera,Gender
3346,Bvrc chapli li hodiri,Violence
3255,Hogi Pakistan dalli saaaayi..<br>Nin ganda correct aagi madidaane ninge divorce kotti...<br>Naayi munde..thuuu nin janmakke..,Geo-political
3855,Nin antha maglu ge janma kotmele think madlebekuðð<br>Yappa entha entha janru iratre!!! Inthavranna bigboss ge karitare ala ade dodda durantha,Others
3469,Bjp is worst government of Karnataka congreess navare olleyavaru,Political
6148,Thika muchkondiro fool. D. K. Shi levelge ninnappanaane barodilla. First Neenu win aagodu du. Ninna Anthya Kanditha.,Gender
4875,Nakan Sonu?????????? nima-----n,Gender
5414,Dhu nin janmake...olla huduganna bali thakondeallwa....,Gender
6234,"Yak over madthiya normal aagi mathadu olle English ge huttidolange madthiyalla,dodda dagar neenu ????????????swalpanaadru mana maryade ilva ninge thu ninna janmakke",Gender
5080,Boli magane hucchu sule magane,Gender
6750,Thu nin janmakke nimm rajyadalli neerilla anta illi bartiri matte ille ganchalina,Gender
2354,Lo kachuda news channel gala intavrne interview madi.... Yella henmaklu ivlna nodi kalili... Ogi hel thinni nevu news oru,Others
3758,Guru neeven gu gambir gu kobu jaste ede naveen career mugethu Aste,Gender
4392,Anchor mundege hosi hugibeku bro,Violence
7764,Anvanu tullu enmele ede mari habba  kadiyode ð ð ð ð ð ð¤¢ð ð¤¢ð ,Gender
4268,Avara maneli Hennu makkalu edare ninna mane Hennu makkalannu sariyagi belasu goobe mundede,Gender
6947,Sania mirza muradabad ppakistani loafer lady Jai kannada jai Karnataka ivalu tulli,Geo-political
71,Thikla mallesh. Olle hijda tara adtane,Gender
3521,ELLA MENTAL GALU,Religion
6982,Khadak answer anthe?????? mana maryade illa btv avrige Mathe yuvlge,Others
4200,Tagadu papi bosedk yaranna hodedu sayasbek antidiya,Violence
4675,"band bandarige kand kandarige kannada gotta, Kannada Mattadi, Kannada dialog heli, anta yaka keli kannada mariyade yaka kalitira, avrige bandre matadare, illa Andre illa, Don&#39;t ask any outsiders to speak kannada,",Violence
3959,NIMM AMMAN SULE MUNDE NIN TAAYNA KEYAAAAA NIN NAN TUNNE TARA EDIYAAAAAA NIN TULNA KEYAAAA EN DODDU ENGLISH UTTIDOLA NINU ENNODH VIDEO BIDU,Gender
1439,Neene Dodd galiguuuuu,Gender
3589,Orgadr barbeda janagalu kaithavre,Political
7169,Hucch hadsi muduka. Deshna ind Pakistan a madokke neen obba saku,Geo-political
2522,Evru nijvad terrorist le nimmavan nin nan mund ididtandra rounda chanda yardu byare madi vagiteni,Gender
2028,Tullu chanagilla nindu agala jaasthi madake pusu pusu ant hade,Religion
5135,Tindu sai aa mamsadalli swalpa visha hako,Religion
3155,Kannada matadodakke istta ildeiro avru<br>Innu Karnatakada bagge en kelsa madtare avrna RCB team inda horageakbeku,Political
5607,Hogaiah saku.Nimmantavarinda desha halagirodu.,Political
30,Swantha anna tamma jothe keiskoltiya halala hesralli hijab beka ninge soolemundeð¤£ð¤£,Gender
5773,bari idashte alla ond hellige raktadalli madiruva uta kuda tinsiddare ee shandaru,Geo-political
3582,AVL AMMAN SOOLE MUNDE MEGHANA ANYAYAVAGI HARISH NA SAAYSIDDU NEENE KANE NIN MUKHA NODIDRE GOTAGUTTE NEEN OBLU CHAKKA ANTA AVN CALL MADIDAGA sariyaagi MATADOK EN ROGA NINGE AVN NORMAL AAGI MATADTA IDDANE TAANE AVN JAAGADALLI NAAN IDDIDDIDRE NIN GRAHACHARA BIDISTA IDDE,Gender
2064,Pratham neenu yaaro magaano pungli dasa,Gender
7610,Vayassadru buddi illa....idu Hindustan...Jai BjP.......Jai Hindustan ððð,Religion
3076,B T V bere kelasa ellava,Gender
6125,Cahi mari aitu desha martidare....ishtu buildup beda daiper,Political
6085,Yaava railway station nalli chai madta idda nin feku baccha ilde iro station hesaru helndu Sullu helode Rastriya Sullugara Sanga/Rumour Spreading Sangha da Rajakiya pakshavaada Broker Janatha Paksha da feku,Political
6209,Nim avva Nan jote duplicate ag keyskondlu adikke nin huttiddu chtya Nan magne,Gender
5960,Voters hucharu ashte.  development karnataka.,Political
924,Ee huchcha ellinda banda masidi inda bandirbeku,Gender
7687,Boli Maga na ninu csk fan na,Gender
790,Thu sule munde yellaru anthiya chapali thagond hodithini,Gender
3504,Famous ghade . Santeli avvan nodudmele Manel maglan hen nodtya anta ee baddev nodi bardirbeku????,Gender
5722,Hdd ninnatha sullugara drama master yaalu galodhilla beedu nachikayagabaku ningaa evaisalli evaala baaka,Gender
2852,Kithod channel kithod interview thuu nim janmake,Others
2277,Le ninama muduka elo indu kg free mathe indu bottle free kotavre anste aro muslim  ninu namage e Hindus bage helodhu mathe kalsodu  first ninu kaltko okk naa gandu muduka,Religion
2119,"Re watalre c m bagge helri, bari d k s hesru helthiralri,CM supreme alvenry. CM bagge anukampa yakri?",Political
3835,Naveen a youngster with No name Kohli mukkakke ugad hoda?? KING papa gathi ildavn aagbitiddane??,Gender
2751,Janarana  gubegalagi  mado  e  malgalu  ayogya  mathadaru  thu  bari  buseness,Political
5673,?@Narasimha MurthyHogo nin amman tullu Telugu Tull ge huttida sulle magne,Gender
7406,"Boli maga ashwath narayana ,ninna hesaru ashwath naryanana badalu &quot;&quot;&quot; naisulymaga ettuko&quot;â&quot;&quot;",Gender
1335,Intavrge RCB management women&#39;s mentor agi tagondidare en Helbeku managementge. cricketer Agidre Parvagilla hogi hogi tennis player tagondidaaralla.,Violence
1431,Le dubak muniya ninn jati ninn rajya nine itko,Gender
406,Kl Rahul 10th Slot Battingð0à²°à²¨à³ 3à²¬à²¾à²²à³ Naveen. ul-haq à²à³à²¬à²¾à²²à³,Gender
461,"Payment giraki  corrupt feku poojari modi bukth sunil purnik nin estu payment iskondhu kirchuadidruu asthe  kearla story  is vulgar , worst antha entire indian society  has rejected  n Tamil Nadu  kearla n west Bengal  nali ban madavare .  Ninatha payment giraki  glu estu huch  taraa samartane  n kirchuadidruu  asthe .  Get lost payment giraki",Political
2557,Mucho maraya much nindu,Political
1031,Thika muchkond ero news avru ..,Gender
5482,Adhrallu avrma ge maryadhe kodo dhralle nodbodhu. Avla ahankara ....<br>Gandu munde .... Avla ganchali nide,Gender
1697,Namma india ???? dalli yalla jaati yu irabeko ..... nimmantaha sulemakalru idre ne jagala agadu ....jati beda bhawa madudu thu niina aman,Gender
1885,Khan gress lofers histroy ni tiruchide lofer Hindus indigu Khan gress ge vote haktare,Gender
1087,Nim amdir Soole sonu na TRP goskara interview madtiro BTV Soole makla,Gender
6553,Congress navaru Muslim ra ........ Nekki vote tagolodu aste madide 70 varsha...,Political
5447,"Sidramaiah Ravaru Modalu CM Aadagalu Ede Tarle 2023 Ralli Sidramaiah CM Aadaagalu Ede Tarle,Henri Edu Raitarige. E Sarkaara bandmele Gandantra,5 Beed, Bere Paksadavrarige Catch Aakuvudaralle MP ElectionGe Magna.Mandyadavarige Edu Bekagittu.",Political
1659,<br>Manushya Yavaglu thanna budakke baro varegu yenu madalla... Naavu Hindugalu Jaathi anno daridra vyavastheyaali yelli varegu erthivo alli varegu yenu badalagodilla...,Religion
2042,"Neebba moorka, neenu hogi Muslim madhya badukidare ninage gothaguthe",Religion
334,Dagar sonu<br>Dubak  vasanta,Gender
7630,Ee news navra friends circle nallu inta ghatanegalu tumba irutte avrdu muchkondu dod doddordu rubtaidare.,Others
2758,Correct guru Sule maklu Pakistan avaru  there are some other videos which they have spoken very bad about our country,Geo-political
2779,Ban hijab and suspend aa muslim chinaaligalu,Religion
5757,First a Thurka Nan makllu na hodiri,Gender
6110,ZKHADER AVRE SUPREME.COURT HELIDDU BJP YAVRIGE ANVAYA AAGODILLA. ADU CONGREENORU DWESHA BHASHANA MADIDRE  SU MOTO CASE.DAAKALISI ENDU.,Political
1508,Thuuuu ??...manushyathvane ilvalle ninge,Gender
7813,Magalige vale budi heli,Gender
1839,Saryag helidane... Antolge hage agbeku,Others
4443,Sisters padarakshay eduwa jagadalli edabayku soolay galigay friendship maadabaradu hindu dharma kapadi,Religion
2022,Saba much bai namm rajyakke baa ninna huttilla anstini,Gender
7099,Yarraadro a muddi manusyana bayige mannu haaki .. thumba bogalthalidare,Political
4600,Iddiddu iddange helidre sidange tik uri,Gender
6473,ee kudale secular vyavashte dikkarisi.. illadiddare mundina dinagalalli ee rajakeeya avyavaste intaha dustiti yannu desha tumba haraduttare.. hindu rashrakkagi ellaru oggattagi ottaya madi.,Religion
6256,Evn obba nalayak CM ð¤¦ð¤¦ð¡ð¡,Political
1581,Freedom app modalu tegiri henu dodda sadane madidatara Elli bandu bogulutan,Gender
588,Kashmir Alli nam hindus nashakke karana nim antha chappers<br>Kashmir Alli astondu athya Kanda adhaga en madthidhri neevu ......en madthidhri yaridhadru.... Neenu barle beda hage ogibidi .... Kashmiri hindus hennu makla shapa nimge nim family thatli ....,Geo-political
1531,E video like madoru yentha. Sulle maklu,Gender
7402,Yappa devre aval lips one second kooda kiss kodod stop madalla...adu yesht janakke kottu kottu practice hagi aa lips ade position ge hogutheððð<br>Alla thamma anthalalla avar thamma aa videos yella nodi yen hugyalva anthaððð<br>Avar amma papa ival bagge yochne madi madi heg hagidare and avarige channag gothu ivalna yaru maduve hagalla antha ade yochneli korgi korgi heeg hagidare,Religion
5907,Loffer Ashwath 420 bjp,Political
1851,Sonu u go girl??dont think of this negative ppl...avr mane dosenu tute but berevrd tinlik ruchi ivrge,Gender
1376,Anchor du nimdu dress ??saryag iddera,Others
6934,Lee kothi home ture antiya bare nin mukha noddidde aytu,Gender
6840,Worst Fellow Darshan....Intavrgella fans bere??????????????,Others
728,Hey thu Hen janmakke,Gender
2390,Pratham very nice evru kanunu vyvhsthyge belye khodhdhy ero entha mathandhru namma dheshkkye markha,Gender
7054,Nachike agodilva ninge e rithi batte akond bandidiyalla adralli nima ammanigadru buddi illva dissent agi batte ako bamma antha heloke,Others
1643,Ennu swalpa makkugiri,Religion
123,Nim thayige adru mariyade kodamma kalu mele kaalu hakond davalathalli kutidiya thu,Gender
4237,takath edre bandu face to face nilluro sullemakalla.. sumne enu gotildeero ange bandu amayaka jeevagalna yak theegiteera....nivu ella nijvaglu onde taaye hallu kuddheera...,Gender
5715,Prakanda pandita. Oh ninna matu keltars. Adige madsi kuran munde ittu alla ho akbar antha heli gadddagi thindu nidde madu,Religion
2826,"<a href=""https://www.youtube.com/watch?v=9faLJiKp7O4&amp;t=0m40s"">0:40</a> yappa deevre naavellu nodilla yaaru madilla ninnindane nin maglu heegagiroodu chapli tagond mukha kittogo haage thikud mele hoddidre heeg haagtirlilla",Violence
1507,Avaraa koduge ð???ð??? avara sangeetha hazaan koogoduð?¤£ ninu huttidu byarige ð??¡,Religion
847,"Lo Vikas anna. Yelru ollevre avra bandvala bailago vargu. A hudgi du gotagide so she is a target now aste. Nindu bailadre oor bagle agodu. Ennobru biddaga thale obru kall yesyod bittu nam nam thika tolkolod nodro maraya. By respecting each other, we are not going to loose anything ??",Others
101,Nin amun nin kane ediot,Gender
3418,Le ninaman nin prediction à²¤à²à³à²à²¡à³ urbitini sule à²®à²à³à²¨à³ ð®,Gender
7670,Sudeep sir is great man and actor in the world. But idhella ondhu entertainment programa? Ivrigella bere kelsa ilva? Idhannella tv mundhe nodoru entha jana irbeku? Ee programninda samajakke enu koduge?,Others
739,Scool hagidre sariyagi matadlikke kalitidde. Janagal maat kelkonde kaltiddiya neennu. Neenu kaliyodu tumba ide.,Gender
6888,Enu badukidala muka etkondu,Political
6715,neenu mental nanmaga. are hucha.,Gender
6686,@Y S R Manjunath Â Â  fake id muslim ugragami awnu,Religion
3189,"Modalu gandasaru nodbeku<br>Yakandre maneya gandasaru nettagiddidre maneyalli yellaru nettagirthidru<br>Modalu drinks ban maadbdku<br>Aavaga gandasaru nettage manege bandre<br>Yella sariyagutte<br>Ee filmalli bari hennumakkalanna thorsidare, aadre yestond gandu makkalu Muslim hudugina madve aagi, Pranav kalkothidare<br>Edannu thorsidare channagitthu??",Religion
5045,sattmele avanenu swargakka hogtane..ille kengeri morili bidd saytane,Gender
2312,Ye pratham nettag maatado munde fhilm madbekandre maryade kottu maatadu ...ninge gotta ithihaas ninu huttidilla aa ghatane agbekadre ...sumne bogltiya ninu,Gender
7834,Desha drohigala story. Gottiddoo kevala duddigagi heege madtare. Munde adu jihadigala entry agi avara future kettu hogutte .,Religion
5331,Changlu mudevi sade pallav munde,Gender
7553,Nin tulla nayina keya randi magel Pakistan sooli rande ninu ninnanta sooli baayalli nam kannada bhaase barod beda...... Alle pakistanadalli taalibaangalige mukli kodta iru,Geo-political
3013,The great Loudi....,Others
3863,Ninu hettirolu antha gana karya kelsa madidale alva papa adike troll maduvare....avulu avul batte shivaaaa,Gender
6682,Naan Anchor Place alli iddiddu....  Sonu avrunna interview maado Situation bandididre Devraane kelsa bidtidde...  May Be Anchor du yaavdo Video irbeku so naanu nintarane anta serkond jaatre maadtavre... Maryaade annond itlkori swalpa ilvaa openly helkoli istu rate namdu bartivi anta....  MOTHER FUCKERS,Others
713,Yaru evalu pakisthan lovedy,Geo-political
1830,Hi pakistani munde rcb bsgge yak mathdbeku,Geo-political
1916,Very bad bjp politics s raitaru deshada bennelubu,Political
7926,Edu agle fake antha edare gandu dagar  fans??????????,Others
2997,edu.40.cm.kaala.<br>Yallaru.shante.yaage,Political
2759,Istu  vayasu adru nimma darma  jaathi beda villade iddira alva  nimagondu salaam ð®ð³,Violence
7530,Neenu hucha antha ellarigu guttide... Koti tara idiya...,Gender
3381,nimma thale movieli barodella nija aagutta <br>sumne alla helodu nimma thaleli segani idhe antha,Religion
3417,Useless pratam anta ella ankondidare,Gender
2120,neenu bereke mallesh khan,Gender
6980,Bjp sarkara ne sullina sarkara,Political
7107,Chapliyalli ninna Amman ge hodebeku,Violence
118,Obbha muslim Saha iddanna kandisalla.ella Muslims support madtare.  ellaru Hindu virodighalu .,Religion
7649,Avanu yaava soeekar huchappa,Gender
7667,Sidramulla kaan annta helltiyalla nim avvan name onnde nim appandhuke helu,Gender
6655,Thyu chii,Gender
7149,Badge mane thurisu nana mane athya sulle mudeððð¡,Gender
6496,Ellodru darshan slum fans,Others
7387,avananna modlu indian citezenship inda kittaki,Violence
2825,Bucket TN sitharama,Political
6903,sir ellarigu gottu article 370 bagge eegga niven helodu bonglu boshana,Political
7882,Yappa big boss maryade ne halaghoytu thhuu..,Gender
690,Ninna hettha tappige nin  amma nodu  sumne kuuthu nodtaa iddare...,Gender
6424,chutya nann maga yav tara nimm tande,Gender
911,Muslims namma anna thammandire sari swamy aadare Hindusthani sangeetha Muslims kodugena!!.. Thale kettidya nimge.,Religion
2799,Sdpi mathe pfi muslim ugragami soolemaklu atra chanagi training togondidiya awrjothe keiskondu soolemundeð¤£ð¤£ð¤£,Religion
2647,Durbala cm bommai,Political
6420,RSS BJP paungi bucket channel,Political
1836,ivlu dudd kotre yr jote bekidru hogo nayi..  ast olle hudganing mosa madiddale ivl lfe alli uddara aagalla haalag hogtale..  thu ninu ond henna..  serial alli dodd ollevl tara foss kodtale ediot..  ning avnginta kettdag savu baratte nodtiru,Gender
2510,He  sidda jana ninge torstare eradane bari solina ruchi,Political
2908,Hindu virodi,Religion
3330,Bjp average thunne idi bayalli,Political
2273,Kashmir Pandits ge anyaya adaga Elli hodidappa,Geo-political
163,Kerala dalli gandasru ellva sabru du chipore eroda chutya keraliyans tu niv hijadas allva,Geo-political
5789,Dagar sonu bast ????????????,Gender
5978,Edella sullu magane  only politics,Political
3050,He is not aspeaker bari bolimaga heltane,Gender
7990,Bucket tv nan maklu,Others
7498,Sarakar education haalu madidhu order thandhu,Political
6015,Ninu obba shakuni  Ka komuvadi blue jp party,Political
7437,Amma nivu eliddu nijja adre namma mane hennumakkalu bichkondu thorsu antha yaru elalla,Religion
3555,Nin maklig mangsu suli magne turkur balli,Gender
7260,Modi irthane ....ninna sister jagrathe madisu rape modi ye madbodu,Political
608,"Nimge education gintha darma ne mukya agoytha, Thu neevu buddi kaliyolla bidi",Political
7546,Avrige halal nalli naditiro mosa jaala artha agalva?.hindu cut madiro maamsa avrige aagalla.hagidmele avru madiddu naav yak tinbeku. Avrigondu nyaaya namgondu nyaayana?maamsa cut mado hindu galu enmadbeku.papa.,Religion
8003,Nimma amman Sule magane,Gender
7911,kannadavaru yavagu bere desha kelilla..yarnu kidnap madlilla..idella madiddu tamilians..adakke avarna kandre agalla namm mandige,Geo-political
1135,Maamsaharigalu Sasyaharigalagabeku antha CM helale illavalla Taataâ?¦.. ur effort to malaign BJP and RSS with faulty facts is flop. Ee tara rajakiya madodu bittu aaramagi old life enjoy maadi ð???ð??,Political
7783,Evlde yella dove tuu daridru munde avr amma ge full bhaya tara etkond avle,Gender
1707,"Hindutvada adharad mele iruva ekaika rashtra bharata, nimmanta hiriyaru heege mathadidre mundodndu dina idu muslim rashtravagi hindu alpasankyataradru achari illa..inta vichara iruva manushyananna khandita nambabedi..doddadagi bhashana bigitane..muslimaruge illi jaaga kottiddeve.. Iruvudadare iri.. Illa andre pakistanakke hortu hogi..  Naavu hindu aram agi badukutteve",Religion
5343,Looo sulle magane kaige yala thaglokebeda kano gandu Sarina soodhesu gandu ninge nija aythe nodko sullu magne,Gender
1173,Sir evaru sullu kate katti hindu muslim madya jagala hacho kutantra evardu e huchu sulemaganige kelasa ella adakke,Religion
1218,Nija story nenge gotha lofer prathama pratham big noss ein ge muslimm 1000 rs karchu madi nenge win madisiddu nanthra gothyeethu nenu mental antha,Gender
410,Sanna sanna herogalu dagar nanmaklu bari evenige bucket hidetha edru chance goskar boss angi engi antha ella intriewalli ????,Gender
6542,Avl valikalith ??,Gender
6885,Super vikas Nin English ge nan met sigaka full urko bittiddale ??????????,Gender
2235,"Mad man didn&#39;t have sense and must be communist or congress party goose,  he don&#39;t kw what he is talking.",Political
1950,Sonuu ningeee guutaa bad diaaree vikas avruu,Gender
6030,Mamsa dhanudda! Dana tintare handi nu tintare e muslimaru,Religion
4375,Guru innu 5years ashte Bangalore.<br>70percent islam occurred...<br>5years admele Hindu galige avru ide tara toristare iru ðð,Religion
5128,Huchha ashwathnarayana avnu coma stage hogbitavne,Gender
7431,Laxanta hindigalan kondaga yalidaru nimma snehitaru ninanata bikari bogolodarind hindugalige Hindustan à²?à²¾à²?à³?à²¥à³à²µà²¾à²?à³à²¤à²¿à²¦à³?  gulam ninu avaru Congress italina rani gulam gyang deshd abirudi bekagil evarige edarali  Congress beku desh odadidu yaru yake evarige  gotil,Political
7844,Hello  pragegale  e  3 pakshagalu bedapakshethara barabeku  aaga ivarige buddi baruthe,Political
2104,Pratham nin maga lofaar ????<br>Nen modhlu sari aagu huccha,Gender
35,Celebrity anno ondu varga huttide mundondu dina adu ondu jati agi badalaga bahudu,Religion
3169,Evalu en sadane madidale antha elli karsidira nimge maryade ididre karstirlilla,Others
7333,thuuuuuuuuu ninna en saytiya alli,Geo-political
2423,Yappa en durankara evlge.....ali yav girls smoke madalla evlu oble tuuu en baralla over acting ge en kammi ella .....evlge yaru vote madta ella adru yake edalo arta agtila ??,Political
2658,Nim tale kettirode dodda duranta. Aa Bol** maklu bandhavaru ante,Gender
3143,Aythu nim du ke bashana nilsi â¦. Modlu hogi KASHMIR FILES di,Geo-political
5001,Congres irli moddlu niu bartira dappa CM<br>Sarige karmikara shaapadinda halagi ogtora yakkutti ogtora niu sarvanaasha hage ogtira,Political
2343,Shem... Shem Congress... ððððee thara cheap cheap agi adtira,Political
872,Kageri west Nan maga............politocs alli irodakku nalayakku,Gender
1489,mosa darode kole innu agta ide andre adakke congress karna..odsi avaranna modlu,Political
7086,Nimm ajji....avn  jaiswal leg nodo avu flexed agidavle,Gender
4055,bomb haki suttu haki Pakistan anna,Violence
4344,Cut bulli gala problem ede. Don&#39;t make friends plz,Religion
5155,Intha Sule mundere jaasti agirodu iganthu thu ollevrgu kett hesr tartare intha daridrdoru thuuu Sule munderna esht baidru saldu. <br>Sry gyz bezar madkobedi nanu Mosa hogidini adke kopa bantu baide,Gender
5138,Thu nim vaysigadru bele bedwa . Nim antavru janakke olledu tilsbeku ee tara Matadbardu. Video hakidirala Nimg first manners illa,Others
939,Lo bogle bidbeda malko laude obba olle muslim iadane antha 1000 halcut Muslim&#39;s na bidokagalla nivu halcat BSP navru ambedkar hesrelkondu nigradthidira nimavun thulge soole magne buddhist ge convert agthiro ningen gothu hinduthvad bagge halcat nan magne mudi soole magne,Religion
4071,Antha huduga nange sikudhre chennagirthithhu,Others
1220,Bo maganige innu buddhi kalisabek,Gender
4889,"Lo gandu ninu yamana hatra hogo samaya bandaytu, namma deshada janara shaapa tattade bidolla.",Religion
4057,"rcb geddare adu fixing illa bere tanda gedre adu fixing  , Ley nan makla nim kayyalli tikkakakke agilla anta bere team na yake blaim madakke ogtira nim team du tika keyskolo astu ede bereyavara bagge maatadakke bartare naayinan maklu",Others
4685,Chila male hidiri naei Kate jasti,Political
1693,"vikas anna innondu hudugi bagge helidag anchor  nidhanvagi , Adu aval hane barah, antaa helta iddale correct Aagi keliddare arta Aagutte  adellinda bartaro ivrella... Aadru vikas anna nivu super",Others
422,pork tinnu sulemagne musalmana,Gender
2863,Prathap obba  hucha nodake ansalla adre ella madodu ade,Gender
569,Pakishanannu nam Vasa madkobeku,Geo-political
5038,Karnataka nasha aagabeku annuva sarakara ea congress,Political
1202,"Muraarji Desayi Taniqe Gati Bangalore janarige,Haagu Kaveri Akkapakada  Gramgalige  Devaregati.E Congress Navru Yaava Time Alli Kalitro Karnatakakke Dustiti Bantu.",Political
2205,Amma tayi Ning ond dodda namskara en hudugino eno,Gender
6305,Super sisterð burqa aakollo muslim soolemunde galna road alli keidu bidabeku,Religion
4323,Amma English barlilla appata kannada mathadamma,Gender
5562,Suddu bolimag kallanana maga,Gender
3475,"Jai bheem ,artical 15, movie baggage ee madhyama anuvadigalu yaru mathadlilla",Religion
1000,Hello muslimarru kasmira dali oddisuvag yali sattidaru,Religion
4560,RCB nalli yaru kannada cricketers iddare jothege Bengaluru anno pada bittare kannada annode illa ivalu yavalu duddi gagi bandiddale,Geo-political
4521,Ley gube famuli members ala kane netge mathade,Gender
5679,Nan bike alli swlpa petrol idru illi tanka hogatte anta bike na nambtini adre muslims ollevru anta matra namballa,Religion
7282,Neenu yaru modalu heli ninage vayasssgide vayassoge maryade kodtjsre antha ene bogal beda,Political
4535,Nimma dk na nimma surina hassan dalli ninthu geddu barodikke elu tatha amele yaru gandsu antha gothaguthe nimma oorinalli nimma dk nimma suri ranga re but hassan dalli avaru manga ru tilkolli tatha,Political
138,.Who the hell will even watch his thukali movies..madodu Telugu heroes movies remakes ..And iga real life allu villain antha gottaytu..Corona time single rupee donate madilla and he was busy in buying costly cars and doing parties in lockdown ..Thu chi,Others
6493,Ha lip na olle sede Tara adisthiya tu ninna,Gender
492,namm politicians ee tara irodrinda ne terrorist ge avakasha jasti agtide.. thu politics,Political
2264,"Hindugalu ivagaladru yechetgondila andre , nale HINDUSTAN FILES antha film bandru ascharya illa .",Religion
4307,Nija sir jannagala raktha eirkollo BJP jigannegalu sir,Political
7456,nim amma mathu keloke ready ilvalle sonu..nija heludre tention aguttha nin thara  bitti scope kotre ista aguttha ninge..nin interview gal nodtha idre irritate agutthe..in munde adru olle magalagi ire stuppid,Gender
6785,Siddu hindu virudi  siddu khan,Religion
5329,Burnal hacchikondidane sidramullakhan urkollutiddane ðððððð,Gender
8054,Le mab sulemagane,Gender
451,Sulle makla btv thu nim janmake,Gender
5947,"Kumkuma, nimma devara photo Ella tegiri.",Religion
1167,@Madan Gowda nin muchkondu irthiya ninge yavalu heliddu nan madiro msg ge comment madu antha nindu nin nodkondu iru illa andre nan ninge ????,Religion
7024,Chonu  mansinda opko awdu tappu agide Nan inda anta..e tara yaru madbedi anta helu.....ninna yallo  edtahre ..nam jana .nin madirode doddu kelsa ankondu attitude yalla  torskobeda......ninn nayi gintha kade madbidthre..husharu,Political
1827,Hey meghana mat yak harish avr jte lv natka madde,Gender
4033,Hyee dagar papaa nim Ammang matadok bidu,Gender
3350,Kanale neru bantha ama yantha <br>Magalana hethseya ??????????????????????????????????????????????????????????????????????,Religion
33,"Suppose endru Kashmir davrege aytu Kashmir na pak ge betteve hogi anta elduru evga avru hogalla ast hallagede evga Pakistana,India Dali ero freedom avrge ale segola anod avrgu gotu",Geo-political
214,Tika muka eradu kade bhajari batting,Gender
338,Medam neemge nachike mana mariyade ela andre bere aurgu ela antha na aurge mana mariyade beku antha ashte,Others
825,Mudka vaysayitu ennu buddi barlila ninge ninadu nernu dko next election manege hodaga hoggute enbra bavishya helbeda<br>Neenu olyevya agidtr ye prayadalli ninge politics yake beku retire yake agalla kursee chapala minna age du binge ennu politics yake kursee bomyer bindu avra esta nernu yaru helakke,Political
5881,thu inthavrgela yenu agalvalappa?? vale rithiyalirovarge kaalane illa intha nay janma itkolo kintha sayode melu ivlu ond hengsa ? ivl muka mucha??????????????????,Gender
5998,"Nine mane kelsa madu thara idya ,,,? Ninge bere innoblu mane kelsdavlu beka ?",Gender
6770,"Thayige maryadhe kottila andre, thayiya kasta artha madikotila andre, evaru onedhu henna, ????",Others
1547,"Dhevara naadu alla,Dhevvadha naadu,, terrorist capital,",Religion
4288,Sonu pls batte acchukattagi aku.. Agladru jana ninge mariyadi kodtare.. Dayavittu badlagu sonu,Others
4671,namma nadina hemme kaveri asht easy agi bittkodalla ee madrasigalige,Political
1710,This nachike makalanna gandanna bittu aastigagi maduwe madkondu yeliwaregu jiwana madtiya pavitra apavitra ninu,Gender
8007,Alla  a keeper ge no ball antanu gottagalwa 3 run tigedidu lekka barta ilva anta keltane. First of all pak nawrige rulls e gottilla cricket indu indians ge cheaters anta heltare ??,Others
5149,"Inoba hennige gandige aada mosa,nivibru jasti kaala balallla",Gender
2108,"Guru  ivlna ,, bigboss editor stpny kanroooo,,,",Others
3254,islam yavato terririsam kaliso dilla bastads terrist,Religion
1115,Ahankar guru hintavrige yake bartira bengalurige thu,Gender
5603,"1st of all shame on you BTV, to bring this kind of people for interview.. just for TRP",Others
491,Terarist ge ye show torsi torture madbodu??,Others
559,Virat started the fight...u can see the whole match..he started with Mishra &amp; naveen ul haq...batsman will not go to long off to sledge a playerð ninge yaradru shoe torsi.neenu dhoolina sama anta helidre bidtiyaðit&#39;s self respect bro..neen bidbahadu bucket giraki alva.,Others
5027,Madhama navaru 420 galu,Political
1307,@Pavithrajanu Pavithrajanu muchkond ilde ellanu bitkondu arun are you there anta video madkond publicity tagoloke nanen nim Sonu lowda alla tilkole ..nindu heals adre nakkan nandu woodland ???? yavd beku nine choose madko,Others
296,Gandu ashwath narayana khojja idda haga idda di,Gender
220,"Asal avaldhu thappenidhe heli,avanige kayile idhe sathidhane zrash mathadididhale atime Alli enagidhe antha nimeege gotha sumane bayabedi vishaya tileedhu mathadi",Political
7128,Dabba kushi hesarallisthte idre saladu bere yavarigu khushi kodbeku hudugi andre,Violence
7527,lofer beversi nenu nin amman bosudi ??????,Gender
1328,yo loose thatha dina mutton thinthiya ? varakke ondu dina mutton thindu 6 dina veg thinthiya,Religion
5335,Maduve padake kalanka,Gender
5808,Nachike agbeku nim jalmake thuuuuu,Others
246,Nin Amma ge bele kodu sulle,Gender
7595,aaa movie nange artane aglila yesto jana movie nodavaga madyadale yedu odru,Others
343,thu nim janmakke alli government colegnalli pooje madtharalla adhakke  neevu enantheera neevu madyamadhavaru sarkaradha chelagalagbittiddheera malagidhavarannu ebbisbahudhu malagidhage nataka maduvavaru nimmannebbisakkagalla aadru ondh sathya yavaglu kahine ondhalla ondhu dina adhu horag barlebeku,Political
7207,"Tu students West ,Bari aligetionð¤«ð¤«ð¤«ð¤«",Gender
4816,Hijab beda <br><br>Send them out of school,Gender
1579,BTv change bucket change edther,Others
4137,Thudugu thullu yak thorishide bidiki,Gender
320,Tumba sookide meghana ge,Gender
7576,Ninu Diana thinvnu,Gender
772,"Hudgrenu sacha alla, avribra madya en pblm ide anta gotilde sumne avla baiyodu sari illa",Religion
672,Alla guru Yen dodda saadhane madiro Tara buildup kodta idare,Others
7965,Actually ????ganchali madtirodu ivare nodtiroru,Gender
5320,soole makle guru khangress  jds,Gender
2959,Loo half boil..YouTube patindaðððyava nigrogod ninu ..buddi ila enila rvnge channele bere k4du,Others
453,"<a href=""https://www.youtube.com/watch?v=bWUEpra8J4I&amp;t=1m20s"">1:20</a> nim avra ð?¤­ð?¤­ð?¤­ en nim malgna maduvay madi kotideya . ella nin maga ge Muslim na maduvay madideya, en gandu math aedthiya, dialog hodiyode alla, ð?¤­ð?¤­ð?¤­ð?¤­ evn madtha erode political agenda lecturing",Religion
646,Le mejastic alli 5rs ge keiskollo hijabi soolemundeððð,Gender
7334,Aa bosudi Afghani na kithu bisaki from indians league ....,Gender
4170,"Sdramulla khan, brothers friend dks, kari idly hdk, &amp; ibhrahim, nethrathwada jds pithamaha devegowdru, Punjab pak ge seriso plan nalli iruva, kajji kejriwal, pls see this film,,,,,,,,,, onde matharam... Jai bharath...",Political
7918,"Illi komuvada agthirodu a alkut modi maadsiro movie irbohudu idu.baavanthmakavaagi sayisodu Sathya, illi comments maadiro sule maklige a nirmapaka courtnalli kaalpanika antha eli release maadirodu. ",Gender
786,Psycho nan maklu..... Yavaglu Communal politics.... Main culprit Media dhavare,Political
6412,"Le sule natka madbeda .......nin pakka dagar ,,,,dagar galu saha e riti madolla ......",Gender
3776,Idiot nan magane. Hindu hudugirige  muslim nan maklu rape maadoo kaala  bahala dina illa.,Religion
3048,Pakistan na boodi maadsi sir modiji sir en harekathe helthira,Geo-political
4049,Hu bro crt aadre. Bjp gov avru ege Madtha edhare andre. Ella muslim avru ketavru hindu muslim war madtha edhare .,Religion
888,Madode halka kelsa yen dodd sadane madidange,Others
4674,Anchor ?? ondu chappli li hodibeku,Violence
3487,Chappalli takondu hodri BJP avrige,Violence
8009,Election mugidu results bandide jana nimage ekkada tagondu hodediddaare,Violence
2754,Nachike agbeku ivara janmakkke cheeyyyy,Political
1577,Yalla hudgirde tappantaare  hudguru  maadodhu sarina <br>,Gender
3926,Don&#39;t worry shoiab malik hatra matadistivi dr Sania mam,Religion
7014,Evala voice kelidre yako bhaya agotalla ?????,Gender
449,Le nayi ninage tale kettideya? Yava rajyada bhosdike ninu,Gender
5326,Naveen ge ide Maari à²¹à²¬à³à²¬ next,Gender
3039,Ugiri sir Tejasvi ge sambarhi ge yellaranna chennagi ugiri. BJP ge polarise madidakje ugiri. Young blood ge gottagathayilla BJP tricks. Hindu na BJP avara appa anthe. Well done peace to karnataka by your speech sir,Political
6387,andre congress bandre bargala confirm anta,Political
4691,Ha batte bhichkondu thorsu antha kalskottidare,Gender
1602,Berke budda,Gender
3709,Handi thinnu boli magne musalman khora,Gender
5026,Onde doubt nim maneli nina enu kelalwa    anta elru a type ansute ellaru sulere irbeku,Gender
435,Avlu e tara erodakke Bigboss ge kardidira mat yak byitira . Ni ennu bigboss show madtidiya alva ning odibeku.. magne film andru odtilla bigboss nalli contestent ge byikond tevalu teeraskotiya thu nin janmakke,Others
1800,BJP shatnayka Sule maklu BJP Bharshtachar Jantha Party,Political
1417,Ee vama nge kelsa ilava shoot madi hogeere taye ge respect ildolna,Violence
3451,Hadaragitti sule,Gender
4449,Thuu over acting ð«£ ninna nodidrene asayya agutte,Gender
7171,1 kg free kotirbeku adake ninana nin markondirbeku mai torso bevarsi,Gender
4341,Bladdy Siddu na first kickoff from Assembly pleaseð idiot he is unfist for opposition leader innu start madilla iva sacha,Political
2373,Soolemakla <br>Hindu Muslim bai bai antidralro soolemakla<br><br>Fck you Kerala,Religion
3497,"Etaranu interview madtare ant iga gottaitu,,,,idoddu interview na thuu",Others
6118,Ninnanta.sulege.acid.hakbeku.ninna.janumake,Gender
7679,Apavithra nin jamake tu tu,Gender
1803,Leyyy soda buddi soole magane yav nan maga en Sacha alla first obbra bagge mathadakku munche nin correct agi edya nodko gangu soole maga ninu bjp ge bucket edyo nan maga ninu Congress jds bagge mathadthia loffer nan magane   ushar yar kaili adru sikakondiya cake cut mado knife Alli chuchi hogbedtre,Political
2796,"Thappu yellaru madthare, shamisi, artha madkond hoggbekku.. <br>Adhre inthavru idhre,kasta...",Religion
7165,Thika mucho lo mudiya sabru thika nekku,Gender
928,congress sulemaklu,Political
1068,No.1 waste news channel.,Others
4103,First muslim navrna pakistan Kalsi india ge saport madala,Geo-political
2603,kaveri annodu ondu sentiment namm kannadavarige yaradru korik madidre avare iralla,Violence
1266,rss channel â¦â¦â¦public tv ! thu naachike aaagbeku,Others
5775,Btv nan shatha btv anchor dress gea nan halea yakdha,Others
7751,Thuu kithogiro bucket ediyoo channel btv anchor thalwar ???thagdu thik nugusbidtivee ninge matte sonuu gee ......,Others
1045,Avramma Avlge kappalakk nalakk barseddedre....eng adtherlella,Violence
5769,Avivekigala thara mathanadabaradu,Geo-political
7069,"Janakke topi haaki badukoo kadhar antination khadar mattu, evana mukkke huviyoorilla adakke hege maataadodu ",Political
4807,Desha drohi yavathu devaru kshmisudilla anthavaru papigalu,Violence
2431,Bucket raja congi agent,Political
4299,Yenu kadaka answer Vikas avaru helidu nija . E bucket tv sule makla ge bare Yava kelsa ella,Gender
6763,Third umpire is third class umpire fine avrge hakbeku,Others
1461,tappagide ok adre attitude bittilla,Gender
7306,yarig huttidiyappa punyatma,Gender
1271,Avvnuu idddidduu Rubbbbi <br>Addu bitttu samdana maddo avvshkathe  ella <br>Because yarru yennu Sacha ahalla <br>Antha thapppu na thilkonduu eddalee <br>So,Religion
7727,@Darshan S A hu bro naan heltha erodu thapu madudre shikshe aagle beku but North alli ella theatre alli enge enge turn Madtha edhare gotha e vishya inda. Nxt yaru bolliwood movie nodbedi especially Khans avrdu antha ella fill Madtha edhare naanu adara opp,Religion
1072,Lee congress govt yan yano guarantee kodthira cauvery guarantee kodie,Political
7116,Hijab aako mundegalna suspend maadið,Gender
6038,Thu chi ..assayya agutte intavru namma industry li idare antha..yash puneet and sudeep are trying to take Kannada industry to next level ..And this dagar rowdy darshan Nam Kannada industry maana tegitidane..He needs to be kicked out of Karnataka,Others
1537,"HiNDDU RASTRA ALLA,KOMUVAADI,MANUVAADI MELU KILU ANTTA 2 PERCENT IRO MEL JAATI,AAGE AADANI,AMBANI GE RAILWAY,HP,BSNL,ADA ITTIDARE.SULE MAKLU 98 PERSENT IRO OBC,BKWARD,SC/ST MIRITY GALIGE IAS,IPS,POST ILLA,BARI E NAAYIGALE.12 CRICKET PLAYER IDRE 7_8 ONDDE RSS APPA KOMU,Modi  MANUVAADI CHELA CABINET LLI 2PERCENT IRO ONDDU JAATI MANTRY 70 PERCENT.30 PERCENT BJP KATTIDA,VOTE AAKIDA BEKUF OBC,BKWARD,SC/ST GALU CHECK MAADRO OTTEGE ANNA TINRADRE.98 PERCENT IRO SC/ST,BKWARD,OBC,MIRITY BEKUF GALA",Political
5986,loafer NANN maga bolimaga sidda ivanu namma desha haalu matane,Gender
6916,Ollevrge kaala illa.kettorge ondu olle badku antha gottaithu...thuu ninna janmakke ninnavvun nin anthor indane ollevrige kaala illa??????,Gender
769,Hijaab haakuvarali irodu bedhabava inthavarannu College alli serida baradu,Political
4604,Ayyo suke magane. Enne rate hechhadaga tika mucchikondu iruttira,Gender
1799,shataa madusko . Turki tunne unnu,Gender
7549,Pakistani Alva yivalu hallige hodsi,Geo-political
1353,Ei habbadalle bali kodabekittu hindu virodhi congress paksha wash out in India ei tagarige iennu belalikke kodbedi amele adakke Ruchi eiralla,Religion
7573,Simple this is islamic terrorism kolodakke harsh ede but uts fack IT&#39;S ISLAMIC TERRORISM....,Religion
1365,"@#psDaridra buddiya bevarsi.  Indian president brahmana alla, PM brahmana alla, UP CM, Karnataka CM, MP CM, Andra CM, Telangana CM, TN CM, Kerala CM, Maharastra CM, Bhi ha CM, Gujrat CM, Rajastan CM, Assam CM, yayu brahmanaru alla.  Tilidu matado shata mu",Political
1610,bharata central government kalajiyinda monitor maadi  immediately Hijab deshadadyanta bahishkara madalikke kayde tarabeku. Shalegalalli hijab tegeyuva vyavasteyinda ee tara tondare kottu namma deshada maryade tegeta iddare Ee shandamuslimgaluâ¦   ,Political
6337,lee tale kettavale modalu  en matadbeku anodanna  tilkondu matadu olle huchi,Violence
6133,Sabapathi bjp kade iddane belavanige agbardu atara madi <br><br>Last time ondu Muslim chikka hudugi modi avarige ye helidakke jailige hakidru same kaon ivarigu agbeku ð¡ð¡ð¡ð¡,Political
4686,BJP AVRGE DEVLOPMENT MADO YOGYATHE ILLA INTHA KACHADA KOMUVADHA MADKOND JEEVANA MADTHIRA KARMA ð?¤¦ð?¤¦ð?¤¦ð?¤¦,Political
2046,Idiot fellow avr alla ninu ??,Religion
4719,1St SLEPAR TAGOND HODADA HORGE KALSI E DARIDRA NA DAYA MADI NAMA KARANATAKA DALI E TARA SPORTS PARSON S NA YAVATHU KARI BEDI EVARU BANDRE HENU BITRE HENU BEKADASHTU SPORTS PARSON S IDARE IVLE BEKITHA PLZ REQUEST NAMA kannadigarige YAVATHU INTHA DARIDRAGALANA BITAKOBEDI,Political
1933,English bere edhuke Kannada ne netuge baralla gobege,Gender
7970,Avlige mana mareyadene ells,Violence
6416,Naveen kathe illige close ...mugsi bitta..ð,Violence
67,Nayakare vande matharam heloke asahya padthiro kanthri samskara illada congresigrinda yenu nirikshisabahudu sir,Political
7153,Hu kundeyalli etkollali bidi,Gender
1469,Dagar munde  sonu,Gender
2176,"En attitude ivlge, avr amma eno kasta helkotidre egadtale kasta iddiddakke alva avr amma ajji doddamma maneli bittiddu, enthentha dodda celebrities ella conductor agidru, paper haktidru, anthavrella ivattu entha stanadalli idare, a stanadallidru beled Band dinagalanna indigu yav karyakramakke odru helkothare anthdralli ivlu istu maryade hogidru hetta thayi anthanu think madde ivlge ilde iro prestige ogutte antha ag kuthko heeg kuthko en kasta ittu antha dodda ambani magalu anno rangege build up",Others
6162,B J P Andre <br>BharathADALLI muslimara mele jagala madu annatte,Religion
6574,I'm Indian Muslim sir nange weapons kodi naan pakistanakke hogi avara 400 janarannu bomb haki koltene..... Naan sathru paravagilla,Violence
2918,Anchor hotter than her nodkolli chennagi,Others
1344,Muchkondu irale mudadya,Gender
3490,Nin thamma nin video nodilvaaaaa illa nodidru sumne naatka gala,Others
5014,Megan tu ninn janakke benki haaka miss you harsha anna,Violence
4122,Mana maryadene illa,Political
3789,Le BTV soolemakla..... Enro nimdu... Avnakkan neeve avlige hakond ondh movie maadri.. saryagi idira neevgulu,Others
7274,Mannig yen tintare ante ????yenta maat guru,Others
1748,Naachike maana maryadhe yenu illa ee Sonu lawda$ btv news ge <br>Namma dhesha Hinde uliyalu intha backet channel gale kaarana,Others
6702,Amma Munda hakkoa batta na adhu nenu first correct agi kuthko,Gender
4957,Yaaru maatadbardu.........e mudiya siddange,Gender
6034,Tu nin janmakke ivar galinda nav oor bido hag aytu blore alli idre namge neerilla,Geo-political
2369,Handi nanmaga neenu,Gender
3623,Tappu madtare ??? pade pade tappu madidre en enbeku,Geo-political
2540,"avnige kama ivalige duddina moha, tu henta kala bantu guru? Karnataka da janate idakke sariyagi pata kalasbeku",Political
7526,Revenge adare iduðâ¤ RCB,Geo-political
5206,Ee soolemaga pratham bere kelasa illa. Avanu muthalik maga,Gender
250,Bro ee movie na promote madidhu Kerala kachda congress ... Awru madidha tweet indha people started going to theatres....,Political
5866,Btv ge odibeka ella yarg hodibeku helro thumba sadhane madidale neked sundri,Violence
2008,Tumba olleya maatugalu ajjare navellaru onde bharatiyaru IVARIGENU GOTTU GULAMRU nammannu gulamaragi madakke horatiddare ee kantri congress navru,Political
4938,Le nan magne lawada Nagaraj..muchkondu hogu,Gender
2174,Chappal Munde,Gender
6951,Thoo bevarsi nann maga soolemaga neenu,Gender
4005,News for Views Bewarsi Btv,Others
6391,Ninnatha  dongigalu iddare desha uddara.<br>Thhu nindu  ondu  janmana,Political
4027,Prathama langa nanmagane,Gender
1090,@TV9 .....en khader avaru doctor Enri.... chali jvara bidisoke ? Nachike aagbeku nimge.... news heli Andre... nataka toristhira .... highly unprofessional  .. all Kannada news channels,Others
1889,Ee chanallu darshan shatanu kitkolake agodilla,Others
6345,Thu kachada munde ninu nin appan hage bereyavra samsara halmadid ninge devre sariyad shikshe kodtane,Gender
4399,Troll sule,Gender
7742,Chappal thagond hodibeku ninge,Violence
5025,Evara janmakke tuuu,Geo-political
7948,nimm tayige bayi mucchu antiya how dare u,Gender
2049,Bari sullu matte Bogus BJP<br>Yella election gimik matra,Political
4522,Huchha ninna muslim convert madi taliban ge kalastare ee bolimaklu,Geo-political
2549,nammoru antha oggu munjjii madi kalsthare ee muslimaru,Religion
5169,Tapde sule maklu,Gender
7594,Pakshantara avanthara amele samananthara.idu rajkarni avanthara.jana buddi kalistara dona,Political
1249,congress bolimaklu eella nu tinkond unkond kondkond hogavru,Political
4586,nara hantakarannu yavattu bidabardu,Geo-political
1313,??Glass ????? ucche kuDitaidaLa?,Gender
1993,"Nimge Jana enagadru vote madthoro ,",Political
3379,Neen yava donnenayaja en kitt dabbakidiya ee samajadalli,Gender
7784,Looo gaaandugalaaaa modlu neeevu jaiii bhim nodi. Aamele idannu nodi..... Jaiii bhim????,Religion
1730,Correct <br>Yare agali Nam sarkara thakka Shikshe kodabeku Evarige.,Political
247,Female yara voting akabedari e Ramesh jarakaoli,Political
6072,Ivbba..gaandu speaker..,Gender
6762,Saku medum yella nagpura vidhi. <br>Makkalu protest madi hijab viruddha goshane koogthare<br>Nivu heludu leadr change madakke protest madidu antha. <br>Onde sala heli bidi muslimaru yaru college ge barbeadi antha <br>Yella drama saku,Religion
2172,dk sahodarara krutyakke pinanayi bembala,Political
7197,"Muslim s hange hinge, hang maadudru hing maadudru antha heltiralla neenen satya harishchandran tunda, neevella harishchandra antha yaavdaadru name plate idiya..",Religion
20,Yavano comment madavne nodro kelage kohli bagge Lucknow tunnige huttironu,Gender
5136,Thu nim janumke ega kushina kushi ninge yenu ansalilva engela mathadthyala Thu chi,Gender
1686,Nija Nim ista batte bichhine munde agbeku,Gender
5512,Ayyo nin voice ge nandhu sikakka.....hey bitch....,Gender
1467,Bjp ge jatka cut madbeku ð,Political
4758,"Congress baddi haidarige maatra vote aakbedi, kodege NOTA hotti",Political
4196,Sule maga,Gender
4941,Amma nimgenu ansadilva Nim maglu batte bicchi iddorgela mai torskondu ishtella adru buddhi helde maryade bittu camera munde bartiralla nimgenu ansalva.... Munde e daridrakke adh yav muka itkond madve madstira thu.....,Gender
172,Siddramaya  bharat onday <br>Alla bhumiale  irlekey like illa avanth nalayek  bhumi irbardu tippu aulad good by,Political
7476,Est Dena yealli shata thrithaedha suley magne  .Enna swlpa Dena thadi nenna convert. Madthrey ðððððððððð,Gender
3492,evonon shikshe ge olapadisi.,Gender
4768,@AIO All In One est jana nim amma thull jothe adovro ast jana dal neen yarig hutidhyo,Gender
1426,"Sir neevu nimma maneli ondu Mari odedu nimma muslim sahodararanna kardu uta madlike heli aaga nimma mathanna naavu opkolona,,,<br><br>Neevu danada maamsa thagolthiri,, <br>ade avaru Handi mamsa thakolthara,,,?? <br><br>L",Religion
3931,Adyak handi ð·muthi tara madtiya... ððNino nin overacting OOO,Gender
3095,Hindu Muslim galate madovargu public TVnaru bidolla.,Religion
3604,stupid kandidini muchkond kutko,Gender
5520,Chutya movie. Only brahminism ide movie li,Others
6323,RSS RASHTRIYA SEX SAMITI,Gender
7325,@Bharath NP ðâ¤ darshan mele astond love idre hogi avndu unnu ... Lowde,Gender
5220,Pakistan and India and China muwaru Kashmir ge codabeku 3desha dawaru Kashmira mele soshane madotidare,Geo-political
1096,Sulle magne nin indale desha halagodu,Gender
2631,Riiiii enri news madthidira BTV avre tho yakri,Others
3153,En ninen saalumarada timmakka na mommagalene le kothi en dodda dodda buildup ?????????? tic tok alli buddi Kali,Others
5360,"First hindu blood iddavaru, Congress mattu avara maitri paksha kke vote haajbedi. Congress nirnama madi.",Political
1525,"Ninna tayiyannu hage kondu tinnu boli mgne .....naayi en bogaliddru devloka halaholla....Hindus United w...idu nin yuvka agidaga idda India alla ..namo india...we worshp respect cow ð,it&#39;s our godess forever&#39;...mix generation bolimagneð¡ð¡ð¡ð¡ð¡",Religion
6398,Ha howda aa bolimaklindale aagiddu eh hatya Kanda aa time alle avaru adhikardalli iddiddu,Gender
4976,D BOSS Munde Nivyalla Luchallagalu,Gender
263,Modi ge question mado dairya iro vyakti andre adu sidramayya matra... Mikdavrella neev helidde correct anta nayibala tara avr helid kelkond idbidtare.. Next CM should be sidramayya sir..,Political
3482,Swarga alla madam narkadalirtane naye nan maga mindri,Gender
3422,Neenu helodalla edana avaru helbeku gotayata muchkondu manege hogi thandirodana thinnu,Gender
1387,Godra hatya khand next movie baratte,Others
1091,Elli varegu navu oggattagirala   e tara kelsa madta irtare bolimaklu ee musalmanru,Geo-political
1131,BTv means bargett bevarsi hesge thinno tv,Others
2227,Kera thagondu hodithini ha Sule ge ?? papa super actor nam siddarth ???? thumba miss madkontha idini,Gender
7284,Court samvidhana ne follow madtilla Andre vichar madi ond Dina hindustan ne islam desh madtar yenoð,Religion
8057,Avr cool agi mathadthane but nivu thoooooo,Political
4533,Bholee magane PayCM beereyavara hagaranagalannu kedakoodee ninna kelasaanaa?  Naalaayakk best CM in the history of Karnataka?,Political
5168,Avlige yard  serial  chance codbedy my request,Violence
5704,Sir film tumba great nimge Hindi film bage ne youchne madatirala kanadada kabali hali bage heli sir first nimanta mindri nana makalu eroudake kannada ke bele ela,Others
4111,Halka nanna maga. Hogi muslim thiga nekku.,Religion
7209,Sayokku munche  mudi nanna magane  mamsa tinnu baradu anta yaro heliddu ninage,Gender
7540,Inta tukali bevarsigalu irodrindane hindhugalige inta paristiti bandirodu,Gender
7794,mana mariyade ella thu.....,Violence
1722,ondooralli ond manga ittante mangakke suicide madkobeku anta aase aytante. manga kadall nadkond hogtha ittante .darilla nari siktante .manga narige kelthante nanu suicide madkobeku anta adke nari helthante allond simma kudkondu malkondide hogi adru muklalli kaddi alladsu ninge harkond tinnatte neen sattogtiya anta .adke manga kushi agi kaddi thagondi simhad muklalli kaddii haki alldsatte.aaga enne hod diro simha eddu joragi garjane madattante and helattante.<br>yaro adu gandu soole maga nan muklalli kaddi aldstha irodu anthante adke manga helatte ante. kuduk soole magne naanu mang nan maga anta anta adke.simha akade eekade melgade kelgade ella kade nodbittu manga nan magne olle maja bartha ide innond swalpa doddu kaddi thagondu nan mukli alli alladsu anta.<br>E Kateya Neeti Enappa Andre kadalli Iro Ella simha nu simha agiralla kelvondu simha gandunu agiratte anta,Gender
3702,Pakistan zindabad ani Anri anthale aa Sule indiadhor beda antha Pakistan thunne hudikond odhalu,Geo-political
7210,News channel andre yen supreem court nam janakke supreme court ginta news channel male nambike jasti,Others
6867,Rajahuli Tagaru tinnutta. Yarivanu. Bande. Mining Reddy. Why?. mining reddy na sutt hakbeku,Gender
1713,"Dodda vichaaravadi hage mathadthane nataka saku muslimaralli Yhtu ollevaru iddara ashte kettavaru iddare avara kodugegala bagge mathadthane avaru hindugala bagge darshisi udu kanallave . Nammagadiyalli innitare raajyadalli nadeyuttiruva hindugala hatye kannige kanuvudilla. Indu hindugala sankhye kammiyaguttide,muslimara krurathe kanisilla. PFI SD PI avru yen saadhugala. RSs bagge apaprachaara nilsi swamy",Religion
1744,Tu halka lowdi,Gender
3512,Avurukuda mukili adisko bevarsi hengse,Gender
5377,"Tu nin moka mucha ,kanri naaye,tu,ð ",Gender
1533,Nayigalu kannadigaru enu avyacha shabda balasilla adella madiddu ee tamil navare,Political
6857,Kalla sollemaga biryani kotre vote bilatte ankondidane,Political
90,Adu yav sudagad ground maraya,Gender
2668,"Christiange  hindugalu  convert agiddaralla jotege christiange nammalli school college hospital kattoke avrige jaga bitkottiddiralla idra bagger yak matadalla, christiange convert agovaga nimge enu ansalva, matantara agovaga maneyavru en madtirtare...",Religion
544,"From <a href=""https://www.youtube.com/watch?v=wNjfSmBoCqk&amp;t=1m50s"">1:50</a> Aaytalla opkondralla andubittre mugiyitha bommayi , siddaramayya heltaa idaare taane thanikege kodi antha kodri taakth idre, yalla kallaru serkondu janaranna kolle hodedu kondu nim mane hendati makkalige batte todisteera kachada bevarsigalu neevu raajakaaranigalu thu nim janmakke.",Violence
1251,A hengadina miukha didare nachike agutte  namage adare avalannu maduve ada gandana sthiti,Geo-political
3568,Vipakshakke idna aragisikollokagtha illa hu 2023ralli nin kivige hu idthare jai shriRam nimma hanebara rajyada rastrada jana dthiddare andna maribedi,Religion
6800,lay ayogya deshadalli thumba samasye ede....adu bittu yavano film tegedidsu....adannu etkond nenu yako kothnan magan tara adtera...,Gender
1398,Super vikas Anna super Sonu bosudi,Gender
1580,MODI JI PLS.. NIVU A KACHADA RAKSHASARA MELE WAR MADOKE PERMISSION KOTTU LEKKA NA BADDI SAMETHA CHUKTHA MADLE BEKU,Political
3955,Ayuthu thika mucho la . Nenu muslim ge huterobohodu. Nin time aythu . Ninge e vaselie idla beka,Religion
7712,Kittod munde yaru saacha alwa neenu correct hagiru reel chennagi Bitte,Gender
2220,nim btv ge bere kelsa elvaa yen adru Jana ke olid agod madriiii e kithogiroooo interview takolodu bucket hidiyadu Este aithuuu tuuu ...,Others
5891,"Even Manglore, Udupi and Kerala ella islaimic tumbide",Political
2911,idu ondu interview thu,Others
7704,"Matte hudugi shoki shuruvaithu, name fame bandmele swalpanadru mana maryade itkondu samajadalli irbeku illa andre ondalla ondu Dina publicnalli ee thara maana haraj hagutte. Sandesh obba olle snehitha agirodakke darshan safe agi idare illa andre jail nalli irbekagithu.",Others
4569,Dud madokoskra director yenalla madtane.Yene agli nam karnatakada Shantiyate halgtide??,Violence
2084,aagadare bjp ya intelligence failure aagideyo ? Bjp Rss leaders nayakarugala yennu makkalu muslimara jothe maduye aadare love jihada illa kevala bada hindu yennu makkalu mathra muslim ara jothe maduve aagabharadu idu yava kanoon,Religion
5266,Evlige yesht sakku ide.<br>Ninge gottu bidu bere hudgru jote irodu.<br>Papa Harish avru ninyindane sattirbodu??,Gender
3935,rakta kuditide kole agbeku ivaga,Gender
2024,Sir swalpa sidramullan sagani nu togondu hogi gravy gae bekagutte,Geo-political
2709,Nin behavior nodi nim tayi think mÃ¢dtale aste,Gender
7443,Hudugarige make over maadi rich iro thara hudigiyaranna attract madoke . Preethiya act madthare sexually use madkothare makkalu madthare kelasadalli idre dudd u ella kithkothare asti kitkothare torcher kodthare maneyinda odisthare makkala sametha.    Madarasagalalli hennu gandu makkalige inthadanne inject madthare duddina ase thoristhare makkalannu inthaga koopakke thalthare antha makkalu asego byayakko passiingo idannella madthare,Religion
975,Hanga ninda vibrator onda torasu..,Gender
977,Bro nivu hestu badkondru namm jana badlu agala bro,Religion
3014,idakke adashtu bega uttara kodtare namma yorharu..nimm mukha mukli mutti nodkobeku aa thara madtare,Geo-political
2041,Nim appa hogiru hollede aythu nin avtgara nodidre matte saithitru,Gender
6728,CM bommai avarige baidre bejarilla ...adre n vegetarian helru hottege 3 hottu mamsa tintara <br>Half kwledge etkondu maatadbeda ....chicken maadbekadre onion Tomato rice henu tinnalwa ....bari mamsa tintiya hottege swalpa tilkondu maatadayya ...yaro 1 kg mutton  kotru free agi anta bayige bandage maatadbeda,Political
7587,"Hinta chappar mundege yavudaralli hodibeku heli,ivlinda maneli hudgir ge phone use Madoke bidtilla thu...... sonu gowda....",Violence
4092,Thanna Rajjiyya kintha munduvarida kerala vannu yegadaru keralada abivirdi yannu thadeyabeku yemba uddeshadinda idannu saisada bjp Rss navaru aartikavagi aagu education kesthragalallu bjp rajjiya kinthalu kade aagi idalu bjp rss prayathana padutha ide idakke viddiyavantharada keralada jana soppu aakudilla,Political
5473,Ittralla nimge saryagi..Bjp avru bari build ðup amel clean sweep...ðððAaytuððððð,Political
1605,"Also, most shandaMuslimaru namma deshadrohigalu sanna Vishaya tegedu idee deshada aaya vyayakke pettu koduttare. BHARATH desha andre avrige gourava illa. ",Religion
4597,"Sidramullah khan ge thika urithide, Raitharige 5 laksha sala badi illade kodthidarre Bommai sarkara Adake",Political
5276,Thu mundeva nimma janmakkishtu benki haka nimgen bandithu dod roga kandor Mane hal madi uddara agalla neevu thu ????,Violence
3695,Entha 3rd class sulle munderige kakrkond bandu interview karuskond ero nimig hodi beku 1st,Gender
3030,Mana maryade ellada government karnataka government 40% commission government,Political
7275,A guru nin ane aludru avlu bari ange avllu atra erodu darag buddi guru,Others
4147,"Enta hypocrisy bro, nam fans bere avrge disrespect maadidre aggression ade bere fans namge ursidre thika gaachali na. Virat du aggression aggression anta heltira ala but bere players ge disrespect maadidre adna aggression annala thika gaachali antare. Innu gurthide Manish Pandey ge yav Tara disrespect maadidru Virat anta. Adikke bro karma thorstgide, onde ondu trophy Saha gelloke aagilla Ipl aste alla India ge Saha ondu icc trophy gellokke aagilla, when you disrespect players you disrespect the game and when you disrespect the game, you&#39;re not get the fruitful results",Others
2429,Sule maga gambhir,Gender
7585,Nachike illa maklanna bittu kooda banda ketta thayi,Political
820,Chapli li odibeku avlgu aa sulegu,Violence
980,"Sabhadyaksha bolimaganige hodiri..........jai siddramaiah,jai khadar",Religion
681,Thatha bahala kosdavneeeðððð,Religion
4113,Yar heledravva nin chinnigediya antha,Gender
4944,Yetnal gowda Patil ge CM Madli nodi avaga turkru nava randhra galannu muchhi kondu eratare,Political
340,Sir awala esta niuu yaru ganjali helalikke nimma thi yanno waif anno ganjali yeli nimma ammanige heli ganjali ninu antha Kanda daware Kanda mathadala ennu awala Bai enda Kanda yentha kelu mattda Jana niuu,Political
1526,Koti tara adta ediya svalpa decent agi enadru olledna video madi eden olle sannu maklu tara adta ediya mature agi matadu koti tara adbeda aga elru ninge respect kodtare,Others
6507,Vayassige Adru maryade kodbekittu nimmind jana yen kaliyodo chi,Others
7771,Evaga onde dhari kashmir  dalli hindhugalanna sayisi hodsiddaralla ade reethi naavu muslim  mara mangalu namna hindhu mangalu aa manegalanna kashmir  pandith  avarige kodsi,Geo-political
157,Tu ninna tayi mariyade tagitiya alve,Gender
2278,Ivlna Madve agavnu Aden karma madavno Adest bargettavno ??????,Religion
5399,Haagadre bjp avre kallaru....yaare agidru badukiro AA sulemaganna bidabadru,Political
6627,Nin video nodokagalla<br>First channel close madu,Others
5432,Pratham yaakappa history gotilde herogiri madak bartira.,Gender
3741,Nalayak mantri loafer minister,Gender
4573,janare ella partyge chappli tagondu hodedu naave dhange elabejku yaava politician help beda naave munnuguva eshtu hena biddaru sari deshakkaagi saayuva ee bewrsigalu politicians iddannu maaduvudilla hedigalu rana hedigalu,Violence
6664,Yava randi makkla e kitogiro chanal n follow madatirooo ??????,Gender
2676,Saniyage Pakistanake kalisbeku avalu deshadroyi,Geo-political
4229,"A C.M.Aghi Dum And Thikakt Anetya,namma Minsters is Suppari Killers",Geo-political
5874,Navu hinduvea aswatha narayanannu navu hodedurlsteevi 420 bjpya ee nataka mathu kannadigaru numballa,Violence
1062,@#ps hesaru helallikke agada naradhama sulemagane. Mucchu ninna helu tinda bayiyanna. Lofar,Gender
1871,Tuuu yav saadane nim muka????????,Gender
1700,Pak alle iddu sayri Kashmir yake beku,Geo-political
7173,Avanu lofar kd  one aswath narayna 4200000gandu pimp to RSS aso criminal Jana chpyleyale hodhara,Gender
5824,Appa avana muka nodi bhaya aguthe,Political
7211,EE SULEMUNDE NA TEGIRO YENUKKE INTHA BEVARSI GULLANA VOTE MADI SAVE MADTIRA EE MINDRI GE INNA DURAKARA HUTTUTHE. HADARAGITTI SULE,Gender
7295,Thu soole munde ningyak bandittu intha durbuddhi,Gender
5419,Kotnanmaga akbar???? babar jote enittu ivana sambhandha,Gender
851,Ashwathanannu gadi paaru madi .kalla dr avnu lancha kottu bandiruvavanu,Gender
7672,"Thatha contributions yella dharma dhavaru madi thara, u can take from whomever you want , BJP gvt yarguu alli thagobedi antha heltidhara, hindu Sangatane they are requesting ppl to take from hindu stall, what&#39;s wrong in that?? <br>Hindu bagge, dheshadh bagge dhodragi yochne madi, bari mathadodhalla,",Religion
5656,Nachke yagbeku pratam ge Thu,Gender
5151,Nimma amma think maadodu neenu dagar agidya antha sulee ??,Gender
845,kachada sule maga avnu video leak madidane alwa. avna amman ella akkandu madudre gotagutte,Gender
6894,Sonu gowda anooo hennanu sari darili taroke bigg boss avln olgde togondidare,Gender
4946,"bari bramins are Hindus in India anstide, OBC, SC ST janagala savige belene illa.jai Kuvempu, jai basavanna, jai budda, jai Ambedkar.",Religion
4848,namma shilegalanna halu madidavary ee muslim rajaru yak beku muslims in india,Religion
7098,Thu ninna janmakkae benki haka,Violence
3476,2000 nalli Gujarat nalli godhra galabeyalli muslamanarannu hathye madsidha modhige shikshe yavaga.,Political
1647,Super bro.....Vikas<br><br>Avlu enu replay kodta idale arta agta illa NETTAG MATADOKU BARALLA YAVO IVELLA,Others
2851,Ivat ille ist jagala adatar sarkar nadastaru ivaru nice....,Political
374,Samya.sadahaka adre matra politics madbahudu,Political
6796,Nene henge ennu nemma appa amma hengo nenu sule sule ne,Gender
2927,Edu ondu show na??dodd saadhane madilor na tand kursidira,Violence
2526,Lofar btv,Gender
7356,"Entavalanna karkand banadu interview madtidaralla B Tv nan maklige dengbeku, avleyaro ancor center li bandu lowda ge support madtavle thuuu nim janmakke nan ....... idaa first avl ancor ge dengi",Others
4921,Nivu hijab hakode adre nivu bere shale collegegalanna nirmisikolli,Religion
7215,Sariyagi kaydre currect agtale,Gender
6112,Thatha nem congress 60 years enda yak kettu godde akide yali solpa,Political
5687,Sule magna ninge duddu esttu kotro,Gender
5391,Superð??? sir tatei IVARIGELLA ENU PHARAK BELALLA KOTHNANN MAKLU bevarsi madrasigalu,Gender
7550,Huchha mudya rajkumr avru gokak chaluvali madidaga elli hogittu nimma kannadabhimana evaga bandbitru bevarsigalu,Gender
729,Hye muduka nimmantavr endane e gati bandirodu namge. Nettuge manig ogu,Gender
3646,Muslims na Pakistan kke Kalisbeku . Illa andre Navu Nam Bharatha deshadalli Nemmadiyagi Iroke Agolla.,Geo-political
1922,Ennu neevagalu yechtukolladidare nimmane deshadinda odisuthsre jai bjp,Political
1043,Innu e kannalli yenen nodbekoo????????<br><br>Inthavrnella next generation avru role model agi tagonbekaa?<br><br>Adke naan big boobs (Big boss) nodala???????????<br>Pure BULLSHIT ??,Gender
3727,"E cinema thorisi janar mansalli visha   bithowa kelsa madtha ide e modi iwanoge kelsa bagasa ,adodu thorisodi enu gothilla bhari kasmir file and now Kerala story yen iwanu Desh udhar madthanari",Political
6707,Buddi ilva ninge inspiration avlu,Others
2494,Nidde ramaiah sudden agi stroke agide rice scam reopen agiddikke,Political
393,Tv 9 chanale manna haka yenella news haktira alli freedom parkalli 8dina aitu nhm ola guttige ukararu strike madatirodu e new chanel davarige kantilva nimma chanel benki bila,Violence
4361,I Hate you   saniya.   Jay Hind Jay Karnataka Kannadave Satya Kannadave Nithya,Violence
2167,Sandesh eradu tale havu,Gender
32,Nin yene madidru troll madthare node lovdy ??????,Gender
6431,"Sanghi bolimaklige ithu only cinema, not a reality annodu innoo gothagilla.<br>Thaleyolage segani thumbi kodidre ide agodu...thoo nimma janmakkishtu",Violence
6639,BTV li nin interview nod&#39;de sonu chanagi ugdu uppinkayi haki iro alpa swalpa maryadenu tegdu urbaglu madidare alwa aga nin expression nodbeku so funnyð,Others
6055,Thu nen janmake both are dagar.,Gender
1474,Nin vote beda,Political
3774,Sule munde renlla karkodh thu nim ammadiir jatre show gala,Gender
6231,nija brother awle  bekntle vedeo maadi bitido bewrsi munde,Gender
1983,Nija bro nannge movie nodtha eiddre raktha kuditha eitthu ????????,Others
200,Ninatha payment giraki  indhaa innu enu expect  madake sadyaaa ..  estu payment iskondhu  talk madatha ididyaa payment giraki,Gender
5741,uta neeru kodbedi aaga kannada barutthe??,Gender
1892,modlu ninig hodibek chaplinali csk avarna vayiskond mathadthiyala chapper nan maga ninu hogu kong tamilnaadge,Violence
1231,Berakiputra.. Yav hijda huttidano eno,Gender
2803,Yaro ivalu DAGAR,Gender
1482,Neevu bitti buildup tagolodu horgade kannada maatadoke yochane maadtare kevala nodtare yar yargu doddavralla neevu bitti buildup kotti belsodu  namge bele kottorge maatra bele kodri bittakki entornelaa odoru ogtaa erli,Others
7484,"Rcb management heege idru kooda kannada andre rcb,rcb andre kannada anta hogi ticket kondukondu match nodtaralla avarige modalu mettalli hodibeku.nachikegetta nan maklu.",Violence
5122,&quot;RIP&quot; Sonu lowda,Gender
4503,Solenanmaga pratham. Huchha na ivanu,Gender
4705,Hale ekkadallihodiri sabrige huttida bevarsi sulemaganige ee roudyge CM aadre karnataka vannu devare kaapadabeku,Political
7237,@Pradeep Kumar Narayanappa Shiroorkar agli bido yaak tika urkotiyaaðð,Gender
4602,Hoge muslim shata kelu nenu Nenaman bosaDK sule magane.,Gender
1182,yaru enu mathidre nemyak &#39;re avaravara life avresta madoke bare kelsa elva bekadastu upayoguk bharo vishya galiruthi adara bhage madi,Political
5858,tuu nim mukakke estu evlge yavaga Kai kodtano,Geo-political
6021,Inond video bere ð¤£ð¤£ pakka dove Rani,Others
1701,Daridra e congress bandre Rajyakke bara gyaranti,Political
2728,Modiynnu   moodalisidavar   moolegumpagalebeku,Gender
5989,Director ge chappali thagondu hodibeku hindu hudgiyaru e Tara madalla ullaya sanskarastaru thumba valayaru,Violence
7860,thuuuuuuuuuu u u ùuuuuuuuuuuuuuuuuu ninu oblu hensa hennina kulakke avamana,Gender
3192,Dagar sulle munde,Gender
1499,Kamangi.... MADODELLA DONGI,Violence
3611,Hogo jocker surya bollimagane...,Gender
828,Tagine assay vagi nodo ninu ollevl agoke chance illa tu ninna avrind huttidiya anta nenp irli,Gender
5985,Ly nin antha huch munde na katkondu henge jeevana madodu antha think madtha edare nim amma papa Aden janma dalli en papa madidro nin antha third class maglu sikidale ð¤¦ð¤¦ nachke agbeku ninge,Gender
6676,Yaava neenu. Hindu gala virudha muslim daali madidre sumne irthya. Saayo  vayasalli nenge hindugala viridha yaake. Naraka dthya sathamele,Religion
4310,Summne hogalo,Gender
308,Odger adre danger appo,Gender
3440,Le bepnanmagne avnantha lootikora  dhurankari hibanilla . Awanu yenidhru bafoungalege leader.,Gender
6959,Yenne Congress Party Mudukaððððððð,Political
2950,Thu nimmovvun tullu sule makla nimginta beedi nayigale esto best ondu 5 minutes bow bow anta boglubittu sumne aagtave aadre ee kacheda munde maklu avukkintalu kade Naa layak Nan maklu,Gender
7953,BJP avru lofars gaandugalu lancha baakaru,Political
6561,Soole evalu......evalna intrew karedkondu bandirala  nimge hodibeku,Violence
7336,Nina.meravange.madidarll.Ninenu.helodu..ninahathra<br>ero.hanadalli...115.mla.galanna.karedisaboudu.....,Political
7847,Ley lowde k bal first hogi history na correctag tilko ðð,Geo-political
4254,RCB ge mentor madidralla avrge gotagbeku eidu ??,Violence
987,Yavandru e film ban madokey case hakudrey metnalli hoditini especially Congress party usharagiri enna nim attagalu nedyolla nim yogyathey yenu antha election nalley gothagidey,Political
6120,Congress ge hoge ne ??????,Political
3276,Hucha partm History gotha,Gender
776,Bjp average thunne hunoosbek,Political
7428,Tu evalu yaav  anchore  re tu,Gender
260,Yappa e bevarsi channel...e bevarsi munde.....yen karma guru edella nodbeka navu,Others
3515,"Amma idaralli nambike, droha yenu illa. Aa video ibbaru serikondu duddigagi madiddu. Yellarugu gottu",Others
6737,Dhanya vittu Congress ge serodu beda alle henu kittu gudde akilla ivaga illenu kittu gudde aakthare,Political
2633,Yeste adru Pakistani jote idavlu kantri buddi yel bidtale.. ivlen dodd sportspersons ankobitavle.. durankarad badidu Tuu nin janmak nan jod madga,Geo-political
4514,"Dikkara mallesh dhikkara.. Eemudiyanna Afghanistan GE Kalisi, yakandre alligandasaru odihogiddare.. Alli makklanna huttisali..",Geo-political
3322,"antha GAYLE,VIRAT,ABD helaythu innu evalu yav **",Gender
5240,Thu lofer Nan makla TRP goskara innu enen madbekro batte bicchi bettale torsodu sadhane ???? <br>Sadhane padada arthane kedsudru ea Btv avru thu.. ivr yogyatege,Gender
6195,Nin Amma Eno antha artha madko sule,Gender
6622,Terrorism kanike kole sulige nu helu,Gender
7696,Nim channel ge  mettalli odibeku bari fake news,Others
7490,Friends nanna 25 year na jivanada  muslim force madi cunvrt madolla nanu nedilli    by chance  force madidre just 3 to 5 year agutte idi desha muslimikarna madodu I,Religion
5754,Tu ninoune randi suli  ninna tullaga tunni jai kannada,Gender
4458,Kannakapura road side modlu hegidyo haage ede enu development illa.,Violence
2814,Adke rajadalli pradeshika paksha irbeku dk konga brothers anta Tn ge Karnataka na maarbidtane,Political
4388,Athi agiddu jarakiholi nindu.neenu congressnalli iddu dk shivakumar edirisidre oppabahudittu Adare dk shivakumar arrest madsoke Shah kalige bidallo.ninagintha Shah vayasinalli chikkoru,Political
2442,Siddu ninge nachikeyagbeku yenu sathyaharishchandrana mommaga iva yellakanthri congresigru lo bafun ninu yene thepe hachidru namge ninna hanebara gothide much bai,Political
2732,Pratham satyane heltirodu hodedu bisaktare,Violence
726,Nim karunanidhi family ille ide yenu madtiya .<br>Goobe,Gender
3633,Bed girl kastadalli iddaga doors madi avr pranane tegde papi ninnantoru aa dagar rashmika antoru irodrinda olle hudgirigu ket hesru nayi kinta kilu thuu...,Gender
2344,Bhatre nimagantu horata mado dammu illa horataado janakadru support kodi..... Tamil movies Bittu kannada movie nodi andre tappenilla.....adu ollede... darshan nanna films nodi anta helilla..... telugu and Tamil bolimaklu avara films matra ne nododu....,Others
5784,Avar kottiddu ninn tale halagi hogrle avar desh kattatare avar jotege hogappa,Gender
7980,Hindustani sangeetha kelidre huch hidyutha p m mallesh. bari 1 k g mutton thegondidya . 1 kg beef thego.  adu neena hakku.,Religion
5166,Avajjanna Kj Halli DJ Halli ge ondu week bittu banree sari aguthe,Violence
5375,Aababababaaaa en acting guru nindu ?? modlu hogi itihasa odhu amele ivella pungu anthe ?? Raja 30.000 alla raja 3 adu adralli vabru hindu inna ibru Christian. Views goskara cheap tricks use madbeda swalpa Ella thilkondu Ella search madi adu nija na sulla antha thilkondu amel pungu,Religion
2511,"A tukali nanna magne,",Gender
4126,American English yarigaadru istu English barutte Sonu pls poorthi English nalliye interview kodamma.... Nodoke chennagi kansidre saaladu....  Nota anda  upayogakke barode keluvakke,Others
4021,"Big boss 10 ge yar yar hogoke ista padtira, ivaginda ne batte bichi kuniyoke start maadi. Ella taayandiru tamma hen maklu na prepare maadi ee mahataayi tara",Gender
388,Bogolo nayigalu. Rcbð,Political
5676,Enta nayegalinda le namma desha halagta erodu...kottero koduge terrorism matra.,Religion
1938,Avlu official antha helkond suttadthale nav rich antha bt avru Amma nija helok bidthila  Thu evlu attitude ge,Gender
5806,karnataka kanniralli kai tolobeku.. Ivaru neer kudkond irli,Political
1512,Nin nkn nin dhatte noodle sule?? Bhaket tv anthru chanage madthare Alva sule maklu,Gender
808,Chief talk meghana,Gender
6010,7 mindri evlu,Gender
3603,Soole makle rss aur amman keyybek,Gender
6713,Achor kuda battebecche achor agadale anusuthe,Religion
4850,Dictara eidaru kole madataru andara jiva valasavra hinga matadataru first remove the ministara,Geo-political
1861,Aa bevarsi mundenu Pakistan ge vodisi. Gandane bittayutu. Shehitananna engagement  tanaka bandame cancel maadisi avanaavno paakistaani avandu chennagide anta allige hogiddalu. Ganda bittamele matte ee bevaarsi India  bandiddale. Ee RCB avarige bere Kannadadati yaaru sikkillave?,Geo-political
4405,nenna Amma bettu enu pakka sulle bvc  nennge nen rate estu anta social mediadail hakku Randy bvc,Gender
6683,Gambit is kirik nanna maga . he only started acting like monkey. He is not fit for player and political leader how many he will next election is coming. People teach lesson for this monkey.,Political
1177,love mado hudgunge ond bele kodolla thuuu nin mukake thuuuu inta hudgirindane love ge bele illa thuuuuu,Gender
4422,Correctagi helidri yakendre kidnap iga shuru madiddala kangress avaru keraladalli pratiyonda sarkaradalli ivar kaivada vide yakendre videshiyara dollers gagi enu madalu hesadavaru namma deshvasi galu namma virodi galadru hindu galu idu pakka da hudugi yalve anta  summanaguttare ondu vote nivu hakide namma balannu halu madalu nave bali,Religion
643,Devare avalig buddi kalasbeku .....paap harish we really miss you avaru sayabard ettu aval attitude mund dodd star agi belibekittu avag avale oodi bandu kaal hiditidlu devaru miss madida,Violence
5239,Bvc randege elli heng matadbeku anta gottgalla... Swanta amman maryadene tegyolu ivlu bereyavra maryade tegyodralli en doddadalla hadbege...,Gender
6392,Neem hath makalu erodake desa hall agta ede,Gender
149,Lo bjp iddaga male barutte nim Congress bandre bargala,Political
4266,Sullu 420 BJP government,Political
5107,Tuu lofar,Gender
5791,"Evligu,evl ammangu ibrigu mett tagond hodibeku... gowda jaathige avamana",Violence
5184,Thu ival madiddana yaru kshamisalla,Gender
5104,Hy hogalle lofar sex blujp nai hogi yelladru chaddi bichhi thosoke idiya antho do naai thu bevarsið¡,Gender
6348,Bommai waste cm ðððanta eega gottaytu,Political
1346,nima ajji kachada ??? dress na news chanel alea engea hakidiya en maneali hakotiya,Others
299,Thu thu thu enro evella?????,Gender
6186,Sule ge sari bairi anna,Gender
1753,Nin naamma avalanna nodthiyo athva avaladu nodthiyo ??lawda ley gandu nan magane????? sonu law** Dag**sonu nin thayina keya nin mathige shata time kodthare lawda dalli nin namman yav natine ninu sule ha nim ammana degiddu yaru antha keldda ????????????????????????,Gender
2516,"Kohli is king legend.  Gambhir sulemaga ,bevarsi ,naayi , avana kunÃÃÃÃdege rod thallabeku ð¡ð¡ð¡ð¡ð¤¬ð¤¬ð¤¬ð¤¬ð¤¬",Gender
4741,Ban maadi 5yrs ajji  admele nodona,Religion
3088,ugraranna ide reeti sayisbeku..bosdk maklu..ivarinda eshto kutumba beedi palaytu,Gender
4532,Dagar mane nodro,Gender
5558,BJP 5 years te ban 5 years lock down vote akidre nest amaa tahii beggar Tara bikshe bedbek iddu Satyaðððððð,Political
7579,chappli thakondu hodiru lofer nanmaklla terrorisge pappi Pakistan ge,Geo-political
4326,Ayya Tatha 1kg mutton beliyoke 6 kgs vegitarian food beku like hullu kalugalu etc beku hogi Turkra jote bigatana madappa yaru beda andru ninage,Geo-political
5882,Nin bitkand tirgudru yaru nodalla bidamma,Gender
2512,A sulemakkalannu deshadinda odisi . <br>First seculargalannu odisi?????? f*** secularism.,Religion
1020,420 fake BJP bariya sullu,Political
482,Ella ninage gothu..ninu adike istu Dina dila..<br>Burde bidtha Idiya .namm neer kudidu olle buddhi kali,Gender
3986,jasti viedo on <br>Kachada pakisthan,Geo-political
4247,thuuuuuuuuu.......meghana,Gender
7861,Hlo ninu e riti na,Gender
6963,Ninuna jilige hakidre desha rajyake nemdi     nammagala  dudhu  tinde hige adutira obhanige hutiro nanna makala nivu rajakarnigalu,Religion
4967,pandit na kondavanannu congress protect madiddu,Political
2004,Rakesh dodda dov madta avne,Gender
4063,ella mangalorians kuda drugs ge ettida kai.. gotta,Gender
1802,Hindhu angdili thagondidre ninge yen agrhittho gubal,Gender
747,Ashwath Narayan is 420 loafer Lucha nalayak and matnda and broker and Sula maganya and big six Hero,Gender
1416,E Bevarsi munde saibeku aa devr idre,Gender
1152,Ninanta hudgi yargu beda ma. Innel hudkok hogona,Violence
694,Turkanige.huttidya,Gender
3081,Idu torsi torsi janagala mansu halu madodu bitre innenu illa... I no this is the movie idakke Inna uppu khara mix madi cinema madtare,Others
6515,Ashwatha nin akkan Chapple tagond hodiri,Gender
4525,Tv 9 sales to congress party nimma mane mandi,Political
7276,Sabaadyaksha ninu hasiru chair melae kunthirodu so hagadrae ninu Muslim vapkondidiya....lowdae banna yarappana manae swatthu halla ð¤¦ââï¸ð¤¦ââï¸ð¤¦ââï¸,Religion
1674,"siddu e movie na noduduru badalagala, paapa muslimaru alpa sankyataru, kashmiri panditaru mane bittu hoglila adakke muslimaru kole madidru, mane bittu hogidre kole madta irlila antane aste.",Religion
717,E time mali f d up barodee tappu avara melle bejaru aguttee,Geo-political
2045,Le bosdikke moton thind malagle,Gender
1953,bro kalalli ekada tagondu hodi avalige sule magalu,Gender
796,tirukanannu love maadu aadare turaknannu doora idu,Religion
4673,Lo muduka court order dikkarisidaga yello hogide .,Gender
4862,Thuuuuuu ee taliban sede nann maklu enta mande bisi madtave,Geo-political
3999,Uguri makkake bjp nanamakluge,Political
6333,First a sule magnige hodibeke tayna keyya carectagi matadoke Kali le ninnamman nimmantavre jati jati anta saytirallo thu,Gender
2667,Adyavalo pakkadalli doddoooo dagar munde yavdo hudgi nin tara video madidale anta andre adu avl hanebaraha anta sanna dhwani madi heltale mooru bittolu.. Thu ninna.....,Others
1698,Ayyo murka fan gale <br>Obba vyakti movies hero adre or dana darma madidre hero agola<br>Obba vyakti ellaranu respect madbeku then  only he is real hero<br>DON&#39;T BLINDLY BECOME ANYONE FAN ONLY BY MOVIES HEROESIM.... <br>real hero always <br>The DR. RAJKUMAR SIR????????,Others
7839,Muslimdu Kale alla glamour mistake adu kole.ivarige samanvayathe irodarinda pension cut maadi.aaga samanvaya da jothe retairment enjoy maadali.,Religion
1741, ninnatahavaru bhunige bhara hennago badlu gandadru agbarda,Gender
3419,Sonu big boss ge kallanka,Gender
3023,Yakri intha avrna yala highlight madthira,Gender
6340,Eestadru idkondidirala nimge odibeku metnali,Violence
4181,Neenu 1 kg mamsavannu thegedukondu hogi onchur visha haakond sathoguð¤¦,Gender
6955,BTV ban madbek??,Others
6861,Sonu video ge jatka yaaryaar vadkondidira????,Others
7574,Dayavittu elru aajan mattu madarasa eradu ban aagbeku,Religion
2684,Sede thulee king du thap idu...nav king kade ne ð¤ð»ð¥,Gender
1888,Bucket channal ivaru en kittgtare,Others
6789,Sathagooo ajjapa begaa west body ni iddashtu galabhe jasti agatte,Gender
4107,Nin brezu gu nin mooti nodoke esta ella. Dabba vlog,Gender
4709,Nayigi huttarenu evalu bevarsi avani bosadike,Gender
2791,Taie munde kalu hege hoki kutkondal nodi,Gender
6388,Nin yaru anta first nodko guru,Others
5442,Thu ivl janmuk benkihaka obru jivane thegdibitlu antha hudgan missmadkondlu,Gender
5140,Yenne hodidadne kane  rash agi odasde irtana,Violence
3283,Le ene nenu ..nenge attitude jasti kane papa holli huduga avru,Gender
1735,Le support madakke agalla andre tika muchkondu iru...,Gender
2218,Leee dam dam dagar,Gender
6567,Sulemaga 420,Gender
1112,This is not good btv. Publicly insulting girl or boy by releasing this tapes. Wt is happening on television nowadays news channels ella porn channels agta ive,Others
4531,idnyako matheeyathe anthiya bo- magne.. idu avra rights kano. nin thaleyinda matheeyathe horgade haku modlu.,Gender
5542,Sonu istadru nin badkidyalla??????,Gender
1036,Iddiddu  helidare  avarige  konxxss  commuxxxts  ge  uri,Geo-political
5449,Baratha history yalli. Blujp  yestu Nara meda nadeside yellawu. Fake story ya moolaka janara nnu sullu heli udrekisuva moolaka election ge tayari nadesida reeti ide   melobbaniddane yella stroy ya nija  ariyuvavanu alliya varege bogali yenu bekaadru. SATHYA MEWA JAYATE,Political
3914,BJP   tholagabeku,Political
97,Hogu sabrud ungy,Gender
7979,420 ashwath naryna usaru rajakumara nadalli neeninnu bacha40,Violence
26,Nin akkan hoge suuuuu,Gender
6901,tu nin ond thayina... lappa..,Gender
5493,Sonu oblanne target madirodu baiskoloke very bad ...she is still not yet to understand,Gender
3179, nim moun tulla randi magan,Gender
79,Malleshge dikara  ayo bai muchu,Gender
382,Thu yaavo ivella????,Gender
7152,muduka(manemuruka) neenu namma naadinalli huttidde dodda durantha,Religion
4239,Super bro da enadru madkond halag hogu,Gender
6684,Awanobbaa loafer doctor nijawaaglu howda....muka odidre thika thara iddaaane loafer shenda naalayak minister,Gender
7622,Neharu ge chapli tagondu hodibeku ansutte aste..,Violence
2586,Dagaar Randi ivlu,Gender
4128,Muduka.  Elu.   Namma.  Nyayalayada.   Teerpannu.  Palane.   Maadu.  Anta.  Elu.   Guobe,Geo-political
3273,Bhari Paper Budget Aste Nim Kaili Yenu Madlik Agalla........,Political
2382,Evaru hige jagludade madtar,Religion
673,Jai dev thu. ninge enu hakk ide thu nayi,Gender
6673,Nija annaya e congress avaru yasto sathaya na muchi hakidara annaya ????,Political
1342,Avrde unappa mudaknayi nan magne,Gender
6841,Cha marid yav aadharagalilla keva drama sury yembh sulemaga keval komuvad kall Yilikke helodu supari kole madisode Evan kelasa sullin saradaararu,Gender
4445,@Muhammed Junaid Faizal turuk sulemagne nim amma akka nannu nanu denga??,Gender
2824,"Kithod tv btv,mooru bittoru btv yavru,kithod suddhi btv sada munde anything is left",Others
2952,"Sule maklu kashmir terrorist, india also irresponsible with it.",Geo-political
3960,"Nebba Mruga. Swalpa vyavasayakke water requirement study maadu. Saabara angadige hoogi 10KG gomamsa Thinnu, Hindugala Angadige hogi 10 KG Handi mamsa thinnu",Religion
1572,Bolimagane naachike aagbeku ninage....  Nimmanthavaru deshadrohigalu..,Others
6666,Chee Tuu nen antorendaa  pirtegee avamana  am jyothi Sp nijnijvagallu oli hodga nin kallkobete,Gender
7691,Huchmunde matte start ayta hindu muslim anta,Religion
4211,Urige doddavru????,Gender
1853,Mudakanige age agide mentality..retired agidane e e matadtidane..Yaru kivi kodbedi..,Political
1357,Aa Kitthodh mundege Chappali thagondu hakodu bittu yaaru madde iro thappu avlenu madilla antha helthyalla Avl Para ne mathadthyalla Thayi neenu????,Violence
6738,Arun pakka cheddi RSS gunda..,Gender
923,En Jana no illi comment madiroru..... Bari Ivana side na Keli...avala bagge decide madthidare..... Who knows ivanu en thappu madidano....ivne sari ilde irbodu,Political
1792,Etthi bisakri guru,Violence
419,"Yella chappar celebritigalu..................... yenda kud du oorgella naa obbne daasa antha odaadudre, fans avre antha, ondu dina fans ye kera tagondu hod du hogtaare................ yella bevarsi galu Dr Raj anna, Ambi and Vishnu daada hesrelkandu metru tagataare, paapa avra makkle astond taglakilla...................... nam jana nu goobe bevarsi galu, bandu stage mele chapli haakilla, ee nela neevu devru antha dau maadi film prachaara maadi kaas maad taare, adu dabba film na gan hit maadtaare......................... tax ulisoke swalpa dhana dharma antha maadi janakke goobe kooristaare.......................... yella kaasina mahime................................ evara balu dagar baalu...................................",Violence
2446,Naveen ul hq avrna keythivi saryagi avn amun king VK kanale,Gender
2208,Ee dagar re saniya mirja anta gottagedde ee controversy enda??,Gender
7690,Eee anchor and avala dress my god so ugly,Others
6372,Actually Actually Gandchali  nettag kannad amatadak baralla en ee madrasi galdu,Violence
6706,@viky thika mucho looo naaayi??,Gender
5661,Batroom yelrigintha..ninge  changi gouthu...i phone 12ð£ð£ð£ð£ð£ð£,Violence
7162,Thu lowda   nows edu,Gender
1354,Thika muckondu hogu ninn tika dalli bomb enadru itkondidiya henge elli blast madtiya nodu plan madu,Violence
7754,Virat Andre agreessionð,Others
6720,Tale ketta huccha . Muslims tika nekko giraki ivnu. Yaro saiba free aagi maamsa kottirbeku.,Religion
3905,Eee thgaaalapaaaaa Evat evl ammmaaathaaaaaaae ge unity nenpaaagide Evyalaaa Nasguli nimdu Rajinithi anthaaa yalrigu gothu sumne unity antha dove bidbeda thaaaeeee eli Ond hennina thale Mel ero batte Mel estond dveshaaa ero chadddi gal nivu Nim holss bai yali Unity anthe ð¤®ð¤®ð¤®ð¤®ð©ð©ð©ð©ð© nimgalig Helð© thindru 4kasin bhudddi baralaaaa,Religion
7632,Muslim soolemunde diru court aadesha aagidru nu yake burqa aakodu soolemunde galuð¤§,Religion
5841,Annadaatar bagge yen madiddiyyappa? Tushtikaran rajakarani neevu,Political
4317,"Thu,aullu madta iro dou nodidre,Alle hogi odi beku anstide...??????",Gender
3342,Bro sariyag mokk oddang heludree...crct idukella karanavadavnu inna badkidane andre..inna entha govt namdu,Political
4935,Sir neevu heliddu correct<br>Film bidi sir.  Maneyalli tande taayi gale sari illa.,Political
3015,Vikruta manassina Terrorists madiro karanakke: ella Muslims galanna target madtidare: navu elle huttidivi elle saytivi we are indians,Religion
2878,"Naayitara road mele khanda tagondu tirugabeda yallarannu torisutta yekendre drusti aagi hotte vubbi sattgittu hogi, manege hogu sumne , naavu bedaru naayakaru ninna Hage road mele torista hogalla ,ghass ð irive kacchidangayitu ninage alva ,hogo mudiya bjp bagge heltiya bedara kula nammadu bjp ge avaj madidre haddina Hage harkondu tindaktivi ninage ,janata nirdhara janakke gottide adakke bjp bandide ,naale Congress barabahudu adre sum sumne saayabeda yarigadru baidu ,pukkatte sikkiro mansa  sumne tagondu hogu ,sikari madi ,beteyadi tagondu bandre ninage tiliyodu ,sumne tagondu hogu manege bye",Political
7136,Howdu yajamana ninge bjp adikaradali idre ninna misalati tagitare adake Inge matadtiya Ninge Deva bekilla nin jati nin misalati important,Political
6806,E salla bigg Boss sade show aagide,Gender
602,Godi media modi gedia,Political
7609,lo thatha nin yak idhu undu bidko sumne olle shata adidange adtane,Gender
455,"Anna 2 peg jaastine haakidare,,,,barli innu barli,,saabru thika hodadmele gothagutte",Violence
3238,Desha dhrohi,Political
7253,Brooaa kansthu nindu,Gender
2584,Congress tunney unnro raithr,Political
1158,yar helidru idanna nodi anta..shadyantra guru idu,Religion
4337,ivlu Pakistan shoib  athra denguskondavle?? adike e tara,Geo-political
1274,RSS nachike  agabeku,Political
7817,BROTHER NIMMA TARAHA DESHA BHAKTARU MUKKYA TERRORS PARTY GAY VOTE MADUTHARAY YAWAGA BUDDI BARUTHADAY BAYVERCYGALIGAY,Political
4002,Ninnatha muduka namma deshake maraka....,Geo-political
954,Pratham Neenu yava nan maga??,Gender
1144,@Mangalore rasteyalli namaz mado rasta chaap,Political
3754,Adesht sull creat madta ediro thu nim janmakke ??????,Gender
5597,Dagar na interview madoavasyakatye ittha thu,Others
4919,Maana Maryade Bittovru Oorige Doddovru Anthaa Sumne Gaadhe Maathu Helilla Best Example Aste Idhu,Religion
5834,Naigolu thunemmajanmk,Gender
7638,BJP na beru sametha kithhu haki,Political
6322,History yargunuve sariyagi gottilla erode honndu bardirode hinnondu..edu  matter ..enna nahu evgiro generation adunna hoddella  nija anta  ero gubegalu ...edu public opinion ...,Religion
6736,B tv Andre<br>Bevarsi tv anodu prove aytu,Others
6964,"Btv news avre nimmalli ondhu nanna vinanthi <br>Namma rajyadhalli halavaaru samasyegalive aa samasyeyannu janarige thorisi adhakke sambandhapatta adhikaarigalindha sookthavaadha parihaara siguvanthe Maadi,<br>Halavaaru prathibhegalive avarige vedhike kottu janarige parichayisi <br> News channel andhre ondhu jawabdhaariyutha channel aagiruthade <br>Trp goskara Inthaha tiktok naachike illadhavarannu film actor galani vedhikeyalli koorisi nimma gauravavannu kaledhukolladhiri",Others
7154,Mannige Anna tintara???? Yan Amma tayee first kannada mathadhu kalthko,Gender
6884,Dodda star   abimanigal jasti antha bele jasti antala nam kannadodoru  olle  nata mate olle manusya antha tappidre  yavane agli avrge kasme agli,Gender
5613,RCB is red that is blood?<br>CSK is yellow that is kakka??,Others
7895,Nin kanthri thirboki kachada  channel  ge rohith sharma kandre yak uri adunna helu first,Gender
6178,Neebba dodda manga.Mukli hodadaga ninage gottagutte.Manga.,Gender
6405,Congress and comunist ge vote aakidre ede gati mundeyu erbaudu Kerala Hindu pablicity..bjp Kerala llu barbeku  Hindu ecchettukolli??????????,Political
623,Avanu yentha supreme court judge guru.... muchkondu Karnataka bandh madi one week.... bagillu muchhhi sariyagi,Gender
8019,Thu lowda Darshan  avnu  namma  srirangapatna  mate  namma mandya bagge kettdage  maathaddagle  thilkonde  ivnu  kithoddh nan maga  anta  thinda thattege  uchhe uyyo  third class  nan  maga,Religion
6583,"sari but illi debate madkondu desha odi bekenappa? Kashmiri paditarige nyaya kodisi bari movie nodod alla ,aa kolegaduka innu aaramagi badukiddane hodedu saysi",Violence
6784,Bhikshene alla bro tunne nu untare ??????,Gender
6461,Thuu Idu oned chennal ah,Gender
4091,gandstana ille iru gandasu,Geo-political
1560,Ninu bathroom full video nodidini biduuuu malli,Others
3324,Navina sulemaga gotila ansute king vise next macha nodatini,Gender
2792,Yake beku hijab soolemundeð¤§ð¤§,Gender
560,Krutyada kartanannu kattarisi,Geo-political
6537,Chennagi chodi,Gender
5211,Chiii asthu chiip tuu megha tuu swalpa nu karunne elva ninge chiii duddu ella anta na tuu ninna,Gender
436,Anna nang innondh yen bejar agiddu andhre theatre alli <br>MOVIE ARTHA MADKOLORGINTA<br>MOVIE LI YEN NADIYUTTO ADUN MADORE BANDIDRU annA tumba bejar aythu <br><br>Theaters alli eetara irbardu first adella clear madbeku theatre ge hogoku ista AGALLA ??<br><br><br>Movie bagge helbeku andhre one time nodi artha madkoli but yelladru trap mador kandre mettalle odiri,Others
5551,Easy defeat for Anti Hindu Sidaramulla .mulla agakke layakkididya,Religion
5634,politics film idu bjp du thooo nimm janmakke,Political
3203,e yappa satru yocnhe madadiravalu ivalu tu nimmantavarinda love ge belene illa Nam henmaklige belene illa,Gender
5254,Evlna Pakistan ge kalsi,Geo-political
4350,Btv chanal ge bele ne ella thu????,Gender
7913,Child changlu .....  Madyamagalu tamma kartavya mariyuttive,Gender
4784,BTV dagaru avloo dagar,Others
4879,Lo mudhka elaru vardhali ondhsali ka n veg tindhu mikid dina ela sasyane tidhu chickn mutton ge en haki adge madtheeya sasyane ka gubal ajja  hindhusthani sangeetha kotranthe avru makdhine ajja cast convert madtirodhu yaru tiklu mundedhe court judge ge kole madtheevi andidu yaru kapru mundedhe ishtela mathadidru bit kalsidarala idhu hindhu galu tilko monne uttar pradesh li bjp support madidha antha muslimne kondrala muslims news dlilva belge edre ninge kaka barala mutton thinthane anthe,Religion
4703,Nibba dodda leader bachha neenu,Gender
2221,pratiyobba bharatiyanu nodi tilkobekada reality... nammaavara melada krourya nenesikondare kanniru baratte .. idannella iduvaregu bachittavarige nanna dhikkara...,Political
3163,Hogo radimagan,Gender
5159,Siddu mele sakastu sedu theerisikobeku DKS.,Political
2419,Bandiralilla Kare sambanda irodarindra helidra tappenide apa adyaksha ninaga ivaga helarada yavaga helabeku ninu BJP yavarige paravagiddiya ant artha,Political
2498,Danada mamsa kondkandidanante muduka,Political
4287,Alla eee sole mindriguttid sole inda enukko kannada elustora avravvun tullukeyyaa,Gender
3769,Mother Fuck anta heltale????,Gender
6250,E news avrna chapli thogondu hodibeku thuuu nim janmakke inta kachdagalna tandu interview madtare????????,Violence
6283,Pulwama attack adage yali hogidy pa ajja estu dina ninu yan Muslim ha hindu na ha dodda dagi matu adutiya ninu yan pata madodu nina atra erodida nama desh sari hogala,Violence
229,uncle tika keytare congress navru??????,Political
7022,Avnu mudiya innu 2 varsha avna but ttu bere Heng hudgru nodko nin maklu mele Kan akbitiya thuuuuuuuuu lopar munde ondu,Gender
4583,Le sidramullakhan bolimagane yava seeme nayaka ninu uri iddirabeku,Gender
6207,Yaavde shaatad mele shadane ewldu ella kamangigalu anchor aagtavre,Others
5207,Neevan comments off madavne ðððnakkan Lucknow team full comment off ð¢,Gender
710,Ivlge talebuda ilwa matadakke????????,Gender
936,Last time mandya MP election nalli ee celebraties bandu doddadagi buildup dialogs hodudralla ee covid pandemic nalli farmers problems ge problems aytalla yaradru ee celebraties bandra....ee show offs ella bari film nalli aste....,Political
3836,"Idralli yaarnanna nambabeku, bidbeku guru??",Violence
1583,this is to much meghana ninu hudgina papa harish my favorite actor really miss u harish,Gender
6067,murnu bittavru oorig doddavaru,Gender
4983,"Jana mechsake ee karya navella en dadra.<br>Oorella kolle hoded mele oor bagla hakondranthe,  thouuuuu nim janmuke mommaklago vayassu.",Violence
6362,Kitogiro munde,Gender
284,Chi hanthavrna Miss madkolleke hege Mansu Bantu Stupid,Others
1994,@Sharoon Murthy nan yavaga nim hero na kappe ande bolimagne? ðð,Gender
2464,Magalanna suletanakke bittalu,Gender
915,Btv news avrige buddi illa first of all,Others
425,Nimge kuda dikkara ee mullagalella seri desha haalu madtare,Religion
7372,Pant channagilla bichooo rameshaðððð,Gender
3105,6 ne maduve thathange....agiii thumba lucky,Gender
6822,Bolimagane bomahia,Gender
5126,Helatinnu deshadrohi nivella hottge anna tinbardu,Religion
831,Sonu gowda dagar neen rate estu.,Gender
4099,Ondu cinema bagge ishtu discussion bekenro bolimakla? Yakro benki haccho kelsa madthira nayigala,Violence
6338,Evalanta obbaruhudgi edre  ella hudgi edru kett hesaru,Gender
1845,A tukale news first adhu anamadeya callalla suvarna tv nodu adhu nejavada voic indrajith and sandesh du,Others
5724,Hogi hogi e soole na karkond bandu interview kodtira andre nimdenta sooleg huttidh channel irbodu????,Gender
1432,Thu third class munde duddu goskara yen bekadru madthalle,Gender
7258,Nan thunne,Gender
1767,Kachada bjp guru evarindaagi nijavada hindugaligu kettahesru tharthaedare e deshadrohi. Bjp420 galu first e naayeegalna pakisthange hodisbeku,Political
2972,"Makla avru hijab hakidre class room ge baro hagila, avrigoskara nim classes na haalmadkobedi, avru dharmakoskara class room ninda horge ninthkolli nivu nim paadige olage classes thakoli",Religion
1142,Nijavagalu nachike mana mariyade anode ella kane ninge thu nin janumake??????,Gender
5042,???????????????? haa sonu avru amma enadru kasta antha bayi bitbittaru antha yange manage madtiye thu ninna bari over ??????????,Gender
6886,Hijab hakdre nimge yen tondre bolimakla nio pata madi ð¡ð¡ð¡ð¡,Gender
7413,Hindusthan sangitha bharthada sangitha Muslim&#39;s sangithalla e murkhanige islamalli music andre haram antha gotthilla mamsa tindu tindu boltagibittavane avara kale avar deshadalli modalu iralilla bharthadalli hege ayithu matthe islam deshada kattadagalu a rithi nirmana vayitu modalu indiada telentgale nirmisiddu avara techlogy alla,Religion
2801,Ee mindrimagane hogi maamsa thinnu hogi,Gender
3764,Gandu government,Political
1874,"Tata, idu yavttu hindu rastrane, nivu muslim ge hosa rastra madi kodtivi don&#39;t worry",Religion
3275,Why santro Ravi is t handed to court and investigation ella bayalag beku,Political
7449,Loffar BTV News eddu .E loffar sonu inda yast jana Hudugirru algthidaree Gotha .<br>And avluna Estodu interview maduva avashya katy etha?,Others
7293,Ist saacha gal idmele athara videos nodi famous yakrappa madthira.. avl kitthogidale maadidlu neevgal saacha idre amikond irbeku. Vc leak aythu antha ella Bai bitkond nodidke thane famous aagiddu avlu..<br>Comment section alli istond Jana saacha gal idaralla guru wow,Others
5050,Adyakshare bangalore north hesaraghatta yalahanka yashavanthapura hobli galalli boogallaru bogus documents srushti madidare 1956 to 1969 resurvay notification governament gezette agide boogallaru bogus documents srushti madi sale madtidare nyaya governament kelthidini,Political
3070,Nim Amman pinda,Gender
502,Tuooo mosagati,Gender
6342,Nin tara maglu edre think madle beku bidu,Gender
2541,Edontara kantri nayi edannatandu kurukodavrge buddiyilla,Geo-political
4108,Ups node ilva navu gandu sulen tandu,Gender
788,AIFF à²¨ à²¹à³à²¸ body rachane madoke en roga ivrige,Gender
6255,Hakri suley maganna nenu kambakkey,Gender
3016,"Elli tumba jana comment madi jagala adtidare pakkad maneli sobana adre nim tunne&#39;ge an labha anta gotaglila, avr kaikond aramagirtare niv yak jagala adtira",Religion
5063,bro kennkerodu kanjii penjii them all royal challengers Bangalore them na adrallu king kholi na in bedthara  in melle lsg yavde karnnaku bedogee illa ??,Others
7294,drugas ella mangalore bandaru inda supply agatte adanne bere rajyakku kalastare,Gender
2295,Mele yaruvaga adara doora oupenadida mahabavo bjp MP 124 janrana saeisza eida henta hocha sulatana helidu bjp vimorcha adyaksha baratada durdyava  eivru jalinanli eirabekagitu modhi sir samrajyadali Anya madavatu jalinida horage rirataru,Political
6339,Yoollaaaa nin akkan thikaa nek keyaa,Gender
253,Neenenu 4 Dina negedu beeltiya  what about your children and grandchildren in future Useless fellow,Political
3767,eegin kaladallu kannadakkagi horata madbeka? Iddella ee tamilians inda na?,Violence
6173,Darshan obba 3rd class huchca... Beedi Gunda ivnanna hero madiro thikkalu janagalige yen elbeko gotthila. Ivnanna hididu jail g hakbeku.. Ivnanna modi uldoru hendthig hodidrr saku...,Political
3057,Sule munde,Gender
2128,Enthavaru yala interview madthirla b tv thagondu odebekuu helbekalaaa ??????????  odebekuu adurstaaa añthaa halka lovdii,Others
2605,420 bjp420 Modi gulamaru ellaru,Political
1824,A loose Meghan mukha musadi nodko,Gender
3847,Chapplile ??odudru buddi baralva loffergalge??????,Others
7405,Speekar sari illa west,Gender
930,Burude Ramaiah....  Hdk... Dkshi... Ellaru sathya harishchandra ankondiddare...  Sidda.. Nineshtu burude bhagya kotte ..matthe yake<br>Sothe...  Obbaradmele obbaru sagani aata nillisi...,Religion
36,Eaaa Gandhi kutumba nam deshakke enu madilla bareee kedu madide,Geo-political
1617,Nan maga ena child kohli mele barthane kodbeku sariyage,Gender
6721,Nkn hudgir bale istuuuuu??,Gender
2529,Lkb Nan makla nimma novvu only Brahmins ge maatra DALIT galige illa,Others
7452,Yanta sabhadyaksharappa ivru bjp yalli geddirbahudu bjp ya agent Tara aduaksharagi matadbedi samsse heloke bidtilvllayya ninjanmakistu benki haka,Violence
3120,ninne galiju inna mane,Gender
7221,Swalpa alla almost  kohlide tappule tindi magnað¡ð¡,Gender
1645,Thayi ge gowrava kodtila e bosudi sonu <br>Hetha ammanige bele kodtilla muka tirgustale Braman mistake hennagi hutbitdiya adke nam troll brothers nenna sumane bittidare trolleys yellaru kettavaralla nav curectagidare avaru yak matadtare nenu expose madode life andkobitdya batte bichine famous agbekanta ella,Gender
2638,Sandesh chakkana thara mathadthidane,Gender
3152,"Nimge bere suddine siglilva, thuuu btv , ivaranella interview madtidiralla thu....yavadadru olle kelsa madi, samaja uddara mado kelsa madi.",Others
288,Nija heliddeeri sir bjpya abhivriddi yenu illa bjp tolagisi,Political
6692,"Avanavouna Tull naveen hul haq, next match sigli randi maga... King Kohli ge mariyade kodade hogyan... Aiti aa randi magag.. world cup start agli... India Vs Afghanistan barli.. avag erodu asli match",Geo-political
7940,Rasaleele HDK,Gender
3531,Nee thikamuchkondirooo. Ast buddi idre neenu ondh movie maadu,Others
7640,Avalige bere yella kelsutte adare avalu madiro tappu helidre avalige kivi kelsalla.,Geo-political
7142,nivu sayri ellarnu saysi avaga bhari,Violence
7269,Manushanige ganchali irbeku thika ganchali irbardu,Gender
7650,Nin yke bichkondu torstiya,Gender
3045,COVID barodakke ivare karana ,Geo-political
6509,Entha avurunu yaru interview madala,Others
4584,Nange muslims mele yavde tarahada asuye kopa ella ..<br>But hindugalu mahabharatana sariyagi tilkondilla anisutte <br>Shri krishna mamsaharada bagge henu helidane anta tilkoli....shame on hindus who r all supporting comment to this boli maga,Religion
4591,Ninja hendati hesarille yella asti eddodakke ninu avarige ninu tarchar kottiddu chapala chennigaraya,Gender
2548,Yak beku edella e tv avru sari ella troll madli antha e thara interview madthare evaru...sonu ning buddi barralla ma ege adthiyalla...,Others
7328,2varsha hottig erodakke madve bekitha <br>Hudga hudgi madve adrene 5/6varshake divorce nihu 2varsha ????????,Gender
5294,stupid girl nen antha hudugi thu nen ajji lougher,Gender
2135,Aa hudugananna gallige yerisbeku bsdk nimma akka tangi yaru ilva avra video bidu ?? blackmail madtiya nayi nanna magne nimmantavarindale ee desha kedta irodu,Gender
306,Le lofar naveen,Gender
3284,I&#39;m Hindu but nivu modalu jativyavaste Sari madi Hindu Ella ondu anta ekandare nannobba dalita jai bheem jai Buddha Jai Bharat Jai modiji,Religion
6578,Nenu muchu bolimagane,Gender
4687,Ajja 1kg matton free kottavre tindu hogi maligiko amele naatka maadive dodda pandita neenu,Religion
6104,"Nayina togondu bandu,simhasana mele kudsidre hige agodu....annayya..............",Gender
1654,E mudakanige ondu kg matan kodi sumne hogatane bolimaga pakka ganji ghiraki entavarindale namma hindutv halagirodu,Religion
5794,navu avara movie nodtivi anda matrakke neeru current ella kodtivi anta alla .. Bitti biddavre,Religion
2403,yav avano dharshan,Gender
4713,"As if avarige matra devru irodu... Naavenu pardesi gala.... Kukarma, kukritya maadi devrannu bedo jaati.. ",Political
1944,Devara nadu muslim bayothpadakra nelebeedu. Evarnnella encounter madi besakaveku nayi narigalige.,Religion
6304,Bari sullu idu yaru nambike idbeki  plz,Gender
2376,Sonu ninn video lik agigede node dagar,Others
2935,Nimmalli swalpanadru sabhyate ideya?,Gender
5096,aa daridra muslims na hodedu odsi modalu,Violence
7722,Thu btv sule makla nima avna keya avra evla thulu nekake karsthira,Gender
7930,Kategewaisadnge esule .magazine budi ela,Gender
5368,madidre appu sir tara irri idu bittu huch sule maklu tara madtiya boli magne,Gender
2251,"<a href=""https://www.youtube.com/watch?v=nG38S_L5jNU&amp;t=3m13s"">3:13</a> thuu dagar munde yenne adu sound ??????????",Others
5215,"Dharshan olledh maddhaga chappale hoditira like madtira sanna Putta tappagutte, Elli sule maklu indrajit and sandesh ata hadtavre",Gender
797,Muchhakundu hogayyha saku...,Violence
3753,NINNA TODE   EDE BHAGHA TORISBEDA....IDAKKINTHA NINNA PARENTS SATHODRENE OLLEDU....,Gender
3211,Ucchu sulemaga pratham,Gender
4142,"Kangress mattomme adhikarakke barlebeku...e haalad BJP sarkaradalli yuvakrige jobs sigtilla,mudukrige pension sigtilla,mahileyarige rakshane illa, inflation,bad governance 40%dealings, taandva adtide...",Political
29,Ala evaru kannada mathadala antha helid thakshna yake aka paka jana nagodu yake astondu Ahankara e janakke thu nim janamakke nama kannadigaru nijavaglu dhoda manasina janaru yakandre yavathu bere language ge yandu avamana madidavrala antha olle hrudaya hondiroru hats off nam kannada janakke am really proud of Kannadiga??,Violence
1987,Baare Pakistani Nina nane hadtini huch sule munde,Geo-political
1714,"Bobmmayee ge gaddsu Illa ,",Political
7619,Kage Nan maga ee mullagalige ee stana kodbardu,Gender
371,"Ivanu yaaro congress chamacha irabeku, murkha",Political
1017,Sule inu eshtu janaranna kondidalo,Gender
1640,Adke na open Madi torsidda chhi hennu kulakke avamana hello chi adu nodridre pakka ninna madve agodu alla nodoku ista agolla chii estondu kettu experience chii nodoke agolla,Gender
6988,Leyyy 420 ashoka build up kodbeda raithara kashta sala therso ondina show nadiyalla bevarsi,Others
7335,Budget madodakey ellada b*** paksha...,Political
7765,Enandre avle bitko kuthidale avr amma ge helthale saree sari madkondu kuthkoli antha.bidu thayi nim maglu enu thappe madilla.thumba olleyavlu thumba saacha nin maglu.avl janmakke istu thayi enu made illa anthidale .intha maglu para vahiskondu barthiyalla thayi AVL janmakke istu thuuu.hennu hennagli idre thumba olledhu dagar agbardhu,Gender
2013,Vikash bro super. Evl yava celebrate thuu sonu na interview madtiro avlu kuda sonu akka erbeku nanu ninu onde antha evl madkond bandu interview madtidale thuuu nim publicity ge benki aka??,Violence
4756,Bolimaklu nimge dum idre jatka cut tindu torisi..,Religion
7734,Hello bro apata sullu cinema 32000 Savira yennu makkalu iccge serida saqsi nima Bali edeya,Gender
5983,Enadhu caption kadak utharaa????<br>Avlu muuru bittavlu adhikke nonsense agi mathadthale,Gender
3807,Yaak banthu akrosha antha kelthiya neenu journalism madthidya thooo,Gender
785,@Seenu N le appi hogi maneli amma yendru madirthare tindubittu uchhe uyyidubittu malko ogu aste nin jeevanað,Gender
4775,Pavitra Karnataka dalli Apavitre,Political
430,Sonu estondhu dhurankara olledh alla Ammage mariyadhe kodu,Gender
6054,"Ivalna swalpa Dina Ruchi nodi, next marriage ge ready agthane Naresh????",Political
5121,Mugisri Looter siddaramaiah na encounter maadlebeku Looter siddaramaiah na siddaramaiah Looted 3 Lakhs crores from karnataka gouvernment public money in 5 years as a cm of karnataka CAG reports says officialy in 2017 alone 35000 crores rs missing from karnataka gouvernment public money siddaramaiah is a mega Looter a mega corrupt a mega manupulator a mega opportunist public must encounter him as earliest possible at chamundeshwari,Political
3675,i phone 12 du bathroom  thorusle illla sonu neenu  oooo mostly arun irbeku ansuthe bathroom nallli adakkke thoruslillla alva neenu,Others
3539,Randi ninu sulene ninage sule annada Garathi antara .....ninnatha 3 bittolana interview madata eddare all e tv yavaru first evarige ogeebeku,Gender
3866,Hogo lo juttu ...eddan bere states avrige modle neeti Pata  keeydh please first,Gender
7910,Hijab Namma muslim hudugigalu hakku adhu yaava hindu naayegalu hamdigalu helakke hakku Illa naavu muslim helthine neevu hindu hudugigalu sindoor bindi mangalsutra dupatta batte Illa school colleges banni nu heli,Religion
3083,Berke sidhu 420 nan maga,Gender
41,Nimmantha loose nan makle....hindugala dari thappisuva kelsa maadthirodu...thu nin janmakke benki haka...go to Pakistan,Violence
2592,"T ganchali , don&#39;t allow her in Karnataka ,.... She is Pakistani",Geo-political
5198,Video call ah? Matthe aa video nalli avan mukha ne illa. Neen video madi bittiro agide. Ivalu ellar kivi li lalbaghe idthiddale. Ashtu fools alla naavu,Others
2582,Lo illyake darshan fans bagge maataadtiya ? Tale kettidiya bolimagane ? Darshan fans ge huttidda neenu ?,Others
7318,hudgige avamana hudugina thirugsi parugsi andre pakka aruna kumari ansutte,Geo-political
7395,ivella yavu nayigalu,Religion
1143,Yaro evnu thukali ellida bartaro ivarella hora rajyadavru,Gender
5503,Yaroo free  ge matton kothithare so thatha  bete  matton taking going to hom.. so he don&#39;t  hav money ð?¤? papa thatha,Political
7582,Congress ge vote haakida yella Hindugalige ?? karnataka story beega barute. Tu nim janmakake,Political
2718,Congress viruda ond math ella ivardu ....<br>Hel tino sule makalu,Gender
4568,Same caste anthe .. nodrappa.. so careful girls,Political
6254,Nimunela hutsodru badalu condoms erlilva nimma appa,Political
7134,Nayi...?????? bosudk ivarigella oddu olag hakbeku,Gender
4426,Slum sonu,Gender
7344,Ley avnamman mindruguttdh media bholi makkala first nivu movie na nodi amele avra tu....unreee,Others
4272,IVNIGOO SANMANYA ANNUVA NEEVU ENTHAVARU ? NEEVU UCCHARA SARIMADKOBEKU.,Gender
2513,"E thara hudgiru erodikke yella hudgirgu kett hesru , bad girl",Gender
7499,Navu AA MATCH fixing madkolak AGBAHUDU,Others
7868,Medam Niv chennagiddira antha iPhone 12 lle nodiddivi  i phone 13 yavaga manele buddi heloru Ella Andre huge aagodu,Others
2417,Pratam.nayi.nan.maga,Gender
901,Thunneli hodthirothara helthane e munde nachkene illa dagar,Gender
6009,Plz meghana don&#39;t chance kodbedi harish very good boy megna bad girl,Political
5158,@Pradeep Kumar Narayanappa Shiroorkar nim ammun tull,Gender
7673,Bere yenu news elllva nimge yake interview madtideya  evarana janake enu news kodtidera edirida,Others
7536,Ninnanta magalidre innena madatare Amman nodidre paapa ansatte adre nin hege changlu anta gottagatilla,Gender
1235,Shivaji sulemaga Shambaji loudimaga,Gender
7560,Ed rubtaare taalu ninna hakkond gumm taralla avaga gottagutte,Gender
3101,Kera thagondu hodiri avlge.,Violence
5101,Chai.wala.agiradhukke.yella.rate.agirodhu.jail.yediyurappa.looti.vijayendhra.40% commission<br>Jail.yeddi,Political
3510,Hogo bolimagane neneno helodu hindu hinduisem e cinema nodade eddare hindu alla anteeya munde modige otta hakadiddare hindu alla anta helateeya hogo modi gulaam deshedalli saakastu samashya galive adarbagge maatado ayogya Sule magane inta nooru cinima eve,Religion
1761,Rowdy siddu,Gender
842,Evlge e janmukke buddi baralla ansutte.. evldu full video na YouTube ge upload madudre thale yethkondu thirgokagalvalla agadru buddi barutte.. please yaradru first e kelsa maadi,Others
4203,Le nayi nin Maryade hogiradalla antha nim ammandu kalitidiya nin taleli aneladdi nu illa paapa avr yeno madthadtidare bidu media munde kutidiya pragne itko hucch nayi tara adbeda,Gender
7680,Nivu 1 kg danada mamsa thagolo jothege avrigu 1kg Handi mamsa kodisbekithu yakandre adu bhavaikyathe sanketha alva,Religion
7435,Hindu gala mele atyachara adaga nivella yelli sayitira nachike barbeku.yee ajja hindu galige bahirang vagi dhikarisuttiddane. Artha madkolli ð??© hindustan jindabad.,Religion
7487,Shedda.nenna.rhaksnaian.nenna.pkshadvre,Gender
4868,E bucket tv ge bucket ediyalle olle bucket na akond edare???? <br>Chapri sonu,Others
4670,"Babu avre nimma banda vada thumba jasti aaythu, you lost respect, you have been defending your govt mistakes",Political
4053,Loper munde,Gender
757,Avnu breezu jothe ata adodu bittu mokmokakke 4bittidre nin Estella over agi madthirlilla,Gender
7941,Batte bicchi yella thorsirolna interview madtidira andre neevu haagena?,Others
7804,Tukaali ancor reality show ge hogo plan,Others
635,Muchakiddu nija .sidramayya,Political
6098,Divya madam nivu appu sir ge sariyagi interview madtha ella .. Nivu heege madbardu..avara respect ulista illa,Others
6586,Bigg boss trp gosakara karskondiddu mundevaaa,Gender
5971,"DMUSA FANS :- DBOSS, DBOSS, <br>AFTER THIS AUDIO CLIP:- AYYO NAMM DBUSA MAADIRO ELLA HALKA KELASANA COVER DRIVE MAADKOND BANDVI,, IVRU OMME BAGGISI JAFITAVRALRO NAMM DAGAR NA??????",Others
242,92 Pakistan sulemakkalu dislike madidare ??,Geo-political
7415,"Tihar jail al idane awnu  , awnge gallu sikshe kodbeku",Political
4984,Yarava muduka muttala ninn rajya aliddu sakilva idu beka,Gender
2305,@mahmad rakim correct bro. Intha hen maklu idre samaja haalu. Nachikegedu ivaranna hetthorige sashtanga namskara hakbeku. ??,Violence
5444,Kushi astu oleya hudgana dp na miss madhakondu ninuu bad girl,Gender
2023,Harohalli to Bidadi road li odadoke agalla astu chennagide road,Others
3314,Muslim bandavaru anta elkondu nim benige churu aktaare.,Religion
4074,Jai vikash ann . Ugi mundege thuuu sonu lowda,Gender
4728,Gini annoo bethaala hudugy iddre... Yestu janarannu mele kalisthaaloo...,Religion
341,Bro king yavthu tappu madalla bro....â¤ avn ammam yalru boss correct hagi kotiedra â¤â¤â¤,Gender
1125,Myduka ninaga yanu gottu ninaga nachika yirabaku hindugalu navu ok annuttavi adara Muslims avaru nammannu hindugalannu tuliyuvadakka plan madtara hushar nambabadi,Religion
1440,Nina bhavishya diko dlk,Gender
641,Oho oho jai dev lofer ninu I knw yur lofer mindnin enen msg kalsidiya married women ge anta gottu,Gender
1777,avaru Khan gress pappu siddu Khan brothers,Gender
3642,bad girl dabba meghana,Gender
1776,Kachada nan maka btv avrige modlu met thagondu hodibeku sule na kurshkondu interview madtidirala nimge nachge mana mariyade yenu ella sule ge olle sule ne kursi interview madtidira kachada Nan makla thu nim Jan make,Violence
1459,BTV yavareee doduu Dagar ??????,Others
414,"Kichcha super, sonugouda dagar",Gender
5945,Ninn tullu yallaru nodyar tago,Gender
3158,Nam esta nau yava films..adru nodthive aduna kelike neenu yaru,Gender
7091,Deshavannu hodeyalu maadida kuthanthra,Violence
4520,Ondu kapalakke edi avle yella sathya bai bidthale. Ammange estu bayolu ennu batte bicchi dans madidre yenu avlige avle hemmari enu avla amma yake. Sulu heli yestu dina meribodu. Yella class kotte karkondu bandavle hemmari,Religion
3658,Kithod munde ninu3,Gender
1210,@Pradeep Kumar Narayanappa Shiroorkar neenu buiseness maadi beliyo yaaru beda antare you bloody,Political
889,Ninage sent gotha baddimagane,Gender
2765,Tika muchkond hogo mudaka ninn hendti yavan jote idale nodu sede,Gender
735,Ivl show madtavrala mett alli odibeku press avre thu??,Violence
1540,Muru betoru horige doddoru,Gender
7759,Avru aramagi barali olledu. Etara speedagi driving madidre publicge  problem agalva. Fan gale Yavaglu nam hero safe agali save agali antirala .public place nali Nim maneyavare yaradru e accident nali satthidre enagtithu. Public ge problems madavrnu hero antirala Nivella manege maklu agovra,Others
4127,Ivane dodda kala ivanu hatra hogi question keltira,Gender
4992,kushi nindu.natka.sumane.harishan.lifen hal madde.thu.nin natka.oledu.agala.hana.idre.matrana.preeti.,Gender
1121,"Avanannu hagene kollabeku,avana kutumbavannu bidige eledu avana sahacharara na salagi nillisi dham-dham anta kollabekuð¡ð¡ð¡",Gender
3194,Ninnantha maglu idre think madde en madthare,Political
7347,ADIKKE NAMMA KANNADA INDUSTRY IVATHU NAALAYAK AGIRODHUððððððð<br>YAARU MOOSU NODTHA ILLA...<br><br>JAI KARNATAKA...,Religion
5161,Bikari Naveen ul haq,Others
3266,"Avanige nalaku maduve, hevalige murnane maduve nimage hethru huthiru makala bage samajadali hege balabeku",Violence
554,"le bewrsi so sonugowda chplli kithogo hage hoditene nino maryadaste helidre nin bathroom 18minit vedeo nodidare yalro tho nin janm ke maan maryade ilwa ninge salo aadro ninge maan maryade idre hogi saai ninind olea,hodgiyrigo ket hesru,tho kachda munde sonu gowda",Gender
6907,Obba Rajakarani  media mundhe obruge oddha adru mathadonu avn bagge kithkolonu yaru Ella <br>Boss bagge mathadonu 1000jana edru Shata nu kithkolodakke aagalla,Political
6093,Nim appa lophar nann maga enu antha belsidno ninna,Gender
3720,Nanna hindugaligaagi bajrangigalu directaagii protect madbodu aadre illi  hindugale hindugala shatru aagidare,Religion
604,Handi mamsa tegudu kondu hogu yeru beda andru.  Frustrated Leftist keeps crying who cares.,Violence
4641,Natka channag madthiya ?????????? fake storry gye good. <br>Naan vand storry alla vandu real fact helthini adu yellru muslim viroodhi ooodi plzz <br>Muslim matye muslimra desha mathu muslim maathu muslim shops nd muslim activities bagye yaar yaarigye. Kashta agtha idiyou awarigye mathra plz yella nann hindu brothers nd sister sai gue alla <br> <br>Petrol use maad bedi plz <br>Dry fruits use maad bedi <br>Dubai trip gye hogbedi <br>Inna bahala ide adanna nivye find maadi adanna viroda maadi yak andre  nimma dharma na brashta madkulll bedi plzz ??????????????????????????????,Religion
7955,Pork thunni doole amskla,Gender
3788,Ee cinimana baddimaga Sidramiya nodbeku ????...<br>Tipu jayanti beka.... ??,Gender
6267,Kanditha ee vcara namge modale ghothhithhu ee berke lofar meersadhic soole magha sidramulla khan ee bari sarvanasa gyranti jaihind jai,Gender
3198,Bolimaga speaker,Gender
2228,Abhimanigala abhimanakke runi agiri...abhimanigalidare antha jaasti loose tongue tara mathadbedi sir...yethbidtini...thale kaditini...adella mathalla,Geo-political
3821,Muru bittavaru yarige deha kottoru?  Ee hijda gala?,Gender
6669,Murukasina mana mariyade ellda manushya kulakke hulagalu niu,Political
274,"Ashoka hindu galanne bittilla avnanna yaake enu helalla, nimma raajakiya visha beejadalli baralwa, mootra segani sevisi nimma medulu segani aagi bittide",Religion
7774,BJP government first badukiro aa ugragaamina gallige erisi,Political
6569,Madam sadhane Andre yenu antha swalpa thilkond banni nachke agalwa,Others
7252,Amikalappa ninu... Nin thin meke yen thindu beleyutte.,Gender
7801,Ajja hogi uta madi malko....amel saabaru nin inde bandu choori haktra,Gender
6729,3rd class sule avlu  show kachada agirodhi a sule endha ne,Gender
535,Evandu sak agidmele next evara appa na jote maduve ??????,Gender
1571,Tu nin janmakke ninu obaa hudgina,Gender
738,Ella kittodoure kurigalu doddi idu,Gender
2859,Dagar Munde ??????,Gender
7170,Thu.  Thu. ????????entha jana pa,Gender
5093,Soole maklu aa bolimakli saryagi helri,Gender
5420,"Nangenu arthane agilla halal bagge mathadilla illi sasyahari bagge mathadtidare, en gift kotidare sangeetha, kashmir al bayothpadane kashir panditarannu odsdaga,nam devsthanagalna chidra chidra maddhaga, 15 nimsha time kodi yalla hindugalna mugsbidtini andaga yallogitappa ee sokku ee rosha vesha, tv channel avr munde e helbit hero agbidona 1kg mutton thangondu wow secular guy",Geo-political
5920,Ivna yar speaker madidh maklu thara adthavre olleð¤¦ââï¸,Gender
636,Bandh madoku percentage beka... Yella bosadi maklu,Gender
3265,Thu congress kelsane galate mado kelsa..adakke congress na layak..,Political
4093,yena.rajakarnigalu..YEKVACHANADLI.MATHDTHI...AKARGE.DESPANDY.APATIL..SUSMSRUTHANAGU..YEN.RAVDIJM.THara.gadaresoda.bidu..,Others
3811,ennu en en nodbeyko karma ????????????????,Others
4339,Daridra boss ivanige sanmana bere kelu,Gender
6036,"Poli hudgi kachada tara edaale, papa evnu heega ella, too bad taste evange",Political
1582,Amma thaye aa thaayege gotthu avra kasta hella nin aage batte bichkond kunidu easy agi sampadane madi dukavagi etokagalla avara kasta avarge gothirutthe nin swalpa baaye muchokond kuthko,Gender
6170,Taata tika mucchikondu iru saaku ninn kaili bomb hakakke agalla en idu lathi prahara ashte,Violence
113,"Modlu hendtige hodidhu jail ge hogibandha, amele car accident maadi hospital hogibandha, ivaga hotel ge hogi paapa supplier ge hodiidhubandha ??.... Innu fame allidhane andre janagalu ivnu madtairodhu sari antha opkotaidare ??.... Dhayavittu Democracy paalisi, inthavrnella janagale shikshisbeku, shikshe aadrene olleyavanagokke sadhya ... Janagalu echetkoli",Violence
1383,Tuu nin janmakke olle hudugana prana konde very bad girl,Geo-political
2383,Sulle makllu ninu Btv avree thuu,Gender
4929,Few media  propoganda leader tara adodu bidi,Political
4922,"SC, ST, OBC, mirity, hindulidavaru anta heli heli heli, 75varsha aitu, yaavanu enu kittu gudde haklilla isht varsha, they have been utilised only for voting, it&#39;s high time, ivaga Ella media li barta idhe..janakke gottagtidhe...Family politics hogo Tanaka, Namma gati ishte..Jai Namo, Jai Hind",Political
4637,Sullu Data Idkondu Madida Propoganda Movie,Religion
5753,Tathappa.. Moole kadiyoke hallu sari illa. Congress chamcha,Political
2019,@Cycric Shorts ley handi .. first govt yavdu during that time?,Others
1578,"Pappa avar Amma, adestu bejar erato , Dina adestu novu padataro ...... Avalu helatiro haage aval Amma jote beladila , avalu avar ammanige respect kodala anth goth aagata ede.",Gender
4089,This is conversation between Indrajith and Sandesh!<br>Darshan friends elaru rolecall members!<br>Ella rowdies and bruhaspathis????????<br>Ella rowdyism!<br>Ambreesh Anna elde darithappida maga agedhane D boss!,Religion
4401,"Yaaru saacha alla anthe, yella nin thara ne irthara",Religion
7992,"Soolemunde ,nim amman munde ne yene nin batte. Ninu ondu company open madkondu dengisko soole",Gender
3261,Metnalle hoddalla guru ????????,Violence
5940,"Tu nim janmakke, btv, bere news ilva",Others
6704,Naresh du samanu kelsa madalla Pavithra akkandu urbaglu agide yak bek ivrge madve,Political
3159,90 sikkide josh joralli untu ... crossbreeds,Violence
6185,Stupid show ??nayi handi gala show,Others
4571,"Guru Btv gae metnali hodi beku, yestu Jana idarae interview maadokae ivlunae karkond bandovrae",Others
7982,A hengadina miukha didare nachike agutte  namage adare avalannu maduve ada gandana sthiti,Geo-political
1708,Vikas annaa shalege chapli suthkond hodhbitaa????????????????????,Violence
4910,Sonu. Ninge baiyyoku nachike agtide,Others
5199,Sidda pedda,Gender
166,Lee Mallesh hell tindu eroo ninna yavanu beda anthare sole maganee,Gender
2093,Thikalu baddetadu gundittu saysi ivaranna,Violence
3748,Basvaraj bommai ðð 420420 Sholay magha bayi much,Political
6101,Kobbu jaasthi giving  importance is  waste,Gender
3973,Hindugala ond hagro nimagoskara adru rakshasagalu avara janasankyavannu jasthi madta idare. Nale nam manege bartare,Religion
2485,En sadne madidale thuu evl janmake bari buildup dove rani. Yalar manelu henn maklu edare adre ethara yaru ella.evl video bandagindha nan ganda yavaglu nange ph muttoke bidtila thuu. Evlu yaru en sadne madidale antha yala chanal intruew madtidira. Avlge swalpanu parchatapa agtila avl akkiro batte mathado rethi nodidre inthovlna nam karnataka bittu hodisbeku ansuthe thuu evl jalmake hennagi utti intha kelsa madi janada munde yenu agila nand enu nodila anothara buildup kodtale chiii??????,Others
1650,Muslims support 50% maadode e SC ST OBC Jana BJP en maadidru samadhana illa ivrge ð??? modlu ninu tio mudka mutton chicken amele avrna saako katiya modlu nin tinkoo chennagi ð???ð???ð??? ivatho naale  hogtiya mundin generation gu wrong information kotte hogtidyaa,Political
4191,Pratham huchnan maga anta bigboss li nodidvi...adke Sudeep sir bydiddu kett language use madtane huchha,Gender
7681,Pratam hitler bidu hucha venkat gotta avanobba bosadi,Gender
4555,"Tu evldu ondu sadane, edu ondu channel, Tu nim Janamake, elladru hogi nenu akolri enta balu balo badlu",Others
3683,Bro ð nam RCB na CSK thara match fixing team ankobitidareð,Others
6855,Lo sonu modlu tayige respect kodu. Shs ur mother respect her... ad bittu kal mel kaal haki tundu batte haaki kosiyodallla.... madidde halka kelsa adrallli bere tayige hangiru hingiru anta heli kodtale...hengirbeku anta ninge nin taayi heli kottididre neen ee tara maana haraj hakki elllra baayallli troll aaagtirlillla... innnadru buddi kali... modalu traditional aagi batte hakodakke kali... useleff feloows,Others
4176,Kith********d sonu nin mokke sagni haka nettug kannada mathade thagdu,Gender
6967,"Huccha malesga elli nimm alquida group, henge irbeku nindu",Religion
387,Sudeep sir u did a great job... and you took valuable decision. <br>Atleast now let her respect BB<br>Nayi na simhasana mele kursidare Adu yen maadutte. Adhara buddi torisutte.. Even in Bigg boss house happend same by chosing this Lady(THU).,Others
252,Ninu cm hagoky yugyte ell. Bommai,Political
4729,enta dagar munderinda ollolle hudugru halagtare,Gender
2948,@Pradeep Kumar Narayanappa Shiroorkar nimmanna nimma orindha ache hodedhu achege hakidre gothaguthe...and for your Information this is still a issue that kashmiri pandits are not allowed now also...,Geo-political
1493,Hugiri Makke,Gender
2362,Ree swamy Mike face munde band thakshna hero agoke ogbeda maneg ogi ellanu muchkondu ninn jati bagge hemme padu .. Bere jatigalashtu kettadenilla nindu,Gender
6457,"pratham topic bagge mathadu namgenu bejarilla,  adanna bittu huchnanmaga antha helthiyalla nalage swalpa hiditha irli",Religion
4325,D Boss Neevu Kannada Cinemaa Aasti... Nimmanna yaare Mosaa maadidaru avarige olledagalla....!!,Violence
4594,Inta hudugirna belesbardu navu,Religion
2580,Haa bevarsi m***beda RCB ge,Geo-political
2351,Yaru saacha alla antha helbeda.. Naav en eethra video call-yella madolla,Others
3650,Avaru enadaru maadali.  Tunne unnakke.  Avana sahavasa maadidya,Gender
885,"Yes bro nijvaglu movie nodidre karulu kittu barutte, <br>Haage nang innodu doubt ide bro pulwama attact aytalva, a bomb hakidd naayi kuda kashmir avne, but navella ankondvi avnu pakistani anta, avaga alli yaav sarkara ittu, adara hinde iddidu swalpa jana sikkidru adu yaaro singh ips officers, avru evru ella, avrgella en shikshe kottru, en aytu anta kooda ondu video madttira please",Violence
1661,Thu evr janmukke nanna mettikkka,Gender
6984,Ninge ishtu tale idmele CM ge eshtu tale irabahudu congress estu kottiddare ondu Dina hindugale iÄºladantadaga en madira drama saku MANEGE hogri,Political
1687,Intha sadhane yava parents gu beda bhari sadhane highway rani tara iddale che,Gender
4233,Basanna nin tappanna muchkolllike estond drama madtiyappa..<br>Avatten nidde madta eddenu,Gender
6914,Kohli full ursidane avrige...,Others
5705,indian player galdell hesrana haal madtide e ipl,Violence
590,Ivlamman ivlu thayine alla ansutte...??<br>Pakka idu kaas kot karsiro giraaki ansutte,Geo-political
4546,Nind rajakia antya agud Laxmi hebbalkar dinda tilkond nettaga maatad ninag kaanun ariva elllo Delli delli,Gender
6659,Mendre ge hogi todro sir congress<br><br>Film?? super?????????? sir,Political
3466,Hore le berka mundedera,Gender
5876,Nin enge adudre nim amma think ð¤ madde dance ha  madthare nin jothe huchmundeðð¤£ð¤£ð¤£ð¤£,Gender
2164,"Ashwat narayan ge takachana arrest maadi, bjp muradabad, karnata  bhanda ,striking, karnataka banda  ,",Political
1502,Modlu aga adhikara idda thukali sarkara na chappalili hodibeku bolimaklanna madbeku,Violence
7598,Iva vbba adyakshana helike kottavana matu klabekante ayyo Shiva edenta sarkara,Political
3833,YAVAN SULLU ANTHANO AVARELA PAKISTHAN UGRARU,Geo-political
4294,420 nan maga musalinmag huttid maga,Gender
391,"Media reporter heltavle slow agi adu avl hanebarh ante,lee munde nimhantorna kittogang hodibeku",Violence
1981,Randdig hoti daur <br>Newo na LHANGA PULKA <br>UTKUND BARI NIMAUN  HADA,Political
5951,"1947 ninda 3-4 lakhs braru girls inter caste marriage agide, evaga aa brahmru janasankhya 1% ge elidide karnataka state alli nodi next generation ge hennu galu sigta ellavante e kannada bramru galige, Pandit rige pujari galige yaru madve madi kollalla becoz avra Juttu, oonde nama, brahmru girls heighly qualified &amp; ganchali or Inter caste marrige agi diverse kottu single parent agiertare anta hetare public janru, ennu 100 yrs alli desh dalli brahmru erode ella <br>Extent agi hogtare, avrige makjalu only one erodu",Political
5074,"news chennal alli firat sariyagi batte hakoli doddoru,chikkoru nodthirthare .<br>Ivlu yenu sadhane madidare antha interview madthidira ?? samajadalli olle vyakthigalu idare avarannu gurthisi interview madi avaga nimdu olle channel agutte ??",Others
5816,BJP inda iddi desha halagi hotu<br>te ban<br>Lock down<br>Ivaga jati jati komuvadi paksa innu enu madtaro deshada janakeð­ð­ð­,Political
4980,Idiot speaker yarivarella,Gender
173,"ivalu yene dove madli ,nijavadha kannadigaru  yaaru vote hakala ivalige .<br>First of all naav ee season bigg Boss nodtane ella????",Gender
1323,Muslimaranna friends madadu avara store nalli purchase madadu mada bedi innasaru thilidu kolli,Violence
7288,Yavadu adu handi too,Gender
6203,Entry ne baglu torsidiya ninu urbagle ððð,Gender
349,"Congress ge adikaara yavga illi hogutthe , kashmir Alli terrorists gala atta shuru agutthe",Geo-political
7422,Akin en anta invertviw madateri madam .....aki olle dagar koti Jana nodo tv channel Alli avar tayi na baitidale .....en anta interview madateri akin ..en gold madal tand kottavarige kuda madalla niv .. ??..aki akin dress nodri . Esta attitude torasataal avalu,Others
7227,"Modale kole maadoku hesalla aa mullagalu, heege open aagi helike kotre naale ninnu yenadru madtare, careful.... Avru tumba mathandharu. Kole maadoku hesalla, alla goskara kole maadidru tappalla annuvasthu extremism avralli ide...",Violence
4168,I hate saabru sule maklu,Gender
6826,Janara duddella tindu neegi ivag jagla madok bandidira bjp avre,Political
1869,hindu spirit hallu madi egga<br>4muslim katrisi avaga hindu hagguthare ....<br>cinema nodi hindu hagi <br>estu dina elli malugidrappa hindu galla.<br><br>hoogoo huchappa,Religion
1548,Nimge bere yaru sigalva thu,Others
5488,lo lvdy first eduna nodu next appu boss du nodu,Others
1532,Surprise enuo ellappa edhella namma janru madkhaluo kharma khandha,Religion
6107,Ramesh tu ninajanmake Benki yav tara raja karnino ninu,Violence
1768,â@Puneeth appu boss ge yako kappe antaidiya bolimagane,Gender
2012,yena.rajakarnigalu..YEKVACHANADLI.MATHDTHI...AKARGE.DESPANDY.APATIL..SUSMSRUTHANAGU..YEN.RAVDIJM.THara.gadaresoda.bidu..,Others
7367,Sida heava sime naayaka matetedare musalmanara para matanaduva tipu santana,Political
6351,"Ee darshan establish agidde Dr Raj na  indirect agi moodalisiknodu. Namma thandege sthanmana siglilla, avarathara , navagruha antha ellaranu kalehai picture madi. Dr Raj avara Naya Vinaya nu ellastadaru maigoodisi kolli egaladru",Violence
287,Hen jathige ondu kalanka eruva hudugi andre evle ð¡,Gender
6239,Avalge nam kiccha boss matadidu English sulle ge arta agilla,Gender
3812,"yaru maadabarad tappe maadiddu avlu , idu India . usa alla ella torskondu duddu madoke",Religion
6696,bad kettoytu kala en kharma,Political
2544,Km dagar,Gender
3661,King na aggression nalli RCBians aggression kanutide,Political
5226,Le tulle modlu kannada sariyagi matadu dk dk ne,Gender
7770,Evanie dgam thakatthu  jasthi thu nina jhanmkke,Gender
6881,bjp yannu rajyadinda oddu odustaare,Political
7432,Kushi ge mai tumba durankara tumbide adrinda avalu maduva yella thappugalu avalige  sariyagi kanauthide. Avala sutha Mutha iruvavru Avala durankara ke full support madtha iddare idarinda avalu dodda dhurankari aagidale. Shiddharth Patil na chennagi balasikondu bisakidalu.,Others
703,@Pradeep Kumar Narayanappa Shiroorkar   ninu mulla ge huttidiya ð¡âªï¸hutiya nanna magane ð¡,Gender
7535,Public channel ma arun ginta dodda BJP spokesperson bere yaaru illa,Others
3106,Sonu ninge 1 maath helthini kettadagi nodoke kaarana yenu ninu iPhone12 nalli video maadi bittiddakke Thane yelru nodiddu nin video yen suprabhathana haakondu keloke nodake ninu video bittiddakke  Thane nodiddu,Others
3362,Sudeep sir bekitu ivlge correct agi heloke ugiri makke yarige hege mathadsbeku hege respect kodbeku BB maneli hege irbeku antha gottila durankara jasti ide stright forward ok but hagangnta duarankara irbeku antha yellu helilla,Others
3500,Evala chatakke makkalu bali,Gender
7277,@Pradeep Kumar Narayanappa Shiroorkar avarige artaagalla bidi sir..artha aagbekaadre ee charchege baruva atava brain vash maduvavana magano family ya hena beelbeku...illi hindutwa antha sayoodu only poor people ..estu helidru buddibaralla,Political
3281,Makak ugdu kalsi Sonu na,Gender
2199,Chance illa <br>1st caste system tagi <br>Bramanru na aache haki amele navu ondagirona,Political
4175,Mamsa thindu nilsidre namma raitharu uddara agthare  road mele bisadodu nilluthe,Religion
2360,Kiccha Sudeep sir and big boss director Parma ge.. yavdralli gunna hodibeku heli.. yaro evella taradugalu... nam deshada karma evella,Violence
5505,I don&#39;t like bjp but I will never vote for khangress muslim gang worst party aaaccckkkkk thooooooo daridra muslim party,Political
5586,"Aa video nim thatiye gotta,nam maneyoru avarige gothilde lipstick hakidke divorce yantra hogbitru",Geo-political
1403,"Caste reservation Increase ge estondh kade horata madthare. but obradhrunu helalla, caste remove madi.<br> jobs sector, education sector ella caste enthuk beku. bekadre internally familys li caste religious eniruthe adh follow madli. but e reservations adhella beda. but politicians nu caste remove madi antha kelalla, yakandre ha b*<b>*</b> m*<b>**</b> ge, vote main, ha particular caste avr avnge vote akthare, so avrge jasthi support madthane reservation kodsthane. so yarunu reservation thagiri antha helalla. karma guru",Political
2864,ye baddi magane idu propoganda filim yella sulluu,Gender
7,Kithogiro tv chanel galu intha avarna interviews madakke lauyakku,Others
2293,"Chadan brother ha bolimaga karate yavarithi politician adhan antha heli bro avnan arrest madhaga court en helthu antha heli please ððððð ,adara bagge video madi ð¡ð¡ð¡ð¡",Political
814,Lavada   Daktr  420 bosadi veerappan ginta lucchha,Gender
3098,Thika muckondu hogo mudka,Gender
7030,Sule Munde na interview madthiro nive Btv avru Sule maklu,Gender
2062,Nin appan shata munda nayi munde,Gender
8013,Pakdhali dodda bucket divya erama amikondu AVL anebaraha anthy husky voice alli yak beku ninge ......evlu dodda celebrity antha interview berey,Others
2177,Nim appa huch sule magan,Gender
7375,  Yar guru elvu adhu otege anna titharo athva mannu titharo antha elvu manege anna thataro antha heltha edale,Religion
6284,En kithkatiraa ega hodudree..............,Gender
2456,Edu estakke mugiyuvudilla<br>Pratiyobba natara natiyra<br>rajakaranigala hagarana<br>olledu kettaddu bande barutte<br>Edakkella manushyana<br>agnanave kaarana,Political
3242,Pavitramma next madhumaga yaaru ivradmele ...May be 4 hendthira ganda irbodu nodi bega catch hakoli avrge ...,Gender
4096,ee video dalli antadenide bonte.. like maadakke.....??,Others
2818,Galiju.  .... Illi galiju madi alli pakistan ge hogi badaktarante,Geo-political
609,It&#39;s political gimik Kumar Swami and indrajit lankesh ivarallade innyar madtare,Political
1559,Bolimagane ð¡ð¡ð¡ð¡ð¡ð¡,Gender
3244,Y r u  talking like that  so he died stupid girl so bad really u r looking like a good girl,Political
5925,Shri H D Devegowdara salahe ellade sarkara neeru bittiddu maha aparadha,Political
7451,Hogo  lofer  thatah. Mindri  hdk  nikil  kalina  doligu  sama  ila  ninu   avr  bagge  matadtiya  One  90  tagondu  pachko. Nalyk thata,Gender
7726,Kothnan maga ninu naya paisa knowledge illa,Gender
4817,Great Anna bommayi ge tale illa,Political
1900,Enri sadane...btv andre bogalu tv,Others
6660,Chaddi collge ge hogbedi .,Gender
5430,Nin mundena boli magane ee gandasaru hengasaru ella nayi tara adtavre,Gender
5333,Avlige serial alli yar obru chance kodbedi,Violence
698,Taayina neenu yaru madde irod maadidala antiyalla mahaataayi taayiyante magalu noolinante seere anno gaade nenpagtide,Gender
1002,Sule makalu btv avru,Gender
6532,ninge elru ade tara kanstara bro nin saryag idya,Gender
5912,Soolemaklu kongru,Gender
5052,Nanagotthide frends Kashmir files movie madiddu adu ondu ghatane adadannu avaru thorisiddu adare the kerala story agilla summane anthadalla madabaradu thappu adu,Geo-political
227,Lo bomma ... Yen maha CM ðð,Political
5119,Bekitta idella . Thaku maduve life nalli onde sala,Geo-political
5259,Yen evla room dodda edu anno tara inondsala nodi inondsala nodi antale ð,Others
3942,Inthaa Pakistan dagaar munde na thariyaka interview maadoke karkond bandri? Inthaa oorsoole munde na RCB li yenike ittkondidira? Obblu tennis aadolige cricket nali yen mentoring maadthale?,Geo-political
3210,Sonu Neenu enna swalpa kalumele ero batte thegdu kuthkollama thu nin janmakke.. aa thayegr helthale aage kuthkoli ege kuthkoli antha,Gender
4773,Avl ammn ? Mukha muti kittu,Gender
6941,Aaa naveenunge loude nan maga nam boss munde ennu childu avnu shaa antha nigrutoune avnakkan,Gender
7761,Husulimaga,Gender
7723,avaru neer tane keliddu bharata mate ge ellaru makkale ee kannadagigaru ee tara madi tamma maryade kalkontavre,Political
7363,E vaiyanige dikkara.saburna nim manege itko..,Gender
2091,Nin antha magul ettidini anta Think madtidare Nim Ammma,Gender
4368,bjp pudarigalu endu. adikaarakke barbedi,Political
5500,Muchcho bayi nayi nann hatra baa ninna sigdu torna katti bidtini,Gender
555,E dheeyeo bjp kandree orkoollooru obbara ebbara .dusman khidra hai andhree oor thumba hai. ree namgee namma desha namma .dharamma. mukya .nimmanthavara .haleyyora mathakeli .halgiddu.saku .avarigee .       avara dharama .mukyandhree.nammgee .  namma .dharama mukya .ree swami .andhara thamilnadu .hogi swalpa di .ardha  .bere castigee .seree dharee .ennu summanne eddaree .edhu .baratha .agiroodilla       beree .hesroo baroothee. gottaiatha .nanu hotelalli.kelsa madoonu .nange .problem  ella .maneli kuthi erovanige.yakoo,Political
7053,gaaandu ghambheerð,Gender
152,Meghana etara hugina nim antovrinda hudugirna yaru namde ero age agide,Religion
7312,65 years Aalidavaru jammu kasmir E sthige thaniddu adakke evrannu india avarannu kasa gudisalikke kalisiddate,Geo-political
1305,Berkey ge huttiro Naveen ul haq nin career oythu ankolo .<br>.,Others
3363,"Hindu hudugiyaru noodle beku, yakendre avara appa amma avarige segani thinni si belsidare. ",Religion
2840,First ee news channel anchor ge matte channel head ge mettalli hodiri amele ivlge avr ammange hodiri intha kachada kelsa madirolge support madidikke,Others
383,Tuuu... Mane ondu kettare magalu kuda keettante ??,Gender
5929,Nam jana na yestu almadbitru e congress avru thu avr enjoy madoke janara life na chidra chidra madbittru thu nimgal mukha mucha nimge astond edre hog saybekithu astond janara bali yak kodbeku . Adrallu terrarist help madidda e congress ge dikkara erali thu,Political
1676,"<a href=""https://www.youtube.com/watch?v=QdUAOW1fvyk&amp;t=2m26s"">2:26</a> ali nod guru pusur pusr antha helkodthoul reporter???? <br>nkn ad AVL hanebaraha anthe thu???????",Others
908,@Shaban V nivu Muslim nan maklu terrorist buddi yavag bidatira avag nanu  dharmada bagge matadalla gotaita âªï¸hutiya nan Makle modlu nivu sariyagi erodhu an kaliri ð¡ð¡,Religion
6544,Siddu sir ondivsa mannu mukkuttare that&#39;s for sure,Geo-political
6154,Neenu aakiro dresse node sule,Gender
6149,Intha sule munderna karkond bandh interview madthiralla modhlu nim Channel avrige hekda kaskond odibeku TRP goskara batte bichkond vedio madiror karkobarthiralla Neev gal ottege helthinore antha artha aythu nimdhu ondh channel avl oblu actress anthe thu nim janmakke ooralli enth enghoro olle kelsa madiror irthare anthavrna karkond bandhu interview madri thakath idhre,Gender
5633,Sonu first nimma thayige maryade Kodi.. basic knowledge ilva nimge.,Others
352,garbini hongasige trisula hakida gatanege yaru responsible heli,Political
3793,Avravara esta avravar madtare ninh data kali madbittu yak nodtira silent aagi irakkagalwa idarallenu tappag kanista illa react vidio madammma comentsgalige,Gender
7380,Nin yentha Tai yava ninu maglge buddi yelodu bittu thu,Gender
1095,Inta bewarsi secular galinda namma deshake enu upayogailla iwanu sabara samanige huttidawanu,Political
6536,"Sullemaga Akbar , mindrimaga babar , hadsi maga tippu",Gender
614,Btv Sula makla nen amun boli Munda,Gender
6801,Siddu Mulla khanð  yaak beku ee jeevana,Gender
6968,Bagguskond key*** Dagar daasange,Gender
3725,Komuvadhi soole maklu indha dheshada bhavishya  halkthirodu...,Gender
2961,U should use ganchali sir. No prblm. Caryon ITTICHIGE GAND MAKLU GANCHALI START MADKONDAVRE,Gender
1770,Sakappa saaku BJP government saaku next election alli Siddaramaiah CM agbekapa agabeku,Political
1859,Shame on vk pans ð¤£ð¤£,Others
4280,"Christian story barutthe next Just watch it,  totally politician cinema yaru nambak hogbedi",Religion
7842,nin magalu thara thu**u  thara yardu ella Nan anthu nodilla sulere sulena kyithiddira  appa .....,Gender
4088,Yoo nimge bere Yen kelsa elvenrayya yavaglu Yen kelkobeka Yallarigu kannada mathadi antha yak allow madbeku yarlarnu 1st namdhu tappu ugidhu bitbidbeku monne avlu anushree nu Hage madidhlu mangli ge,Others
1282,Asahyakara criminals ella halu madtare,Religion
973,Yentane Kadli Pakistan Ha*li ????,Geo-political
3321,Congress ge vote hakabedi. Siddaramayya nnu endu gellisabedi. Avanu maha secular antha matada taane. Avanu gellubardu sir at any cost.,Political
1856,Nalayak Congress Nayakaru ... Kela Kannada Holatagararu Congress Sarkarada Virudda Mathadode Ella ... Ganji Girakigalu,Political
496,neenobha dodda dustbin. mentally disturbed person. without dress aali hospital nalli huchhan thara aadudyalla. nennatha mental nannu tv mundi kurisuvaru eevaru dodda nalayaks tv news reporters,Others
6287,Kerala story bjp maadida ondu kattu kathe Karnataka da chunavane yannu  dristiyalli ittu idannu sristi maadisalagide kerala jana athi buddivantharu kerala Education nalli bharathadalliye first alli iduvarege bjp ya  ondu MLA.MP.adagali aarisi baralilla kaarana alliya jana education nallu mundu aarthikavagiu kuda munuduvariddidare alli hindu muslim yemba beda bava illa idannu  aritha  bjp.,Political
3829,Loo keppar tullugale yar yargu agalla agodilla avarigoskara nivu yaka kittadta idiraaaa,Violence
6985,Fake family nija Alla guru,Geo-political
5078,evallu sllue alde mattenalla,Gender
1470,"Sri rangam, Hampae, halebidu somanatha temple, Nearly thousands of temples ella haal madi bitru aagin kaladalli ee turukus",Religion
6523,E. Video. Nodo. Lofar. Bandlli. Avur. Avr. Wife. Bage. Hellidu,Gender
1527,"Sir ondu prashne cinema nodiye tiliyebeka nanu house wife 1990 ralli nadeda eevishayadalli navu tilida eesathya vannu nanna mak kalige tiliya padissidene idu namma karthvya sir, iga hogi noduva dhayar ayavilla sir, adare eegina youth galu deshkagijivana koduva gyana viddar e awaru ottu seridre yaru namma virudda kaiettuva dhairya virutta sir modalu ottagi seri sir berenu beda navu kuda ade saraswati tiradavaru adare namma purvajaru alli ideritiya kashtavadaga allind Goa kke hode vu allikuda porchughesarathondare tadeyalagade alliand South canara, north canara, Kerala border alli hogi jivisedevu igalu namma kuladeru kuda Goa dalliyesir, idu namma hindugala kathe sukshma vagi heliddini.",Geo-political
1866,San maklu pavithradu .yentha manassu devre putta maklanna bittu evnondige ennod madve .edi Dina bichchdli .evrige kaama jasti edy adu eddre saku .makklu yake madkondidu .,Gender
5836,Ipl ella  fixing guru even Jason holder last over 3 full toss,Others
7132,Bhat??? Proud ?? india dalli caste ellanu surname basis mele alitare adu tappene,Geo-political
2216,All devils are one onde kade serkondu devva adidang adtave,Gender
1239,Christian  schools ge sarisidre thande thayigalige maryade kodalla,Religion
474,E nan na maga mudhuka gaa sabru jothela kalsro sabru manella  adga madkondu thinnu sullla magnna nen thayna thalla edka,Gender
3416,Big boss he ivlna select madidhavnge metnslli odibeku.<br><br> Boycott bigboss,Violence
1186,Sulemaga sidda ð¤£ð¤£,Gender
3103,Sonu gowda ninna madhuve ago sede ale bvc  yelladdano.    ??????,Gender
6128,Miss Sonu Madoke bere kelsa ila andre hudki madi ethara worst agi home tour madi  don&#39;t waste your precious time Jana machilandru parvagila devru mecho hage madi swalpa nima life na meaning ful agi  lead madi... god bless you,Others
3970,Sir nimanta news channelgalu madakke kelsa illa idu nam kannada bashe avamana madta iroru nimanta patrakartarinda avra padige avaranna bidi adu preethi inda barbeku adanna nivu tilkolli yarigu balavanta madbedi idu nam karnataka ke  avamana madbedi jai karnatakamathe jai hind,Religion
6187,Sonuð¤¢ð¤®ð¤®ene ninu goobe,Gender
536,Haridu hoda tootu,Violence
1351,Sule makla pakistan davre thoo nim mukakke,Geo-political
6594,Evanu dodda kantri rajakarni dk shatta kilodhakka agodhilla ninga cdð dagar evanu ,Gender
7018,Alele le yalru avare hatret ante . Avlu IAS pass madwala preeri torsoke thuu nim janmakke,Others
3714,Neer rajakarani galu bitbittu nilsake cinema davru road ge barbeka? ?? Siddaramaullah khan ge kelu hogaley ??,Others
5133,Princepl nataka madthare<br><br>Pu college judgement degree college ge attach madtha eddare. <br><br>35 varshada balika komu visha kakkida principal.,Political
4724,Le nkn dove rani bajanu nataka maduthya,Violence
4971,intavarella indasrtyge kalanka,Gender
3233,Sonu goudan troll madokinta Ee karmad bucket chanel na tagibeku,Others
4972,e mudhi vayaslli nachikedu madhve  ge  Nanna nachikeya arayke,Violence
7707,Supreme court love marriage virodhi asali,Gender
5550,Ade mirror munde ninyhkandu madiddu ede room nalla,Gender
2439,ivanobba saaku dehs haalu madoke,Gender
3705,tamilians en kantara nodidra navu avaranna support madakke,Geo-political
4281,Neen bekadre avr thunne unnu... adh ninnista adadru iratto ilvo ee hijda galige,Gender
6222,Mudhka thulla...sule magane Turkar thunne unnU,Gender
4688,Hatru Sonu ge..???? aval Dodd selebraty ankondidale...shambavi .????,Others
4201,Congress loti hidedilva sidda,Political
3548,Thu  nimantavrige chaplili odibeku,Violence
3920,too.loper.munde.ninu.saye,Gender
3078,Bro naveed sulemaga tika ganchali à²®à³à²à²à³à²¨à³ kirick madiddane bere players jote,Gender
941,Modlu nin tammanna chapli tagondu <br>Hodibeku bolimaganna ninna dandhe madoke bittavne,Violence
7830,Vogaleee tulleee daiparrr sulleee magnee,Gender
3113,bus free kotti sidramulla en kitt dabakida,Political
683,Terrorism anno pada huttisiddu islamis.. adakke congress terrorist galanna belesta iddare,Political
6159,Thu nim karma nodoke aagalla sumne channel delete maadu maraithi??nin ee thara thikl thikl aagi aadtha edre nim amma adru yen madthare??think madtha kurbeku ashte,Others
5485,Mis u siddu ...????....hate kushii ...istondu kettavlaa ninu thuu bad kane ninuuu,Gender
1111,Ninu nin room ne clean agi etkondilla ennu bigg boss mane andre kandordu neetagi etkothiya ðð thuu nin janmakke hogu esht bad name bandru aden antha phone use madthiyaðð,Others
589,Eh thara sule naa yakro karusthira . abd anta bere country avre  india na karnatakana esta padthare . enthavrnella thu ????,Gender
2074,Nam Bengaluru ge e sule na yake karsidrappa??,Gender
6847,"Most boot licker anchor, exposed boot licker, eva pratham antru blu jp official agi join agod ashte ulidide",Others
7570,sathya helidre bjp avrge kopa  siddu kandre baya siddaromotsva di uri,Political
6991,Opposition leader ashwat narayan  bad Ceractar  man jai next CM siddarammya jai rayyanna thard class govt all dept 40/â commition ella duddigoskara madavre,Political
4381,Darsha Pavithra Gowda ondh room... Idkolrappa nim boos du ivaga...,Gender
3445,Thoo ninn mokke ninn maglige sariyagi bhuddi kalisi illandre ekkada takond hoditare,Gender
7936,Thikka muchappa jhatka thinusulemaga sidramulla,Gender
2397,@HS editing ninnanta handiyinda kalibekilla,Violence
795,btv yvdrali odibeku ivla kardu kursidira,Others
7972,Un  nalayak c m entha sava,Gender
859,muduka  enu gottilde matadodu tappu. Hindu dharmakke intavaru apavada.,Religion
7337,"@Rahul H Brahmins idi samajane odedru ,avra mele attack ? Avru estu janara life haal maadidru tamma swarthakkagi annodna arth maadko first mooda",Violence
1833,Nivella 1 rupai gu value eradvru nevella soole maklu.fuck of bigboss,Gender
348,Ya ella dabba Dakota films madodu youngsters mind ella kulagedsodu aste ivrugulu.,Others
6848,Modine  kannada  matadakke try madtare  evlu yavalo matadillandre eshtu durankara erbeku allva,Violence
3400,Enro anna thaane thinnodhu nivu,Others
2287,NINN RANDIMAGANE ESHT SARTI HELOD CONGRESS ELA BOLIMAKLU ANTA,Political
378,Sudeep sir sari avlig makke ugiyokeð¡ð¡.... Modli horag hatti sirððð,Violence
3484,Nimag yet sok aad namm neer kudido namge avaz,Gender
1970,"Kalsu guru horgade,, est dena ettkond erode hecchuð¤¦ââï¸",Gender
1261,Pratham uchnanmaga histroiry gottilla nigaradtavne,Gender
7939,Ye Loffer mundeee,Gender
3626,ishtella jana saytaralla govt enadru sahaya madatta ..enu illa,Political
7267,Bro information tilkondu matadi bro kerala files is 80% fake not all ok,Religion
7048,Kelage cut madisko mudiya,Religion
1766,@RAVEESH N  ?? rcb suddige barbeda. Idu india pak match madhya rcb na yak takond bartya,Geo-political
5382,Soole magane modallu sania hellida poorty video torisu aamelle janare nirdarisu taare yenu nija yenu sullu yendu... Samajadalli visha haradokke ninaantha talpudki gallu E naduve hecchagi bittiddare haage  intaha video noodi sathya yennenddu ariyadde comment maduva onddu aviveki galla thandda bere keedu... Thu nimma janmakke.,Gender
4061,Soolegalu hegene mathadod,Gender
4438,SIDDA HUCHBOLIMAGA,Gender
2774,Swalpa tv yavaru muchkondidre ella sari hogutte,Gender
5062,Ella cm thara evaru adjust aagilla adkke...,Political
2400,Hadashi maklaa ibbru,Gender
5863,Thu nen janmke benke hakal daridrvali.henth hudagan miss madkondi,Gender
7720,bathroom torsu Sonu lowdi...iPhone kodsthini..??????,Others
1778,Kalmarige tagondu hodiri akin,Violence
4997,Hogale Chepper sulle magane neenu giraki anta gottagitu,Gender
4010,"Bandu en madidru, road show madidru.. yav yojana kotru en illa.. 41 varsha inda barde iro pm nam modi bandidare andkinta 75 varsha dinda yaru ghoshasde iro yochne na nam pm ghosisidare anta helididre channagirutte",Political
4888,Ee desh hesrige matra swatantra nam luccha rajakaranigala swartakke idi hindu darmhada nasha agodu bahala dina illa sir,Religion
3755,Chee ivalu Gowda alla gowda samskrukthi ingilla ivalu yaro chee,Gender
4547,Muthalikji yaava islamic janaanuu kashmir pandith hatya bagge maataadollaa..yestuu maataadruu... congress party ruling timenalli hindugalannu Gulamaraage maadidduuu..muzahiddin organization supporting persons namma madyee nee iddaaree..hottee huriyuttee.. HINDU DHARMA VIRODHI maadorige bembalisabeedee,Religion
5274,Ninna amman,Gender
5238,Halal bilali tatappa,Religion
6890,Dod dugerna karsidira dimak nodri avllige,Gender
4765,@Muhammed Junaid Faizal andre Kashmir dalli aa hucha suleee makluu(terrorists mundeemakluu) Kashmiri Panditarigee madidduu sarinaa. <br><br>Terrorists suleee maklui namm deshanaa haal madtaiddaree.,Geo-political
5672,Btv unsubscribed ??????hogi sayri,Geo-political
4931,Nin tulge nan jod sigako,Gender
96,Nan sha anchor evelu Thu ninna,Gender
4262,"Nin buddi kaltkulli ega newo karnataka other estate ge banki hach beka yella <a href=""http://samaj.ke/"">Samaj.ke</a> Shem on",Others
2404,News madoke barde  erovrella news anchor social service madde erodella nimdondu chanela,Others
2711,Ayyyo ivr en dabakidare anta ivr na interview madtirað¤£ð¤£. School Bekidre indian tara banni . Beda andre Manel burka akond kuthkoli,Others
7272,Thukali nan maklu bucket tv,Others
4114,nimm appa amma idanne kalisiddara ninge ...boli maklu ellar samsara haal madtare,Gender
273,Kachda B Tv,Others
835,@Pradeep Kumar Narayanappa Shiroorkar cut bulli ge huttidhavne,Political
6029,ivarella nam rajya alo nayakaru thu,Gender
2574,Looo btv chanel thika nayi Mari keydru yene agli prapanchdalli thumba Jana hennu makklu pizza hut Domino&#39;s matte donzo Zomato antha dudkondu thintha edare adre evlu mana mariyade harahakondu jivna madtha edale thuuu evl janmakke Nan sata madga yeddu nadiye side ge leee dagar....,Others
6869,Shata comedy madbeda bevarsi nim kanasallu adhu agolla,Others
2487,Radi magane nima audu tuuuu hogu,Gender
959,Love u vikas over acting... Ningu thorsidale ansutthe vikasaaaa,Gender
4589,Hogo mudka kushi bandahage matadbeda,Gender
5871,nayi nan maganu,Gender
4636,nimage ee gandasu janmakke aa bhavane irabahudu adre avarigillavalla..<br>nachike agbeku nimage...swabhimana illavalla nimage...shame on you,Political
1411,40 Ra bajat ð budget allu commisioin beka ivarige,Political
3837,"Vikas modlu avlige butter acch,amele sariyagi kotta,karkasa swarada sonu ge sariyagi jack itta",Violence
5702,Nayi bommayi ð¤£bogalu boww boww,Political
4460,Yo bommai  raitarige modalu nimage answer koduva dhairyaella tuuu. Nimma ninu nijavagalu gandsu  agidre  modi atra hogi karnatakada yella badatana bagge keli yenenu ava modi amitsha  helid haage keltiri  nimge siddu sir helid haage nimge helalva  nam scst  scheme bagge kelo gandastana  elva nimge thu..... Nin,Political
6115,"Avranna ivnu jotege korkondu hogli, Ivra mane nuggi ivra henmakkalanna avre rape maadodu pakka.",Gender
315,idu ondu politics aa?thoo nimm janammakkishtu,Political
2725,Vage..sullemunde..,Gender
181,Pakistan ashte alla aa china davaru aa reeti daridra nann makle,Geo-political
5024,Bucket tv inadias best bucket news show  where is mr ranganna nin channel nalle ne ibrunu almost 30 percentage aste dress hakirodu free bittidre adunnu hakthidro ilvo gothila mindri news channels,Others
7183,Naveen  reddy magane namma Kohli touch madidre ninu uliyalla,Gender
3345,"ð Sasyahari galaagri sasya beledu tinri Andre, Raita kaayde virodisi eega ino desha drohi helike Kodoke bandeya mudi Soole magane..!!  Neebba Anaagareeka Soolemaga...!!  Hogale..!! ð¤·ð»ð¤·ð»ð¤·ð»",Gender
3637,Btv avarige bere yaru siglilva evalen Dodd celebrati na evalanna karkondu sandarshana madtidira,Others
582,E sala siddu ge dalit vote beda aste oogiri makke power beku aste aa vayyanige dalitru sattre enu lekka ella,Political
7379,"Pakistana nodu omme gottagutte, tarle nann maklu kayyara Congress ge votaki visha kudibeku anta yidare baddi makluge gottagtilla Adu visha anta , ketmele buddi bandre yen prayojna helhi, ",Political
4743,Naalayak Speaker,Gender
144,Backet tv anchor yeno helikodtha edare btv ge publicity?????? jai vikas anna??,Others
2443,Soolemunde n soolemaga,Gender
600,Intha lofar  galna  tagondirodake baibeku thu janumake,Gender
4627,Sule allwa gottoruthe bedu.... ????????,Gender
580,Mindri soolemaga kageriððððð,Gender
7767,Huchha sumaga ninu...,Gender
11,3rd class channel...dubba Thuee reeti ketta rajakarani galanna yake etti hiditeeri ivarella enta nayakaru,Others
5646,Yen durahankara thorusthale than thayigene yeey child lakshanthar jana nodthare anno sence erli manel ogli public al adhru maryadhe kodu mangettovle,Others
3731,Nimmantha thayi yargu bedamma,Gender
4414,Lo neenu first thakath idre government virudha strike madu,Political
5701,Avllu shatad sharama ede tu lowda,Gender
3119,Jaggesh and his fans dance madtare... Mostly jaggesh shaapa ne irbeku ??,Others
7021,BJP loot BJP drama BJP all mp mla 420 sulya makalu rowdy BJP,Political
6803,Hye lofer... Neenu endaru bere kelsa madu.... Kannada barall andre Muckondu iru...,Gender
1513,Nin congress ansutte ....adike Tika uritide ansutte ...evatto nale ertiro elvo.......<br>One sala Kashmir fils movei du avaga gottagutte.....,Geo-political
7898,Ivlu yaro tukali matadala kannada andidakke kannada gowrava enu mammi agodila ugidu odsi ivlana,Violence
7908,Chi yenta olle hudga na miss madkonde,Gender
2531,Guru bitta karate mele action agabeku bro....a chodimaga sayabeku and a tara brain wash hogaladisabeku....,Violence
7614,Big boss ge hogirodu nin thappa na thidkoli antha <br>Ninge a devaru chance kotidane ninu inu bhuddi kalthila andare nin kathe mugithu aste <br>Modalu correct agi mathadodana kalthuko Sonu gowda,Gender
5859,Evlge Amma bele ne gothila. avrna control madthidale...a thahi maklu sakidini anodu hen thappu ....shut evlge buddi barola,Gender
4678,Edu modle planning madidare ð¤£ all parties are just drama,Political
2493,Evalobbalu sule,Gender
6868,muchkondu court Adeesha folllow maadri,Violence
519,Koli na oddu odsi ipl endane ban madbeku,Others
4243,Oddu olage aki gube ama talekettu mathadthavle,Gender
6199,hindu sthan nalli muslim safe ....but <br>muslim eriea nalli iro hindu kuda safe illa....,Religion
3556,Avattu jaggesh sir helidruu but Pans avrne hodiyak hogidru and jaggesh sir na kettavru antha heltidru.<br>Jaggesh sir Avattu helida mathu ivattu ellargu artha aitha fansss,Religion
6634,Esht janara kade shot hakskondu . Bathle video torsi dudd madi mane katsdri,Others
2463,Bevarsi TV ge inyav celebrity sikthare ????????,Others
7175,She should learn to respect to her mother in front of media .. esto koti jana nodtharr and papa awla amma nodidre bari bejar agthade,Others
685,Modalu ninu Kumkuma tegedu classge ba,Gender
5731,BJP kate mugasri desga ulisri ðððð ANTA HELI EE BOLIMAKLIGE,Political
5631,@AIO All In One nim amma nu ninne nang kalsovle so ninne nim amma videos nodi sakath mood banthu nim amma na kalsu bro... nan ning second daddy agthini??????,Gender
4226,My hamble request to Mallswaram voter&#39;s do t put vote for this loper ashwath nimma amoolya mata ulisikolli,Political
2714,Fst nettuge Kannada matadodu khali amele e mane nindhena  torsovante nimmamma ninnantolu jothe yen matadodu anta matadirala aste nimmamma evlu yak enge adtaidale anta think madtaidare nanug e Tara maglu huttudlala anta yochne paapa ammange,Gender
7943,Le hoge muslim ugragami soolemundeð¤§ð¤§,Religion
5592,Loafar sulamakalu public TV navaru,Others
5691,Yavdu sullu hare kate made movie madbittidare shata no aenu madakke agalaa ae baare pakka Congress,Political
1042,KACHADA NAYIGALIGE ENTHA KETTA WORD AKIDRU NANGE SAMADANA AGOLA.. KOCHI KOCHI AKBEKU.,Violence
4746,"BJP SARKARADALLE NADEDA GHATANE ,,, BJP GE NACHIKE AGABEKALLA",Political
2945,"Olle mathu,,, kashtta Pattu dudiyoru shortcut ways hudukalaa ..",Gender
3376,Fake movie hindu andhbhakta movie ????????????Jai congress ???? jai islam,Religion
7859,Higa namma desha dali nodideve madodu dina idi pakistan india kia yalli irute hushara ?????? jai hindu ???? jai india ????,Geo-political
7912,Kapi sulemaga evnu mumbai mele bomb haidavanu ivane irbeku,Violence
398,"Neer rajakarani galu bitbittu nilsake cinema davru road ge barbeka? ?? hogu modlu news channel na sarige nadsu, Siddaramaullah khan ge kelu hogu",Others
350,Nendu bari sadhne guru,Gender
5972,Pappa Harish na namind kitakonda   biteyalle kolegarti,Gender
5568,Daily karnatakadalli nodthidivala guru murder rape adeken helona,Violence
63,@Pradeep Kumar Narayanappa Shiroorkar ni yavno Kashmiri panditara stiti ninge nimm maneyavrig bandidre gottagutte ninge,Geo-political
1122,RSS solemaklo nim thikdali dam idre madru nodana nim mummond yalla muslim sirkhandi taale quibedtivi,Religion
4347,Ee dagar na first odusbeku,Others
6526,Thu evara janmakey,Gender
2678,SULEG utt Sule nen tullge 5thunne,Gender
2099,Dagar Dagar Dam Dam Dagar,Gender
4187,"Avanannu yaru mare,A hottige pradanamantri madiddu<br>Nalayaku",Political
2329,"lo thamma movie hogi nodu artha aagutthe , yen movie antha. Aa terrorists saayisirodu kashmiri pandit maatra alla , alli muslims idu thappu antha helidaro avrnu saayisidaare bekandre google ge hogi research maadu artha aaguthe. Ee thara baseless comment maadbeda bandbittu. This shows how ignorant you are ashte",Others
2149,Ivl ondh Dodd iddhu ivlghe bucket I&#39;ddhu ee bucket TV mthe mthe bucket idhu mthe AVL Dodd d**r antha prove madtidhe,Others
2027,Gautam Gambhir gandu. Bage mathado full details please,Gender
4032,Boli magane,Gender
3289,Tukali news tukali ancore,Others
3524,Ala guru big boss ale erodu sadene na le bucket tc nevu nim uto,Gender
4504,BJP tholagali bharat belagali jai Congress jai siddu,Political
5060,Talk properly with your ????.. <br>Bevarsi ??????? mataadu nim amma na jote..<br>Thank God nin appa ?????..??,Gender
1162,Inthavaranna  namma kannadadavaru viw madodu bidbeku,Geo-political
7520,ivanobba huch sule maga hsm,Gender
4255,Oh eega sagani tinnorge cinemagalu real aage kaantive.,Gender
3962,Both James and Kashmir files eraduâ¤ï¸opposite ondu olledu helidre innondu kettad torsatte,Geo-political
2070,leee ninammmmman nadi sule . natka gul adthya,Gender
4026,Avligae attitude jhasthi,Gender
1466,Lavda fixing Nim amma ntulu kasiu l,Gender
6244, nim moun tulla randi magan,Gender
4914,rajamauli madthidre inna stunt scene super madtidru..fake story for fake people..,Geo-political
5009,Uru hogu kaadu baa anno time bandide vrige intha vayassallu maduve agoke nachike agalva maklanna heg mukha torstira thuuu,Religion
6105,Irodu.barodannellaninna.hage.thegedukondogi.thurkarige.suridilla.thiga.muchikondu.kuthkollale.berakeguttida.soolemagane.mane.hala.kolegaduka.desha.dharma.drohigalige.support.maduvaneenu.yenu.saacha.antha.bobbe.odeyuthiya.naayi,Religion
4511,Le halkat Nan magane Hindu atraa thagondu thinnu yavanu nimghe mamssa thinbeda andhouru..en kodughe kottidreð·ð· ivnu yaro cross breed ð¤¦ð¤¦,Religion
7189,"Soole maga sumne kutkolu, anagarika, ninna appanige dikkara.",Gender
6397,"Modlu ivaligalla, ivat tande taayig mettali hodibeku., Istella aadru heng idaralla tu.,<br>Maryade annodu ivarige gotte illa ansatte.,",Violence
4702,@Manjunath Bg caste mele cm post yake kodtare bosudi maklu,Political
280,"...bharata nalli utamaade Pakistan alli vanthimaadthiraa ,Kashmir Pakistan hogeddary channagethu antha aa turka country gy support kodo nevu galu jaasti baimaada baaradu turka saibu uneducated muslims",Geo-political
6266,"Le sokk le ninge, modlu nim amang respect kodod kali modlu, neen madbard kelsa madidru paapa nan maglu yeno tilide tapp madidale anta sumnidare, eshtella adru nin sokku kadme agilla",Violence
6918,Thaayi anthe maglu noolnanthe seere...gudsattira...elru manelu henn maklu irtare...en matadtya ninnamman,Gender
7752,??first fan andbitu bhagani ghuta ekda????,Others
1009,Prithi konda kolegathi,Gender
5949,Daggar munnde.... Savara heltane hudga..... Ninu hellu tintidda.... Sulle munddee,Gender
1424,Hucchadshimakla film Bere reality Bere,Others
4965,Bjp navu desh bakti Party anta helli namma rajyada jana tinnadu akki bere rajyadavru Alla antaa gottiddu 5kg akki kodadakke yogyatee ellaa bjp avurgee. Bjp vote Bank maadkondtavree dramada dwesha film tagdu komu galbee srusti maadtavree astee.,Political
6455,e ibbaru hudugeeru ega ottigiddhare lodgige hoguvaga bare barekade hogthare.obbalu 1000rs.thegondare white dresinavlu 500 ke kodthale aste.pootiya roma clean madudilla adhe kasta.clean saving madidre 1500kodbahudhu.1hourge,Religion
692,Kama ede Alva adu sulabhavagi mathanthra aguthe 100%,Gender
7478,2 dagar gulu,Gender
335,Durahankari inta hudga siktana le,Gender
2971,Yanta Family Ge Yanta D@&amp;@r Hutbitte Nodu Che Thu ð,Gender
2211,Madam muslim hudugaru hindu hudigiyaranna vashikarana maadi love maadtare,Religion
5564,Sudeep Anna <br>Avlu Dod dagar Anna <br>Avl ajji Lofar avl nodi yalla mane henmaklu  avr avr dari ne change madkobidthare,Gender
7677,No 1 dagar in Asia,Gender
1414,Sonumolegalusuper,Gender
3907,hey thikka muchkomdu hogi stady madi edu yela election gimiki avru avru amount thagothare kirik start madthare eli nim life allluagodu degree mugiyothanaka yela chennagi eruthe adu admele ede real life adana best madoke nimge school college ge kalsodu edake alla eeeeeeee hijab kirik na nim school clg princi galu nodkothare court rules na follow madodna yar adru break madudre avrge en madbeku adana madthare hogi stady madi edake neev thale hakodu bittu,Religion
2424,"BJP chela galu madtha iro kithapathi, Congress nodi urkond saytha idhare Janakke ishtella kot avralla antha, Munche yella varsha varsha pravaha ago ashtu neer harisdagha yavnu kelilla, igh Karnataka Bandh madthavre, ððð<br>Kaveri ibrughe seridhu antha gothilwa, Swalpa neer kotre yen agoythu, mundhe Namma Nayaka Rahul Gandhi Barbardhu antha mythri odiyoke e plan madavre,  Covid bandagha 6 thinglu lockdown adjust madkondri igh ondh swalpa borewell neer adjust madkoli Kastha namgu idhe avrgu idhe papa, avr yell hogbeku yella Kaveri nambkonde irodhu",Political
1946,Gujrathe galabe nadesida mukyamantri PM agiddane.,Political
2923,Gamber oba crecketer alla Ondu chika magu ado batting taranu gamberge adoke barodilla gamber 2nd 3rd standard makalla jote adoke layaku,Gender
5267,Peaceful agi idda karnataka na eee situation gy thandirodu BJP,Political
2433,"Shaadi bhagya 2 beku sir, hindugalu sayali namgenu alva",Religion
6778,Pratham dodda solemaga,Gender
5475,"<a href=""https://www.youtube.com/watch?v=9faLJiKp7O4&amp;t=0m43s"">0:43</a> yaru madbard taap maadidara naneg gotiro hudgiru yaru madilla taayi",Others
7950,nanage bomb kodi na avarannu sayisbeku,Violence
6687,egadru nin kachada buddi bidu kirthi bagge or bere yara bagge kevalavagi mathadbeda ..sariyagi vishya helu suport erutte elladre ninavanthavaru agathya ella,Gender
2389,Mi andre swalpa elrigu aste hurkoltera ð,Religion
413,Neharu fullu fraudu manushya waste pm,Political
1304,Yake ee lofergalna interview madtira madam,Others
5890,"Lo half kwledge fellow yaaru ninge mamsa thinbeda andidu mathe yella hindugalu vegetarians alla, ivnu mathadodu didre holle thale Ketton mathado thara ide, mamsa thagonde mamsa thagonde antha sumne mathadthane yallaru mamsa thagondidare, holle half mental kathe, ninu thagondu thinnu navu thinthivi adre hindu hindu antha yaake Hated speechu, hucchanna thagondu bandu.",Religion
6786,Kedugaalakke naayi motte haakthanthe... Hang maadkonda darshan,Others
5180,Enuuu natka madithiyaa ????,Gender
5090,Ondu kg chicken ge estu bucket edtiya uccha bolimaga cd torasla rameshandu,Gender
1927,Spekar obba bjp baket iditavanne,Political
665,Ninag sudubeku mudaka,Gender
7126,Neen Tumba Over Acting madtiya Guru ð Nododike Fake and Irritating ansutte,Others
3673,Haadaragitti  evla mate ashyya agatte,Gender
4441,Assyyya guru thoo??????? ee bevarsi tv estu block madudru barutte..,Others
4182,"2 Muddada Makkalu nenapagalilva. Namage Aa Makkalu , Suchindra Prasad avarannu nodi kanniru bantu<br>Ennu Yestu maduve aagi Thali yeno",Religion
2315,Ivaru kannada mathodhu enu beda first avranna Rcb indha vaddu odisi pls,Violence
1931,Nim kachada channel ge nan yekda sikkaaka,Gender
3206,I daridara maduvege yestu laick madidiralla tu,Political
1841,first kannada kalisi nantara adhikara koduva kelasa congress madbeku..namdu karnataka,Political
6131,Daridra btv,Others
5189,Nim amma entha magalu huttidale anthe chita madutidre,Gender
5416,aa desha drohi galanna hodedu odisi,Violence
2677,Katherine vayasaytu buddies bandila,Political
4163,Dhudu nim Amman Ganda Kodthana sede Pratham...<br>Nodi nodkondu kithadi ????,Gender
6741,Muchkondu adakkagalla <br>Ivarinda time waste money waste <br>And students are not studying properly,Political
3377,Hi tirpe munde nin mentor alla RCB dagar nin mentor madiddakke team kate mugade hoytu,Gender
7718,Freedom app bolimaga yak barthane pade pade fake nan maga,Gender
4146,Lo mudka nin thale Lory kelge ido lawde,Gender
139,thu nin Janmake nachike agalva antha holle huduganighe mosa maddalla ninnidane avnu sattidhu ninu nijja uddara agalla stupid,Religion
2241,Blue boy nin thara kelsa kodthini anbitu ninu hudgige yen. Madhe antha movie didhvi ok saryagi. Mathadu,Others
2591,Thu sulle makkla,Gender
809,Inthavaran ban madbeku,Others
4726,Dabba channel dabba reporter krma....edu ondu interview na,Others
1955,Ivattinda.. Nivu entavru antha gottaithu bidi.. Geddaga bala idithira... Biddiaaga jutt idithira..,Others
1584,"Innu Ytu dina Modi Modi anthira ,neev en kelsa madidira heli swalpa please kelbeku anthide,hogli nim govt en Kelsa madide helu nan kuda confusion alli idini yake neevella ithara helkonthira antheli",Political
5306,Dagar dagar avl???? idu bittu bere  enilla,Gender
82,Ninage training kottirodu pfi mathe sdpi soolemaklu taane soolemundeð¿ð¿,Gender
3608,Innu torisu tode na,Gender
1006,Pakistan Zindabad annabahudu alwa bedroom nalli<br>???,Geo-political
4022,Nettug Kannada matadi. Yaak natka madteera ? En tamil baratta?,Gender
4536,Magalige mettu tagondu hodiyamma .....Ella Andre tayiyante magalu nulinante dhara .....?,Violence
4828,ivarigella yaru kelsa kodtare avaru kai tatti duddu kelakke layakku,Political
5179,Muchokodu frist clg gee ogii hudgira eetra orata madodidra nimge enu use illa muchokodu chenagi study Madi kelsa takolii,Religion
5576,bharatadalli islam ban madi,Religion
6512,"Y this is Hindu Rashtra, doddowari ge buddhi illa",Religion
2281,Entha idhella obba starge idhella shobena chi..thu..,Gender
3856,Pakistan jote nam India inmle yawdwriti sambanda etgobrdu & pkistanakku namgad gatneginta jasti awrnu nawu balitagobku awagle samadana Ella bharatiyarigu...plzz awrna estakke bidbedi....,Geo-political
7557,Ene aadru nimgala Siddhu matthe congress barodilla<br>Nigursbedi,Political
6311,Ivanu yaro mental..... Huccha hudaga agiddakke banta illa chakka agiddakke banta,Gender
1240,Tho karma yuvldu ????? est dena yallo ond kade swalpa adru papa hudgi ansodu... edunna nodudmele yuvlig yallaru madode sari ansuthe,Gender
2371,"Naananthu ivatthinda yava muslim jothe friendship madolla, matthe muslims puncture shops gu hogalla ashte alla kanishata avara provision store alli one kothmiri sopnu togolalla??, jai bharath Maatha, jai shri ram??????",Religion
7976,420bjp kallaru,Political
7038,ade hotel hudugr endane e nan maga star agirodu hodiri chappali thagondu,Violence
6793,Khadr u right speaker ur waste heege jana ella waste idare,Political
2871,Hucchppa  jai hind namm rajya namage shreshta avar rajyadalli naven kittakana,Religion
7262,"Yappa ival familge dodda namaskara ðð¤£, yella yeno ivlu dodda saadane mandir haage yappa, brother ð¤£ð¤£",Others
1245,"avn sayoke, ivl reason alla tane",Gender
826,Sede galu matadbeku  itara ella video madbeda bro thu,Others
2744,Aa leeps nodrappa ......chu chu antane irthale,Gender
1102,Hogo mudigube utamadi tikamuchkondu Maliko nale matte ee mullagalu mamsa kodtare,Religion
2739,I hate megana ????????????????????yake antha gottilla,Gender
7359,"She is kacchhdda, girl",Gender
1481,Avr amma video nodidre satte hogiroru,Gender
6620,Evaga avrige chappali thagondu hodibardu . Karkondu bandu interview madthiddarala nimge hodi bekuu. Interview madthini andre Bekadastu sadhane madiro antha mahan dodda vyakthigalu  edare . Avaarnna bittu hogi hogi ee Dagar interview madthaediraallla nimge enu helbeku,Violence
7919,Ivarella serial alli banna  achhuttare ankondre real life allu  banna  akondu nataka adttare   devre,Religion
2689,Srirangapattanam temple ge enagide anta nodi. mattu namma hanuman temple Muslims forcibly akramana madiddu.. himse avara astra vagittu,Religion
146,Nim avvandu nandu veerya raktha beretha historu,Religion
3093,Pak ge dhairya idare mukha mukhi agi barabeku e thara naei galanna chu bittu bennige churi akodu hedigala kelasa,Political
5534,in en nin antha maklu uttsi nim amma think madle beku ð¤£ð¤£ð¤£ð¤£ð¤£ð¤£ð¤£,Gender
3100,Y Big boss still keeping this soole in show...first send her out of the show...intha soolemunde indha good girls will get spoil....<br>Dagar sonu srinivas gowdas...,Gender
640,Odiro chappale vikas avrge,Gender
2749,Hucchi thiklu subbi,Gender
6932,Qadar sir you very simple person because your pen ðï¸ is answer idakke vidyabhyasa mukhya andu,Geo-political
1986,Topivala kunne thukali nan maga hallu kisithane,Gender
1255,What is our government doing  guys??? Intha kacchada galanna encounter madbeku ashte.,Political
7583,Tuuuuuuu nonna tulligisht benkii haka hattkond uriya,Gender
6887,Ugiri sir jai sidaramaiha,Political
833,Ayoooo enro evlu Olle padmasri bandirorthara madthoule howww she is made,Gender
5116,Hijab Keval targatiyallondealla deshadadynta byan Aagabeku nodi avara kannu bittu bereyenu kanasadeeilla eidrrinda yaradru komuvadigalu uopyoga tagoltare terarist kandahage kanatare mundodina yaradru komuvadigalu uopyoga tagoltare Jai shree Ram good job ðððððððððððððððððððð thanks Jai shree Ram Jai mata di jai shree krishna jai bharat mata ki jai jai modi vishw guru Modiji,Religion
6605,@Pradeep Kumar Narayanappa Shiroorkar <br>Tika urkobedvo saabrige huttid Handi Pradeepa,Political
2053,Medam intornella karsi interview madthiralla ad yen sadane sadane madiro nam D BOSS na ban madidiralla idu nam Indians odiri capalee??????????????,Others
4349,Le Badmash Sule makkala e boomi mele nijawaglu kasta padodu raitru avarigi help ago tara ondu budget adru madi ... nijawaglu nimma appaga uttida makkalu adre avarigi budget madi avarigi sigo tara madi houdu antini nimmoun.....raita na bevarinda yallar ondu hottu uta tindu badukirodu arta madkoro Sule makkala,Gender
3740,Finish immidiate mugsi bisaki,Geo-political
6331,Correct anna nija yava nan maga kelavalla avnanna modlu saisbeku........... Bari aa paksha E paksha anna katarar..... Modlu avnige saisri....... Avanige leader patta kottiralla.... Thu....,Violence
4506,Shame on BTV.. y are u calling these people media marayadene thegithidhira,Others
7891,Hogo tharle burule dongi ramaya ninu heluvudalla reel sutoklo Sitha ramaya,Gender
7995,Anchor nina ???????? hodibekuuu.....,Violence
546,Tikka moccho leyyyy ninna prakara galli gallige barbega,Political
7599,"Ayyo ivlge makke hugudru nachke agalla bidi,,, ivle great ivlge ivl madodella sari ivlge,,, ella mannu thintare ivl matra anna tintale,, makkugiri ivlge",Others
1229,Ee boli maga sidramullakhan Anna irbeku ð?¤£ð?¤£ Halka nan maga.,Gender
4378,Nin amman adna helake nin yaro Vatal Thulraj,Gender
1490,D g k g Halli galate. Hijab galate <br>Goripalya galate. Namma hindu madudare  ivanu Yara swamy.,Religion
6044,"Yelru madodu aste, Neenu Review madi 3 Dina Koogadthiya amel hogi malkothiya....! ",Religion
4925,tuuu avl janmakkeee,Gender
7837,Ie tuuuuuuuuuuuuu khushi ninnindane sir sattirodu l miss you sir. I het u Meghan.,Gender
7566,Drusti bottu beare kedu paapigalige..suchendra Prasad avarige mosaaadiddhiya andhmeale...Neenu....,Geo-political
3186,"Danudh mamsa tinadhu samanvaya preethi bandavya dha sanketha na , bahusankyatha hindhu gala bsvne ge bele ilva, nin antavn hindane nam dhesha avanathi ge ogtiradhu thu, ninge modalu dikara",Gender
1384,annyvagi mosa madiddalle thuu harish ge,Gender
7721,Bommaiah yavare nivu Jarkihole rape case muchihakililwa,Gender
256,Useless sabhapathi,Gender
6760,Yella indians dharama annoru yavadu dharama himse madoda ? Yellaru vattagi dwani yetti pradhan matri gale yarella himse alli palkondidro avarigella Katrin shikshe aadastu bega aagle bekuð,Religion
3370, thuu yen aduu iden show na illa mattonda.. Yako bere anstaide,Others
7782,"As mooruu bitta Congress Jana idanuunotara ?iilluu tamma labha nodtare ,gAnchali madtare.ivarannu genoside aagbeku aste.",Political
2752,Laddijeevigalu yenne hakkondu makade malagbittavre ??. Suvver Bekson gullenari ange kantane,Gender
4626,"Innenu Intha kitthodhor na akondre disrespect bittre innen expect madthira? Ah ibbru lowdas name gothilla.. short hair girl and curly hair guy noduddhre mai mai mutkondu asayyadh chutiyas thara adthare. This is freaking family show where public audiences expects friendship, respect and manners. But this ott has none of these. Tv news chutiyagalge olle TRP and useless content. SUDEEP SIR ANTHU SONU GE CHAPPALI LI ODDHANG HELUDDHRU AVL MOKA NAYI HEL THINDHIRO THARA AGIDHE ðð¥",Violence
1468,Alla court ge evn badava ad hege 77 laksha kottu vakilananna nemaka madkonda antha doubt barlilva ðð,Political
6361,Boot nalli hodiri gulamarige e desha dhrohi congress na oddu odisi,Political
7793,Pavitra gowda darshan ond room ante ante ..thu ivnobba celebrity .. kachada bolimaga,Others
5910,E tata nege Keli hindu cut madiro nan veg Muslimru tintara murka  Old man,Religion
6653,Thu nin avanu,Gender
5624,Daleta Verodi nem TV gi Dhikkar .BJP Baket TV .Tu Tu Tu,Others
211,Nammavru namvru antha heli estu hindu gala kole aythu innu ninna atha  use less speech keloke yav hidhu nu oppala thilko yaknde nin yavu  cross  sule maga bvc rande maga  hindhu gala bagge gothilade bogalthidhiya sule maga,Gender
4837,Nalakyak thu nin magane TV9 media. Nin magal idre hige matadti yen,Gender
4327,DBOSS..thika boss evanu nachige agbeku bari dove mada mandya ge bandu ..hallina abisheka madi intha loppers nan makalige,Violence
7997,Sulemakla Scripted  publicity,Gender
5778,Nin janmake benki aka nin loffair kane i miss you harish,Violence
5021,Ade lsg match li dk hakda nodi ball na side vr adu fixing anni sule makla gaycb sule makla ð,Gender
7096,Dolly rachita ge line hodita idda..bidi bidili..avanu ok na. Avaninda enu kalibeku.. road roadalli line hodeyoda..,Violence
4390,Sule munde nA kyakarsi hugthu hatti avla ache ge,Gender
190,First btv channel ge ???? hodibeku,Violence
1032,Huccha bosadi maga yav boli huttissiddu ninna,Gender
4622,Karnataka No.1 bucket ??????...,Political
6817,Hijaab haaki Nimmanthavaru college ge barode beda,Political
7188,Shegya .....idoits boodsi makla,Gender
4644,Chappali li odudru nachike agalwa bjp avrge,Violence
1294,Vikas avalana mutdhaenae bichidru ella....??,Gender
652,Dagar ..sooo... ...e baket tv,Others
1821,Guru nin mukha torsu guru <br>Avala janma Pavan aguthe,Gender
6269,Kallaru kallara santeyanne bayasuttare kaltana madi kole plan madbekalla,Religion
3827,avanakkan iva enta rajakarani,Gender
3870,A vayasagide ninge buddi Yavaga barutte Ninage handi tin tu nin janmkke,Gender
217,Ninage avalu obbalu thayi avanu obba shanda thsmma ninu obbalu dagar soole sariyagidira ninu batte yavaga bichodu naavu nodbeku,Gender
3331,Sonu aa mindri henu henagi eru sullemagalle,Gender
7229,BJP serida andhre.... Manassu almost vikrutha... Yendhartha.,Political
1568,Finals ge RCB v/s Lsg match agbeku. Avnajji avath heavy margin indha win aagi gambir ajja nd Naveen kaka na innu heavy ursbeku bidbeku and even avesh Khan avnig anthu attadskondu hodibeku,Violence
4172,Darshan tappu madidare  adare nim anta freinds na yavathu maribardu,Geo-political
5088,Yee  hadargitti.     iee  picher madisiddu  nim  BJP  yee  sullemaklu.       idu bare  calpanika  aste.    Nijawagi  aagiddu  alla  . Nim  tale  tumba  shagni  mutra  tumbi  hogide   thooooooo  thardklas sullemakla.      Sangi  chaddi  sullemakla  thooooooo,Gender
510,He dagar,Gender
4645,yaru madilde iro tappu madidala anta keltirala ?????? support madtidira magluge,Political
2616,"Antha,nayi,yak,bekri ee rajyakke avanana illinda odsi",Others
7699,mosakke kai voddi voddi roodhi madkondiddare namma jana thu ee rajakarani galanna hero anta ankotaralla adara parinama,Geo-political
1381,Famous aagi aden madtiyamma taayi <br>Nin satre ningoskara aloke krimi kitaanu baralla inta tirke shoki ella bittu enmele aadru tidkondu hogu,Violence
6467,Congress vote akoo gandhu chutya hindu galu eddanu noodbeeku......,Political
6779,Muslims majority alli iddaaga en madtare nim bandhavaru !! Nimde tika keytare saar,Religion
6893,ivano kari nann maga.. avalo heroinu.. paapa namm nikhila en madbeku,Gender
2641,Ttuuuuu Btv channel ??,Others
5314,Handi lips ide avaldu yavdakku use illa,Religion
7240,"CM eddu nintaag respect kododu rules illa ante entha karma kanayya, Sabhaddhyksharu helidru lekkakkilla",Political
3749,Speaker gandu ne Bjp enjalu tin boli maga,Political
1126,Adu baglu gotu nin ur baglu,Gender
364,Thikklu thikklu thara aadthale<br>Neeno nin moothino Thu olle naayi thull tara ide nin baayi,Gender
6591,Avva yakaru ninu batte bochoko rediediya,Gender
1716,Lo pakka gottu bidri neev cross Beed Nan maklu antha,Gender
711,Inta hudgirge aa devaru olled madolla,Gender
3068,Bharathadalli huttiro prathi obru modale beku avaru maatra bharatheeyaru,Political
6674,Le loude tulle Goutham Gambir also old player matte Virat yak avrge maryade kodlilla hage Naveen kuda madidane aste nin aduna matra helbeda loude ke bal iste gaycb late,Political
4155,Yarge yavdu beku adunna thagond thinthare elladukku avakasha erli .....bidi adbittu brame li yak erthira,Religion
3090,bjp govt inda matra sadhya idanna tadegattodu,Political
5005,History tilkoli pratham modlu.....amele bogaluvirante,Violence
3879,Supper vikasanna... Chaplili hodthangaythu,Violence
6453,Bakrasedubadtesedu.. ee sule maganna,Gender
1724,Ninu thika muchkondu uta madu muduka,Religion
3901,Madbardh thappu anthe???? yaru maddhe ero thappu?????? olle joke???????? thu thayi anthe maglu bidu ..... Yalla madve admele secret ag adru appa amma ata adthare?????? ee dagaruu adikke teacher agidale... Kithodavluuu???? inthavrna karsi tym bere waste mado idhondh channel... Thu nimma!!! Prapancha suthi news kodri andre social media bagithavre...,Others
6819,Elli AAAGTIDE MATAANTARA <br>MAHATAYI YAKKRE SULLU HELTEERA ? MODI BJP RSS -GHODSE -HITLER -GHODSE -RSS GOLVAALKAR BRAHMANA CM MAADO HUNNARA BJP RSS DU THU BJP JANMAKKE BENKI HAAKA DESHA NADANNU ULISI CONGRESS GELLISI DESHA ULISI CONGRESS GELLISI DESHA ULISI,Violence
3726,adre hindu muslim jagala agodu when bjp is in power,Religion
4717,chikka makkalinda hididu doddavara varegu ee hadannu ellaru hadiddare,Political
5309,Karma nin tayi yanta buddi kalisidavala tayi,Gender
4907,Nan kaili gun kodi avan hutte illa anno haage madtini.,Violence
7411,Sakiddu bidu sule otteli huttidya elva,Gender
1028,Dagargala family,Geo-political
6396,Papa nin amma nin baggene yochista idareno <br>nin Amman health sariyag nodko,Gender
3629,Nim Manel devar mane elva.  Ayoo en mathadthare bidi nim thayi.,Political
322,Howdu ide sandesha annonu media avr munde hange heli ivag nodidre hinge andavne..... berke galu ivrella,Gender
3596,Kalla nanna maklu badavaranella thulide Bitruuu avra avvvnige huttilla BJP sulle maklu,Gender
3309,Kashmir files bittakrooooooooo..indian files nodroo.. desha ne kithkond hogtide..,Geo-political
6488,Siddhu only cm ...olleya nayaka karnataka kke,Political
6289,ee thara editing madi kotre dina poorti nodbahudu,Geo-political
3919,"Muslimarannu hora haakuvudharindha enu prayojana?<br>Adhu saadhyavu alla and ella muslimaru terrorism ge support maadalla,<br><br>Ondhu dhodda samasye endhare Muslimaru terrorism ge edhuraagi enu dhwani etthuvudhilla ,<br><br>Especially Quran and madarasa shikshanadhalli  parivarthane thandhare terrorism  kammi aagutthe,<br>Illadhiddhalli madarasa shikshana full nillisabeku,<br><br>Shala shikshanakkintha mahathwa madarasa shikshanakke yaake?",Religion
2055,"Just ondu movie nodi<br>Muslim islam bagge ee tara mathado neev,<br><br>Whaa whaaa<br><br>Yavdo thukali nan Maga madiro movi ghe neev ee tharana video madodu haaa",Religion
3478,Guru next match alli naveen ge 4 over alli 100 run chechodu antu pakka .ipl atwa international match yawde eddru..<br><br>Hinge swalp Dinda hinde westindian bolwer obba egrda<br><br><br>Ewga awna address ellada haga agide<br><br><br>Munde naveen Kate kuda aste Guru,Others
7692,Avna modalu roadalli suttakape,Violence
5848,Bsadi maga,Gender
7064,"Dvesha bittu desha kattu , adre Neenu dvesha bittilla inbrige heltiya ,dvesha ada adakke Neenu ninna maatinalli gottagta ide sari tappu helta iddiya anta .",Political
7332,Avara personal vyshya na public madthirallrooo halkat hajam nan makla....madak kelsa ila Andre kelsa hudikoli udhara agthira... Namardhgal thara avara ivar mane baggi kadhu keli oorigela helkothiralla nachike mana maryadhe kinchothu idhre ee thara madalla....,Others
2930,E mindri media news 1st solemaklu ramesh jareki hole opposite,Others
3858,Really meghana is very bed girl she is kildd harish I hear u meghana,Gender
6130,nimm voive kandre agalla innu ee bayalli enen kelbeko,Gender
3220,Darshan is King maker dharshan shaatanu kithkolakke aagalla,Gender
1677,Btv news avrige buddi ella yarige interview madbeku madbardu anta gottagalla chapli tagondu hodiri news davrige  hogi raita rige madi avre namge anna hakodu,Violence
2590,Nivu media devaru yako heart attack adavaranna target madi madi torstira....bere tara yaru sayalva.....yellarannu weak mado mind...nimda,Violence
5089,muvaru simha tara yaradaru agali namma desha beleyutte,Political
7238,Niinu fast sathoogu avagala karanataka channagirutha yaalarigu mossa madidhu ninaa,Religion
2996,MULL@NA MUKLY@G H@NDI TUNN! Avala hettan iva,Gender
723,Baget yell odtavre kivimel huv idodu bagetta speaker west ðð,Gender
1352,BJP Modi gangu ð»ð»ð»ð»ð»ð»ð»ð»ð»ð»ð»ð»ð»ð»ð»ð»ð»ð»ð»ð»ð»ð» Rawan sarkara BJP neta yallaro sholy ðððððððððððð,Political
2702,Kashmirdavrnella bombygs hakri hogli sule makkalu,Gender
5752,speaker obba AAAAAAAyyyoogggyaaaaaaa,Gender
5100,?dare ?gal? ? pak?a bh?ratadalli astitvadallide. Idu bijepi ke??addalla endu t?risuttade. Y?r?dar? hind? athav? musalm?nar?giddare r?k?asa prajey?giddare avarige ?ik?ey?gab?ku. K??m?rada kallu t?r??ag?rarannu avaru muslimaru emba k?ra?akke u?isab?ku endu n?vu bh?visutt?r??,Religion
1893,En thaayino....en maglo<br>Devre,Geo-political
922,"allah,  bullah,   mullah  , ??<br>Sulemaga pravadi????  helu   thinnuva bevarsi handis  ??   ??  are very dangerous  ..??",Gender
1349,Shandamuslimarige gov samvidanakke bele kodakku aagodilla.. allige naavella tiliyabeku ivaraaru deshada uttama prajeyaagalu saadyave illa. ,Religion
6546,Vote goskara Hindu ne beda ninge,Religion
4138,"Lo Anna first you make survey in Bengaluru. Kannadiga or Tamilian or Hindiwala, yar thumbkondu eddare Bengaluru alli antha nodi ameli mathadi. In future you will protest to secure north Hindi people not south people. Fight against govt not people by languages",Others
7213,Mutton tinkond malko hoggabba.. Thata  Karnataka files cinema noduva ashe anusthe ninge....,Geo-political
2121,Back ground alli anchor eno pungtavle??????????,Others
1101,Hogo loper thatha nin hentha sede anta gottaytu ninn maklu hingena hijdagalu,Gender
3796,Siddunottige seeri cong. Gellisidde appa maga.,Gender
677,40 percnt commission corona commission oxygen commission hindu musilm madya dwesha ide blujp avra kelsa....bele yerike thu sakapa bjp adikara,Political
4731,Ivanu obba langa sulemaga,Gender
2102,Dengi devru madodu andre ede erbeku ??????,Others
380,Bjp alli eruvavru Matra hindu alla ... Ninge buddi bramane agide... Chappalalli ninge hodko bvc,Religion
4282,Etara hugirana yake serel ge takoltrira hudgan life halu madidvlu rip shidhrth,Religion
7541,islamic ella nu terrorist band madbeku avaga jagattige olledu,Religion
2275,At the age of 17-18 nalli aaa bolimaga karaate action nallididdu...,Political
2340,"Enmeladru film nodi bitaki enmele hero galu Andre filmli matra realagi Alla, adella raj Vishnu ambi kapalakke mugithu enmeladru Nim Nim APPA Anna tamma na preetisi yake entavra hinde biltira, covidalli saytidaga badavra kastakke agdhe kudidu party madoru heros antha niv tilkondre Nim hanebaraha",Others
6336,Sabhaadyaksharige modlu chapplalli hodibeku,Violence
1363,tuuu yastu ketadgi matadiya kushi Good byeeeeeee,Gender
46,thu Ninna janmakke benki haku I not like it megana,Violence
3424,Evalu Anu kittu dabakidale anta intruv madatare,Geo-political
2743,Sir naavu correct agi erabeku<br>E Sule mundeyarige.  Saabara<br>Tunneye.  Beku hoguttare<br>Avara tunneyanne unnali,Gender
2492,devru muslim anta huttirorige manushyatwane kottilla yake anta gottilla,Religion
2313,Age agide aralo maralo agide . Nimma Muslim  bandavaru nimmannu yavathu thammavarendu bavisilla serisikolla . Avara acharane bittu yavathu nimmannu hindugala acharane yannu yavathu oppalla. Nimma thale sari madikolli,Religion
1385,Nachike ketava urige dodava anth gadhe eda ade aythu,Geo-political
1277,"Nam sanvidana avrige badkoke avakasha kodutthe, Nam Rajakaranigalige anthavranna  encounter madidre ondu votu kadime agutthe. otnalli Nam bharatha ugragamigala Swarga.",Geo-political
6111,At least deshada prajeya pranavannu eevagale rakshisabahudu. Navu Francedeshada rules tarle bekuâ¦ eevage tandare Onde karchinalli yella dangegalanna hedemuri kattabahudu. ,Political
3462,Stupid megana beka ee thara ninge,Others
110,Kachada hudgi,Gender
3483,"aden Amma no, yaru enu madade iro kelsa enu madilla... yar mane li nu henn maklu illva antha kelthare..  Makilge n Thayige obru gu thakka haage ne ide",Gender
2058,Ayyo bevarsi munde ninnatavrinda gand janmakke uligalane ella nin nigurkond hogtiya,Gender
2311,bate bichu innu chanagi kantiya,Gender
3258,tho nin pappa hudaga,Gender
1812,suma sister aa munde ind maryadsat henmaklu koda hesru haalo tho awal janmke,Gender
5967,Y Rande magin ninn,Gender
800,Sonu  mathadodu  sari but kalape adu Yan thondre ill   adann thale itako bedi nivu Changi ata adtha idira not werry ok all the best all bigg Boss  house member,Others
7089,hero antu agalilla.. evaga dwesha harad tavne.. madu madu..,Religion
3086,Headline hala cut issue MADKONDAVNE,Religion
7319,Avl helthirodhu nodi avr amma kastane pattila anthe 3 maklunu avr sakilla anthe avr ajji sakiddu anthe huttid second ge avr ajji karkond hodreno ivlna sakoke illa 9 months avr amma hotteli idde ilveno avr amma ah time alli yest kasta patro adella gottila adru yestu davlatthalli mathadthale <br>Avr amma ge yege kurbeku hage kuthidare adralli evlu saryagi kuramma evl official anta avr amma nu evl tarane adbekeno illa evl maryadi hogutthe ansutthe<br>Bekiro kade official hagi erodhu bittu avr amma kurodralli official hagi eroke nodthidale,Violence
2413,Huchaaa randdi magane.hogole nayi muduka,Gender
160,Ivalige hetta taayige gaurava kodoke gottilla... Sede tara adtale... Nimma maatu kelodunteeee....,Gender
1943,ivattinda muslim shops matte restaurants ge hogod nillistini yavanig beku ee nann makkaldu,Religion
916,"Learuna,ootayakmadde,kakkayakmaddeanthakelthiyallo",Gender
1982,Ninna kannada,Gender
5762,Ninu up ge hogi... Ninage toristare... Yogoji...,Gender
457,Amma nige hege matadthavle nodi chu<br>Enta makllu edre uddara,Gender
7969,Bucket tv avrge first mettali hodibeku,Violence
3123,Ee fake storiyannu nodi samajakke yaavude laba illa. Budhiyillada sangigalinda producer hana madida.,Religion
6621,First avlna horagade haki illa andre big boss mele iro abhimana hogutte,Gender
5614,Thu nin janmakke benki haka,Violence
478,Btv ge hodibeku modlu??,Violence
7317,Yene heli swamy congress govt bantu andre baragaala anta arta. Daridra paksha adu,Political
2144,Kachada nan makla evalu oblu thirboki a anchor oblu chaild thu nan makla idu ondu programme karma,Gender
6632,Islam is powerful religion......nimmantha kachda hindugalu naayitara bogalbeku aste....berenu maadodakke aagalla......thu beversigala.......pratham obba half mental......TV channel ge intaha mental gale beku.....,Religion
625,Manege hogappa Tindu malagu,Religion
3296,Eshtu bobbe hodedrunu  <br>Sarkara   niru biduvudannu nillisalla    .ella vote bank,Political
1013,Suli magna niv fixing madkondriii,Gender
6368,Hey nayi tara yak adthiya gube mukadavale chi nin muka nayi thinna galiju wast nayi neenu,Gender
1788,Anchor lofer drees senses chenge mado,Gender
7884,Bjp ne 370 thegheddu nenperli brother gotilde mathadbeda,Political
7507,Nayi galukachadyave..sadanakke maryade illa.,Religion
947,Please muslim nadstiro yavde shop  ge hogbedi mate avrinda ynu purchase madbedi namm hindu shop ali hogi purchase madi. Evru namm deshnna Islam dharm ke convert madke hogtidare navu evrge buddi kalsona ??,Religion
994,Mudukaniga duddu kottu halsiddara yalla drama ee politicians enu madoku hesalla aa rajyadinda bandu nammanna altare,Violence
3027,Madhyamadavaru intaha avivekigalige mic kottu sakabedi annuvude nanna manavi..,Religion
3463,Madirode karmad kelsa helod nodu nin antha mana maryade bittoru matra intha kelsa madodu yaru sacha alla andre nin prakara yella henmaklu halagidare anthana thu nin janmakke ninge mana maryade illa andre bere henmakligu mana maryade ilva,Others
5728,Entha tayige entha maglu .... Devre nine kapadbeku,Gender
1119,ha ha  news  channel    galla ge    .doddha     namaskara.     thu   nima   janmakistu   .,Others
3059,Paapa aa olle tammma idane aa hudugan hesar haal madakattale.... Ivalu...,Gender
1909,Akka nin vd madiro room torsu,Gender
135,Anchor ivl akka ansuthe,Others
132,Congress nirmula adagle e deshadali samadana erute.. so bjp ge vote aki e congress na nirmula madi,Political
1689,Hendathigi naraka thoriso dbosss yav seeme hero ivnu... E karmakke ivanige fans bere,Others
1456,LOPers nan maklu Pakistan terrarist suver nan maklu,Geo-political
1739,Siddu khan and DKS ge takat idre answer maadli... baddi magand,Gender
5904,Kyakrisi ogiri thu papi cmððð,Gender
6334,"Mufti Muhammad Sayed , Farooq Abdullah, bitta karate ,Yasin mallik , secular Hindus , ivarella  main culprits",Religion
4700,420 a s n 40/ sarkara maga,Political
7872,Chappall mali hali meravanige madabeku &amp; sent haryatira sulemakklu,Gender
4397,Superr sonu be brave.. ivella lekkakkilla,Gender
2888,Inta shameful lady  yarig example agbekagide.... Idaralle gottagatte Karnataka Andre estu uri anta????,Political
2778,Pakka logic,Gender
4134,May 5 Kke beda Inna bega release agbeku aaga full congress solutthe <br><br>Aamele idhku congress gu yen sambandha anno guldugalge helthini keli <br>Congress bandre Adhu secular paksha Muslims Vote beku antha avrge support madthare aamele bjp hindurastra madthare idhu sullh alla <br>Nam hinduge irodh Idh ondhe desha idhunnu secular country madbedi Muslims GE Muslim country annoke 42 country idhe hindugal artha madkoli angantha Muslims odsi antha alla pak nalli Hindu hegh iddharo Adhe thara india dalli Muslims irbeku Kerala dalli communist party irodkae athara agthirodhu,Religion
4157,Kannada maryade thegyodu saniya dagar alla kannada news channel avru...Sikka sikkavrathra hogi kannada mathadi plzzzzz kannada mathadi plzzzzz sir/Mam andre idhe tara answer sigodu..Kannadana avre ista pattu mathadbeku avaga kannadake ondhu respect erutthe.Evlu kannada mathadade idhre aste hoithu..Get lost saniya dagar munde.,Others
2326,Murka 1 kg yak 10 kg tago nin tale paka ladi ninu turk jathi,Gender
575,Gambir and kohli na ban madbeku ipl enda,Others
6451,Dagar tara adtiyalle,Gender
2242,Ashwath Avanamukkakke ugire Avanu Shashakana Stankke Nalak,Gender
267,America.chaina.Russia germany Uk.pakistan France munthada Rastragalu bharathada munde gada gada nadaguva dina dura illa aadare inthadu nadeyabekadare deshadalli kanditha congress sarakara adikarakke barabeku,Geo-political
2883,Ee soole maga pratham..ivan thorso nim channel galu nive nijavada pandith ru,Gender
6992,Evalge yeshtu jana gandandhru.,Others
6990,bommai nalayak,Political
3765,Soole makla neev bramhanru maathra hindugula berevrenro ninnamman neevu pogaru moviena viroda maadidri bramhanranna matthe Sabru indiadalli illa andre India ello hogtha itthu ninnamman chiru nimmappa ge neenu huttidre neenu pogaru movieli off maadiro comment lock thegi nimmappa ninna hutsidre inyargo neenu hutti yavanno appa antha iddre comments lock maadko,Gender
2537,Sidda ramayya cm adre 100%nam rajya indu Muslim state hagodralli  2mathilla,Religion
6414,Adu Vallabhai patel ranta Hindugalu Congress lli iddiddakke ..tilko modlu gaand nan magne.,Political
6318,Waste fellow Bomma nimage buddhi illa,Political
7515,Sabadyaksharagalu.unfit ,Political
75,"ROUDY,HADISIMAGA,D,K,BRASHTA,E,BOLEMAGA",Gender
7578,E nan magan ga practical experience admala evnga arta agodu. <br>K G Halli Yale nima bandavaru edra karkodhogi manayle madkekola magana,Gender
3351,ivalu dodda dagar....btv promote madutta ???????... pimp btv,Gender
6551,Sadane ??  na sadane anno padakke   avmana ????,Gender
4927,Halliyavru thara iddira nivu.....nimma mane alla idu yardo bereyavrdu... bildup kodoke bandidya ashte,Religion
1395,Le neenu  mamsa koletu hoguva munche baisi tinnu,Gender
1085,Sonu matadod nodudre Tika ella uriyutte olle chaild tara adtale,Gender
1554,Pratham nimma statement tumba tappu yakandre real Indians should watch this movie.yakandre idella agiddu ISIS terrorists galinda shandi maklu bosadike galu,Geo-political
2572,BJP 40%comisaynu,Political
2154,@Rio de janairo kannada davaru huddara agalla andre.....avaru heliddu kannada anta bandre hoggatagi anta.... buddi illa ede rajani kant karnataka baidaga yelli hogidri tiraga avana film nodidru.....<br>..,Others
4936,Ril edo nija alla . Bjp hindu avarige yeen madide? Bari sullo heli heli desha haal madi de.,Political
7479,Madodu tappu madi estu ahakara bittilla mana marhade illa thu naayi bevarsi ivalu,Gender
1472,Sonu yene madkondu saayi. Ammanige mariyadhi kodu aytha. Neenu ondu taayi adaga ammana bele gotthagutte. Neenu astu Jetta kelsa madidru magalu antare Alva Avuru ninna,Gender
7857,Snanane madada ivalu hesarubere sonu,Gender
905,"Hindu galalli badavar ilva, hindu desha alli hindugalige shaadi bhagya yakilla",Religion
2180,Lakva hodidor tara yake adtiya yappaaa lopar mundeð,Gender
5311,Hudugirandre Dangerappo hushaaragirappo...... Culture na maretiro hudugiru thu.....,Gender
5779,Kashmir dalli sc &amp; st galanna  nimma bandavaru kole madi odisiddare. Nimmanna avaru thamma bandavaru antha oppikolluthara?,Geo-political
4345,@Mohan Vasista <br>Bramanru= muslims <br>Ebru onde <br>BJP vite keluvaga hindu navella ondu annodu amele EWS alli bramanis ge matra reservation tagolodhuð <br>Ee natka nadiyalla namgu buddi bandidde,Religion
442,Yappa dodda nati guru evalu pastu ankarge hodibeku matte btv ge hodibeku guru,Violence
7981,Rowdy DKS Evnu CM adre mugithu karnataka,Political
2757,Re mister yarri nimage news channel ge hakkiduu sheme one u TV9 news janari ge artha madsbeku hijab maddre tappe en ide enadru modling madtidara  adu parampara adu palsta irodo adu bidi Andre ashtu sulaba na ishtu varsha dinda iddilla idella hege Bantu,Others
5257,@MARUTI ALL GROUND nin helid crt bro but naavu innobrige badige kodo range ge beldidivi nav avr hatra hogalla avre nam hatra bartare naayi tara nodoru nammunna munde ond dina nam mane munde naayi tara band niltare idunna helta irodu nam caste haters ge ma,Gender
309,"Ella kade ninna videos famous aagi avna friends elru nodirtare, Avnu adenge mukha thorsitane paapa. Avna friends yaaru teeke maadalva",Gender
3662,He aadil nan magne tuuu nicha,Gender
6865,Sabar duddu estu kottare ogle bosdikke,Gender
4800,Boli magalu inda niv sathra,Gender
2530,Howdhu adhu agbhardhu Andre parthiyobha bharthinallu e prasanga mana muttusbeku parthiyobha bharatiyanu deshbimanadha horeyana horbheku,Political
2870,Bommai avre nim govt alli agiro astu corruption yav govt allu nadedilla,Political
7750,Tika muchkondi hogoloe loude....saabru court adesha follow maadu anta helola bandbita nimavan jati na keya,Gender
87,Ella mental dogs ððgalu beedige bandu bittiddavalla .innuuu halal payment kottilla ansutte . business agilvalla adkke mikkida muttun kottu kaluhisiddare .Ela muduka 1kg muttun ge istondu dailouge hoditiya .ba ba 1 meke kodustini  jatka muttun shop hattira dailouge hodiyuviyante ninna payment gang karkondu baa.,Violence
5561,Please see this movie tumba nija galanna tilsatte mivie yaru ban madbeku antaro avar bayalli mannu hakbeku,Others
3732,Nakkan adyaavane aagirli thappige shikshe aagle beku yaavde kaarnakku bidbedi boss narka thorsi ??,Violence
255,Sule maga sabhadyaksha ........bjp ge dikkara?????,Gender
1154,"Muslim virodi galela ,hebrnanmaklu",Religion
4565,ni Nan Shanta k huttidið bolimaga yav gandso ninu,Gender
2271,Respect yaradru agali. Nivu cong kattalu nive CM agbeku anta namagu ase ide.,Political
1873,Shata tariyoke karsidira sonu dagaar na,Gender
5889,Next Congress fix sir  nivu obbare satya helutirodu yava sulle makkalu dwasha sarutidare bjp modi sahili kachadagalu,Political
7876,Thu.nachki.ela.evaligi,Gender
1129,"Fine,fine antey ??????bargeytta English evldu",Gender
6191,TRP goskara sulle nala interview madthira,Gender
2219,??@Rio de janaironinamman tullera????ne nin bandvala????,Gender
5082,17th over ge virat kohli ye kenikidu ... Ok alli bidi hogli ... Siraj yentha attitude wicket ge ball bisaki attitude .. Eliminator alli sigli noduva aga,Others
7403,"adikege hoda maana aane kottaru baaradu...nin maryade 3 kaasige haraaj aytu darshan... adke helodu jasthi meribardu durahankaradalli anta... manushya yavatthu neera melina gulle tara... ivatthiddu naale saayo jeevanadalli ivella dadagiri beka ninge... inmeladru ahankara bittu olle reethi jeevna maadu, illandre ondina janare ninna mettalli hoditare... maryadeyinda badukodu kali",Violence
798,E Loper U t khader bolimagana hoshar,Gender
521,E sule mklu ge first reservation tagiri jai hindu ð???ð??,Gender
3406,Karnataka 3 party  asthina thu nimmajanmalke,Political
1201,Ha nayi Mari yen papa madidyo oggi oggi Ã¨ sule jote ede nim amma silent anta gothu Yake helu oggi oggi Nin anta sulege janma kottidare alva adike thu Nin balu ge benki akka ð¡ð¡ð¡ð¡,Violence
6279,Bjp munde nediyalla ega bjp strang ide,Political
2422,Lo bedro suleparty Congress na full nashana madovareghu bidro paapa sulemaganna,Political
6094,Shame on you guys who&#39;s supporting asshole ondu hudugi beleyod nodoke agtha illa antha,Others
5191,"Cinema hagu e horatakke yavude samabadavilla hageye nimmanu e horatkke karidirodu nimma melina abhimanakkagagi neevu obba raitha endhu haage iruvaga bere basheya film nododu manaranjeya uddesha horathu bere yavude reethiya yochane illa . Haage nammali Kgf ,Kanathra intha dodda cinema galanu avru nodidare hagagi naavu avarna hogi kelike agala namage support maadi antha nimma mulaka rajayada dodda dodda rajakiya vekthigalige vishaya thalupidare eno namma bada raitharige help agabahudu endhu nimma balli bandideve nimma cinema nodidre mathra support madtheve annodu estraa mattige sari sir ????<br><br>Navella Indians asteâ¤",Religion
2807,BJP Bharshtachar Jantha Party Narendra Modi weakest prime minister of India,Political
6365,SULE MUNDE GURU EVALU EDU ONDE MATHU,Gender
7589,"Wow wow!! First of all Huch nai Kachiror thara idd baddor Hinde yella hogi Kannada Mathadi, hanganni hinganni annod bidri. Nachke Agalva ee TV Navrige. Avrenu nim maneliro 3rd standard maguna ? Hadu helu, dance Madu and takshana kuniyoke ? Nim mane kelsdora avru. ? Niv helidnella helbaka ? Illandre baying bandange henmakligella baytira. Namma Karnatakada mana maryadenella mooru Kasige Haraajakta Idira. Thu ee mediadavru. Hyderabad averagi Avryakri RCB support madtare? Kannada sportsperson Chennaige hogi. Whistle podu Andre sumnirtira ?",Others
5942,Ajja nin kelsa nin nodko ogu saku,Gender
929,Thuuuuu ninna ninn jati bagge matadakke nachike agbeku,Gender
3099,"Edu actually program tara ediya, kittogiro show",Others
7633,Konga nan makklu nam movie nodalla,Others
4956,Sidramayya mathu chanagide antha nammbakke hogbedi,Political
963,Bjp ya sullina pracharakke eagagale Karnataka da jana uttara kottiddare,Political
2617,Bucket tv channel ugiri mukkake,Others
2265,Nim avan tullu sulemagne nim akan<br>Nin magal tulla nan tunni Randi magane,Gender
4776,Dayavittu secular congress ge vote hakabedi. Hindu gale eddele ondagi. Hindugalu congress ge vote madabedi,Political
4581,Darshan be like Nan yak adru tv munde bandu sumne buildup kotno....vishya yel yelligo hoytuð,Gender
736,All Kanralla Bekoofa Naan Makkla Eee Tingalinda Gas Rate Petrol Rate Matte Jasti Agide Adra Bagge Maatadro Adu Bittu Eee Kittogiro Nann Magana News Thorstha Iddira Matte Illi Kelavu Gubal Nann Makklu Avnyavno Dboss Pooje Maadtha Iddare,Others
2001,I like u meghana.... Hurt madidavrge heege madbeku,Violence
5048,Nin mado e daridra video na elru nodi chanag iro Jana Ella kittadbeka ? Brain wash agirodu avrdalla Raja nindu. Nin acting ge mathra Oscar kodlebkalla?? Nam kannada nadalli ninnanthoru idare antha gottaythu bidu. ( Ivella pungu purana nin en idi alla alli matra use agodu. pedd pedd ange pekr pekr thara bandu comments alli baitharalla avrgu ningu enu vyatyasa illa ??,Others
3645,Muthuka muslim Ytu thuddu kotru,Religion
1320,D boss hesralli yelru gimmick madi publicity tagotirodu include media and all.. We know this fact very well.,Others
3433,Nin appa amma ellaru mudukaragthare nenapirli,Gender
3628,Avlige Mettnalli hoditini naanu Avln kandre ne uri thu,Violence
4742,Nirilde idre uche hoyyoda iva yentha vakeela sakath duddu hod dirbeku karnatakada nethara rige pothele illa,Violence
5448,bolimagana CM age relaxation kodu frist,Political
1951,Edu nam historyali makkalu odbiku,Religion
154,Congress paksha erovarigo desha munde baralla,Political
3698,13 rinda 25 Varshada hudugi yarige e cinima  torisbeku,Religion
5868,Thu..meghaa..?? yarige enu helodu avnu konde alle,Gender
5237,Hodiri congress sulemaklige,Political
2147,Tho nimma awara expression iwara expression nodta posiolety madtira,Political
3454,2014 - 2023 BJP Central BJP govt vote goskra  Muslim jote kai milayiside..???? bari bhashana aste Bjp du????,Political
7249,LE SOOLE FIRST NEENU FULL BATTE HAAKU AAMELE AVLU FULL BATTE HAAKTAALE .TV SHOW ANDRE SEX SHOW ANTA ANKONDRA.,Gender
3913,Pratham neene dodda hinduâ¦ neene hogla kashmirakke ondu 6 thingaluâ¦,Geo-political
3263,@Kashmara Natureschild tika muchukondu hogale kandiddini First nimmata sulemakkalanu kollabeku,Gender
6584,@Pradeep Kumar Narayanappa Shiroorkar   ninu mulla ge huttidiya ð¡âªï¸hutiya nanna magane ð¡,Gender
108,"E taatange kashmira file movie Torsi, and devstana kedavi masidi kattirodanna dalu karedukondu hogi",Geo-political
4590,Pekri thara adthya vedio correct agi madakke bandre madu loose ah ninu UPS yella thorskondu thu mental,Religion
4963,Dagar mindriguttid sule news channels ??,Gender
5823,Yake navu ee reeti madbardu e sulemagna haage adhil shah sulemaga,Gender
3815,Idella ond interview Bucket tv ??,Others
7510,goa dinda mahadayi namma rajyakke barli annodu onde kaveri na bere rajyakke kododu onde.. Adru yake namm arajyadavaru ee reeti kittadi saytavre,Geo-political
6325,"Congress bandre  India ,Afghanistan agodu Guarantee,amele navu sulemakkalu tara kittadbekagatte",Geo-political
6744,Dagar dagar ??????,Gender
5723,nivu sule maklu nimage yaru heliddu illi iri anta jati antira,Gender
6880,"Sir namma dhesha dalli  eshtu matha dharma galive yarannu bottu madi helade, bari idondu community GE ellaru even Christian kuda helthide andre Nive thilkolli ivru adheshtu mane halu kelsa madthidare,  ivrige ee rithi madre swarga sigutte antha helthidara, yavdadru dharma dalli ee rithi mane haalu madre  swarga siguttu antha helidara Thu ivrudu ondu janma na<br>manaviyathe GE value kodade iro kantri galu <br>ee hennu maklu na aa mulla galu duddu kodthirodu nijane thorsidare <br>Adakke kerala dalli politicians gale support madthidare thamma hennu maklige ee rithi adre buddi barutto ilvo adu kuda Gottilla...",Religion
4315,Rashmika swalp kalitakolli..,Geo-political
5319,Buddivantha kanapa ninu<br>Navenu madoke aguthapa ninu one channel ide neene namma paravagi sarakarakke helbittu avnige saje kodsappa aa bitta nige,Others
900,Parthi paksha dhalli eda DK Shivakumar nethruthvadhalli pada yathre madudhru nav adikaralli edhre katte kattuthivi antha heludhru,Political
3573,thou yarppa ivanu bolimaga,Gender
4102,Mancha giraki .. modi innu evanan pakshadimda yake horahakilla .. evana sex video desha yela dideye,Gender
3172,Subramanya siddaramaiah na yako kelthiya soole magne hogi modi kelu 25 seat MP gellsillwa,Political
7320,yen sadane madidale antha avlna interview madtha idyamma thayi..neenu same category thu,Others
684,Islam shatrugala ketta buddhi ne ade iga madtirode ade ket kelsa...,Religion
2050,Thu meghana munde de astu olle hudga harish n.a. miss madkondiyalle,Gender
5393,Dana akla Tindu sayi hogu mudi gube.,Violence
8029,PSI scam king pin ashwatta nimminda ne ella agiddu,Gender
3313,Ninaman yavdhe ivella,Gender
5304,Myduka ninaga yanu gottu. tala kattuhogida .avaranna nabmbi .dasha halagida muslim bahala mosa madtara nambabadi,Religion
3256,Yenta maglu ayappa tu nem janmuke,Gender
4898,"Congras pakshakke taru modalu dosisiddare aa mlagalannu kareyabedi yenu prayojana illa, b jp yavarige eega Karnataka dalli nele kadine.",Political
7821,Sikkid chance anta anella comments madtiroo thu ha videos yalla NIV beku beku anta ne nodtira alva avag chenag irutta NIV an anta first nodkoli amele berer bagge comments madivrii,Others
2237,E thu thu media dhavaru entha news ge bega odi odi barthare ade nam d boss film release day ge obru bandilla,Others
2538,Bolimakla news channel alla nimdu...9,Others
7460,Ninbagge think nan maguldu karnataka janate ne nodidralappa anta yachane madthoure,Political
2232,Sonu avare alla sir Sonu sule,Gender
1209,"Ee sule munde Pakistan cricketer na madwe adagle kera thagand hodedu odusbekithu nam deshadinda, nammoru sari illa modlu ?? thuu",Violence
1521,Evneee dodd pengmunde huchna maga evnu history gothila sariyage,Gender
2576,Sule mundera nimage buddi ilva,Gender
7174,Ban BJP rss Bajrang dal,Political
7361,Sariyada jagadalli sariyada samadayalli sariygi <b>***</b> gottagutte intavrige..,Gender
3107,"Bucket madhyamagalige menasinakai ittanga aagiravahudu,,,,,,",Gender
1816,Aggbeku avamana thu yar guru RCB management.,Violence
7257,Sullu movie sullu story,Gender
3850,Le tata muchukondu manege hogi uta madi malko ninna aa henn maklu mai terakondu kuntavre,Gender
6442,Nimmantavarindane.muslims.aata.adtirodu.hindugalu.ondagade.hodre.avaru.chota.pakistanadtare.gotta.nimmannu.bidalla.tilkolli.,Religion
3310,Tuu btv tuu yaran karibeku yarana bidabeku gotta agala,Violence
151,Naatka  adtyaa avnu  keludnthee evlu torsudlanthee wa wa super chel shemdi ????,Gender
6344,Nim ammun...... Introduce maduu,Gender
6168,Pratham nin avvan...elli narasipura elli kashmira...pratham akkan dengi,Geo-political
3173,Both room torslillla yke confirm agi gotagutte antha na ????????????,Gender
6651,Lo thukaali ninantha sule makkalinindha raaaajakeeeya e sthithi,Gender
1052,Karnataka kke yalla vishyadallu mosa Central govt GST palu nama <br>Haktha idare,Political
3305,Indrajit be like: helbid nin fans&#39;ge kitko bek nan shata bandu????,Others
462,Chapper munde.,Gender
5367,Brasta BJP ð West CM ð next CM badavara ramayya ð,Political
5461,100% fake budget daridra sarakara,Violence
4517,"If u don&#39;t know how to pronounce words, be comfortable in ur mother tounge...English and kannada yavdhu barala....thodhlu matadi saayi eno ondu ..hengas nayi",Geo-political
6103,Ugraru muslimarallaâ¦ islam teach only peaceâ¦ ð­ð­ð­ kelavu muslim namadharigalindagi ella muslimarige ketta hesaru,Religion
1963,sonu avru videokone yalli WTF endu heliddare.<br>illige E sanchike muktaay...??????,Religion
5650,Yaru madadhe iro thappu yenu madilla ivlu.... ivla video public ge bandhide kelav hudgir video boyfriend mathra nodi delete madthare ashte....,Others
5170,Neenu kachada mallesh nann maga.ninage vayyasaitu.buddi bandilla.nann makkala neevunnu badukiddaaralla,Gender
2297,B tv hala Batea bechi toriso tv,Others
511,Siddu Boss is King huccha BJP CM,Political
6807,Ivalige chappali haara haaki,Violence
6415,Ayyoo ninna entha huduganna miss madkonde evaaga yaarige bytiyaa,Gender
1971,Amma tayi solpa over acting Kami madu thu.... Nodoke hagtha ella,Gender
6089,Hindu rashtra   tonne   madtare <br><br>British boot gulamaru    rss   bjp    ð¥¾ð¥¾,Religion
4429,Yella bittavu big boss ge doddavu,Gender
4042,Baratakke atiti yagi baro islam bandu Afghanistan. Pakistan . Bangla ant 3 desha islam country  but 1000 elle iddu ero vand hindu deshavanna vulisikolloke agata ella nammage nachake agabeku,Religion
3472,"Sikandar raza a shot hoditane antha torsidane, allinda field tegdirod a ball ige. ella script tara ansathe.",Geo-political
7937,"Dodda sulle evallu rate este 599 ,699",Gender
499,Avar amma decentagi edid nodi tan maryade hodage adatale ammandar tappalla egin prapancha nodi halagodu hen makkalu,Gender
7408,sule mundevu ellinda bartavo inthavella,Gender
6447,Ee sulemunde entha antha edi Durga ke gothu <br>But ee suli endha papa nam Harisha prana bitta,Gender
7125,"Mostly ee btv  sonu relative avr channel ansutte???? adeng ivlna oglutare sadane sadane anta,oo god, channel avrge maryade idiya ,en kit dabakidald aa sonu , yav seeme celebrity avlu aa",Others
5450,"Neevu... nimma channel......nim programs...,nim guests..nim conceps....vyaaaaaaak",Others
821,Thuu r u girl ninna janmakkishtu,Gender
264,Ava adyaksha baree hucha... And Ashwastha hucha nayigalanna matadidbedri.avnu..... yarannu yisada Siddaramayya rige heliddu ..thirugi..kodbekide,Political
6001,"Sandarshana madoru hege mathadbeku big bass enu swarga sonu devathe annothara helthiya thukali soo,,,, mundera",Gender
7887,Harijana musslimma byby amara hindu cay saw high muslim nayi,Religion
1197,"Bitch, Banglore trafficeshto vasi aa ninn daridra atte mane  Pakistan (Mavana Mane) (Sasur)",Geo-political
2964,Pak alle yellarigu saisy sattu hogi yake kashmir ge bartira,Geo-political
7717,Terrorist news channel agi marpad agi bittide,Others
5376,Lo nin obba news ankera.. komuvadi public tv channel..,Others
2571,3rd Umpire kange en itkondavne,Gender
4180,F I R haaki station alli kaachadalli nillisi ee boli maganige,Violence
6025,Nenu corect ge batte hako ofter that nem amma ge helu thuuu,Gender
7663,Ugragaamigalige darmavilla,Gender
3104,Le kanthri nanmagana istella heluvavanu sabra jathige serbardu,Gender
7624,Amman jote kooda henge maatadbeku anta gottilla sonu srinivas gowda avre tuuu nimma,Gender
783,Neen tikka ...sumne yeÃ± gottillade matadabeda,Gender
7999,Ivalu dodu saiko Mundae intavarige Pakistan iss avare kaige sigakondre talekadithare ????????avra amma ninge bele koduthila bevarsi Mundae sulemundae bega sathuhogu,Violence
2328,Rashmikamandanna and saniya mirja avrgu en vyathasa illa,Geo-political
6435,Kittogiro sule muchkondu kuthko,Gender
579,"Full collection, bitti mamsa jamaisu, engil nan makalu thu bevarsi politics",Political
7603,Maana maryade edyenro nimge thuuu nim janmukke nim nim maklunna bittu theetege dhuddigoskara e thara baalu baaltira,Others
7382,Because their parents already forget them because they converted other religion. So nobody enquires them. Govt gu track madalu agalla because they travel by fake passport. ,Geo-political
2893,Court aadesha follow madamma first,Others
4316,Nin matra nammavru antiya avru matra e deshada kanige respect kottila avaga elli hogidde tha tha scoolalli uniform hakalla antatere yake kelalla ninu thatha,Religion
5402,Yke anta loffer ge oddu olage haki gallige sersi,Gender
5654,Maryaade gettavu,Gender
597,Sonu Mother looks like mejastic item??,Gender
3751,ellarannu alle shoot madi saysi.. avrella badkidre namge problem,Violence
2103,Intha loafers ge invite madorige chapli nalli hodibeku.....,Violence
5523,Super bucket tv fabulous bucket hiditira inta kittodavarann tandu nim channel maryade haraju hakirodakke jai,Others
4488,congress bolimaklu terrorist bolimaklu ella onde,Political
971,Namage Congress Paksha beku ashte,Political
1329,@Nihal Suchethan nin ammane nan Amma bro... Avre nan Amma..<br>Ninantu ond hudgi bagge aa thara matadodna enjoy maadtiya andre pakka yaavdo mindri magange huttirtiya bro..,Gender
866,Bommayi ingineering padhavidhara dikeshi<br>Sslc  kotwal shishya. Adakke ekavachanadalli matadodu,Political
7350,Nin Amman sulle makla en sadhane madavle kachada Nan makla. B tv avlru nim Mane hennu makkalu ivala thara video madi bitre kothaguthe kachada Nan makla. Avalu dhodda dagar munde,Gender
620,Innu ugiri nakke tu yav mukha hottu bartala,Political
7511,Mukali kottara yellaru support madtare,Others
5745,Kaageri bolimagane ... BJP shaata keelak kutidiya alli nin avvan lowda sule... BJP gulama,Political
7242,Handi galu alla nayeegalu tupu ondu kelsola kacchad thave....tupu.... kannada da hemanth Bangalore ????,Religion
241,Nim antha makklu huttsvaralla odkobeeku avru ??,Religion
