id,Comment,Label,source_label
ext_00000,Tik tok alli jagala madtidralla adra baggenu ondu video madi anna super agi ugididdira,Non-Hate,Not_offensive
ext_00001,Movie rerelease madi plss,Non-Hate,Not_offensive
ext_00002,Amazon prime alli bittidira....yella manele nodtare....,Non-Hate,Not_offensive
ext_00003,Guru sure news nanu tik tok dawn lod madeda yavaga nama nDudu tindu nama dashda mala uddha madaka bandro avaga deleted,Non-Hate,Not_offensive
ext_00004,Ade old same story,Hate,Offensive_Targeted_Insult_Group
ext_00005,E tara film ge ella kaitaididdu.... Welcooome..... Item song iro,Non-Hate,Not_offensive
ext_00006,Super  guru 🥰,Non-Hate,Not_offensive
ext_00007,Different aagide song... n,Non-Hate,Not_offensive
ext_00008,ನಿಜವಾಗಿಯೂ  ಅದ್ಭುತ heartly heltidini... plz avrigella namma nimmellara supprt beku,Non-Hate,Not_offensive
ext_00009,I'm speechless,Non-Hate,Not_offensive
ext_00010,BLACK HEART ala,Non-Hate,Not_offensive
ext_00011,Randhawa movie 10 rating ide,Non-Hate,Not_offensive
ext_00012,Eno ontara chnnagide annoru like madi🤔🤔🤔🤔🤔🤔🤔🤔🤔,Non-Hate,Not_offensive
ext_00013,Bindu gowda ge super agi ugididdeera,Hate,Offensive_Targeted_Insult_Individual
ext_00014,Namana Kudlada rakshith shetty innu orsbeku rashmikage Thu avla Janmake,Hate,Offensive_Targeted_Insult_Individual
ext_00015,Yes boss e film maatea 7 sala alla 10 sala nodidru bore aagalla,Non-Hate,Not_offensive
ext_00016,@Troll Stupid Fans heno helkodthidallla  adunna helkodo munche neenu kaltho henge irbeku antha suvar gandu anthidde ivga ninge baididke thika huritha,Hate,Offensive_Targeted_Insult_Individual
ext_00017,tippa yappa supper,Non-Hate,Not_offensive
ext_00018,Yar guru ninu.....super,Non-Hate,Not_offensive
ext_00019,@prithvi nayak nimma Amman tulla suledeepa movie yavdu hit aagide helu recent aagi bandidralli,Hate,Offensive_Targeted_Insult_Individual
ext_00020,Really nyc sakath chenagi madidira nange esta aythu. Super riii adrallu tiktok dattu putra nna sakath roast madi heltini...,Non-Hate,Not_offensive
ext_00021,ದೃಷ್ಟಿ ನನ್ನೋಬ್ಬನ ಮೇಲಿಡಿ ತಪ್ಪದು ನಿಜ ಮನರಂಜನೆ film nodo munchene ee song ista adavaru like madi,Non-Hate,Not_offensive
ext_00022,Nimm avvan tull ...kannag en tunni itkond nodi en Randi magagna,Hate,Offensive_Targeted_Insult_Group
ext_00023,Nice story accting super prajval devraaj,Non-Hate,Not_offensive
ext_00024,Bro sorry ond matu nang eetara troll madodu ella ishta agtirlilla first time nimm videos nodi sakkath kushiaytu nd ur video really give a good msg,Non-Hate,Not_offensive
ext_00025,love you shankar sir ........namage neevu beku sir !!! matte neevu nammanna manaranjane maadi neevu illade iro kannada cinema naanu nodalla sir .....,Non-Hate,Not_offensive
ext_00026,SUPER  R  BOSS,Non-Hate,Not_offensive
ext_00027,All industries are going hands up.. 27kke avanu bandaga,Non-Hate,Not_offensive
ext_00028,Hoooo super guru nin voice bhal superrrr,Non-Hate,Not_offensive
ext_00029,Delete hadru nanu downloade made,Non-Hate,Not_offensive
ext_00030,Rakshit shetty superb,Non-Hate,Not_offensive
ext_00031,Darshan Sir swalpa sahaya madidare,Non-Hate,Not_offensive
ext_00032,Super sir namge thumba istavada kathe nam parents ge kelisbeku aadastu bega idanna,Non-Hate,Not_offensive
ext_00033,Barri dabba movie ne unn maado du,Hate,Offensive_Targeted_Insult_Group
ext_00034,Sir naanu Visakhapatnam li iradhu,Non-Hate,Not_offensive
ext_00035,real life great sir,Non-Hate,Not_offensive
ext_00036,@Manju Sonu  ಅಭಿನಂದನೆ,Non-Hate,Not_offensive
ext_00037,Inspired from korean movie Midnight Runners,Non-Hate,Not_offensive
ext_00038,Awsome movie must match movie,Non-Hate,Not_offensive
ext_00039,Kannada film  industry avaru sir solpa nodi rii yen madta ididra inta ashvath sir avara maga ondu sanni veshe dalli kalsa Kodi,Non-Hate,Not_offensive
ext_00040,Yes Nam ura hudgange mosa Madi hodlu ..amele Nam Karnataka kk avmana madidlu avlige yakadru hode ansbeku,Hate,Offensive_Targeted_Insult_Individual
ext_00041,I hate tiktok mobile thagondagindanu install made illa i hate this,Hate,Offensive_Targeted_Insult_Other
ext_00042,Howdu GurunAdre climax papa,Non-Hate,Not_offensive
ext_00043,Dis like hakorge ond math hekok esta padthini nimig esta agilla andre sumne erbod alva yak sumne dislike hakthira ... Ade bere bhashed est kacchada edru like hakthira alva nimmanthor erodrindane Kannada movies ast hesru madtha illa ...,Hate,Offensive_Targeted_Insult_Group
ext_00044,Le gandunTikamucchunnEe Tara worst song nin kayalli madakke agutta,Hate,Offensive_Targeted_Insult_Other
ext_00045,E song ero range ge 3to.5 millone agbekittu,Non-Hate,Not_offensive
ext_00046,kelsa maddidare anna Modiji,Non-Hate,Not_offensive
ext_00047,Chalu ati nataka,Non-Hate,Not_offensive
ext_00048,Previous video dalli sai Kumar diolauge,Non-Hate,Not_offensive
ext_00049,Hands up - 308k likes nBelageddu - 308k likes,Hate,Offensive_Targeted_Insult_Other
ext_00050,Super sir baigla sir,Non-Hate,Not_offensive
ext_00051,Tik tok shata,Hate,Offensive_Targeted_Insult_Group
ext_00052,Yakebdre krishnana shapa aduke,Non-Hate,Not_offensive
ext_00053,Hidden detail in  trailer of Avane Srimanarayana....n,Non-Hate,Not_offensive
ext_00054,Elli politics jasti and beliyokke bedalla hotte kirchu padthare,Hate,Offensive_Targeted_Insult_Group
ext_00055,All fake bro nija vishaya maatra heli bro ummane janara manasalli sullu nambike yanna huttisa bedi plzzzz,Hate,Offensive_Targeted_Insult_Group
ext_00056,Dislike kon kiya re m###₹##0d 🤗..,Hate,Offensive_Targeted_Insult_Other
ext_00057,Le maraya ninu nijavaglu hero Kano super mama ninna madirodhu video 🥰,Non-Hate,Not_offensive
ext_00058,@Sharath T urkondu sayri sulemakalla 1 year 3 blockbuster BOSS,Hate,Offensive_Targeted_Insult_Individual
ext_00059,Bro nim editing spr nan nim videos fan e video Dali heliro song matrA spr,Non-Hate,Not_offensive
ext_00060,Howdu brother nanu tv nalli nodidde evru elidnella avru elidru,Non-Hate,Not_offensive
ext_00061,@Sachin Y S ik pakka avara irtar,Non-Hate,Not_offensive
ext_00062,Prajwal look is different,Non-Hate,Not_offensive
ext_00063,Super songs bro,Non-Hate,Not_offensive
ext_00064,Nakkan benki guru,Non-Hate,Not_offensive
ext_00065,Heart touching comment nnE kelsa aagbeku !!,Non-Hate,Not_offensive
ext_00066,Sir ond compeny yalli kelsa madidra gov employes labor officer bookmadkond laber ge 5000 salry kotre employe mane  est kasta alva. yava gov sarilla sir nav egga comment madkondu saibeku aste,Hate,Offensive_Targeted_Insult_Group
ext_00067,D boss fanzzz in Sakaleshpur,Non-Hate,Not_offensive
ext_00068,No way chance illa  ivaga elli edane proof kodi  nambteevi,Hate,Offensive_Targeted_Insult_Group
ext_00069,Sakkatt agine   kyakirsi  ugdidira  sir,Non-Hate,Not_offensive
ext_00070,ASN movie na 1st day 1st show nodoru like maadi,Non-Hate,Not_offensive
ext_00071,@Gaurish Akki Studio  please all over karnatakadalli 150 theater alli re release maadodakke heli diya movie annu,Non-Hate,Not_offensive
ext_00072,Kathe tumba ista aythu..,Non-Hate,Not_offensive
ext_00073,Rashmika haters like madi,Hate,Offensive_Targeted_Insult_Group
ext_00074,anna sakatagi matadidya  i like you  anna,Non-Hate,Not_offensive
ext_00075,Gentleman sir nevu,Non-Hate,Not_offensive
ext_00076,Superrrrrrrr  agi heliya Anna tq u so mach video,Non-Hate,Not_offensive
ext_00077,One time kelidre average ansatte,Non-Hate,Not_offensive
ext_00078,E video na unlike madoru nijavaglu kannads davaru ala,Hate,Offensive_Targeted_Insult_Group
ext_00079,KGF chaffer 2 beda bare baku,Non-Hate,Not_offensive
ext_00080,Karnataka one state but many world,Non-Hate,Not_offensive
ext_00081,@Nandi Parthasarathi nanna shanta samana Bollywood Hollywood sulemagne modlu ninna ಮಾತೃಭಾಷೆ ಬೆಳಸು adu yare hero aagli,Hate,Offensive_Targeted_Insult_Individual
ext_00082,Song hosa tara feel kodute,Non-Hate,Not_offensive
ext_00083,Prathiyobbara ಜೀವನ Da ಆಸೆಗಳು,Non-Hate,Not_offensive
ext_00084,Kakka is ossm lol,Non-Hate,Not_offensive
ext_00085,Gud job  nim nirdharakke nimma kelasakke Namma gowrava namaskara. kanditha nimge olle role kodo buddi nirdeshakarige  haagu kannda industry ge barabeku...,Non-Hate,Not_offensive
ext_00086,Sorry theaters ge bardiddakke....best movie,Non-Hate,Not_offensive
ext_00087,@*V C R* guru edunna modlu bale fansge helu avru start madidare nau end madthivi,Non-Hate,Not_offensive
ext_00088,Sir.nivu superb sir.,Non-Hate,Not_offensive
ext_00089,E mathu,Non-Hate,Not_offensive
ext_00090,Day ge 600K+ Views nEn haavli Guru,Non-Hate,Not_offensive
ext_00091,@TROLL MONSTER_KANNADA nim Amman kalsu thoristhini,Hate,Offensive_Targeted_Insult_Individual
ext_00092,Elru nodle bekadaa video..,Non-Hate,Not_offensive
ext_00093,Ondu trailer cut madak saryag baralla.trailet nodokke kasta agthide,Hate,Offensive_Targeted_Insult_Group
ext_00094,@TROLL MONSTER_KANNADA nim ammange nan hakde tunne nathangi siktale avl na vrdashramkke serstini yakandre ninge nodkollake yogyate illa adukkehogo jumper( chupper),Hate,Offensive_Targeted_Insult_Individual
ext_00095,So 374 jana rashmika fans music video nodidare illi ವರಗೆ.,Non-Hate,Not_offensive
ext_00096,Thankz bro troll alla bro Roast,Non-Hate,Not_offensive
ext_00097,Nav gottala d boss fans,Non-Hate,Not_offensive
ext_00098,Yes re release madbeku,Non-Hate,Not_offensive
ext_00099,Boring song .....astu power illa....not like KGF,Hate,Offensive_Targeted_Insult_Group
ext_00100,@Sweekar Gowdaadyaru badavarige Uta sigtilla ande yallo nAa place n mobile number kalsu nNim mane hatra tane,Hate,Offensive_Targeted_Insult_Individual
ext_00101,Sakath beats..Matte Matte kelabeku anno song..,Non-Hate,Not_offensive
ext_00102,ಸೂಪರ್ story kannada savira,Non-Hate,Not_offensive
ext_00103,Mahesh. Sanagoudar. Bhagojikoppa,Non-Hate,Not_offensive
ext_00104,Super making super cinematography,Non-Hate,Not_offensive
ext_00105,guru despande olle director kate na channagi toeisutare,Non-Hate,Not_offensive
ext_00106,@AJITH S SHETTY nanu karthik shetty manglurininda,Non-Hate,Not_offensive
ext_00107,S super chamayya mestre nimma valletana,Non-Hate,Not_offensive
ext_00108,Every day i am listening,Non-Hate,Not_offensive
ext_00109,Appu boss kade enda.    Asn.  Movie ge.  Full support edhe,Non-Hate,Not_offensive
ext_00110,Amazed Amazing Amazefull,Non-Hate,Not_offensive
ext_00111,Super movi yallru nodi tumbba tumbba istavada movi,Non-Hate,Not_offensive
ext_00112,India kudda Munde baruthe But late....navella Odmele,Non-Hate,Not_offensive
ext_00113,12 dislikes by gandu nanmakalu,Hate,Offensive_Targeted_Insult_Other
ext_00114,Le tukali like dislike janakke bittaddu,Hate,Offensive_Targeted_Insult_Group
ext_00115,@Dhee Pu Lo goobe rama. Artha iro hage enadru helodidre helu. Sumne tirukalandi thara koribeda.... Madu annodu kriyapada anta nanagoo gottu. Adre 'madu' annodara jote ondu namapada irbeku. Agle vakya sampoornavagodu. kelasa mdu,Hate,Offensive_Targeted_Insult_Individual
ext_00116,Rashmika Thu..l.l.i irve ankoavro ondu like,Hate,Offensive_Targeted_Insult_Individual
ext_00117,Kannada super song,Non-Hate,Not_offensive
ext_00118,Jai d boss appu,Non-Hate,Not_offensive
ext_00119,Lo gube don't compare anyone yellaru namma kannada super star,Hate,Offensive_Targeted_Insult_Individual
ext_00120,Bro Game yavdu Adu,Non-Hate,Not_offensive
ext_00121,@kannadigaru S uh,Non-Hate,Not_offensive
ext_00122,Well msg guru,Non-Hate,Not_offensive
ext_00123,Rakshith shetti luck like shankarnag,Hate,Offensive_Targeted_Insult_Individual
ext_00124,Hindi song bittilva?,Non-Hate,Not_offensive
ext_00125,Super creative kannadiga,Non-Hate,Not_offensive
ext_00126,Super movie super songs,Non-Hate,Not_offensive
ext_00127,Idhu charitre srushtisuva avataara......,Non-Hate,Not_offensive
ext_00128,Super trailer praju Anna,Non-Hate,Not_offensive
ext_00129,@Nandi Parthasarathi nandini anta itkondidya nen hengsa🤣🤣nEllelo hogbeda matter bage matado childe....chanagiro film na chanagila antyala adrale gotagute enta kachda nenu anta bereourna aadre belsu ilwa tepug iru..nim appa amma nu bereourna tulkonde bandirbeku adke nenu hinge,Hate,Offensive_Targeted_Insult_Individual
ext_00130,Adu nambike ashte,Non-Hate,Not_offensive
ext_00131,Hlo bro... Even I uninstalled at stupid app...,Hate,Offensive_Targeted_Insult_Other
ext_00132,Bindhu gowda ge sariagi madidera,Hate,Offensive_Targeted_Insult_Individual
ext_00133,Copycat raja rakshith shetty,Hate,Offensive_Targeted_Insult_Individual
ext_00134,Super conceptnReally Prajwal Devaraj eetara cinema select madi madtare ankondirlilla super concept,Non-Hate,Not_offensive
ext_00135,Bro yav game,Non-Hate,Not_offensive
ext_00136,Dislikers are not real kannadigas,Hate,Offensive_Targeted_Insult_Group
ext_00137,Enadru public help ago Vishayada bagge Mathadi  ivaga jana thumba buddivantharagidare,Hate,Offensive_Targeted_Insult_Individual
ext_00138,Superb song ... Liked it,Non-Hate,Not_offensive
ext_00139,Bro neevu helodhu correct naanu kooda tik tok uninstall  maadidini.adre bad words jaasthi use maadbedi bro,Non-Hate,Not_offensive
ext_00140,Nkn benki song....#ASN,Non-Hate,Not_offensive
ext_00141,Yavado yavado hakithira realu videos madi haki elwa edana neja agedre proove madi News Ali haki,Hate,Offensive_Targeted_Insult_Group
ext_00142,Ashwathamana bagge thiliyalu raktha rathri emba yakshagana nodiri,Non-Hate,Not_offensive
ext_00143,Tik tok beda namge,Non-Hate,Not_offensive
ext_00144,Super agi baidry Anna good talking,Non-Hate,Not_offensive
ext_00145,Udupi Inda Yarella bandiddiri?,Non-Hate,Not_offensive
ext_00146,Sar bedi duty madali taraget Miss agote.....?,Non-Hate,Not_offensive
ext_00147,Kelta kelta finally idu kick kodtu. excellent,Non-Hate,Not_offensive
ext_00148,Edralli nivu enu overagi mathadilla bro,Non-Hate,Not_offensive
ext_00149,First time kannada movie film video song full bittirodu,Non-Hate,Not_offensive
ext_00150,Yen super song guru..20 times kelde innu kelbeku anstide..BGM super,Non-Hate,Not_offensive
ext_00151,super guru idhu actually chennagirodhu,Non-Hate,Not_offensive
ext_00152,Basavaraja Basavaraja basu,Non-Hate,Not_offensive
ext_00153,Who is here after 300k likes,Non-Hate,Not_offensive
ext_00154,Mast mast song,Non-Hate,Not_offensive
ext_00155,Ashwath ge Ashwathe saati nAntha Mahaan Natarige Nanndondu Doodda Salaam,Non-Hate,Not_offensive
ext_00156,@Praveen Kumar caste dog spotted bale pan yar nimammana dagar nau thane d boss fans nimammana dagar madiddu husharagi nodkoli thunne asege yar jotenadru odihodaalu 🤣🤪,Hate,Offensive_Targeted_Insult_Individual
ext_00157,Swabhimani Shankar Ashwath avru elrigu maadari... U r great sir,Non-Hate,Not_offensive
ext_00158,Edalla Corona havali mugid mele e film na re release madbeku,Non-Hate,Not_offensive
ext_00159,Dont appset sir plz,Non-Hate,Not_offensive
ext_00160,E jana thav sathru kuda Tiktok na mathra uninstall madola ansuthe 🤦 kelsa ildhe showoff goskara tiktok madi china davrna belstisdre jothege tham mana maryade na halmadkotidare thu en jananappa ige roast madi bro tiktok madorgella.,Hate,Offensive_Targeted_Insult_Other
ext_00161,@ಕಿಚ್ಚನ ಹಾವಳಿ book my show Alli pailwan 16cr kurukshetra 28cr madide nodo amele maatadu yavdu jaasti collection madide anta,Hate,Offensive_Targeted_Insult_Group
ext_00162,S sir niv helid not ja,Non-Hate,Not_offensive
ext_00163,@Sumukh M.R maga urkanbeda bido,Hate,Offensive_Targeted_Insult_Individual
ext_00164,Next song gu kuda alru andre evaga yar comment  madidera alla alrru like madi share madi nam industry na next level ge togond hogaona.,Non-Hate,Not_offensive
ext_00165,January yalli nodidavaru like madi,Non-Hate,Not_offensive
ext_00166,Volledagli sir nimge,Non-Hate,Not_offensive
ext_00167,Ondu Churu Chennagi illa,Non-Hate,Not_offensive
ext_00168,Shankar Ashwath swabhimäni,Non-Hate,Not_offensive
ext_00169,Tereya abhinayada indide jeevanada pathra,Non-Hate,Not_offensive
ext_00170,@Mahesh 13 Karnataka dalle bere bhashe movie nodor jaasthi aagidare,Non-Hate,Not_offensive
ext_00171,Namma janakke innu idara liric arta agilla.good music extraordinary liric.,Non-Hate,Not_offensive
ext_00172,Bro Hindi song sigthila,Non-Hate,Not_offensive
ext_00173,Chinna voice super jai army,Non-Hate,Not_offensive
ext_00174,Bro neev mandya Dhavara,Non-Hate,Not_offensive
ext_00175,Most liked Kannada song,Non-Hate,Not_offensive
ext_00176,Why you only tik tok anno akka sumne erma ni,Hate,Offensive_Targeted_Insult_Individual
ext_00177,Eid shreshth Avatar,Non-Hate,Not_offensive
ext_00178,Correct agi helidera super 🤣🤣,Non-Hate,Not_offensive
ext_00179,Tumba satyavada mathu kanri. Sakath bejar aguthe. Nav yargu mosa anyaya madilla.. Adru inu olleyade agtilla bega.. Eladralu struggle agtide,Non-Hate,Not_offensive
ext_00180,Nam Kannada Heroes ge Support maadade Dislike Kodtiralla Enro Neevu....  ALL THE BEST From D BOSS Fans,Non-Hate,Not_offensive
ext_00181,Super guru ....hodi hodi channagi ti....hodi e tiktok kagegalge ...,Non-Hate,Not_offensive
ext_00182,E movie li evre nan fav,Non-Hate,Not_offensive
ext_00183,32 M,Non-Hate,Not_offensive
ext_00184,yen guru nam kannada film industry na yellaru seri bere level ge tagondu hogthaa iddare... superb music,Non-Hate,Not_offensive
ext_00185,Thu dabba movie sulemagand,Hate,Offensive_Targeted_Insult_Other
ext_00186,Chiki chiki chiki chikapa nidde madidu saaku swalpa helapa!!!! WOWWWWWWWWWW mastuuuuuuu!!!!,Non-Hate,Not_offensive
ext_00187,Ellla ok kannada kammmi aytu   nimm mathalli,Hate,Offensive_Targeted_Insult_Group
ext_00188,Nice music sir,Non-Hate,Not_offensive
ext_00189,Kannad song super,Non-Hate,Not_offensive
ext_00190,Bindu gowda lofer avlu,Hate,Offensive_Targeted_Insult_Individual
ext_00191,Guru ashwattama na jote Avr Appa kuda bandidru nam urge gottilvaa nimge Krishna kuda sikkiddaa,Non-Hate,Not_offensive
ext_00192,Enu investigation nedithidya  ashwattama idara OMG nomboke agtilla devre ashwattama nija  vaglu idre it is unbelievable God please a doctor ega idre investigation Madi and a yavudho hasiru guhe andharela Ali hogi nodi inu pooje madthidhara and mate avru sikidra yarigadharu please information Kodi and good job nanna devaru Channel,Non-Hate,Not_offensive
ext_00193,video nodidare bhaya agutthe,Hate,Offensive_Targeted_Insult_Group
ext_00194,@Raj T yes,Non-Hate,Not_offensive
ext_00195,Supar guru chindi,Non-Hate,Not_offensive
ext_00196,Namma tande nu heege sir,Non-Hate,Not_offensive
ext_00197,Yen guru ulty 1 number,Non-Hate,Not_offensive
ext_00198,Sir avn height eshtu...... Age eshtu.... Kelbit heli pls,Non-Hate,Not_offensive
ext_00199,Tik tok ban maadi. Ellari India app mitron app use maadi. Adhu same tik tok tharane idhe,Non-Hate,Not_offensive
ext_00200,Promotions madro illa 3 varsha kasta pattiro du waste sgbardu,Non-Hate,Not_offensive
ext_00201,@Nandi Parthasarathi ninna akkna tullu haritini nodo iga sulemgne,Hate,Offensive_Targeted_Insult_Individual
ext_00202,Your father is a great actor.but industry nalli ollethankke bele kodalla.olle natarige sambavane kodalla.mohini maukha holuva parabasha Marina hakkondu movie dabba movie Madi,Non-Hate,Not_offensive
ext_00203,BrasthacharA  ellada deshane Ella. bharatha deshadalli  navella ondhe annodu   bhavane modhalu barbeku.  Ondhu jathiyavaru ennondhu jathiyavaru dhosisodhu  adhu kadime  aagbeku. Rajakiyadavaru navella ondhe.yella pakshadavaru ondagi desha katto kelasa aagbeku .aaga navu Hantha Hantha vagee mele barbahudhu,Non-Hate,Not_offensive
ext_00204,Rip Rashmika Mandanna In Advance,Non-Hate,Not_offensive
ext_00205,Howdu promotion illa ee tara movie ide anta gotte irlilla,Non-Hate,Not_offensive
ext_00206,Sudeep du olle movies innu idave.nnPhantom,Non-Hate,Not_offensive
ext_00207,Siri gannadam galge haakbitallapa Thu  yaro ninu lo gelge Kano adhu,Non-Hate,Not_offensive
ext_00208,Sir mate Tik tok bandideee stop madsi http,Non-Hate,Not_offensive
ext_00209,Aata barutta? 27 kke  show madtini,Non-Hate,Not_offensive
ext_00210,Etara obba adbutha nata,Non-Hate,Not_offensive
ext_00211,Mast hadu super,Non-Hate,Not_offensive
ext_00212,Comment's nali like madidre illi unlike madi (super song ) nI will coming soon back ..⏳ n100 days super it move pakka.,Non-Hate,Not_offensive
ext_00213,Rakshit bro nodi no1 tranding thogando bhandihivi Saka bro,Non-Hate,Not_offensive
ext_00214,Nivu madidu karekt,Non-Hate,Not_offensive
ext_00215,Very amazing song,Non-Hate,Not_offensive
ext_00216,Hands up e songige,Non-Hate,Not_offensive
ext_00217,@Vinay Kumar MS avn allla guru Tika urkondeddu nenu 🥴🥴,Hate,Offensive_Targeted_Insult_Individual
ext_00218,@raii rai paaapaa bro🤣,Hate,Offensive_Targeted_Insult_Individual
ext_00219,Ashwath avarge takka maga,Non-Hate,Not_offensive
ext_00220,Happy new year guru,Non-Hate,Not_offensive
ext_00221,Correct agi helde guru.. adashtu ellakade share madi,Non-Hate,Not_offensive
ext_00222,Tq bro for saport Trollers iam troller nಜೈ ಹಿಂದ್,Non-Hate,Not_offensive
ext_00223,@Yash cult Guru lo guru bere heroes na support maadidre nin gantenaadru hoguttaa? Ellaa actors avre depore,Non-Hate,Not_offensive
ext_00224,Nijvaglu  bro... Nangu same hange ansbidtu.. Avrdu google pay number iddidre nane ond ticket duddu kotbidana ansbidtu... Nam oor theater alli e film halle illa..,Non-Hate,Not_offensive
ext_00225,Anna adu real story,Non-Hate,Not_offensive
ext_00226,Rakshit anna niii,Non-Hate,Not_offensive
ext_00227,D.boss kade inda dodda wel come madtivi,Non-Hate,Not_offensive
ext_00228,Yav kaldan mare nin,Non-Hate,Not_offensive
ext_00229,Fans wars bittu Nam Kannada films belibeku annoru like madi..,Non-Hate,Not_offensive
ext_00230,Innu aagilva tiktok ban,Non-Hate,Not_offensive
ext_00231,Creative kannadiga ur super  n tiktok  users ge nive correct,Non-Hate,Not_offensive
ext_00232,Iii prends yaradru edira,Non-Hate,Not_offensive
ext_00233,@Yash cult Guru ellaa heroes andru yash na yaakappa bidtiyaa!? Example Santu straight forward,Non-Hate,Not_offensive
ext_00234,Le nimmouna thullagaa naayi tunni saabarige huttida MidArimagane,Hate,Offensive_Targeted_Insult_Individual
ext_00235,Super  songs,Non-Hate,Not_offensive
ext_00236,Super  creative   guru,Non-Hate,Not_offensive
ext_00237,Guru sakatha helidiya guru,Non-Hate,Not_offensive
ext_00238,@Prasad Hegde Elli dull ide,Non-Hate,Not_offensive
ext_00239,Lyrics super guru.,Non-Hate,Not_offensive
ext_00240,Dodda dodda natarella ellodro.. thu... you are really great sir...,Non-Hate,Not_offensive
ext_00241,Nkana nava gothala issur hudugaru,Non-Hate,Not_offensive
ext_00242,Kadu odiyuva majane bere inserted people get a answer,Hate,Offensive_Targeted_Insult_Group
ext_00243,yestu bejar Ali edhe nange nagu tadiyoke agtha Ella vidoe nodi,Non-Hate,Not_offensive
ext_00244,Awesome song ..guru ವಿಜಯ್ sir ವಾಯ್ಸ್ superb,Non-Hate,Not_offensive
ext_00245,E film nodi yaraige Shankaranag Avaru Nenapu Agidre Like madi....... nNanganthu Rakshith Ne Namma Next Shakarnag Ansittu,Non-Hate,Not_offensive
ext_00246,Nannna gelbodu endu nintanu orva   raakshasa.                         Tappalla aadare aduve oohegu meerida saahasa,Non-Hate,Not_offensive
ext_00247,@Bhimrao Naik nIde beda anta helodu,Non-Hate,Not_offensive
ext_00248,@Vinay Kumar MS nenu Kano tukali avn alla,Hate,Offensive_Targeted_Insult_Individual
ext_00249,Super song Kannada,Non-Hate,Not_offensive
ext_00250,Nam kannada songs yavglu super hit,Non-Hate,Not_offensive
ext_00251,Guru nun super super super,Non-Hate,Not_offensive
ext_00252,Nimm Attendance kodri Kelge nn,Non-Hate,Not_offensive
ext_00253,Good one in kannada.. feel great,Non-Hate,Not_offensive
ext_00254,Kannadada hemmeya asn filme annoru like madi,Non-Hate,Not_offensive
ext_00255,Nkn yan trailer guru maiye jumm anthu wow amazing,Non-Hate,Not_offensive
ext_00256,Ur brilliant.... neevu helida haage fb twitter alli comments hakta kuthkobek aaguthe,Non-Hate,Not_offensive
ext_00257,Aa bindu gowda nad innitar support madovrge hilieghtag troll madi bro life nal tiktok bagge matadbardu,Hate,Offensive_Targeted_Insult_Individual
ext_00258,Enu helede guru baidaru kuda paragilla good thingking,Non-Hate,Not_offensive
ext_00259,Tik Tok Sadegalu,Hate,Offensive_Targeted_Insult_Other
ext_00260,Wow wow wow wow wow..Lovely guru,Non-Hate,Not_offensive
ext_00261,bere language comment madbedro huligala,Hate,Offensive_Targeted_Insult_Group
ext_00262,Entha song na dislike madtiralla loafer nan makkala thu nim janumakke,Hate,Offensive_Targeted_Insult_Group
ext_00263,U r great sir. ಶ್ರಮ ಜೀವಿ,Non-Hate,Not_offensive
ext_00264,Slow poison song annoru like maadi,Non-Hate,Not_offensive
ext_00265,@Troll Stupid Fans hudgiru comment madodunne nodok bartiya bevarsi  madak kyaame ilvenoo lofer,Hate,Offensive_Targeted_Insult_Individual
ext_00266,Super Anna full gicha gili gili,Non-Hate,Not_offensive
ext_00267,E movie pakka charitre shrustisuttade,Non-Hate,Not_offensive
ext_00268,Anjali Devi  mk,Hate,Offensive_Targeted_Insult_Individual
ext_00269,Hands up! Naaney sriman Narayanan! Just felt like saying I am Bond,Non-Hate,Not_offensive
ext_00270,Yar guru neenu awesome,Non-Hate,Not_offensive
ext_00271,Correct aag helidri bro .. aa lfr ge tiktok ilde idre uta nidde baralla ansatte,Non-Hate,Not_offensive
ext_00272,Hands Up.... Addictive... Matte matte hadanna kelbeku ansatte,Non-Hate,Not_offensive
ext_00273,Syta     thumb eddini  k naaaaaa.,Non-Hate,Not_offensive
ext_00274,Nim movie scene Evaga viral aagidhe anna,Non-Hate,Not_offensive
ext_00275,4 times per day,Non-Hate,Not_offensive
ext_00276,Nijana edhu,Non-Hate,Not_offensive
ext_00277,Guru ninu super,Non-Hate,Not_offensive
ext_00278,Super Chindiii sir sakkatagi ede,Non-Hate,Not_offensive
ext_00279,FOCUS KARNATAKA howdhu 🤪,Non-Hate,Not_offensive
ext_00280,Ittheechige nodida movie DIA and love mocktail... 2 movie janake olle movie correctaagi thalupisbeku illandre heege nelakacchutthe.....  promotion maadoke social media use maadkondu janaranna thalupabeku...  innaadru industry avru yecchetthbeku,Hate,Offensive_Targeted_Insult_Group
ext_00281,Super Bro,Non-Hate,Not_offensive
ext_00282,Chindi...... madira rost,Non-Hate,Not_offensive
ext_00283,Kelsa yavdadrenu maadu guru,Non-Hate,Not_offensive
ext_00284,Esta adre mele like button ede kodtare bidapa,Non-Hate,Not_offensive
ext_00285,Those 1.3k dislikes are seems to be fan of rashmika,Hate,Offensive_Targeted_Insult_Group
ext_00286,Signature move,Non-Hate,Not_offensive
ext_00287,sanjukuamar chatnale ಲಷಣ,Non-Hate,Not_offensive
ext_00288,Nivu thumba super,Non-Hate,Not_offensive
ext_00289,Intha olle video nu dislike madiroru yentha kachada nanmaklirbeku🤦🤦🤦🤦,Hate,Offensive_Targeted_Insult_Group
ext_00290,Full news jaldi bidri,Non-Hate,Not_offensive
ext_00291,Swalpa aerial tara ide.,Non-Hate,Not_offensive
ext_00292,Kachada no 1 film...thu nim mukakke...taste ye illla...badkobeku.,Hate,Offensive_Targeted_Insult_Group
ext_00293,Movie nija chanagila guru,Hate,Offensive_Targeted_Insult_Group
ext_00294,@Arun Jaanu  chikk magunu kelu boss andre yaaru anta,Hate,Offensive_Targeted_Insult_Individual
ext_00295,Super song buddy,Non-Hate,Not_offensive
ext_00296,Guru namaskara ennu chennagi tale dhengu.sonu Gowda bin*** Gowda evarge ennu tale li brain Ella anusutte,Hate,Offensive_Targeted_Insult_Group
ext_00297,Olledaytu bidi mem,Non-Hate,Not_offensive
ext_00298,Bro na tiktok use madath idila but ivga tiktok installed madi  single star rating kotu uninstall madini,Non-Hate,Not_offensive
ext_00299,Idu charitre srustiso avathaara,Non-Hate,Not_offensive
ext_00300,Dinkchaak haadugalanna keli besottogiro kannada janatege adhbhuta rasadoutana koduva different haadu....... Ravichandran avra aa haadugala habba nenapayitu..... Blockbuster ASN,Non-Hate,Not_offensive
ext_00301,Rakshit yake ista gotha friend's na jote yalli yavagllu ittikondiru thare,Non-Hate,Not_offensive
ext_00302,Song ge unlike kotiroo sulimakala,Hate,Offensive_Targeted_Insult_Group
ext_00303,Devaru annonu idaane Andre avru shaapa kottidddu nijaane aagidre avru idde iruttaare elllooo ondu jaagadallli manushyara kannige kaanollla aste jaiii Sri Krishna,Non-Hate,Not_offensive
ext_00304,Amazon prime music ali ide.,Non-Hate,Not_offensive
ext_00305,Sir ond mathelthini  ond sarkara minimom 20 Varsha irbeku avaga desha abiruddiagokke ankula aguthe brastachara nilbeku,Non-Hate,Not_offensive
ext_00306,@Dayananda C sir ivaga hagalla belige call maditini heli. Prashne keltini. Political bittu . Abhirudhi bagge keltini heli.,Non-Hate,Not_offensive
ext_00307,@Troll Stupid Fans ley gaandu soole magane modlu ninnathra adu idiya antha nodkolo hodiyoke bandu hodsokondanthu hogthiya,Hate,Offensive_Targeted_Insult_Individual
ext_00308,Yen song guru...benki #ASN,Non-Hate,Not_offensive
ext_00309,Barbeaku hogbeku aste  nav ತು೦ಬಾ ಹೀರೋ s ನೋಡಿ sakhgidhe ok good luck,Non-Hate,Not_offensive
ext_00310,Nin yavag nodidde baggi avn potential. Muchole,Hate,Offensive_Targeted_Insult_Individual
ext_00311,chindu guru ninu,Non-Hate,Not_offensive
ext_00312,Yen  comedy guru  gulaab jamunu,Non-Hate,Not_offensive
ext_00313,96 film tamil alli blockbuster... gultoo,Non-Hate,Not_offensive
ext_00314,Tappenu illa guru nijvaglu super..  Tik tok support madovrige kelge mele guta odibeku guru..,Hate,Offensive_Targeted_Insult_Group
ext_00315,Kannada cinema nimma antha budhijeevi na ullaskollalike agilla antha tumbaa bejaar aagute.,Non-Hate,Not_offensive
ext_00316,Kaytidde bro Yarana  lyrics aktara anta 🥰🥰tq,Non-Hate,Not_offensive
ext_00317,Supeeeeeeeeeeeeeeeer  .................. nam ajjii held nenap,Non-Hate,Not_offensive
ext_00318,Fan aagode bayya NiNgE..,Non-Hate,Not_offensive
ext_00319,I like dis song i not like k .g .f,Hate,Offensive_Targeted_Insult_Group
ext_00320,Nim video yella entertainment ede keep rocking,Non-Hate,Not_offensive
ext_00321,En helde guru..... Super agi helde....... #RIP Tiktok,Non-Hate,Not_offensive
ext_00322,Nice janapada shyale,Non-Hate,Not_offensive
ext_00323,Bosdike nimmappa sattaga ninu mosale kanniruhaktiyo..I'll a shocky madtiyo no do na madarchod.,Hate,Offensive_Targeted_Insult_Individual
ext_00324,Movie sakathage edi.. nodi...,Non-Hate,Not_offensive
ext_00325,Ji d boss I love you d boss,Non-Hate,Not_offensive
ext_00326,And Narayan swamy yaru yava uru,Non-Hate,Not_offensive
ext_00327,@Prasad Raj tulunad and kannada bashe meli abhimana super guru,Non-Hate,Not_offensive
ext_00328,Hands UP​... ಇದು ಚರಿತ್ರೆ ಸೃಷ್ಟಿಸೋ ಅವತಾರ... #ASN waiting for you,Non-Hate,Not_offensive
ext_00329,Number 1 movie,Non-Hate,Not_offensive
ext_00330,Sakath guru....  Avan amman innu rost madri broooo nAvarella nam INDIA  dalle erbardu hag rost madri..  Guru,Hate,Offensive_Targeted_Insult_Group
ext_00331,Pubgi kooda ban agbikittu,Non-Hate,Not_offensive
ext_00332,Simple star aata kalthkonde akadake bandirodu really doddlekka,Non-Hate,Not_offensive
ext_00333,Kannada cinema belisi,Non-Hate,Not_offensive
ext_00334,Full fidaaaaaaaa.....!!!,Non-Hate,Not_offensive
ext_00335,Please sir Tik tak bide,Non-Hate,Not_offensive
ext_00336,Loo baccha koura holle avaru,Hate,Offensive_Targeted_Insult_Individual
ext_00337,Bro iverella made in china,Non-Hate,Not_offensive
ext_00338,@Kirankumarkk Gowda muchtiya solpa?,Hate,Offensive_Targeted_Insult_Individual
ext_00339,0% ಜಾತ್ರೆ..n100% talent.....,Non-Hate,Not_offensive
ext_00340,Kannadad nijvad hero,Non-Hate,Not_offensive
ext_00341,I feel sandalwood have not lost shankarnag after seeing RS2,Non-Hate,Not_offensive
ext_00342,Illa guru.. Ashwatama na.. Bhaashe ivrige. Barutte ansutte....,Non-Hate,Not_offensive
ext_00343,Delete tiktok your details are also hacking Chinese,Hate,Offensive_Targeted_Insult_Other
ext_00344,@Manju Sl nಹೌದು ಸರ್,Non-Hate,Not_offensive
ext_00345,Very good movie,Non-Hate,Not_offensive
ext_00346,@TROLL MONSTER_KANNADA nNimm Todeya release gu modale damaar,Hate,Offensive_Targeted_Insult_Group
ext_00347,Anna super agi edit madidiya,Non-Hate,Not_offensive
ext_00348,It is toooo best sir... nIdann nodi  adru arta madkobeku rajkaranigalu...,Non-Hate,Not_offensive
ext_00349,Super sang guru,Non-Hate,Not_offensive
ext_00350,Banni hagadre matadaskond barona,Non-Hate,Not_offensive
ext_00351,Supper pa ........ Continue the work. ...  Tiktok videos nodi nodi thale kettogithu.............jai modi jai jai modi......,Non-Hate,Not_offensive
ext_00352,Song Yarige Ista Agede Lika Me,Non-Hate,Not_offensive
ext_00353,Dr. Shambhu Baligaaravarige Thumba Dhanyavadagalu,Non-Hate,Not_offensive
ext_00354,Super Bhai   nice comments  nSuper voice Anna nedu,Non-Hate,Not_offensive
ext_00355,Remake mado herogaliginthanE thara swamake madoru bekunNam industry genRemake yella wastenSwamke is best,Hate,Offensive_Targeted_Insult_Group
ext_00356,Awesome  estu sari kellidru innod sari kellonna anstide. Addictive music nStory looks like Rango.,Hate,Offensive_Targeted_Insult_Individual
ext_00357,Sir nimm number Kodi  2 minit matadabeku,Non-Hate,Not_offensive
ext_00358,Kannada namma modala aadyathe aagirbeku,Non-Hate,Not_offensive
ext_00359,Ending nalli looti heg sikthu avnge.. movie nalli thorsode illa ..,Non-Hate,Not_offensive
ext_00360,Yalla sule makkalu jasti thu,Hate,Offensive_Targeted_Insult_Other
ext_00361,Sari guru nan Rc nodod irli ninu illi bandiro cmnts nodu ninge gotthagutthe,Hate,Offensive_Targeted_Insult_Individual
ext_00362,Nagarjuna avaru lyrics bardirodhu!!,Non-Hate,Not_offensive
ext_00363,Nama D Boss Nimaage kanditha Sahaya madthare sir,Non-Hate,Not_offensive
ext_00364,Super guru ninu love you,Non-Hate,Not_offensive
ext_00365,Love from Kerala anteeri adre olle movie ge support madalla.,Non-Hate,Not_offensive
ext_00366,Tag it to bindu lowda.... Avalammana thikana kheya,Hate,Offensive_Targeted_Insult_Individual
ext_00367,100 times e song keldhe super,Non-Hate,Not_offensive
ext_00368,Dboss fans erbeku,Hate,Offensive_Targeted_Insult_Group
ext_00369,Super lyrics guru,Non-Hate,Not_offensive
ext_00370,Howdu huliya,Non-Hate,Not_offensive
ext_00371,Continue 8 sali kelide song bejare aglilla chindi song and music,Non-Hate,Not_offensive
ext_00372,@Troll Stupid Fans buildup raaja neen est janunna nodidya choolnanmagne,Hate,Offensive_Targeted_Insult_Individual
ext_00373,Avanae srimannarayana...- Eddhu Charitra shrushtisuva avatara.... 🤗,Non-Hate,Not_offensive
ext_00374,Sir chinag Takkar kodo innond deshaneilva    prapanchdalli,Non-Hate,Not_offensive
ext_00375,🤣🤣 sakath guru,Non-Hate,Not_offensive
ext_00376,Bro well said superb,Non-Hate,Not_offensive
ext_00377,@Dayananda C lol judge ge lancha kottu jailge hogi bandirorna CM madiroru 420 BJP,Hate,Offensive_Targeted_Insult_Group
ext_00378,ಅನವರತ mattu ಅವಿರತ eradu samana artha iro padagalu,Non-Hate,Not_offensive
ext_00379,Super Song...,Non-Hate,Not_offensive
ext_00380,@Vinay kumar sari nim balegara yake shaata ella kithu thalege anstondidane shaatukobba-3_The power of shaata promotion ga🤣🤪,Hate,Offensive_Targeted_Insult_Individual
ext_00381,nan Film  or TV serial  producer agidre nimge patra create madi olle  sambhavne kottu act mado chance kodtidde,Non-Hate,Not_offensive
ext_00382,Bookmyshow nalli Robert ge interest kodi,Non-Hate,Not_offensive
ext_00383,Rasmika ge urskadru sapport madi,Hate,Offensive_Targeted_Insult_Individual
ext_00384,@SK Productions Shnakar nag anna nice man,Non-Hate,Not_offensive
ext_00385,@Nandi Parthasarathi ರಂಡಿ,Hate,Offensive_Targeted_Insult_Individual
ext_00386,@Nandi Parthasarathi hogo ninna akkna tullu ninna tara kelsa ilva nange yenu yavglu comments madkondu tika muchkondu sidege hogo,Hate,Offensive_Targeted_Insult_Individual
ext_00387,Vijay prakash sir super voice,Non-Hate,Not_offensive
ext_00388,Tik talkgintha nivu mado roast  best guru,Non-Hate,Not_offensive
ext_00389,Nimge edu funny ansutha,Hate,Offensive_Targeted_Insult_Individual
ext_00390,Bro e tiktok madovrna modlu thuldu sayisbeku ...nBari bildup kodo sedegale erodu bvrc galu,Hate,Offensive_Targeted_Insult_Other
ext_00391,Super song alva,Non-Hate,Not_offensive
ext_00392,Love you boss super,Non-Hate,Not_offensive
ext_00393,Super Film sir account number kodi amount hakabeku nijavgalu,Non-Hate,Not_offensive
ext_00394,@Megharaj 1 bro avru all best ellidu d fans ge ne nOdeya,Non-Hate,Not_offensive
ext_00395,Btv avra hatra video clip irbodu.... ಇದ್ರೆ ಹಾಕಿ plzz,Non-Hate,Not_offensive
ext_00396,All the best n      Yella  kannadigana paravagi nYella nataru nammavare,Non-Hate,Not_offensive
ext_00397,Super agi hugdidiya bro,Non-Hate,Not_offensive
ext_00398,Kannada ಚಿತ್ರರಂಗಕ್ಕೆ ... Signature movie agutte.. avane ಶ್ರೀಮನ್ನಾರಾಯಣ....,Non-Hate,Not_offensive
ext_00399,I love u sir,Non-Hate,Not_offensive
ext_00400,niddeburak thumba ne strong iddane guru,Non-Hate,Not_offensive
ext_00401,prajwal devaraj career best movie.,Non-Hate,Not_offensive
ext_00402,Ninv super agi video madtira bro,Non-Hate,Not_offensive
ext_00403,@Chaitanya P hwdu,Non-Hate,Not_offensive
ext_00404,how u told ?nivu heg heltiya bro,Non-Hate,Not_offensive
ext_00405,Helodannu kadime madu antialla desha uddarane,Hate,Offensive_Targeted_Insult_Individual
ext_00406,Sir eega navu uthpadane madidanna vedeshakee yavareeti procedure mulaka kalstatee.yavdee lancha eladee.,Non-Hate,Not_offensive
ext_00407,Nam guru songs always different,Non-Hate,Not_offensive
ext_00408,@vinoddevadiga Jogimane neev irodh elli?,Non-Hate,Not_offensive
ext_00409,Ho guru adu pubg alla  adu yav game antha modlu thilko ninu,Hate,Offensive_Targeted_Insult_Individual
ext_00410,Avnu bandiddre avana video akki,Non-Hate,Not_offensive
ext_00411,@Syed Akbar hello srk athava salman khan fan... Ninge race 3 ne sari... nnnnSuper story alvaa race 3,Non-Hate,Not_offensive
ext_00412,Super songr new rekard break madly,Non-Hate,Not_offensive
ext_00413,ASN asli sir benga ayti re song,Non-Hate,Not_offensive
ext_00414,Idu esta Janagalage like aagide,Non-Hate,Not_offensive
ext_00415,Huchha Venkatsene west Indies... Al the best asn...,Hate,Offensive_Targeted_Insult_Individual
ext_00416,Super jai D boss,Non-Hate,Not_offensive
ext_00417,@shiva prakash avru legends. Kannada film industry Annu ee varege thegondu bandirodu avre. Avrinda ivthina actors ge easy agirodu. nIdara madyadalli kannada film industry track kalkondithu,Non-Hate,Not_offensive
ext_00418,En guru ning isht like,Non-Hate,Not_offensive
ext_00419,Superb guru...hogiri makke tiktok ishta padorige,Non-Hate,Not_offensive
ext_00420,Pakka kannadigana Movie super,Non-Hate,Not_offensive
ext_00421,Pakka! And KGF Chapter II ಇದಕ್ಕಿಂತ inna ದೊಡ್ಡ ರಾಜ್ಯ ನೇ ಕಟ್ಟುತ್ತೇ! Waiting for Asn & KGF II,Non-Hate,Not_offensive
ext_00422,Pls in hindi,Non-Hate,Not_offensive
ext_00423,Super guru neevu,Non-Hate,Not_offensive
ext_00424,D boss love ers 1 like madi,Non-Hate,Not_offensive
ext_00425,anna super anna,Non-Hate,Not_offensive
ext_00426,R u tok tok girl??,Non-Hate,Not_offensive
ext_00427,Nanu 2 weaks ninda huccha agbitidini boss song ge fiddha agbitidini,Non-Hate,Not_offensive
ext_00428,Bro ondu hellla nandu nan desha consumer economy navu producer economy agbeku. Edu agbeku andre swantha bussinessd madodu kalisabeku. Ellli job edre great ade entrprenuer r bussinesss madtidini andre yalru chikkkadagi nodtare madve agoke hudginu kodollla. Encouragrment ellla guru,Non-Hate,Not_offensive
ext_00429,Gurudesh pandey sir remake madobadlu swamek    madi sir,Non-Hate,Not_offensive
ext_00430,idu charitre shrushtrisuva avatara = idu charithre shrushtusuva haadu,Non-Hate,Not_offensive
ext_00431,100 ಕೋಟಿ ಫಾರ್ month or day haa anna,Non-Hate,Not_offensive
ext_00432,Paapa yaro hair oil bagge helkodthidre niv yake oppose maadthira.adu avara ishta avaru yelli aadaru copy maadli ..niv yavathu yenu copy maadillva.niv hege nim opinion helidri avru ashte avara opinion helidru ashte.niv maathadidu avarige sari ansalla,Hate,Offensive_Targeted_Insult_Individual
ext_00433,super bro love you,Non-Hate,Not_offensive
ext_00434,Tik tok beda Anna,Non-Hate,Not_offensive
ext_00435,Agithu parichaya YouTube nalli....nSneha suruvaythu WhatsApp nalli....nMundu varida adhyaya...!,Non-Hate,Not_offensive
ext_00436,Ajanish Loknath en music kottiddiya ಗುರು ಚಿಂದಿ,Non-Hate,Not_offensive
ext_00437,Naa innomme e movie naodalla  avanajji eradu dina aytu hale hudgi nenapagi uta illa nidde illa sayotara annistide,Hate,Offensive_Targeted_Insult_Individual
ext_00438,@madhukumar madhukumar ks for a kind information.... audio lunch....🤔,Hate,Offensive_Targeted_Insult_Individual
ext_00439,abba en song Superrr,Non-Hate,Not_offensive
ext_00440,That voice....n@VP sir..nVere level song,Non-Hate,Not_offensive
ext_00441,@satishnithyanandam nin hesralle comedy ide ..nin antha thika kobbu iro mindri sule makklathrs nangen mathu. Hogo kong boli magane.,Hate,Offensive_Targeted_Insult_Individual
ext_00442,Seems like they are sallu muvi fans🤣🤣,Hate,Offensive_Targeted_Insult_Group
ext_00443,Prajju yav dress hakudru super aage kantane ..,Non-Hate,Not_offensive
ext_00444,super anna super creative kannadiga,Non-Hate,Not_offensive
ext_00445,Bro nivu adthiro game yavudu,Non-Hate,Not_offensive
ext_00446,super hit song kannada,Non-Hate,Not_offensive
ext_00447,Olle kelsa madudru ban madi......  2020 li idonde gudnews,Non-Hate,Not_offensive
ext_00448,Intaha innu hadugalu kannada industryge beku annuvavaru like madi,Non-Hate,Not_offensive
ext_00449,Slow poison song hit like if u agree,Non-Hate,Not_offensive
ext_00450,Sata bita jaga fill hagede dud,Non-Hate,Not_offensive
ext_00451,I hv one doubt gay gu ivarigu en difference heli,Hate,Offensive_Targeted_Insult_Other
ext_00452,Bro nim maath keli China App hogli Indian App nallu video madalla bidi,Non-Hate,Not_offensive
ext_00453,ಈ ಯುಗದ ಶಂಕರ್ ನಾಗ್ ಗುರು ನೀನು  all the best from DBOSS fans,Non-Hate,Not_offensive
ext_00454,Nija helidri sir..! Nimma video nodi admele kuda namma bhatiyaru  badalali antha pray madtini.,Non-Hate,Not_offensive
ext_00455,Sir mate communist best antiria nDemocracy li rajakarnigalu kithadtare,Hate,Offensive_Targeted_Insult_Group
ext_00456,E kannalli ennu en  en nodbeko bro,Non-Hate,Not_offensive
ext_00457,Loved vijay prakash sir voice,Non-Hate,Not_offensive
ext_00458,Nange gottu ashwathama ellidane anta,Non-Hate,Not_offensive
ext_00459,Making Nalli crazy star nenapadru...,Non-Hate,Not_offensive
ext_00460,oba mele hogutidane andre navanige melle hogokke sahay madobadallu avan kalu aledu kelage billisoke nodo janare nammalijas,Hate,Offensive_Targeted_Insult_Group
ext_00461,super film kavanadalli kathe,Non-Hate,Not_offensive
ext_00462,Adu igala 1960 ali nadedidu doctor incident,Non-Hate,Not_offensive
ext_00463,Love u shettre,Non-Hate,Not_offensive
ext_00464,Sakkat  matu,Non-Hate,Not_offensive
ext_00465,Alla Darshan fans,Non-Hate,Not_offensive
ext_00466,starting baro music kundavani ಕುಂದಾಪುರದ u remake,Non-Hate,Not_offensive
ext_00467,Bindu gowda hello!.... Koltogiro kobri mithaayi mukdavlene🤭🤙,Hate,Offensive_Targeted_Insult_Individual
ext_00468,@prithvi nayak nayakru suel maklu,Hate,Offensive_Targeted_Insult_Individual
ext_00469,Brother Bindu Gowda du tik tok ban hagirodhru bagge matadidhalala adur bagge video Madi n( Love you u r channel ),Non-Hate,Not_offensive
ext_00470,Lingaraju  m,Non-Hate,Not_offensive
ext_00471,Hands up like madi,Non-Hate,Not_offensive
ext_00472,Hands up avathara,Non-Hate,Not_offensive
ext_00473,anna intha kachada nahigallna roast madodralli tapenilla asn dialogue  daritapdhorna kshamisbodhu thap daari hiddhornallla  nim jothe iddhivi anna,Hate,Offensive_Targeted_Insult_Other
ext_00474,Nimge henge gotthu neevu en alle idra,Hate,Offensive_Targeted_Insult_Individual
ext_00475,Super ri boss lovely jai Kiccha Fan's jai rakshith Shetty boss,Non-Hate,Not_offensive
ext_00476,Over buildup yella yaake bidu guru...story chanagi kottidre saaku...aa rashmika thika uribeku....,Hate,Offensive_Targeted_Insult_Individual
ext_00477,Ellanu KGF ge yaak compare maadtiyaa guru,Hate,Offensive_Targeted_Insult_Individual
ext_00478,I love you RAKSHIT...,Non-Hate,Not_offensive
ext_00479,Ega ha ashvathama ellidhane,Non-Hate,Not_offensive
ext_00480,Super bro 🤣🤣🤣🤣,Non-Hate,Not_offensive
ext_00481,Bari prayojanake barada films nododu Facebook YouTube li comments hodiyodu yaavalo hudugi siktale anta instagram li search madodo ede Indians hanebaraha etara madidre dhesha development aagoke saadyana,Hate,Offensive_Targeted_Insult_Group
ext_00482,ಆಗೇ ಆಗತ್ತೆ 50 million + just wait,Non-Hate,Not_offensive
ext_00483,@Yashas Cp pakka,Non-Hate,Not_offensive
ext_00484,Movie chenagide hogi nodi,Non-Hate,Not_offensive
ext_00485,@Darshan Jain bro fans fans tara irona please personal agi family mele beda. Ibbarigu sari kanalla nanna mele ba illa nanna hero mele ba adu bittu family mele beda. It seems like worst.  You have also god(mother). Amma ammane yallara amma yallarigu ammane bro nimma amma namma amma bere anta enu iralla bro. Nanu ninna cmnt ge reply ade tara kodbavudu but nange amma nenpagutte so please understand.,Non-Hate,Not_offensive
ext_00486,Estu kelidru matte matte kelbeku ansutte,Non-Hate,Not_offensive
ext_00487,Shankar nag boss tara yaru barala barake agala adu bandre adu uppi avru matra aste ..always king mekar is uppi and Shankar nag bossssssssss,Non-Hate,Not_offensive
ext_00488,Super fast kate,Non-Hate,Not_offensive
ext_00489,Hands up song ge,Non-Hate,Not_offensive
ext_00490,Please movie na re release madi,Non-Hate,Not_offensive
ext_00491,Ennu.   Madu. Guru eee sule magllu du. Troll. Na,Hate,Offensive_Targeted_Insult_Group
ext_00492,Guri bennatto netara.......hands upp,Non-Hate,Not_offensive
ext_00493,ಕನ್ನಡಿಗ ಕಲಾರಸಿಕ nAvane Srimannarayana Trailer-BGM n          Re-Createdn,Non-Hate,Not_offensive
ext_00494,Egu edare sir,Non-Hate,Not_offensive
ext_00495,Link share madi,Non-Hate,Not_offensive
ext_00496,Kannada super song.....super boss..... hands up,Non-Hate,Not_offensive
ext_00497,Entha savu marre idu nExam Alli ans nepagalla  1line bardu 2nd line baribekidre ide song barutte,Non-Hate,Not_offensive
ext_00498,Very nice togari tippa story,Non-Hate,Not_offensive
ext_00499,Slow poison song annoru like madi...,Non-Hate,Not_offensive
ext_00500,Super guru iam proud my india,Non-Hate,Not_offensive
ext_00501,Super song great song,Non-Hate,Not_offensive
ext_00502,Mysore maharajara bagge hemme inda helidralla tumba chennagittu.,Non-Hate,Not_offensive
ext_00503,Paramvah Music uuuujnxgjmifjkijhn Ya jinhen,Non-Hate,Not_offensive
ext_00504,@SHASHIKALA B howda mam enge,Non-Hate,Not_offensive
ext_00505,Trailer Andre Eg Erbeku...,Non-Hate,Not_offensive
ext_00506,Friend's Block tickets kuda sigalla,Non-Hate,Not_offensive
ext_00507,@Avinashdada kichcha neenu nange alveno huttirodu nan bale koose respect fathers my waste sperms all bale pans nam balegaran hendthi malayalee maneli oble avalanthe hogi avl kari thulna kelike biddange nekku thuldeepanan pan agidukku saarthka agutte puccha pans for a reason 🤣🤪,Hate,Offensive_Targeted_Insult_Individual
ext_00508,@d boss mania Kaili aagde iro shandru mai paruchkotave nnadak naav tale kedskolalla nndagar na nam karnataka dalle yavangu gottilla inna other state,Hate,Offensive_Targeted_Insult_Group
ext_00509,Kannada industry is next level ivaga yaru alladsak agalla Kannada industry na,Non-Hate,Not_offensive
ext_00510,Kannada indusrty ivag ivaga improve agtaide annovru like madi..,Non-Hate,Not_offensive
ext_00511,@naveen v  looo thikamuchkondu hogi nim BALEGARA SUDEEP HELU BARI KANNADA MOVEI THEGIYOKKE MANGDHULLE,Non-Hate,Not_offensive
ext_00512,u great pa love u,Non-Hate,Not_offensive
ext_00513,Super song all the best from Shivaraj Kumar fans,Non-Hate,Not_offensive
ext_00514,Super song,Non-Hate,Not_offensive
ext_00515,Offter long back coming see Kannada cinema...........New multitalented shankaranna............kannadada gandu,Non-Hate,Not_offensive
ext_00516,Rashmika elliddeyakka🤣🥀nnnRakshith Shetty rockzzzzzzz,Non-Hate,Not_offensive
ext_00517,Hands  up  super  songs,Non-Hate,Not_offensive
ext_00518,sir nem no kodie plz plz,Non-Hate,Not_offensive
ext_00519,ಹತ್ತು ವರ್ಷ strict  president rule ಬರಬೇಕು.,Non-Hate,Not_offensive
ext_00520,Ayyo gubalgala only tiktok tiktok antha odkotavre only not tiktok 59 apps ban agirodu,Hate,Offensive_Targeted_Insult_Group
ext_00521,Obba amman hatra ninge yav maga ista antha kelidhre. Sandalwood fan,Non-Hate,Not_offensive
ext_00522,Sar Nim Len nodida mele Nim nija madthbeku SAR plz call Madi,Non-Hate,Not_offensive
ext_00523,Idhu charithre shrushtiso haadu...,Non-Hate,Not_offensive
ext_00524,Bharatha Dali jathi padathi meljathi kiljathi erovarege  development sadyane ella and  lancha black money erovarege udara agalla. Reservations erovarege Bharatha udara agala innu development kanasina mathu . China Dali latest political parties Kiri Kiri Ella mathe munduvarida desha but Bharatha China ke compare madidare thumba hinde ede . Bharatha Munde barbekadare political onde erbeku or president adikara erbeku. reservation ban agbeku. Meljathi kiljathi ban agbeku. Lancha ban agbeku. Thappu madidavarige kattina shikshe agbeku Saudi Thara . Amele Bharatha udara aguthe .,Non-Hate,Not_offensive
ext_00525,Raja Vishnuvardhana it’s available only in Kannada on Amazon prime,Non-Hate,Not_offensive
ext_00526,yest olle kalsa nan yavag e kelsa madtaro anta kaytayde thamk u brother full happy,Non-Hate,Not_offensive
ext_00527,@Nagaraj Manjithaya bro parabhase Alla film chennagirod nodtare Ashte,Hate,Offensive_Targeted_Insult_Individual
ext_00528,Tik tok ban I'm full Full Happ bro ..hage pubg nu ban hagbittre Nana kushige paarave illa,Non-Hate,Not_offensive
ext_00529,Tamil telugu and malayalam song galalli  rakshith and yash avarige compare madidira,Non-Hate,Not_offensive
ext_00530,Step suppppeerrrrrr ide,Non-Hate,Not_offensive
ext_00531,Film Andre idu. Super movie,Non-Hate,Not_offensive
ext_00532,@Nithi nithinNav en madvappa....,Hate,Offensive_Targeted_Insult_Individual
ext_00533,superb song,Non-Hate,Not_offensive
ext_00534,Anna tumba channag madtiraa.. Super,Non-Hate,Not_offensive
ext_00535,Super song guru,Non-Hate,Not_offensive
ext_00536,Neen en medhavi Eno guldu,Hate,Offensive_Targeted_Insult_Individual
ext_00537,ಇವ್ನಿಗೆ sensorನಲ್ಲಿ UA certificate ಸಿಕ್ಕಿತು ಅದಕ್ಕೆ ಈಗ everybody HANDS UP,Non-Hate,Not_offensive
ext_00538,Back burn rashmika,Hate,Offensive_Targeted_Insult_Group
ext_00539,Rakshit movie success party Elli maadbekanta iddiri??,Non-Hate,Not_offensive
ext_00540,Dana alla ok,Non-Hate,Not_offensive
ext_00541,Super guru.. Sariyagi ugdidiya,Non-Hate,Not_offensive
ext_00542,Haage madidre nam India dalli ketta kasa eralla anna,Non-Hate,Not_offensive
ext_00543,Hollay hrudhayawantha Ashwath sir hawra maganigey heee sthithi noowu,Non-Hate,Not_offensive
ext_00544,Nija super......... Movie please re release maadi,Non-Hate,Not_offensive
ext_00545,Kannada intha Telugu Alli song Chang idhe,Non-Hate,Not_offensive
ext_00546,supar anna Ennu Ugiri nan makluge tiktok beda,Non-Hate,Not_offensive
ext_00547,Y. Boss.ಅಭಿಮಾನಿಗಳ ಕಡೆಯಿಂದ. All the best Sir....,Non-Hate,Not_offensive
ext_00548,Ur super sir..but ಒಂದ hit movi kodi sir navu adakoskara kaetidivi....,Hate,Offensive_Targeted_Insult_Other
ext_00549,Super sir. real hero nivu. Nimminda Navu kuda kalthkolodede,Non-Hate,Not_offensive
ext_00550,@chetan kumarab guru ve.... aha comment maddhavn hesru nodo....nanalla kano,Hate,Offensive_Targeted_Insult_Individual
ext_00551,@Kushal MR nin kano bvc jaatrr,Hate,Offensive_Targeted_Insult_Individual
ext_00552,@Nandi Parthasarathi ಹಾದರಗಿತ್ತಿ,Hate,Offensive_Targeted_Insult_Individual
ext_00553,Num mane ge bandidru,Non-Hate,Not_offensive
ext_00554,Balasiddare Sir hands up anta,Non-Hate,Not_offensive
ext_00555,Edellaa aagabeku andre PRAJAKIYA aadalitakke barabeku,Non-Hate,Not_offensive
ext_00556,Nav evna nodabahuda,Non-Hate,Not_offensive
ext_00557,@Thilak Kumar  e ondu mathu    saku bro    Kannada   industry ge support,Non-Hate,Not_offensive
ext_00558,Tickets amount 10000 adru mosa illa ... Love you  all,Non-Hate,Not_offensive
ext_00559,Hindiyelli film release madbekittu bro,Non-Hate,Not_offensive
ext_00560,A Anna car gema yavadu,Non-Hate,Not_offensive
ext_00561,Sakat swabhimani sir nivu,Non-Hate,Not_offensive
ext_00562,Pratvi yen acting guru nimdu,Non-Hate,Not_offensive
ext_00563,@VARAPRASAD K K  being a darshan fannEetara Darshan sir helkotidara bere hero galna bayri antha.nnSumne yake bro,Hate,Offensive_Targeted_Insult_Individual
ext_00564,Mera masth song guru,Non-Hate,Not_offensive
ext_00565,Keli kadiruva bandhavarennBhuviyalli avana aritavarennYarilla bidi,Non-Hate,Not_offensive
ext_00566,Dislike mado  tukaligalu ond movie screen madli saku adestu kasta anta gottagutte .all the best for this move,Hate,Offensive_Targeted_Insult_Other
ext_00567,Nama Kannada channel Dinesh ss स्सुप्पेर,Non-Hate,Not_offensive
ext_00568,Uttara Karnatakad attyuttama hasya,Non-Hate,Not_offensive
ext_00569,Pakka full gicchi gilili song... En song pa benki aiti.... Pakka ella record nu muriteti  .... Jai Karnataka,Non-Hate,Not_offensive
ext_00570,Yes agreed first time keldaga 🤦‍🤦‍🤦‍ ansituu but 4-5 keldaga agoitu,Hate,Offensive_Targeted_Insult_Other
ext_00571,Guru Chinese mobile yen madodu,Non-Hate,Not_offensive
ext_00572,Rashmika shetty fans irbekun.,Non-Hate,Not_offensive
ext_00573,Estu sari nodudru samadhana aagthilla.... Awesome song,Non-Hate,Not_offensive
ext_00574,Aadu nane broo... Soul naa Replacement maddee... Bere body gee.. Antha aansthidee,Hate,Offensive_Targeted_Insult_Other
ext_00575,Nijavada hero andre evare,Non-Hate,Not_offensive
ext_00576,Sir prajakeeya'kke support madi sir daily 30sec adru adra bagge heli start madi sir pls eno help agutte subscriber bahala jana ide,Non-Hate,Not_offensive
ext_00577,Anna sariyag matadidhiraa🤣......,Non-Hate,Not_offensive
ext_00578,Yen sakkathagi helidri guru,Non-Hate,Not_offensive
ext_00579,@syed Noor Noori sdi ಧನ್ಯವಾದಗಳು,Non-Hate,Not_offensive
ext_00580,@10 R report madi avna,Non-Hate,Not_offensive
ext_00581,Super song bro thank you Vijay Prakash sir Great singer,Non-Hate,Not_offensive
ext_00582,Namma deshadalli Somberigalu jaasthi..,Hate,Offensive_Targeted_Insult_Group
ext_00583,Paramedical exam bagge mahiti tilisi sir,Non-Hate,Not_offensive
ext_00584,Áÿįøøøøø super broooo love u,Non-Hate,Not_offensive
ext_00585,Ah allu raghu ge forward madbeku e video bari nigradavne,Hate,Offensive_Targeted_Insult_Individual
ext_00586,@Ashwini CP pls movie nodi. Ondu olle movie na mis madkolbedi.,Non-Hate,Not_offensive
ext_00587,Dia is wonderful movie. Innu ee fimina hangover alle idini. Idu highest  IMDB rated kannada movie  9.4,Non-Hate,Not_offensive
ext_00588,Sari korona bandare adana guna padisikolalu amount hestu karchu aguthe adu yavayavadake antha solpa maithi kodthira please,Non-Hate,Not_offensive
ext_00589,Pakka mas Nam kannada movie,Non-Hate,Not_offensive
ext_00590,First hog film nodu. Amele yen bekadru comment madu.,Hate,Offensive_Targeted_Insult_Individual
ext_00591,Song maatra chindi,Non-Hate,Not_offensive
ext_00592,Nice move in kannada,Non-Hate,Not_offensive
ext_00593,Nanagu hage ansate,Non-Hate,Not_offensive
ext_00594,Rakshit Macha time togondrunu sakath agi bandide,Non-Hate,Not_offensive
ext_00595,Looks promising..,Non-Hate,Not_offensive
ext_00596,Nice bro nanu yella Chinese app na delete madidinin,Non-Hate,Not_offensive
ext_00597,Nijawaglu nin hatra thumba talent ide guru super. Ninu roast mado style super.,Non-Hate,Not_offensive
ext_00598,1st Telegram App close madsi amele ella bartare,Hate,Offensive_Targeted_Insult_Group
ext_00599,VPN hakondu tiktok use madtidare nam soldier sattirodu lekkka ellla janakkke,Hate,Offensive_Targeted_Insult_Group
ext_00600,Idu charitrae srushtiso Cinemannae🤘,Non-Hate,Not_offensive
ext_00601,Supar sir nevu,Non-Hate,Not_offensive
ext_00602,Super song awesome,Non-Hate,Not_offensive
ext_00603,sir nimmannu naanu 1st nodiddu Manethana  annuva 2.30 serial nalli sir...20 years before sir...but adra nanthara evagle nodtha erudu sir...,Non-Hate,Not_offensive
ext_00604,Guru tq nan wait madtidde nin video na,Non-Hate,Not_offensive
ext_00605,Bgm super ide ಶೆಟ್ರೇ,Non-Hate,Not_offensive
ext_00606,Super Anna jai hind,Non-Hate,Not_offensive
ext_00607,Yen helda guru super,Non-Hate,Not_offensive
ext_00608,500K Likes  edhe mutbhodu nangansdhamge,Non-Hate,Not_offensive
ext_00609,Rakshit boss Super dance u r looking like karate king shaankar nag ND Vishnuvardan boss m Vishnu sir fan,Non-Hate,Not_offensive
ext_00610,U-turn is telugu or tamil movie na..?,Non-Hate,Not_offensive
ext_00611,Super bro benki,Non-Hate,Not_offensive
ext_00612,Super Ann nanagu. Tik tok.banna  agude bekagitu,Non-Hate,Not_offensive
ext_00613,Blockbuster agli annovru like Madi,Non-Hate,Not_offensive
ext_00614,En guru nim video ge fan agode aitu nimge namma kade inda subscribe,Non-Hate,Not_offensive
ext_00615,Super singer vijay Prakash sar,Non-Hate,Not_offensive
ext_00616,Yarige e trailer nodidre Rangitharanga movie nenpaytu like madi,Non-Hate,Not_offensive
ext_00617,Plz chance kodi nodi avar acting,Non-Hate,Not_offensive
ext_00618,Nanu kellida uthammavada maatugallu thanks sir,Non-Hate,Not_offensive
ext_00619,Super  sir,Non-Hate,Not_offensive
ext_00620,Guru eno heludri but sakkatag heludri super guru,Non-Hate,Not_offensive
ext_00621,Evnoba sade banda illi...,Hate,Offensive_Targeted_Insult_Individual
ext_00622,Bro nanu tik tok install madidde..onde dinakke uninstall madde....matte tik tok sahavasakke hogilla...allinda tik tok agu hogugalanna troll video dalle nodi njoy madta idini....super bro...🤣🤣🤣🤣,Non-Hate,Not_offensive
ext_00623,@VARAPRASAD K K le Randi magne Neenu ba nimmamman karakondu ba ibbarana hattu ibbarigu ondondu dozen Papu dagar nan maklan hutsi kalastini amele barabekadre dj sounds system idre togond ba naan madbekadre nimmamma Mia khalifa Tara kirchodu nin kannalli nodokagutto ilvonMatte Neenu sunny Leone Tara archod nan kailli tadkollokagallappa🤣🤣🤣,Hate,Offensive_Targeted_Insult_Individual
ext_00624,Super song lovely,Non-Hate,Not_offensive
ext_00625,1.8k dislike kottiro sulemaklu yaarappa... Nim padha ondh sala mutbeku...,Hate,Offensive_Targeted_Insult_Group
ext_00626,Super hit agodralli yavude dout illa gelayare Jeeva,Non-Hate,Not_offensive
ext_00627,Rakshith shetty ... superb song .. ninna kastada prayathnakke kanditha pala sikke sigutte.  ..,Non-Hate,Not_offensive
ext_00628,Shetru birthday party dina haadiro haadu aawaginindaa wait maadtide.....,Non-Hate,Not_offensive
ext_00629,Yen sir nivu.... Owsome human being,Non-Hate,Not_offensive
ext_00630,Bidu Gowda ge Alli hodi beku first avaru mane Alli avaru appa Amma ne kelluthiya dure Tiktok maduthirodana Ennu Nive yochane Madi evallu yetha kithu hogi erollu eru beku ethara avaru edane India ge Bad Name Mathe Namu inda girls ge nu Bad name,Hate,Offensive_Targeted_Insult_Individual
ext_00631,@10 R Lo Kanda... Baiyoke ninthre nim appa kano naanu,Hate,Offensive_Targeted_Insult_Individual
ext_00632,@nkn havali neene hachko yak Andre ninge urdirutte,Hate,Offensive_Targeted_Insult_Individual
ext_00633,Broo niv aadtiraa game yavdu,Non-Hate,Not_offensive
ext_00634,Full roast madiddiya e somberigalige,Hate,Offensive_Targeted_Insult_Group
ext_00635,Yaru boss alla,Non-Hate,Not_offensive
ext_00636,@Nandi Parthasarathi gaandu Sule magne hogi bucket du gaygf nodu adu bittu illi dboss annnabeda cheeti kalla fan,Hate,Offensive_Targeted_Insult_Individual
ext_00637,Eatra film nana life nale nodella sir super different director,Non-Hate,Not_offensive
ext_00638,Olledanna swalpa guruthisi,Non-Hate,Not_offensive
ext_00639,@Nandi Parthasarathi ille gotta aagta ide ninu yestu urkondu sattidiya anta yenro nimma same balegarna type nayi padu 🤣🤣🤣,Hate,Offensive_Targeted_Insult_Individual
ext_00640,C.C camera etter yn saytira yalla fak,Hate,Offensive_Targeted_Insult_Group
ext_00641,English movie RANGO dubb maadi ro movie,Non-Hate,Not_offensive
ext_00642,Superb bro ur righttiktokers ge sariyag heliddira,Non-Hate,Not_offensive
ext_00643,@sharath sharu yako sule magne sumne eroke agalva,Hate,Offensive_Targeted_Insult_Individual
ext_00644,Dislike madiru Yarantha gotthanBurnel kodro avrige...,Hate,Offensive_Targeted_Insult_Group
ext_00645,Super hands up..,Non-Hate,Not_offensive
ext_00646,Ultra ultimate  song,Non-Hate,Not_offensive
ext_00647,Entha valle    trailer  ri   edu   great nKelhu   kachda   galu n  intha   prathibe galu   karnataka dalidru   n dudina aase ge   low   quality   movie  madi  nkannada andre   jana  intrest thoris  bardu   naa  thara   aprada   madthidare,Non-Hate,Not_offensive
ext_00648,bro same video part 2 madu bro please plsssssssssssssssssssssssssssssssssssss swalpa bindu Gowda na akond roaste madu bro,Non-Hate,Not_offensive
ext_00649,Charetra hustsodu avatara,Non-Hate,Not_offensive
ext_00650,Chiki chiki chikappa nidhe madidh saku helappa🥰🥰🥰,Hate,Offensive_Targeted_Insult_Individual
ext_00651,Este antha helakkagall nija edhru erabahudu,Non-Hate,Not_offensive
ext_00652,Hi....chaina dalli ago product nnu navu madidvi....adre....namma desha davre namage mosa madidru same model nnu chaina kondogi avrege thorise dublicate madbittu dandu...kammi belege elle mariddare....edde karana...navu hinduliyalu....eglu navu...mado ondondu product chaina dinda tharisthidru adre navu automobiles product naavu madthideevi...adre yaaru encarage madalla.....,Hate,Offensive_Targeted_Insult_Group
ext_00653,Houdu niv helidu 100% nija sir.,Non-Hate,Not_offensive
ext_00654,Super  chindi boss,Non-Hate,Not_offensive
ext_00655,Sir nanu driver kelsa madidininNevu acting maddanta Amar Akbar Antony cinema dallinReally great sir Nevu nanu tumba adrustavanta nimjote edadu,Non-Hate,Not_offensive
ext_00656,Oooo super sir,Non-Hate,Not_offensive
ext_00657,Yavga release agute,Non-Hate,Not_offensive
ext_00658,All the best DBOSS darshan fans Kade endaa,Non-Hate,Not_offensive
ext_00659,@Rohit Gangatkar guru ninge gotagalla sumne eru bale pans start madidare nau end madthivi e mathna thuldeepannan  pansgu helu modlu,Hate,Offensive_Targeted_Insult_Other
ext_00660,Namma karaavali enta enta actors galanna kannada cinemage needide gotta!?upendra,Non-Hate,Not_offensive
ext_00661,Desha modlu pls ban agbeku tik tok,Non-Hate,Not_offensive
ext_00662,idu Actually chenag irodu,Non-Hate,Not_offensive
ext_00663,Idu Englishs filmae beat madute ansudre like madi,Non-Hate,Not_offensive
ext_00664,@satishnithyanandam lo kaidhi,Hate,Offensive_Targeted_Insult_Individual
ext_00665,Prajwal devaraj looks sooooo handsome in ANANTHU VS NUSRUTH kannada movie,Non-Hate,Not_offensive
ext_00666,Nimman kelu adna,Hate,Offensive_Targeted_Insult_Individual
ext_00667,nachike agtide nange enthado dod dod heros movi chennagildiddruu  odtave,Hate,Offensive_Targeted_Insult_Other
ext_00668,Nijwaglu idare antha nambake agta illaaa,Non-Hate,Not_offensive
ext_00669,Super song anjanish lokanath vijaya prakash rashkit shetty,Non-Hate,Not_offensive
ext_00670,@Ambrish Mallad modalu bere hero respect kododu kali amele maathadu gaandu kudlu ella adu Ella andkondu,Hate,Offensive_Targeted_Insult_Individual
ext_00671,Super nivheliddu nija,Non-Hate,Not_offensive
ext_00672,Super sogs guru,Non-Hate,Not_offensive
ext_00673,ತೊಗರಿ ತಿಪ್ಪ ಸುಪರ್ ಕಾಮಿಡಿ so super thogari thippa comdey,Non-Hate,Not_offensive
ext_00674,Yan helidiya guru,Non-Hate,Not_offensive
ext_00675,Odeya film yeng edhe nodudra,Non-Hate,Not_offensive
ext_00676,Yelli eddru guru e music director super music ultimate music,Non-Hate,Not_offensive
ext_00677,Koltogiro kobrimitayi mukdloge edkond degtin bro,Hate,Offensive_Targeted_Insult_Individual
ext_00678,Anna yavuranna nindu...chamarajnagarana...,Non-Hate,Not_offensive
ext_00679,E kithu hogi ero Nan makallu na chapalli Alli hodi beku.... Tiktok Ban Madi olle kelsa Madi edare,Hate,Offensive_Targeted_Insult_Group
ext_00680,Compare madebda yella nam avre.. Talent irodakke beldirodu,Non-Hate,Not_offensive
ext_00681,Rashmika dagar munde,Non-Hate,Not_offensive
ext_00682,Yav game idu,Non-Hate,Not_offensive
ext_00683,Kannada song Yavagalu super,Non-Hate,Not_offensive
ext_00684,Eee song naa eeega nodthiroru like maadi,Non-Hate,Not_offensive
ext_00685,ಕನ್ನಡ is super,Non-Hate,Not_offensive
ext_00686,15 days inda bari dia movie status akthaedini bro awesome movie bro,Non-Hate,Not_offensive
ext_00687,super song i like it,Non-Hate,Not_offensive
ext_00688,Nivella aa Udyonmukhi Rajakarani kadeyavara,Hate,Offensive_Targeted_Insult_Group
ext_00689,Hinene sariyagide sir,Non-Hate,Not_offensive
ext_00690,en music guru,Non-Hate,Not_offensive
ext_00691,Nivu pan India film Madi sir nivu Nam sandalwood most handsome hunk,Non-Hate,Not_offensive
ext_00692,Modi ji gamana kodi namma sath nemage ide,Non-Hate,Not_offensive
ext_00693,Super bro nim nice and dialogue bro🤣,Non-Hate,Not_offensive
ext_00694,Obba nata driver ägiddaru adakkintha obba driver natarägiddàre annothe HEMME.,Non-Hate,Not_offensive
ext_00695,thogari tippa super,Non-Hate,Not_offensive
ext_00696,@ᴍᴏᴠɪᴇs sᴛᴜᴅɪᴏ yen bekaadru baiko....naan yaav hero blind fan alla.... nin thara....,Hate,Offensive_Targeted_Insult_Individual
ext_00697,Ur Insta I'd name bro,Non-Hate,Not_offensive
ext_00698,dislikes are from pedigree foodies,Hate,Offensive_Targeted_Insult_Group
ext_00699,Nope i understood because im ಕನ್ನಡಿಗ,Non-Hate,Not_offensive
ext_00700,le kelly yak guru..yella kade negative agi matadtidiya...yaake...avr ella wish maadtidare aste...if u gonna watch its upto u...just dont trigger evrone at no reason...,Non-Hate,Not_offensive
ext_00701,Heliro prati ondu point super brooo adrallu yaro obba yallo eno agidakke tiktok ban madavre anta helidnalla avnige saryagi uttara kottidira super nivu,Non-Hate,Not_offensive
ext_00702,Sir really talent  andre nimde nimmantavaru beku nam deshakke,Non-Hate,Not_offensive
ext_00703,@TROLL MONSTER_KANNADA nDagar fan modalu tilakonda matado gubal.....nYaramunde aadre ee tara heludre metteli hoditara pa......,Hate,Offensive_Targeted_Insult_Individual
ext_00704,Super creation bro .  Adru nim voice sppppprrrrrr.....,Non-Hate,Not_offensive
ext_00705,Nija heliddiya guru.nEvr mane yaradru bordernalli sattidre gottagodu.,Hate,Offensive_Targeted_Insult_Group
ext_00706,Yaaru e songanna ondakkinta jaasti sala kelta edeera like maadi,Non-Hate,Not_offensive
ext_00707,Bari olu nan makla,Hate,Offensive_Targeted_Insult_Group
ext_00708,Super agide song maatra Haaands Up  n940 dislikes and still counting,Non-Hate,Not_offensive
ext_00709,Ee song ge dislike yakro madtira istond chanagide making,Hate,Offensive_Targeted_Insult_Individual
ext_00710,Anna en mast helde 100 plzzz innu innu publish Madi thukali tiktok ge end sigli,Non-Hate,Not_offensive
ext_00711,Super ri bro,Non-Hate,Not_offensive
ext_00712,Boss akkun bidbede roste madi,Non-Hate,Not_offensive
ext_00713,Suppar anna I am army boy,Non-Hate,Not_offensive
ext_00714,Super guru ninu..,Non-Hate,Not_offensive
ext_00715,Abbbabbabababababa . . Dhoolu guru.. gooli Bantu,Hate,Offensive_Targeted_Insult_Individual
ext_00716,Idu charitre baryuva..Narayana..,Non-Hate,Not_offensive
ext_00717,So interesting film,Non-Hate,Not_offensive
ext_00718,Rip tik Tok,Non-Hate,Not_offensive
ext_00719,Rango english animated movie nodi story bardiro haag ede.,Non-Hate,Not_offensive
ext_00720,Yan guru tik  tok  trolars mirisibite guru Tik Tok stars nin  video nodidre madiro videos muti muti nodkobeku Atara idea,Non-Hate,Not_offensive
ext_00721,Anna sakath agi mathadiddira,Non-Hate,Not_offensive
ext_00722,Kithodnan maklu galu. Alli saytha edare  elli yak madbeku uninstall madbeku anthare. Gandu galu,Hate,Offensive_Targeted_Insult_Other
ext_00723,Next level movie guru,Non-Hate,Not_offensive
ext_00724,ASN song Hansp song nice,Non-Hate,Not_offensive
ext_00725,@Abhilash Gowda neen anbeda bidolo,Hate,Offensive_Targeted_Insult_Individual
ext_00726,Kerala antha helbedi bro. Adu kuda jathi na nodutte. Agi hechagi nodutte nan sutta muttalina example nalli heltha idini... I have many Malli frnds so,Non-Hate,Not_offensive
ext_00727,Anna yav kaaldall iddira.2020 agutte next..Joke madbedi,Non-Hate,Not_offensive
ext_00728,Plz dayvitto Kannada Film industry yali ivrgge Film gallali chence koddi yappa,Non-Hate,Not_offensive
ext_00729,Super guru song,Non-Hate,Not_offensive
ext_00730,music alli  eno diffirent kick ide,Non-Hate,Not_offensive
ext_00731,Anna nin super yelargu saryag ugdidya avrgela bartha edid bikshe kaasu miss aythu antha support madtha edru aste,Non-Hate,Not_offensive
ext_00732,Muchgond irappa Nim dharmad bagge nodkond sumne irinNam nambike bagge nimag yeke uri,Hate,Offensive_Targeted_Insult_Individual
ext_00733,Idu Charitre srustiso avatara ......ASN,Non-Hate,Not_offensive
ext_00734,Nimma customer reactionna video maadi youtube channel open maadi upload madi sir,Non-Hate,Not_offensive
ext_00735,Hit bidu guru,Non-Hate,Not_offensive
ext_00736,Harsith venktesh yake comedy anusathva... Kastadalli idhavarige help maadi punya siguthe,Hate,Offensive_Targeted_Insult_Individual
ext_00737,Song likers 119k and Rakshit Shetty nodi urkoloru (unlikers) 1.7,Hate,Offensive_Targeted_Insult_Group
ext_00738,Tamate song matra amazing.,Non-Hate,Not_offensive
ext_00739,Exelent music &dance,Hate,Offensive_Targeted_Insult_Other
ext_00740,I like your comments,Non-Hate,Not_offensive
ext_00741,Thumba vishaya galannu thilisi kotri Amar prasad ravare .thank you,Non-Hate,Not_offensive
ext_00742,Modijji avrige gothu aste gothu soldiers value,Non-Hate,Not_offensive
ext_00743,Sir navu kannadadavru #asn moviena nale release madidru nodthivi.... #Kgf rangeGe bere bhashelu promote madi modlu...Kannadadallanthu % hit,Non-Hate,Not_offensive
ext_00744,Ashvatthsma idre avana photo kalsi,Non-Hate,Not_offensive
ext_00745,B Ajaneesh Lokanath BGM Stun Bro..,Non-Hate,Not_offensive
ext_00746,Sir nimmana nodtidre ashwth sirna nodadhaste kushi aaguthe Sir,Non-Hate,Not_offensive
ext_00747,Sir nim movie nodi nimge thumba ista aytu adre ondu bejaru agtide nNim movie song innu 2 songs release madiri please,Hate,Offensive_Targeted_Insult_Group
ext_00748,@sumit patil but torsalla..,Non-Hate,Not_offensive
ext_00749,En guru nin line's galu super agi helidiyaa bidu,Non-Hate,Not_offensive
ext_00750,Pmt andre yavdu?,Non-Hate,Not_offensive
ext_00751,full videos link iddare haaki...,Non-Hate,Not_offensive
ext_00752,@Chethan Chethu ಜೈ ಡಿ ಬಾಸ್,Non-Hate,Not_offensive
ext_00753,Anna thamma janpada super,Non-Hate,Not_offensive
ext_00754,@Entertainment Gaming ohhh sari guru nambthine,Non-Hate,Not_offensive
ext_00755,Super Junior narayana,Non-Hate,Not_offensive
ext_00756,En song guru.....,Non-Hate,Not_offensive
ext_00757,Narayana. Character. Yariga  istha. Illi. Like. Madi,Non-Hate,Not_offensive
ext_00758,No.. 1 sec saku summe mnt ella waste madtara,Hate,Offensive_Targeted_Insult_Group
ext_00759,Tiktok madorena Chinese ge kalse beku,Hate,Offensive_Targeted_Insult_Group
ext_00760,Avaru badlagabeku ivara badlagabeku annodu tappu modlu nav badlagbeku ekandre vote hakori nave matte avara gedda mele avaranna baioru nave nija ansidre like madi,Non-Hate,Not_offensive
ext_00761,Tik Tok tune hunkondh hoeyhu Tik Tok madhuru china avaradhu tune unri🤣🤣🤣🤣🤣,Hate,Offensive_Targeted_Insult_Group
ext_00762,Super song amazing lyrics,Non-Hate,Not_offensive
ext_00763,Nice bro Nina vicoe super,Non-Hate,Not_offensive
ext_00764,@Nandi Parthasarathi ನಂದಿನಿ 1 ಲೀಟರ್ ಹಾಲು ಕೊಡಿ plz,Hate,Offensive_Targeted_Insult_Individual
ext_00765,Loude illu nim sade fans giri shuru madudra.. Olle movie ge support everyone best in their part.. Thu nan makla nimantavrindane innu kannada industry explore agtilla..,Hate,Offensive_Targeted_Insult_Group
ext_00766,Nkn sakkat guru....,Non-Hate,Not_offensive
ext_00767,@TROLL MONSTER_KANNADA ಲೋ ಬೋಳಿಕೆ,Hate,Offensive_Targeted_Insult_Individual
ext_00768,Hands uppppp chindiiiiii,Hate,Offensive_Targeted_Insult_Group
ext_00769,@V B Ade,Non-Hate,Not_offensive
ext_00770,Yudd madbeku odabardu katakar munde bagavtgithe. annuv salannu hiro annbek ettu..super song,Non-Hate,Not_offensive
ext_00771,I love you sir,Non-Hate,Not_offensive
ext_00772,Noraru kooti suriyo Kannada Film industry entha kalavidara nu belasalu sadyavilave enta  nachike vishaya alva,Non-Hate,Not_offensive
ext_00773,Super energetic song,Non-Hate,Not_offensive
ext_00774,Subscribe aade guru,Non-Hate,Not_offensive
ext_00775,@Venki Udv but story line seems different.,Non-Hate,Not_offensive
ext_00776,@prithvi nayak next dabbang bere ide,Non-Hate,Not_offensive
ext_00777,Eega ellakade ursthayirodu kannadigare,Hate,Offensive_Targeted_Insult_Group
ext_00778,En helde guru sakkath.tik tok madorgella super agi heldre,Non-Hate,Not_offensive
ext_00779,Lowde song hesru en helu,Hate,Offensive_Targeted_Insult_Individual
ext_00780,Vivek bindra avra hindi version na kannadal helidake nimge danyavadaglu sir....,Non-Hate,Not_offensive
ext_00781,Yav game guru edu,Non-Hate,Not_offensive
ext_00782,Vijay Prakash sakkath Voice,Non-Hate,Not_offensive
ext_00783,Hindi song yavaga release madtira?,Non-Hate,Not_offensive
ext_00784,@Ajay Joshi nJaake karam johar ko pooch,Hate,Offensive_Targeted_Insult_Individual
ext_00785,A pistol idkondu hako step,Non-Hate,Not_offensive
ext_00786,@Chaitanya P ? Haagandre yenu? Nam hero yellakade gelbekalwa?..,Non-Hate,Not_offensive
ext_00787,Hatrale akige bindu gowda ge,Hate,Offensive_Targeted_Insult_Individual
ext_00788,Swabhimaani neevu. Keep it up,Non-Hate,Not_offensive
ext_00789,@Madhu Madhu hello bro navu tulunad navru tulu namma matru bashe aste abhimana kannada bashe melu ide,Non-Hate,Not_offensive
ext_00790,@Mahesh 13 1- Rajkumar chitragalanu naanu nodidheeni. Haadu ishta pattidheeni. Adhrey avara haadey best antha illaa.nn2- Songs music composing aaa? Ilayaraja goththaa? Shankar Ganesh goththaa? Haris Jayaraj goththaa? AR Rahman? Santhosh Narayanan? MS Viswanathan? Deva? Ivarella Rajkumar illadhe yeshtu hit songs kottidhaare goththaa Kannada dhalli? nShankar Ganesh thagolli. Average music director. Avara Kannada songs tune aagley bayankara craze - Karunaada Thaayi Sadha chinmayee,Non-Hate,Not_offensive
ext_00791,Super movie  bera level kannada industry kodithe bro yellaru miss madthe nodbaku,Non-Hate,Not_offensive
ext_00792,Thumba chanegide sir,Non-Hate,Not_offensive
ext_00793,Modalu ninu pubj band madu nanu tik tok  down load madilla nanu use made Ella please delete from pubj,Non-Hate,Not_offensive
ext_00794,Yen thapu illa Inna chanag ugibeku,Non-Hate,Not_offensive
ext_00795,Youtube channel nalli ASN release promos upload madi sir,Non-Hate,Not_offensive
ext_00796,Wow boss sariyagi helidhira but use madorige sariyagi heli next video,Non-Hate,Not_offensive
ext_00797,Nim bagge nanu kai hetthi mugithini shankar ashwath sir,Non-Hate,Not_offensive
ext_00798,Edu edu kannada industry... Olle kalavidrige,Non-Hate,Not_offensive
ext_00799,Idella yake Kannada Films Dodda samrajjya ne katbeku Dodda Charitrene Srusti madbeku anta helu....,Non-Hate,Not_offensive
ext_00800,Super super rakshit Shetty king.star,Non-Hate,Not_offensive
ext_00801,See #2 on trending .,Non-Hate,Not_offensive
ext_00802,@Nandi Parthasarathi nadiyole sule magane Nam style Nam ista ning yako thika uri,Hate,Offensive_Targeted_Insult_Individual
ext_00803,Nakkan idhu idhu roast andhery,Non-Hate,Not_offensive
ext_00804,Bai rakshith avri nan msg nodudri yargu agllilla aa thukali dagarna madvi madkolak hogbedi,Hate,Offensive_Targeted_Insult_Individual
ext_00805,Sir lahari music navru karaoke uplode madtidare new song  nivu uplode madi  lyirical song ge karaoke add madi  uplode madi,Non-Hate,Not_offensive
ext_00806,Eli eddeli boss nim time bandide,Non-Hate,Not_offensive
ext_00807,@Manjunath shetty Bhatkal bro...nanna friend Manju film industrynalli iddane...namma urinavre...nanna friend...nanna contactnalli iddne... script matadiddeve....ottige seri discuss madona ...,Non-Hate,Not_offensive
ext_00808,@Creative Kannadiga  le gubald atte Alla magalaganda andangaitu,Non-Hate,Not_offensive
ext_00809,Super star of Kannada film industry,Non-Hate,Not_offensive
ext_00810,Sariyagi helidira bro,Non-Hate,Not_offensive
ext_00811,Nan uninstall madhe,Non-Hate,Not_offensive
ext_00812,Nanu tiktak ballisilla avivekialu youtub nu... Kuda almadutidira nimmantorinda aellu agutte,Hate,Offensive_Targeted_Insult_Group
ext_00813,Estella matadonu elli matadodkintta border ge hogi matado maraya,Hate,Offensive_Targeted_Insult_Individual
ext_00814,Game name henu bro,Non-Hate,Not_offensive
ext_00815,Bro...nNeen este Roast madudru...China ne beku anthare ivrnella gun thagond shoot madbeku aagadru India dalli eetara Desha virodhi galu sattadru saythare... Nin video nodi actually innondsari tiktok alla mbl muttoku nin permission kelbeku... nInnond strong aagi video madu guru...,Hate,Offensive_Targeted_Insult_Other
ext_00816,Brother nange kanniranna control madlikke agalilla... Nanage nanna ammana nenapu kadtide... Jotege idu out of feeling..,Non-Hate,Not_offensive
ext_00817,@Raja Vishnuvardhana hagidre enu madok agolla bidu.hahaha.,Non-Hate,Not_offensive
ext_00818,Nim mane ge banadhu ellva ..,Non-Hate,Not_offensive
ext_00819,Rocking star kadi enda all de best,Non-Hate,Not_offensive
ext_00820,All the best prajwal Devaraj Bøss,Non-Hate,Not_offensive
ext_00821,@Nandi Parthasarathi yar kandha ninu,Hate,Offensive_Targeted_Insult_Individual
ext_00822,SUPER GURU..SARIYAGI BAYDIDYA ESHTU UGUDHRU ENNA BUDDI BARALLA KELAVU MUNDEGALIGE..,Hate,Offensive_Targeted_Insult_Group
ext_00823,Nin voice and dialogues ge fidha guru 🤣🤣🤣🤣🤣,Non-Hate,Not_offensive
ext_00824,Bro yaarnu bidbedi tiktok uninstall aagovargu rost Maadi. Prathiyobrunnu,Hate,Offensive_Targeted_Insult_Group
ext_00825,Madolla because promotion asten madilla making kgf ginta dull ede,Non-Hate,Not_offensive
ext_00826,ಸೂಳೆಮಗನೇ yengo ediya ಎಲ್ಲಾ ಕಡೆ daagar ankondu promotion madtira gaandu sulemakla daagar kano avnu Darshan alla 🤦‍,Hate,Offensive_Targeted_Insult_Group
ext_00827,Bisilu nadalli hola uluvavane nijavada raita,Non-Hate,Not_offensive
ext_00828,Jai D boss Jai simple,Non-Hate,Not_offensive
ext_00829,@RAJ NRJ nijavada matu atleast navu avaranna nodi kaliyo pathagalu tumba irutte,Non-Hate,Not_offensive
ext_00830,Super song 100 days pakka,Non-Hate,Not_offensive
ext_00831,Bro ee devru yallru india davre na athava India bittu ogallva,Hate,Offensive_Targeted_Insult_Other
ext_00832,@jagadish g dambal,Non-Hate,Not_offensive
ext_00833,Super brother.           Rajakiya laba yenidide    ano yochane,Hate,Offensive_Targeted_Insult_Group
ext_00834,Diya and love mocktail ಮತ್ತೆ release aagbeku ಥಿಯೇಟರ್ li nodbeku,Non-Hate,Not_offensive
ext_00835,Chinddi  guru,Non-Hate,Not_offensive
ext_00836,@Manohar Hiremath neen full urkondidiya bido,Hate,Offensive_Targeted_Insult_Individual
ext_00837,Sir haa suule Bindu gowda GE,Hate,Offensive_Targeted_Insult_Individual
ext_00838,Henu guru songs,Non-Hate,Not_offensive
ext_00839,Duplicate  video,Hate,Offensive_Targeted_Insult_Other
ext_00840,Inta kithhodda Sule Maklige tiktok ban Agedu olled aithu,Hate,Offensive_Targeted_Insult_Other
ext_00841,Avanige gaya vasi agbeku andre..avnu krishna na bhakti madi..vasi madbeku eela Kaliyuga nasa agbeku,Hate,Offensive_Targeted_Insult_Other
ext_00842,Guru nin yelli adru tagondi roast madodu bidbeda ninge bekadre kaalige biltini,Non-Hate,Not_offensive
ext_00843,Anna super talent  anna nimdu ide tara videos  madtabiri,Non-Hate,Not_offensive
ext_00844,Thankz bro ದೊಡ್ಡ ಮಾತು,Non-Hate,Not_offensive
ext_00845,Thunbha holle msg kotri,Non-Hate,Not_offensive
ext_00846,@Gajendra hv neen kano show off gandu... Flirt maadoke bartaane bewarsi... Nimanta chool bewarsi gallindaane hudugiru comment maadoke hogolla jasthi... Jeevndalli hudgirna nodillveno thukaali,Hate,Offensive_Targeted_Insult_Individual
ext_00847,@kiran cg avaru Hyderabad Alli irodu anta heliddu.hyderabad Karnataka region anta helilla,Non-Hate,Not_offensive
ext_00848,super togari tippa,Non-Hate,Not_offensive
ext_00849,Jai prajvalnJai d boss,Non-Hate,Not_offensive
ext_00850,Nim maathugalu thumba esta aaythu sir,Non-Hate,Not_offensive
ext_00851,@krishnanand naik ಸರ್,Non-Hate,Not_offensive
ext_00852,Neevenu promotion maadilla andru Kannada dalli navu guarantee nodtivi........north Alli promote madrappa .......Valle market idae Alli enta films gae ........madrappa 50 crore plus  min collection agutte,Non-Hate,Not_offensive
ext_00853,Niv correct agi helidri......Tiktok India dalli ban aglebeku,Non-Hate,Not_offensive
ext_00854,Edu charitre srustiso avatara,Non-Hate,Not_offensive
ext_00855,corrcet aghi baydidira doddhu hero thara adthare thu....,Hate,Offensive_Targeted_Insult_Group
ext_00856,Masthundhi song mama nKikkea verabba aa retham looooo,Non-Hate,Not_offensive
ext_00857,Supper agi madiddiya guru,Non-Hate,Not_offensive
ext_00858,Shikuar. Chimmalagi. Super,Non-Hate,Not_offensive
ext_00859,nim manigu bandidna.......?,Non-Hate,Not_offensive
ext_00860,En edit madidya guru,Non-Hate,Not_offensive
ext_00861,Beautiful movies sar,Non-Hate,Not_offensive
ext_00862,Idappa kannada song andre KFI back on track,Non-Hate,Not_offensive
ext_00863,Super rakshit shetty film song,Non-Hate,Not_offensive
ext_00864,ಏ ನಂದಿನಿ ರಂಡಿಮಗಳ D Boss Bagge matadadre hudukondu Bandu Hoditini Jaag helu,Hate,Offensive_Targeted_Insult_Individual
ext_00865,Pls ellaru nodi views jasti madi pls its a request,Non-Hate,Not_offensive
ext_00866,Rakshith Shetty fans ondu like kodi nn,Non-Hate,Not_offensive
ext_00867,Super agi helidera bro soooooper,Non-Hate,Not_offensive
ext_00868,Avnu yava language mathadodu,Non-Hate,Not_offensive
ext_00869,Nanu tiktok madtide Anna but tiktok ban madidu tumba kushi aytu Anna I support Indians,Non-Hate,Not_offensive
ext_00870,Yalla kannadigarugu ansthithu bere bashe movies maddohange yak namma kannada movies maddalla antha.. but evagaaa yak bere bashe movies nodbeku antha ansoke shuruuu agbhitidhe alva Karnataka???,Non-Hate,Not_offensive
ext_00871,@d boss mania Nanag gottu bido childnnPailwaan flop,Non-Hate,Not_offensive
ext_00872,All dislike by rashmika fans,Hate,Offensive_Targeted_Insult_Individual
ext_00873,Bro nin ello hogbutte bedu bro,Non-Hate,Not_offensive
ext_00874,Super steps brooooo,Non-Hate,Not_offensive
ext_00875,Sema Padam nnFantastic making,Non-Hate,Not_offensive
ext_00876,Yar guru evlu chaina hudgi naa indian aa gothilla,Hate,Offensive_Targeted_Insult_Individual
ext_00877,Nin super guru,Non-Hate,Not_offensive
ext_00878,Jai D ಬಾಸ್,Non-Hate,Not_offensive
ext_00879,OMG nange gotte irlilla prajwal hatra istond ide anta,Hate,Offensive_Targeted_Insult_Individual
ext_00880,E bevrcgal maneli yavandru sathidre sari erodu,Hate,Offensive_Targeted_Insult_Other
ext_00881,Last scene nali spoon ogediddu Rishab shetty na?,Non-Hate,Not_offensive
ext_00882,Anna super nivu yallidnda baiyodu kalthe,Non-Hate,Not_offensive
ext_00883,What a song yah,Non-Hate,Not_offensive
ext_00884,Yalru Hands Up Madi Avane Srimannarayana,Non-Hate,Not_offensive
ext_00885,Good massage broooo lv u,Non-Hate,Not_offensive
ext_00886,Illi Like madidhre chenagiro movie barallanDuud kottu encourage madi movie nodidre barathe,Non-Hate,Not_offensive
ext_00887,Superhit different Kannada movie super super super,Non-Hate,Not_offensive
ext_00888,Amruta kud dashte santosha kanla,Non-Hate,Not_offensive
ext_00889,Le tiktok huchhu sulemakle,Hate,Offensive_Targeted_Insult_Other
ext_00890,Super duper song,Non-Hate,Not_offensive
ext_00891,Dislike madidavaru dagar rashimka fans,Hate,Offensive_Targeted_Insult_Group
ext_00892,Support from #rcbedarcbbeku fans,Non-Hate,Not_offensive
ext_00893,Waste of tym tiktok ban madbidbek,Non-Hate,Not_offensive
ext_00894,Haaa nivu super bro i am big fan your voice  ....,Non-Hate,Not_offensive
ext_00895,I am bigg fan prajwal sar fan. .....,Non-Hate,Not_offensive
ext_00896,@Kumara Kantirava sari nodu,Non-Hate,Not_offensive
ext_00897,Hands up aadmele best songnn,Non-Hate,Not_offensive
ext_00898,@Nightwatchman Tamil nadavrige gottu Sudeep bagge neen Yav thukali anta nin mat keltare.,Hate,Offensive_Targeted_Insult_Individual
ext_00899,yavdooo Hollywood movie nod8dange aytuu,Hate,Offensive_Targeted_Insult_Individual
ext_00900,Olleya sandesh yelidri sir your great tq sir and happy jurny,Non-Hate,Not_offensive
ext_00901,song's1 idena 🤔,Non-Hate,Not_offensive
ext_00902,Nangu gottu.. yarigu helbeda,Non-Hate,Not_offensive
ext_00903,Kannada film industry indialle no 1 agutte,Non-Hate,Not_offensive
ext_00904,@sathish chandra 🤣Naan kelv comment noDidakke heliddu,Non-Hate,Not_offensive
ext_00905,Kalyana Karnataka ivaga,Non-Hate,Not_offensive
ext_00906,Signature steps awesome...pakka...# tag agthe,Non-Hate,Not_offensive
ext_00907,Prajwal devaraj matte yeddelo chances ide adu ee trailer ali kaanustide,Non-Hate,Not_offensive
ext_00908,Theatre alli noduva movie alla alle ye .,Non-Hate,Not_offensive
ext_00909,Abaa yen song guruu.... Fabulous bgm hollywood range le ayte guru,Non-Hate,Not_offensive
ext_00910,Ondu muttinantha kathe iruva cinema,Non-Hate,Not_offensive
ext_00911,last nalli spoon na eseyodu  pakka kudure krishna (rishabshetty sir),Non-Hate,Not_offensive
ext_00912,Nim maatu odhi kannalli neer bantu bro,Non-Hate,Not_offensive
ext_00913,Srinidhi ಶ್ರೀ w,Non-Hate,Not_offensive
ext_00914,Tippa andra tippa Togari Tippa,Non-Hate,Not_offensive
ext_00915,Uppi sir vicoe nali madirodu super bro,Non-Hate,Not_offensive
ext_00916,Thu sooolemagane Bari star madya tandido kelsa madtiralo ibru kuda nam Kannada actors ibrigu nam support yavaglu irutte nimmanta soolemaklu ibru madyaadali tandidtira,Hate,Offensive_Targeted_Insult_Individual
ext_00917,D Boss abimanigala kadeyinda avne srimannarayana chitrakke all the best,Non-Hate,Not_offensive
ext_00918,Mutturaj Melageri ಸೂಪರ್,Non-Hate,Not_offensive
ext_00919,Guru nin super guru osm voice guru nindu,Non-Hate,Not_offensive
ext_00920,Super song and super singer sir,Non-Hate,Not_offensive
ext_00921,Diya thumba chennagide ondu olle prayathna movie kone vargu sinimada ondu bhagavagi ondu olle feeling nalli movie na nodthidde but kone seen nijakku ishata aglilla tragidi ishtondu bekitta ellara manisige ishta ada adi na sayisbekitta so last seen nodida thakshna alliyavaregu idda feel pat antha Maya agi edenu heeg madudru ansuthe,Hate,Offensive_Targeted_Insult_Group
ext_00922,Making sakat ...,Non-Hate,Not_offensive
ext_00923,2020 best song,Non-Hate,Not_offensive
ext_00924,Super vodis soing,Non-Hate,Not_offensive
ext_00925,Most liked video song agutte ee Kannada Film industry li  Year,Non-Hate,Not_offensive
ext_00926,Punyathma andre evare,Non-Hate,Not_offensive
ext_00927,Tik tok almadidu aythu innu instagram alva anna nam support ede anna,Non-Hate,Not_offensive
ext_00928,Bro a game yavdu,Non-Hate,Not_offensive
ext_00929,Sara super Nivu holleya kalaviddaru Sara Nivu nuraru varusa chanagiri,Non-Hate,Not_offensive
ext_00930,Yaryaru matte nodtiddira like madi,Non-Hate,Not_offensive
ext_00931,Kolthogiro kobri mitai mukadavle na..?nYappa devre neenu ugidu uppakodralli no,Non-Hate,Not_offensive
ext_00932,Dboss abhimani aagi nange gotthilla esht sala e song nodidhini antha yarellla jasthi nodidhira like madrappa pls,Non-Hate,Not_offensive
ext_00933,Idu idu andre,Non-Hate,Not_offensive
ext_00934,Idu chaitre srustiso avatara,Non-Hate,Not_offensive
ext_00935,Super movie,Non-Hate,Not_offensive
ext_00936,Navu kuda speed edivi ....makklu uttisodrale ..love madodrale ...,Non-Hate,Not_offensive
ext_00937,Thuuuuuuuuuuuuuuuuuu Bindu gowda andre alpa swalpa maryade ide but why you only tiktok anta kelitumba asayya aytu avla mele,Hate,Offensive_Targeted_Insult_Individual
ext_00938,Pandavaru mamsa tinthidra,Non-Hate,Not_offensive
ext_00939,Rashmikage vs takkange ede e song super guru,Non-Hate,Not_offensive
ext_00940,Sir Bermuda triangle bagge video maadi,Non-Hate,Not_offensive
ext_00941,Please re- release madi movie..nodade eiroru tumba jana eidare .. wait madtidare theater alli nodoke.,Non-Hate,Not_offensive
ext_00942,Ivaribbarde daralli ellrigu ista agodu,Non-Hate,Not_offensive
ext_00943,Hands up-_if u like nHands up-_movie superhitnHands up-_record breakern Iddu hosa dakale shrutiso samaya ....,Non-Hate,Not_offensive
ext_00944,@Dayananda C lol antarjati vivaha adre caste fear iralla. Nanu a caste e caste anta vote hakkala yalla mixed hagirtare. Sariyadavrge vote haktare.  Jailge hogibandavrge hakkala,Non-Hate,Not_offensive
ext_00945,Sir nimma thumbnail sari illanNaanu ee film nodoke try madtiddini aadre bengaluralli ella kade 10,Hate,Offensive_Targeted_Insult_Individual
ext_00946,Lol darahan fans talking about quality 🤣🤣.,Hate,Offensive_Targeted_Insult_Group
ext_00947,Ninnantha mabb sulemaklige intha film artha aagalla bido nimmouna...,Hate,Offensive_Targeted_Insult_Individual
ext_00948,Idu charitre srushtiso avatara...n*A*S*N*nYar yaru movie nodi like agide,Non-Hate,Not_offensive
ext_00949,I am looking for Hindi song...,Non-Hate,Not_offensive
ext_00950,super dancenAnd alsonJai Vijaya prakesh,Non-Hate,Not_offensive
ext_00951,From ಯಶ್ fans,Non-Hate,Not_offensive
ext_00952,@Devikumari BK shata teriyak nodtidiya??,Hate,Offensive_Targeted_Insult_Individual
ext_00953,Kannadalli bandiro yella cinema December 27 kke hands up yidu charitre shrushtisu avatar annovru like madi,Non-Hate,Not_offensive
ext_00954,Bro tiktok ban agilla anta helta idare nija na,Non-Hate,Not_offensive
ext_00955,@funny videos  okay anna naale hogtini 🤣🤣🤣,Non-Hate,Not_offensive
ext_00956,Bere bashyalli anuvadha maadi,Non-Hate,Not_offensive
ext_00957,It deserves more like.....,Non-Hate,Not_offensive
ext_00958,Nanu nodhidhini uttar Pradesh forest,Non-Hate,Not_offensive
ext_00959,Super .  Siri kannada suprr song,Non-Hate,Not_offensive
ext_00960,Nimn Tarah Manisha Samaj ke Bhag you are great,Non-Hate,Not_offensive
ext_00961,super film guru,Non-Hate,Not_offensive
ext_00962,Super guru awesome video,Hate,Offensive_Targeted_Insult_Individual
ext_00963,@10 R Nim amman/akkan bagge baidna loude... Suvar gandu andre Neenu adkke baide... Ella nim DBabes Thara ne,Hate,Offensive_Targeted_Insult_Individual
ext_00964,Ide Tara ide Kate bere basheli bandre hododi nodteera Ade kannadadalli  bandre yakro nodalla ....,Hate,Offensive_Targeted_Insult_Other
ext_00965,Super means super,Non-Hate,Not_offensive
ext_00966,E bindu gowda en hucchu ididhia antha,Hate,Offensive_Targeted_Insult_Individual
ext_00967,Full rada rada macha henge navu,Non-Hate,Not_offensive
ext_00968,Nimge idu suit agolla sir,Non-Hate,Not_offensive
ext_00969,Neen yaro psyko irbeku adike hinge mathad tha idiya,Hate,Offensive_Targeted_Insult_Individual
ext_00970,Bro I m full support u,Non-Hate,Not_offensive
ext_00971,@Anil A hu niamman kalskodu keydu kolve baavi madi kalsthini olike eldu snana madkollivanthe thuldeepannan pans for a reason caste dogs 🤣,Hate,Offensive_Targeted_Insult_Individual
ext_00972,Nejwad deushya torishi eg heliddu,Hate,Offensive_Targeted_Insult_Group
ext_00973,Thandage thakka maga mado kelsa hemmenda madi all the best,Non-Hate,Not_offensive
ext_00974,Anirud superb yar....wat a thinking man .....,Non-Hate,Not_offensive
ext_00975,hudugru hidgiraagodu talent,Hate,Offensive_Targeted_Insult_Group
ext_00976,Super re pa,Non-Hate,Not_offensive
ext_00977,100 alla 200 million agutte,Non-Hate,Not_offensive
ext_00978,Shivu rajkumarnPunith rajkumarnRaghavendra rajkumarnAvvr ge chance kodda beku...pappa,Hate,Offensive_Targeted_Insult_Other
ext_00979,@Nagaraja P neenu devarannu nodidhiya?? Illa alva hagadre kai yake mugithi....?.devaru idhana antha thane...idhu kooda haagene,Hate,Offensive_Targeted_Insult_Individual
ext_00980,Avara sarvadhukaranu plus point adre Alli sarvadhikarirana deshada heligegaagi use maadiddare.,Non-Hate,Not_offensive
ext_00981,@Troll Stupid Fans war ge antha bandre nimmakkan minda naanu samskrutha innu start madilla ninge beku andre helu start madona,Hate,Offensive_Targeted_Insult_Individual
ext_00982,karthick s I said dislikers,Non-Hate,Not_offensive
ext_00983,Togari tippa keli tumba santosh ayita matte old is gold antaralll adu nija ayita,Non-Hate,Not_offensive
ext_00984,Telugu comments copy madbutta 🤦‍,Hate,Offensive_Targeted_Insult_Individual
ext_00985,Best cinema Dia,Non-Hate,Not_offensive
ext_00986,Bro nimgenu thale kettidiya film release agde video song bittidiralla  yella hal madkothira idunnella bittu channag promotions madi bere languages nalli,Hate,Offensive_Targeted_Insult_Individual
ext_00987,Nkn chindi rost guru....,Non-Hate,Not_offensive
ext_00988,Entaha adbhutava movie,Non-Hate,Not_offensive
ext_00989,tq kano,Non-Hate,Not_offensive
ext_00990,Hindi version yav channel alli release madidare.,Non-Hate,Not_offensive
ext_00991,Appu boss fan's like mdi,Non-Hate,Not_offensive
ext_00992,Tq from karnataka kiccha sudeep fans 🥰🥰🥰🥰🥰🤙🤩🤩,Non-Hate,Not_offensive
ext_00993,Ee film chennagide. Nanu nodide. Neevoo nodi.,Non-Hate,Not_offensive
ext_00994,Rakshith is copy paste star full remake madalla alli alli copy madatane,Hate,Offensive_Targeted_Insult_Individual
ext_00995,@10 R le suvar gandu,Hate,Offensive_Targeted_Insult_Individual
ext_00996,Idu remake alla kanappa,Non-Hate,Not_offensive
ext_00997,Supper song nanna  maga feverte song,Non-Hate,Not_offensive
ext_00998,Sak sak thika muchrole.. Aathara career change yenagalla laude nan makla hog kelsa nodi,Hate,Offensive_Targeted_Insult_Group
ext_00999,Bere movie Trailer nodi,Non-Hate,Not_offensive
ext_01000,Bindu Gowda idko nan Lowda.🤣,Hate,Offensive_Targeted_Insult_Individual
ext_01001,@sᴀɴᴅᴀʟᴡᴏᴏᴅ sᴛᴜᴅɪᴏ ᴍᴏᴠɪᴇs neen huttidh yav kuttige,Hate,Offensive_Targeted_Insult_Individual
ext_01002,totally nimmamman shaata,Hate,Offensive_Targeted_Insult_Individual
ext_01003,Rip for 1.8dislikers devaru nimma atmakke shanti kodli,Hate,Offensive_Targeted_Insult_Group
ext_01004,Sakat  agide song music,Non-Hate,Not_offensive
ext_01005,One man armye,Non-Hate,Not_offensive
ext_01006,Ayya Yappa Togari Tippa valyappa Yappa,Non-Hate,Not_offensive
ext_01007,Super age ede,Non-Hate,Not_offensive
ext_01008,Super agi ugididera,Non-Hate,Not_offensive
ext_01009,Most promising movie in my life... En adubuta acting madam. Nimdu.. Pratiyobbaru abhinya adbuta.. Konege kannalli neeru bandubidtu..dayavittu corona emergency adamele puna theatre hogi nodi,Non-Hate,Not_offensive
ext_01010,Chutiyaa Ganesh gintaa olle movie irutthe bidu guru idu. Ganesh ge olle swamake maadoke helu modlu,Hate,Offensive_Targeted_Insult_Individual
ext_01011,E varsha bad news Keli Keli saakagittu...first good news of 2020,Non-Hate,Not_offensive
ext_01012,dandega takka maga sirnjhevana annodu hege anta thorise kottavru neu sirnyellanhayaka natarante sokeman nevalla sir,Non-Hate,Not_offensive
ext_01013,ಉದಯ್ ಪವರ್ 0iijujuuiuu7jhu8,Non-Hate,Not_offensive
ext_01014,niv helid nija star antha bere akotidru karma,Non-Hate,Not_offensive
ext_01015,Ajanish sir superb music,Non-Hate,Not_offensive
ext_01016,Nanige thumba esta aytu chitrakate diya du love mocktail kinta tq keep it up,Hate,Offensive_Targeted_Insult_Group
ext_01017,ede tara mondeagute annru like madi,Non-Hate,Not_offensive
ext_01018,Yen song guru Superb,Non-Hate,Not_offensive
ext_01019,@Nandi Parthasarathi le randimagne modlu nimma appa amma hige mattadu kalisiddara modlu ninu mataadiddu aariti nodo hogo first,Hate,Offensive_Targeted_Insult_Individual
ext_01020,2019 Noduvaru like please.........,Non-Hate,Not_offensive
ext_01021,Entha promotion illa hindi realise agutta annode doubt,Hate,Offensive_Targeted_Insult_Group
ext_01022,Yenri sullu heltira fake fake fake fake fake,Hate,Offensive_Targeted_Insult_Individual
ext_01023,Nodarappa yaro heludrala ban yak madbeku antha,Non-Hate,Not_offensive
ext_01024,Super super super,Hate,Offensive_Targeted_Insult_Other
ext_01025,BEST SONG EVER,Non-Hate,Not_offensive
ext_01026,Tumba olle vishya tilsidira geleya ellaru prayatna madona,Non-Hate,Not_offensive
ext_01027,Pruthvi avre nim acting Super,Non-Hate,Not_offensive
ext_01028,@kushal kumar thankz hage insta alli follow madi,Non-Hate,Not_offensive
ext_01029,Bandiro 3 comment adru avalge andkondre adu ugiyakke madidiralla guru,Hate,Offensive_Targeted_Insult_Group
ext_01030,Ulti music and signature step,Non-Hate,Not_offensive
ext_01031,olle prayatnake olledagli Jai srimannarayana,Non-Hate,Not_offensive
ext_01032,Nice story togari tippa,Non-Hate,Not_offensive
ext_01033,Namma hero rakshit,Non-Hate,Not_offensive
ext_01034,My favorite  song,Non-Hate,Not_offensive
ext_01035,Tiktokers present situation... nನೋಡುವವರು ಯಾರು ನಮ್ಮ ವೀಡಿಯೋನೂ,Hate,Offensive_Targeted_Insult_Group
ext_01036,@its my opinion ಬಹಳ ಧನ್ಯವಾದಗಳು.....,Non-Hate,Not_offensive
ext_01037,Hejje hejjege tik tokers troll and roast maadi,Non-Hate,Not_offensive
ext_01038,avarige belesidorna thuliyodhu gottilla anda star patta bandamele friends na mariyodhu gottilla,Non-Hate,Not_offensive
ext_01039,Hi bro yav urruuuuuuu ninduuuu Kollegala na,Non-Hate,Not_offensive
ext_01040,neen yak guru aaa dagar rashmika ge compare madthiya,Hate,Offensive_Targeted_Insult_Individual
ext_01041,jAi D Bo'ss,Non-Hate,Not_offensive
ext_01042,idu charithre srishtisuva comment guru..,Non-Hate,Not_offensive
ext_01043,Flair gun  ge hondu like,Non-Hate,Not_offensive
ext_01044,ravikumara k g howdhu,Non-Hate,Not_offensive
ext_01045,Tik tok ban agleee beku,Non-Hate,Not_offensive
ext_01046,super song sir. rakshith shetty sahebara fans ella like madi.,Non-Hate,Not_offensive
ext_01047,@Rajesh Rao bari inta comments maadkond koothkoli....thuu inta cinema na kannadadalli prothsaha maadilla anta naachike aagbeku,Hate,Offensive_Targeted_Insult_Other
ext_01048,Super alla best bro,Non-Hate,Not_offensive
ext_01049,Namm boss vijayaprakhas  voice super,Non-Hate,Not_offensive
ext_01050,Eddane annodu nanna nambike.aadre ashvataamanige kannadada bartita anodu davtu,Non-Hate,Not_offensive
ext_01051,Guru super,Non-Hate,Not_offensive
ext_01052,Lo gaandu nan magne d boss fans yake sata tariyoke dislike madtara nBere avru nodi urkolokke en avru bucket and balegara fans he,Hate,Offensive_Targeted_Insult_Group
ext_01053,Nine modalu nine kone song,Hate,Offensive_Targeted_Insult_Individual
ext_01054,En helde guru it's true,Non-Hate,Not_offensive
ext_01055,@King of King yako istond urkond saytiyA burnal achko,Hate,Offensive_Targeted_Insult_Individual
ext_01056,Yenge nivu.... Kalru nivu,Non-Hate,Not_offensive
ext_01057,Innu swalpa Sanskrit nalli baybeku guru,Non-Hate,Not_offensive
ext_01058,@Sweekar Gowda Lo tukali,Hate,Offensive_Targeted_Insult_Individual
ext_01059,Egina youth's ge spoorthy sir nivu Devaru nimge ayyasu aarogya channagi kodli,Non-Hate,Not_offensive
ext_01060,Super Rakshith shetty sir,Non-Hate,Not_offensive
ext_01061,Kannadada matthondu maligallu,Non-Hate,Not_offensive
ext_01062,@DACCHU D BOSS naanu adanne hudukta idini 🤔,Non-Hate,Not_offensive
ext_01063,Super Guru neenu,Non-Hate,Not_offensive
ext_01064,Godiyaga isfet adatida,Non-Hate,Not_offensive
ext_01065,Fuck tik tokrs,Hate,Offensive_Targeted_Insult_Group
ext_01066,E video nodi Namma desha e stiti nodi bejar aytu nBangarada akki agidda bharatakke e paristi barabaradittu,Hate,Offensive_Targeted_Insult_Other
ext_01067,@Karthik Gowda Dacchu hmm aythu dagarge hosa award kodtini bandli star antha helbidu,Non-Hate,Not_offensive
ext_01068,Dislike madirovur rasmika panzgalu,Hate,Offensive_Targeted_Insult_Group
ext_01069,Bari shocki wala mosale kanniru,Hate,Offensive_Targeted_Insult_Other
ext_01070,@Vinay kumar eno bale pan e rangege urkondidiya ninge urdiro ranagge burnol ella agbaralla keralakko kollegalakko hogi nin thikke shaanthi madsu jotege nim balegaran karkond hogi thikke 2 chakkotha katsu next kaddi pileswan ge balance agutte enanthira bale pans now bale pans reaction hakro steppu 🤣,Hate,Offensive_Targeted_Insult_Individual
ext_01071,Spuerrrrrrrrr  songs,Non-Hate,Not_offensive
ext_01072,superrŕrrrrr  super vice sir,Non-Hate,Not_offensive
ext_01073,Bro adru evaga bere language enda open madkond use madtaidaralla bro 🤦‍....thumba janridare nam jana e tara vishyadalli..haladavru🤦‍,Hate,Offensive_Targeted_Insult_Group
ext_01074,Suprb song rakhit shety karnataka boss,Non-Hate,Not_offensive
ext_01075,@Arman Babu anna ... thappu thilibedi.  I APPRECIATE YOUR KIND NATURE.  jai kannada. Happy Sunday .,Non-Hate,Not_offensive
ext_01076,Konegu Rakshith shety kainal Dance madsok AVNE barbrkitu nYaaaaravnu ~~~~~~~ #ASN,Non-Hate,Not_offensive
ext_01077,sakath bro,Non-Hate,Not_offensive
ext_01078,Idhu bari bogus,Hate,Offensive_Targeted_Insult_Other
ext_01079,@MOVIES BOX innu baiko..... naan yen avn fan alla🤣.... avn film fan ashte,Hate,Offensive_Targeted_Insult_Individual
ext_01080,I feel jasti bitta kottri... Bari  lyrical video sakagittu,Hate,Offensive_Targeted_Insult_Group
ext_01081,Super tippa story,Non-Hate,Not_offensive
ext_01082,Sir nanu thumba chikkavanu adru harsthini sir naa bhagavantha nimna haraisali,Hate,Offensive_Targeted_Insult_Individual
ext_01083,D Boss support idre sinima gellutte no doubt,Hate,Offensive_Targeted_Insult_Group
ext_01084,Kai kesaradare bai masaru supper ser,Non-Hate,Not_offensive
ext_01085,@VARAPRASAD K K guru yaru yargu kadime illa,Hate,Offensive_Targeted_Insult_Individual
ext_01086,God bless you Sir..nNimage olleyadagali ........,Non-Hate,Not_offensive
ext_01087,Nange bahala novaytu nannamele yakandre nanu  Diyaa moviena thetoralli nodilla adakke please realise onse again nanu nodtin Mathe janru nodtare please,Non-Hate,Not_offensive
ext_01088,Rashmika ge Burnol Thankodrappa!!,Hate,Offensive_Targeted_Insult_Individual
ext_01089,Yalla trolles evaga nim Kelsa madi yaru Ennu tiktok use madthidhare avrge troll madi nnDheshana ulskoloke agdhe eldhoru enna charector Hege ulskothare nodona,Non-Hate,Not_offensive
ext_01090,Hands up  super song,Non-Hate,Not_offensive
ext_01091,Wonderfull super amazing song superrrrrrrrr,Non-Hate,Not_offensive
ext_01092,Bro tiktok ban agide adhre barute ide swalpa settings ge hogi Language Change madi  Barute,Hate,Offensive_Targeted_Insult_Other
ext_01093,Neev mado pratiyond videos galu mukake ekda tegdu oddag irutte bidi bro and nim voicenim big fan agbitidivi bro......,Non-Hate,Not_offensive
ext_01094,ಗುರು ulti movie Superb Chindi,Non-Hate,Not_offensive
ext_01095,Sandalwood all dairecters legends,Non-Hate,Not_offensive
ext_01096,@Vasantha Setty illi gojjekesari Yash du nayinu musalla,Hate,Offensive_Targeted_Insult_Individual
ext_01097,Hahahaha  LoL nIdiot beggar get lost.,Hate,Offensive_Targeted_Insult_Other
ext_01098,Nyc trailer praju,Non-Hate,Not_offensive
ext_01099,Yakri janagalna dari tapso kelsa madtira,Hate,Offensive_Targeted_Insult_Group
ext_01100,Anna e game yavadu,Non-Hate,Not_offensive
ext_01101,sr u r great sr nimage Kannada chitrarangadalli avakashagalu sigalli sr sudeep sr darashan sr mattu yesh sr plz yella Kannada hirogalu nim pilimagalalli avakashagalu  kudri plz plz plz  plz plz,Non-Hate,Not_offensive
ext_01102,Actually idu idu chanagirodu,Non-Hate,Not_offensive
ext_01103,Chang illa movie,Non-Hate,Not_offensive
ext_01104,Super bro nin ello erbekithu,Non-Hate,Not_offensive
ext_01105,@sᴀɴᴅᴀʟᴡᴏᴏᴅ sᴛᴜᴅɪᴏ ᴍᴏᴠɪᴇs boli magane nin appan third a,Hate,Offensive_Targeted_Insult_Individual
ext_01106,Last nalli  heldalla guru superr,Non-Hate,Not_offensive
ext_01107,OIlle thana.....olleyavrige eegina kaladalli nijwaglu bele illa.....enidru anyaya,Non-Hate,Not_offensive
ext_01108,Super song asn bgm,Non-Hate,Not_offensive
ext_01109,Super rakshith sir,Non-Hate,Not_offensive
ext_01110,USA brand but aduna produce madoke USA ali skilled labour ilvala aduke china davru madtarennApple mobile togondru china ke income hogute,Non-Hate,Not_offensive
ext_01111,@ಕನ್ಫೂಸ್ ಆತ್ಮ houdu huliyaa,Non-Hate,Not_offensive
ext_01112,Yar namblila Andru nan nambthini nambikene jeevna,Non-Hate,Not_offensive
ext_01113,Super duper..Film    Bust of luck... Prajval Devaraja..... Darling..   Days..,Non-Hate,Not_offensive
ext_01114,ASN movie is too good..,Non-Hate,Not_offensive
ext_01115,song matra lit agide,Non-Hate,Not_offensive
ext_01116,Superb chennag heludri frnd🤣🤣Nam hatra tik tok app illa,Non-Hate,Not_offensive
ext_01117,@#win 12 nodidini sir,Non-Hate,Not_offensive
ext_01118,Ista aythu chhannagide,Non-Hate,Not_offensive
ext_01119,Nimma Swabhimani jeevanakkondu Salam siryou are great than many others,Non-Hate,Not_offensive
ext_01120,elru phone le nodthare manele adke yaru takis ge bandu nodthilla nanu kuda phone le nodiddu tam tam app inda ella new films dwld madkondu manele nodthare so adke yaru takis ge barthilla ansuthe,Hate,Offensive_Targeted_Insult_Other
ext_01121,Salute to sandalwood,Non-Hate,Not_offensive
ext_01122,Nanu eduvaregu tik tok app install kuda madilla nan phone alli. Bro ede tara videos madi tik tok alli saitirorna ennomme tik tok hesar keladre bhaya padbeku aaa tara rost madi bro,Non-Hate,Not_offensive
ext_01123,Keli kadiruva bandhavarenBhuviyalli avana aritavarenYarilla bidi,Non-Hate,Not_offensive
ext_01124,Nim maaathu elrugu kelsohagididdre thumba olledagtitthu ....,Non-Hate,Not_offensive
ext_01125,@Sammy Gunda s bro,Non-Hate,Not_offensive
ext_01126,Re release madi,Non-Hate,Not_offensive
ext_01127,Dislike madiroru rashmika kade avre erbeku!,Hate,Offensive_Targeted_Insult_Group
ext_01128,Enu guru song saktha kick kodtha edae..super ASN,Non-Hate,Not_offensive
ext_01129,Super guru shivumagod@gmail.com,Non-Hate,Not_offensive
ext_01130,Kushi avare nimma mele thumba love aagide . Great acting,Non-Hate,Not_offensive
ext_01131,Bladey piracy madidara yallaru Alli node status hakidara movie yalli theatre alli yar nodatara first telegram ban madabaku,Hate,Offensive_Targeted_Insult_Group
ext_01132,Tik tok ban madirodrinda yargadru bejaragi frustration agidre bandu nan tun  undbidri samadaana agbahdu ella Andre Nim helna neeve tindbidi soo mindri mundera adra madorgu nimgu no changes e comment ge yalla Hindustan supporters reply maadinnChaina support madorge yav Tara k beku,Hate,Offensive_Targeted_Insult_Group
ext_01133,E game yavadu bro,Non-Hate,Not_offensive
ext_01134,Nijavaglu belakaythu Shankar sir,Non-Hate,Not_offensive
ext_01135,Yes bro avaga song ajneesh sir voice alli ittu,Hate,Offensive_Targeted_Insult_Individual
ext_01136,Marketing sariyaagi maadrappa istondu olle movie ge ingadre henge very imp marketing,Hate,Offensive_Targeted_Insult_Group
ext_01137,Song super step ennu super,Non-Hate,Not_offensive
ext_01138,Super song Vijay Prakash,Non-Hate,Not_offensive
ext_01139,Thanks ellakade link Sher madi nTukali kushmikage hattiro kobbanna elisi,Hate,Offensive_Targeted_Insult_Other
ext_01140,1000 ne like nandhe brother,Non-Hate,Not_offensive
ext_01141,ಯಾಕೆ dislike ಮಾಡ್ತಾರೆ ಮರೆ? Addicted,Non-Hate,Not_offensive
ext_01142,Hands Up antha Rashmika goskara bardang ide,Non-Hate,Not_offensive
ext_01143,@ನಾನು ನೀನು Thank you bro..,Non-Hate,Not_offensive
ext_01144,Dislike madidorella bevarsi TikTokers..thika urkondavre Burnol kodrooo🤣🤣🤣🤣🤣🤣,Hate,Offensive_Targeted_Insult_Group
ext_01145,Agadre no 3 yaru,Non-Hate,Not_offensive
ext_01146,Sir ee varshada sikshanada bagge tilisi,Non-Hate,Not_offensive
ext_01147,Yakappa yenaytu.. movie swalpa length jasti adre movie chennagide.,Non-Hate,Not_offensive
ext_01148,Super bro ban agide valedu,Non-Hate,Not_offensive
ext_01149,Your are great man ದೇವರು ಚೇನಗೀ.ಇಟ್ಟಿರಿಲ್ಲಿ wonder full man,Non-Hate,Not_offensive
ext_01150,@Thejas Gowda Lee sulemagane   fans Kade ಇಂದ ಸಪೋರ್ಟ್ ಅಂದರೆ,Hate,Offensive_Targeted_Insult_Group
ext_01151,Ee  boli maklige deshakoskara1 app delete madakkaglilla,Hate,Offensive_Targeted_Insult_Other
ext_01152,Super anno,Non-Hate,Not_offensive
ext_01153,@VARAPRASAD K K neen tunne chipake kayak illa,Hate,Offensive_Targeted_Insult_Individual
ext_01154,Super sir nivu nigavgllu nivu igienanLove fellore hudegiriegi supirthie sir,Non-Hate,Not_offensive
ext_01155,Nam kannada industry yav industry gu kadime illa maaraya...,Non-Hate,Not_offensive
ext_01156,Sundara vada camedey,Non-Hate,Not_offensive
ext_01157,Edu public mistake alla bidi evara mistake edu.one week ga 11 films release adre jana yavdanta nododu.Its totally mistake of film makers planning,Hate,Offensive_Targeted_Insult_Group
ext_01158,Move chenagi irli hero ge olledagli  tumbane kasta padta I dareP,Non-Hate,Not_offensive
ext_01159,Kannadigaralli oggattu illa fanism jasthi aytu,Hate,Offensive_Targeted_Insult_Other
ext_01160,Charitree shrushtisoo avatara!!!,Non-Hate,Not_offensive
ext_01161,Iddane idu nanna nabike,Hate,Offensive_Targeted_Insult_Individual
ext_01162,@Dhee Pu adu hachchagannda allappa achchakannada,Hate,Offensive_Targeted_Insult_Individual
ext_01163,Look like a shankarnag,Non-Hate,Not_offensive
ext_01164,Avanige savilla adre evagu edana,Non-Hate,Not_offensive
ext_01165,Chinna app Delete madi pla,Hate,Offensive_Targeted_Insult_Other
ext_01166,Estu dena yelli eddru guru e music director nSuper duper music,Non-Hate,Not_offensive
ext_01167,@Nandi Parthasarathi ನಿನ್ ammun,Hate,Offensive_Targeted_Insult_Individual
ext_01168,Avne Dodda copy,Hate,Offensive_Targeted_Insult_Individual
ext_01169,Jai D Bossssss,Non-Hate,Not_offensive
ext_01170,Who like rakshit Shety hit like,Non-Hate,Not_offensive
ext_01171,Nakkan idhu subject Andre eevag heltheeni industry change aagthide... Thousand times better than Jaatre films of sarjas...,Hate,Offensive_Targeted_Insult_Other
ext_01172,Barli guru innondu video sakaglilla begaaaaaaaaaaa....,Non-Hate,Not_offensive
ext_01173,Like madi link share madi,Non-Hate,Not_offensive
ext_01174,Anna nanu dhevara hathra kellkonthini   E movie success kandu   nimma cini journey yalli life turning movie aglli antha ....GUD LUCK BRO ...JAI HANUMAN   SUPPORT FROM D BOSS ABIMAANI,Non-Hate,Not_offensive
ext_01175,Sir mobile gala bage video madi bro,Non-Hate,Not_offensive
ext_01176,D boss movie henge irli fans hatrikk maadtare pakka,Non-Hate,Not_offensive
ext_01177,Ulti music suuuper,Non-Hate,Not_offensive
ext_01178,Guruve en creative sharanu love u kannadiga,Non-Hate,Not_offensive
ext_01179,FULL BENKI VIDEO,Non-Hate,Not_offensive
ext_01180,Rakshith...Nan yakda dboss dabba Nan Maga,Hate,Offensive_Targeted_Insult_Individual
ext_01181,@Muniraj Munira nice  songs,Non-Hate,Not_offensive
ext_01182,Dislike madidavar rashmika fans irbek,Hate,Offensive_Targeted_Insult_Group
ext_01183,Avane Srimannarayana Trailer-BGM n          Re-Createdn,Non-Hate,Not_offensive
ext_01184,Adege astondu currect aagi heltira madam,Non-Hate,Not_offensive
ext_01185,Namma yalla sarkara nu hage ide bidi..,Hate,Offensive_Targeted_Insult_Group
ext_01186,Matte yake hakidira,Non-Hate,Not_offensive
ext_01187,idu.. idu.. channagirodu andrenbenki boss nivu,Non-Hate,Not_offensive
ext_01188,@Raja Vishnuvardhana ningen problem guru,Hate,Offensive_Targeted_Insult_Group
ext_01189,Mast roast madidi anna,Non-Hate,Not_offensive
ext_01190,Asom song Vijaya prkasha,Non-Hate,Not_offensive
ext_01191,Jai rakshith shetty,Non-Hate,Not_offensive
ext_01192,Super sir nim anthoru Nam Kannada industry ge beku namma Kannada industrya kirty patake ellade harabeku belibeku,Non-Hate,Not_offensive
ext_01193,Nice song avane srimannarayana,Non-Hate,Not_offensive
ext_01194,@Nandi Parthasarathi ನಿಮ್ಮ ಅಪ್ಪ ಗಂಡ್ಸ...?? 🤔🤔🤔,Hate,Offensive_Targeted_Insult_Individual
ext_01195,@Chirag CHIRU le child chapati gala..... artha maadkolli..... film chennagidre yaar hero ne irli.... naan nodtini.... nim booos aagli,Hate,Offensive_Targeted_Insult_Group
ext_01196,Super guru 🤩🤩🤩🤩🤩,Non-Hate,Not_offensive
ext_01197,yarella shivaji surathkal nodidira,Non-Hate,Not_offensive
ext_01198,Shrikanth  ಗೌರಮ್ಮ AB.,Non-Hate,Not_offensive
ext_01199,Neevu namma spurthi,Non-Hate,Not_offensive
ext_01200,Lots love from kannadigas 🤗,Non-Hate,Not_offensive
ext_01201,Super anna nim matu...,Non-Hate,Not_offensive
ext_01202,Super anna tumba chanag ugididera,Non-Hate,Not_offensive
ext_01203,@Nandi Parthasarathi nim Amman thulavru,Hate,Offensive_Targeted_Insult_Individual
ext_01204,Devaru kododu nidana hagide nAndre jaasthi kodthane hantanThilkoli,Non-Hate,Not_offensive
ext_01205,2k dislikes rashmika maandanna fanss,Hate,Offensive_Targeted_Insult_Individual
ext_01206,Yuddha maadabeku oodabaaradu katukara mundhe Bhagavadgeethe.. Great lines!,Non-Hate,Not_offensive
ext_01207,Mangala grahake hogovrige a ashwathama eddhidhre   antha gotthidhre avnanne kurskondu mahabharatha kathene poorthi aagi barskotha edhru aste yake   mahabharatha nadedhitthanthe anno badhalu mahabaratha naddhidhu sathyane antha proof kuda madtha edhralwa,Hate,Offensive_Targeted_Insult_Group
ext_01208,Kannada movie  = Like,Non-Hate,Not_offensive
ext_01209,Vijayprakash Golden Voice...,Non-Hate,Not_offensive
ext_01210,Supper speech Anna,Non-Hate,Not_offensive
ext_01211,Lo Anna ninu nijvada hero kanocorrect agi helde,Non-Hate,Not_offensive
ext_01212,Yava game name,Non-Hate,Not_offensive
ext_01213,Song ista adaro illi like madi,Non-Hate,Not_offensive
ext_01214,super toogari tipppa,Non-Hate,Not_offensive
ext_01215,Nana support Ninna ge erote bhi  nBut nice video good luck Anna,Non-Hate,Not_offensive
ext_01216,Super nakka nakka saakayatu,Non-Hate,Not_offensive
ext_01217,@sujith naik ninigeno tika uri kothi tunnege huttidone tika muchkond irbeku ashte,Non-Hate,Not_offensive
ext_01218,Yav thappu illa,Non-Hate,Not_offensive
ext_01219,Hiryaru manyaga heltidru,Non-Hate,Not_offensive
ext_01220,Darshan  abimanikade enda koda best of luck,Non-Hate,Not_offensive
ext_01221,Bidu guru vorkolru edri moduke hogudu nLike China nodi navu bega fast hagbekantilva hage,Non-Hate,Not_offensive
ext_01222,@Kumara Kantirava nSame nInnu eno bekunnKgf song listen nEsto powerfull idennElla languagenna nAttract maadidenBut idu,Non-Hate,Not_offensive
ext_01223,Edakke politics bittu voggattagi kelsa madidrene munde barakke sadya.,Non-Hate,Not_offensive
ext_01224,@ಕಿಚ್ಚನ ಹಾವಳಿ astu cheepalla bido nimtara 60cr above madide pailwan kurukshetra 100cr collection madide,Non-Hate,Not_offensive
ext_01225,China avru nan shata,Hate,Offensive_Targeted_Insult_Group
ext_01226,Sir Karnataka outside promotion ಚನ್ನಾಗಿ ಮಾಡಿ,Non-Hate,Not_offensive
ext_01227,Masts togari tipp,Non-Hate,Not_offensive
ext_01228,I love you bro nice talking style,Non-Hate,Not_offensive
ext_01229,Houdo huliya,Non-Hate,Not_offensive
ext_01230,First  song kelide,Non-Hate,Not_offensive
ext_01231,Yaru yar fans agiri parvagilla kannada industry belibekhu annoro like madi 🥳 hosa charithre barili namma industry 🥳🥁 HANDS    UP,Non-Hate,Not_offensive
ext_01232,@WIND MOTOUR ಹಸಿರುವಾಸಿ 🤣🤣🤣,Non-Hate,Not_offensive
ext_01233,@Troll Stupid Fans ninnam thullu oor shenda alla ninnamun minda,Hate,Offensive_Targeted_Insult_Individual
ext_01234,Promotion chennagi nadtilla,Hate,Offensive_Targeted_Insult_Group
ext_01235,Super song Shetty,Non-Hate,Not_offensive
ext_01236,Roposo engo aramag ittu ega ivr ela roposo ge bandu roposo nu hal madta idare anna,Non-Hate,Not_offensive
ext_01237,Nimmamman hogi alli kelsa madu gothagute,Hate,Offensive_Targeted_Insult_Individual
ext_01238,@MT T sorry guru nangu avlu adre agalla adke solpa campare mad de..,Hate,Offensive_Targeted_Insult_Individual
ext_01239,Nija ashwattama chiranjivi Krishna kottiro shapa,Non-Hate,Not_offensive
ext_01240,Avane gay Rak'shit' shetty,Hate,Offensive_Targeted_Insult_Individual
ext_01241,hands up english alva,Non-Hate,Not_offensive
ext_01242,Idella nam indiadaroge buddi barbeku alwa idkela tale odisidre navu yavthu munfe hogtifvi illi enidu hinduthwa jathi jagala idela beka tale odistare adrindane etara agtide,Hate,Offensive_Targeted_Insult_Group
ext_01243,Ishta Aytu shetre,Non-Hate,Not_offensive
ext_01244,First adu yava app anta tilkolo g m n,Hate,Offensive_Targeted_Insult_Individual
ext_01245,Bro z news(Hindi) channel Alli nodi,Non-Hate,Not_offensive
ext_01246,Yudha mada beku katukara🧟 munde oda ‍baradu bhagavatgethe Who likes this line,Non-Hate,Not_offensive
ext_01247,Kittod nanmaklu maarayya,Hate,Offensive_Targeted_Insult_Other
ext_01248,Sir kfi ha kochkondu ogtayda.,Hate,Offensive_Targeted_Insult_Individual
ext_01249,@SURAKSH SHETTY naa yaavatu Shetty bandagindha Kannada industry ketede antha helilla aadre bereyavaru eedare evaara banner aali baari majority aage Shetty nee eerodu,Hate,Offensive_Targeted_Insult_Group
ext_01250,Chindi chithrannaaa guru,Non-Hate,Not_offensive
ext_01251,Driver.....superb sir.nObbara hangilladanthe badukbodu.nNamma jeevana dalli olledu ketdu aagle beku ade jeevana.,Non-Hate,Not_offensive
ext_01252,@Nandi Parthasarathi ನಿನ್ ಅಪ್ಪುನ್ ತುಣ್ಣಿ moddu ante,Hate,Offensive_Targeted_Insult_Individual
ext_01253,super  movei sir nanu theatre nanali nodide ade nana turpthi,Non-Hate,Not_offensive
ext_01254,Super song bro.... estsari kelidaru mate kelbek ansute...,Non-Hate,Not_offensive
ext_01255,Gulama movie tarah ondd movie maadu nin hesrru maate kellsutte,Non-Hate,Not_offensive
ext_01256,Kannada cinema dali osha parvaa . .......,Non-Hate,Not_offensive
ext_01257,Adre ivaga beda. Ee COVID-19 ella mugibeku,Non-Hate,Not_offensive
ext_01258,Idu yava game bro,Non-Hate,Not_offensive
ext_01259,Idu asli maathu Andre,Non-Hate,Not_offensive
ext_01260,Sir superb nivu nim voice superb,Non-Hate,Not_offensive
ext_01261,Jonny andre Jayarama irbahuda??,Non-Hate,Not_offensive
ext_01262,Kannadadalli ee Tara cinematography iro movies innu barli,Non-Hate,Not_offensive
ext_01263,1.4k dislikes from rashmika fans may be ...,Hate,Offensive_Targeted_Insult_Group
ext_01264,@Dhee Pu kannada bhashe Sanskrit bhasheyinda sakastu padagalannu eravalu(badige)padedukondide.aaddarinda anthaha padagalannu balasuvudaralli tappenilla,Non-Hate,Not_offensive
ext_01265,first time keldaga ista agalla amel kelta kelta kelbeku ansatte.. nimgu haage annista,Non-Hate,Not_offensive
ext_01266,Super film  srimannarayana,Non-Hate,Not_offensive
ext_01267,Anna Saudi Arabia li release maadi,Non-Hate,Not_offensive
ext_01268,@Ŕävîñđŕå_02_GøWđřú yako le..... bartya? baro takat idya?,Hate,Offensive_Targeted_Insult_Individual
ext_01269,Nambike eruvavaru nodi,Hate,Offensive_Targeted_Insult_Other
ext_01270,Ati sundarvada hasya chataki,Non-Hate,Not_offensive
ext_01271,αll thє вєѕt frσm drugѕ вσѕѕ fαnzzz,Non-Hate,Not_offensive
ext_01272,Tik tok ban agiddu,Non-Hate,Not_offensive
ext_01273,Edhu  talent,Non-Hate,Not_offensive
ext_01274,Idu charitre srustiso  avathara...,Non-Hate,Not_offensive
ext_01275,Aadar boss aadar,Non-Hate,Not_offensive
ext_01276,Super guru tq,Non-Hate,Not_offensive
ext_01277,@Mahesh Babu gandu sulemagane.....urko....,Hate,Offensive_Targeted_Insult_Individual
ext_01278,Super agi mathadthiya bro,Non-Hate,Not_offensive
ext_01279,@Sweekar Gowda Nim mane hatra ಊಟಕ್ಕೆ Jana galige kasta agtideya.nidre Avar place n avar Mobile number send madu.nಇನ್ನೊಂದು ಅರ್ಥ ಮಾಡ್ಕೊ nCorona ilde idaglu ninninda tegalo msg bandidave nOlle ಎಡಬಿಡಂಗಿ ತರ ಆಡಬೇಡಾnProcedure ge hana mukya alvo gottilla ಆ film technician ge avaru innondu chance kodabeku adu mukya nಅರ್ಥ ಮಾಡಿಕೊ ಮೂರ್ಖ ಶಿಕಾಮಣಿ,Hate,Offensive_Targeted_Insult_Individual
ext_01280,Loo Nim Makha muccha e Video gu Dislike yenro nim Hendti Munde Haga avr character Nodi kaliro life Andre yenu antha thu nanmakla,Hate,Offensive_Targeted_Insult_Other
ext_01281,Yava woodigu kammi illa Namma sandall wood,Non-Hate,Not_offensive
ext_01282,Movie Nodi Hands up....  Madi 🤗,Non-Hate,Not_offensive
ext_01283,@naveen v nin Amman thullu sulemagne,Hate,Offensive_Targeted_Insult_Individual
ext_01284,Idu 100%nija nija,Non-Hate,Not_offensive
ext_01285,Kannada movie songs  Kannada movie All No 1,Non-Hate,Not_offensive
ext_01286,Lockdown mugili relise madi bartivi sir,Non-Hate,Not_offensive
ext_01287,@Rajesh Rao en maadodu asht bejaar aagide....ond olle cinema hesr maadlilvalla anta...bejar maadkobedi,Non-Hate,Not_offensive
ext_01288,D BOSS fans kadeindaaa best of luck,Non-Hate,Not_offensive
ext_01289,E guru desapande ge remake bittu swamake madoke baralla nVishal mathu lakshmimenon Tamil movie idu,Hate,Offensive_Targeted_Insult_Individual
ext_01290,Song starting English quote tegdu kannada dalle iddiddre chennagirtittu,Non-Hate,Not_offensive
ext_01291,Neva ado game nema,Non-Hate,Not_offensive
ext_01292,I think junior Pawan KalyannI am waiting,Non-Hate,Not_offensive
ext_01293,Pls yestto jana nodlila film ...innome reles maadi ....naan antu bigg fan of dia,Non-Hate,Not_offensive
ext_01294,Anyway good song,Non-Hate,Not_offensive
ext_01295,Hudgirge estu huchu edso song adre.   Enaa hudugara kathe henge.,Non-Hate,Not_offensive
ext_01296,@TROLL MONSTER_KANNADA nandini anta balegarana fan iddane nodo aa sulemagnig baiyi tika urkondu hontara hadsimakllu 1 year 3 blockbuster DBoss,Hate,Offensive_Targeted_Insult_Individual
ext_01297,Avane shriman Narayana,Non-Hate,Not_offensive
ext_01298,Nimge olledagli sir god bless you Sir,Non-Hate,Not_offensive
ext_01299,Thanks Venki Anna,Non-Hate,Not_offensive
ext_01300,Ellar mobile alli dia movie ide kanri  theatre ge jana yake barthare heli yake online alli leak aythu movie nOnline alli movie nosbodu andre jana  bidthara heli neeve,Hate,Offensive_Targeted_Insult_Group
ext_01301,Supar hit song anna,Non-Hate,Not_offensive
ext_01302,Thanks sir kayakve kailasa ja basva,Non-Hate,Not_offensive
ext_01303,Sakkataag baididiya guru,Non-Hate,Not_offensive
ext_01304,Sakkath song guru,Non-Hate,Not_offensive
ext_01305,Bro nanu kuda tiktok use madthidae adrae adu ban adaga nang yenu bejar agilla yakandrae namdu ondu sanna contribution irli namma desha kae jai hind,Non-Hate,Not_offensive
ext_01306,Jai Kannada Jai india,Non-Hate,Not_offensive
ext_01307,Promotion ond bittu mikid ellanu chanag madtidira.,Hate,Offensive_Targeted_Insult_Group
ext_01308,Nijvaglu nivu tumbha great sir nimma antha ollevyakthi nodi devru idana antha prashne baruthe,Non-Hate,Not_offensive
ext_01309,Yappa en song Anna super song,Non-Hate,Not_offensive
ext_01310,Bogus kathe ........thu nan makla sullu bogaloku nachike agalva yaro nivella thuuuuuuu,Hate,Offensive_Targeted_Insult_Group
ext_01311,Ontara different agi ide,Non-Hate,Not_offensive
ext_01312,idu charitre srushtiso AVATAARA,Non-Hate,Not_offensive
ext_01313,Diy supar movise,Non-Hate,Not_offensive
ext_01314,Anna niv super agi creative maadthira super Anna,Non-Hate,Not_offensive
ext_01315,Namma hagu kelavara aase nija aytu. Tik tok,Non-Hate,Not_offensive
ext_01316,Suspense movie good kannada,Non-Hate,Not_offensive
ext_01317,En helde guru,Non-Hate,Not_offensive
ext_01318,Yako rascal stupid,Hate,Offensive_Targeted_Insult_Individual
ext_01319,Innu Chenngi Baidu helu bro tik tok user gee,Non-Hate,Not_offensive
ext_01320,Best song....,Non-Hate,Not_offensive
ext_01321,Kannada promotion beda.. Kannadigaru nimmana gellistare,Non-Hate,Not_offensive
ext_01322,Guru e badyav heltirod bari sulu,Hate,Offensive_Targeted_Insult_Individual
ext_01323,Allige Ella beda just ondhu rally attend madli,Hate,Offensive_Targeted_Insult_Group
ext_01324,@Ranjith think madirlilla,Non-Hate,Not_offensive
ext_01325,@VARAPRASAD K K balegaara banda nin Amman ge bale idsakke dagaar banda nin Amman keyyakke soole magne,Hate,Offensive_Targeted_Insult_Individual
ext_01326,@Yash cult Guru ellaa actors ade halkaa kelsaa maadodu bidappa raaja...,Non-Hate,Not_offensive
ext_01327,Raktha rathri yakshagana nodi maryare,Non-Hate,Not_offensive
ext_01328,Video 18 min innu video upload maadi 12 min agide complete video nodade dislike madthirallo,Hate,Offensive_Targeted_Insult_Group
ext_01329,@TROLL MONSTER_KANNADA nD boob's beleyodanna nodi urakotidaranDagar fan namma BØSS beleyodanna nodi nimm gandu darshan ne urakondiddu......,Hate,Offensive_Targeted_Insult_Individual
ext_01330,Dislike madiroru pakka Rashmikha Kadeyavare,Hate,Offensive_Targeted_Insult_Group
ext_01331,Super video,Non-Hate,Not_offensive
ext_01332,E film baari ede ante guru nodle beku,Non-Hate,Not_offensive
ext_01333,Handsup shoot madbeka dishkaew,Non-Hate,Not_offensive
ext_01334,Rakshit Shetty fans ondhu like Madi,Non-Hate,Not_offensive
ext_01335,Nam indiadallu tic tok thara app kandidobodu thane,Non-Hate,Not_offensive
ext_01336,Nija nija nam manegu bandidda,Non-Hate,Not_offensive
ext_01337,RIP to those 28k dislikers,Hate,Offensive_Targeted_Insult_Group
ext_01338,ossam..slow poison kanro,Non-Hate,Not_offensive
ext_01339,100 nija edu,Non-Hate,Not_offensive
ext_01340,Guru big fan agbitte nin logic nodi,Non-Hate,Not_offensive
ext_01341,@TROLL MONSTER_KANNADA le baibeda avnu Boss fane kano ravindra,Non-Hate,Not_offensive
ext_01342,Idu charithre srustiso avathaaaara.....,Non-Hate,Not_offensive
ext_01343,Super Anna nija anna,Non-Hate,Not_offensive
ext_01344,Super song ... super film,Non-Hate,Not_offensive
ext_01345,Togari teeppa super,Non-Hate,Not_offensive
ext_01346,2019 last end -2020 this movie Rakshit settyge break kodutte annoru like madi,Non-Hate,Not_offensive
ext_01347,Muchele dagar munde sule,Non-Hate,Not_offensive
ext_01348,Supar stups ser,Non-Hate,Not_offensive
ext_01349,Nodu Guru Trend Song...neddappa song andree,Non-Hate,Not_offensive
ext_01350,Yes edre adare yli?,Non-Hate,Not_offensive
ext_01351,hawdale thugari tippa,Non-Hate,Not_offensive
ext_01352,@Akki MAnna summan namana huchhar olage tagyatara,Hate,Offensive_Targeted_Insult_Group
ext_01353,Superagi heludri bro,Non-Hate,Not_offensive
ext_01354,China para mat adoru china ke kalsbek bolimaklu,Hate,Offensive_Targeted_Insult_Group
ext_01355,@Nithin Kumar Sasthana madbeku intha kachada galana...,Hate,Offensive_Targeted_Insult_Group
ext_01356,Hands up kannada Na thu ninna,Hate,Offensive_Targeted_Insult_Individual
ext_01357,100 days pacca,Non-Hate,Not_offensive
ext_01358,But  movie  superb,Non-Hate,Not_offensive
ext_01359,Hands up,Non-Hate,Not_offensive
ext_01360,Tik tok  bevarsigalanna chaina   gadiyalli chaddiyalli bomb ettu chaina  kade  odisa beku avaga sari agutte,Hate,Offensive_Targeted_Insult_Group
ext_01361,Avanilade enu illa ee bhoomimele,Non-Hate,Not_offensive
ext_01362,Sahitya and sangita eradu super movie blockbuster,Non-Hate,Not_offensive
ext_01363,Super song anna,Non-Hate,Not_offensive
ext_01364,Ha sir..kanada movie nam janane  nodthaila,Hate,Offensive_Targeted_Insult_Other
ext_01365,@Shashidhar A 10000% sathyavada maathu,Non-Hate,Not_offensive
ext_01366,Madona bro kanditha yarannau bidodu beda..,Non-Hate,Not_offensive
ext_01367,NAMMA modala web series,Non-Hate,Not_offensive
ext_01368,Pruthvi avara acting anthu nanna avarisikondu bittide .nanna friend helidda thayi sentimentalli avara acting nodi ninu emotional agthiya nodu antha.adre nanu nanu aagalla andidde.adre aa scene nodbittu nanu ankonde. evarige national award kodbeku antha.,Non-Hate,Not_offensive
ext_01369,@SS ENTERTANEMENT 2 Sir joke alla KGF li yela points galu tumba chanagitu nanu rakshith shetty fan nangenu hate illa,Non-Hate,Not_offensive
ext_01370,En guru song edu,Non-Hate,Not_offensive
ext_01371,@VARAPRASAD K K nimmayyi tulla hattava,Hate,Offensive_Targeted_Insult_Individual
ext_01372,Parvagilla bidi bejar ilanNam Sandalwood navara manassu nim samudrakkinta vishalavagidenAdakke we welcome you n like younWe like all culture,Hate,Offensive_Targeted_Insult_Group
ext_01373,Super guru neenu tiktak sede galige yeneludru arthagalla,Hate,Offensive_Targeted_Insult_Other
ext_01374,Bro nanage tumba bejar agide namm sainikar savinind .china davargi buddi kalsek bro ..,Non-Hate,Not_offensive
ext_01375,a new milestone in kannada movie,Non-Hate,Not_offensive
ext_01376,Nange e dia movie est ista agide Andre adu kevala word inda helok agalla,Non-Hate,Not_offensive
ext_01377,Super song I love it,Non-Hate,Not_offensive
ext_01378,Nivu. Helodu sari china app ban agalebeku,Non-Hate,Not_offensive
ext_01379,Yavaga Release agutte shetre,Non-Hate,Not_offensive
ext_01380,@nkn havali nin astu urkondilla pa,Hate,Offensive_Targeted_Insult_Individual
ext_01381,Bro nan kade enda nimg gondhu salam.,Non-Hate,Not_offensive
ext_01382,Movie nodadmele bandhoru like madi nEe movie kuda fan India movie agutthe annoru like madi,Non-Hate,Not_offensive
ext_01383,Paramvah Music hindi,Non-Hate,Not_offensive
ext_01384,Sir Nimage olleyadaagali,Non-Hate,Not_offensive
ext_01385,Unlike madiroru bevarsigalu.,Hate,Offensive_Targeted_Insult_Group
ext_01386,Hello Hindi song,Non-Hate,Not_offensive
ext_01387,Supperb broo... Sakathagi helidira,Non-Hate,Not_offensive
ext_01388,@Asif Shaikh hesru adru nettug tilkolo,Hate,Offensive_Targeted_Insult_Individual
ext_01389,Nijave idhu charitre srustiso avatharane bidi,Non-Hate,Not_offensive
ext_01390,Dboss murkha abhimani galu,Hate,Offensive_Targeted_Insult_Group
ext_01391,Nim uru yavdu,Non-Hate,Not_offensive
ext_01392,Rashmika fans  ND devarkonda fans urkondirtarea,Hate,Offensive_Targeted_Insult_Group
ext_01393,Daridra rajkaranadinda Kelsane sigtilla guru company factory yella muccho stitili idare,Non-Hate,Not_offensive
ext_01394,Nim dhesh bakthi ge Sallut bro I like you,Non-Hate,Not_offensive
ext_01395,Bro nivu yava game adtaiyidara please comment,Non-Hate,Not_offensive
ext_01396,Hands up    matte song kelbeku anta ansorige,Non-Hate,Not_offensive
ext_01397,jeevanadalli navu chenagiddaga baro sambandakkinta navu novinnali eddaga Namma na a novinninda ache baro hage maduva sambandakke bele kodbeku so ninge ega arta aytu ankotini,Hate,Offensive_Targeted_Insult_Individual
ext_01398,Haha  nija,Non-Hate,Not_offensive
ext_01399,ಸೂಪರ್ u r a carrect,Non-Hate,Not_offensive
ext_01400,Idonde voledagiradu 2020 li,Non-Hate,Not_offensive
ext_01401,Yava game bro edu,Non-Hate,Not_offensive
ext_01402,Dislikers bayalli shegani Ida....🤫,Hate,Offensive_Targeted_Insult_Group
ext_01403,Nange aaki kastadalli idhene,Hate,Offensive_Targeted_Insult_Individual
ext_01404,Kalaburgi and Bidar jille janaru like maadi,Non-Hate,Not_offensive
ext_01405,Anna full wand ayti song,Hate,Offensive_Targeted_Insult_Group
ext_01406,Super rakshit hands up songs super,Non-Hate,Not_offensive
ext_01407,Super video anna,Non-Hate,Not_offensive
ext_01408,idu avane Sri man narayan,Non-Hate,Not_offensive
ext_01409,Best movie in Kannada🤘🤘🤘,Non-Hate,Not_offensive
ext_01410,KGF 2 songs bartave with bang bang BGMs.,Non-Hate,Not_offensive
ext_01411,Super rakhit we love u and kannada,Non-Hate,Not_offensive
ext_01412,Communist Sarkar beku bharat dalli nu nam avrige freedom jasti agide,Non-Hate,Not_offensive
ext_01413,ಹಿಂದಿ song innu yake relise agilla,Non-Hate,Not_offensive
ext_01414,Nannu nimma fan sir,Non-Hate,Not_offensive
ext_01415,Yavdadru habba raja Dina dalli release madbekitttu odtittu ..,Non-Hate,Not_offensive
ext_01416,Don't Post FAKE videos,Hate,Offensive_Targeted_Insult_Group
ext_01417,Big boss kannada dalli ententa kachda jana haktare. Inta Olle janrana haki.,Hate,Offensive_Targeted_Insult_Other
ext_01418,Bigg boss nalli kalisri nijwaglu help maadida haage aaguthe intha olle artist ri ivaru kasta dalli iddaare,Non-Hate,Not_offensive
ext_01419,Inta kate matte matte krlbeku ansatte super,Non-Hate,Not_offensive
ext_01420,Guru Pub G game.....,Non-Hate,Not_offensive
ext_01421,En chindi bgm guru sakkath....Jai ASN... from Appu abhimani,Non-Hate,Not_offensive
ext_01422,obba batta na gi. e rethi bare you du sare alla. namma darmmake.nave.......,Hate,Offensive_Targeted_Insult_Group
ext_01423,Adru namboru thumba Jana edare sir,Non-Hate,Not_offensive
ext_01424,A nice song,Non-Hate,Not_offensive
ext_01425,@Nandi Parthasarathi nimma yashini boobs gojjekesari acting ge Oscar award fix,Hate,Offensive_Targeted_Insult_Individual
ext_01426,Ee song nodtha eroru ennomme trailer nodi.....,Non-Hate,Not_offensive
ext_01427,TREND SETTING SONG,Non-Hate,Not_offensive
ext_01428,Ur super guru,Non-Hate,Not_offensive
ext_01429,Mast aitu tik tok ban maadi evella odo du bare yodu bittu bari tirpe shoki maadi nandu istu talent ankotir wa yalla dabba nan maklige Sari yaagi paata kalisi dange aitu. Study bage awrige Care idde iddilla iga nodona yestu awar talent anta. Taawe tik tok maadi tammanne brilliant anta tilkoluwara Talente,Hate,Offensive_Targeted_Insult_Group
ext_01430,nice kalaa....ncontinue madu...,Non-Hate,Not_offensive
ext_01431,Pakka charitre srustisooo avataara....,Non-Hate,Not_offensive
ext_01432,I feel this vijay prakash singing tune same as kotigobba kotigobba,Non-Hate,Not_offensive
ext_01433,Anna e game yavudu,Non-Hate,Not_offensive
ext_01434,Chen aged really like kode,Non-Hate,Not_offensive
ext_01435,two dislikes I think it may be rashmika and devarakonda,Hate,Offensive_Targeted_Insult_Individual
ext_01436,Super guru nenu,Non-Hate,Not_offensive
ext_01437,theatre alli nodokke nangu esta.theatre alli movie ella andre henge nodokke agutte.nimhantavare theatre alli nodirtiro elvo yarigottu.tilkondu matadi sir  @Nuthesh Naik,Hate,Offensive_Targeted_Insult_Individual
ext_01438,Rakshit sir on fire ...benki..ollede aythu ha dagar inta olle vekthi ge siglila,Non-Hate,Not_offensive
ext_01439,@Kiran Kumar Halijol yes pa.. observe madlilla,Non-Hate,Not_offensive
ext_01440,2nd song(Narayana) releasing tomorrow @11,Non-Hate,Not_offensive
ext_01441,Yes bro nanu Chinese apps galna delete madidhini . E thara innu jasti video madi bro . E thara good message viedio madthairi,Non-Hate,Not_offensive
ext_01442,I love to learn Kannada languagenI love to speak in KannadanBecause I'm from KarnatakanKunda nagree Karnataka,Non-Hate,Not_offensive
ext_01443,@Nandi Parthasarathi ನಿಮ್ಮ ಅಪ್ಪ ಸೂಳೆಮಗ,Hate,Offensive_Targeted_Insult_Individual
ext_01444,Togari thippa bahala chanagide,Non-Hate,Not_offensive
ext_01445,@Ŕävîñđŕå_02_GøWđřú bro evnu venkatesh kulkarni avr comments ge reply madidane adanna odudre nin education EE flop,Non-Hate,Not_offensive
ext_01446,Super  guru  jai  hind  neenu  nijavada  barathiya mattu  karnatakada  hemmeya putra  I love you  brother,Non-Hate,Not_offensive
ext_01447,6 dinagalaadru innoo trending nallide,Non-Hate,Not_offensive
ext_01448,Sachien  karnatakada cinemadalli adbuta nata ivara tande nanu bala ista pado vekti abarigondu nanna abhinandane,Non-Hate,Not_offensive
ext_01449,Jai ASN nJai Karnataka,Non-Hate,Not_offensive
ext_01450,Trailer super guru,Non-Hate,Not_offensive
ext_01451,ansodenu avrdu love merrid soo life ali obrigobru arta madkondu nambke na beliskondu prethina uliskondu... chanagiri,Non-Hate,Not_offensive
ext_01452,Pistol look like flare gun...nnJai pubg..,Non-Hate,Not_offensive
ext_01453,@Revan kumar khare heldi🤣,Non-Hate,Not_offensive
ext_01454,Right bhai avarige barabari shock aagide,Non-Hate,Not_offensive
ext_01455,Avlu lofar .....nan sister Diya papa amezon a to z super next relece I m going,Hate,Offensive_Targeted_Insult_Individual
ext_01456,Acchaa kannada...soopr song....,Non-Hate,Not_offensive
ext_01457,Theater alli beats sakath agi kelsta ettu guru,Non-Hate,Not_offensive
ext_01458,nanu Attidini climax nalli,Non-Hate,Not_offensive
ext_01459,O mareya ava chiranjeevi alla shaapa erutte,Hate,Offensive_Targeted_Insult_Individual
ext_01460,En sir lyrics. Superb,Non-Hate,Not_offensive
ext_01461,Nemma anna antha barthane nodu avana hodibeku guru first Gubal Nan maga,Non-Hate,Not_offensive
ext_01462,Namma Huduga super agi madavnne super darlings,Non-Hate,Not_offensive
ext_01463,Re release madi pakka node nodthare... Evaga yav theater allu ella nodoke. Movie tumba chennagide,Non-Hate,Not_offensive
ext_01464,@#win 12 yello yaavdo beedhi soolege huttironu neenu ansutthe....adakke nin hesru haakolde yavdo no. haakondidya.... leay child chapati nin no. ond kodu saaku nin dove na nin munde ne keaytini...... asht saaku nange....,Hate,Offensive_Targeted_Insult_Individual
ext_01465,Bro tik tok gottlla but entertanment ge roast video nodtidde istu dina avrge roast madiro videos ginna idralli niv avrge use madiro words hudgiro style superb repeat madi madi nodbitte ee video..,Non-Hate,Not_offensive
ext_01466,sir nivu kottiguobbru,Non-Hate,Not_offensive
ext_01467,Movie nodilla andre nimagu “ HANDS UP !!!!!”,Non-Hate,Not_offensive
ext_01468,ri tippa  supper,Non-Hate,Not_offensive
ext_01469,Hindi varjan relis made,Non-Hate,Not_offensive
ext_01470,Kolath hogiro kobhari mukadhavale🤣🤣🤣,Non-Hate,Not_offensive
ext_01471,Adi dia super acting🥰,Non-Hate,Not_offensive
ext_01472,Shaata daagar fans,Hate,Offensive_Targeted_Insult_Group
ext_01473,Super anna bindass agi mathadiddira inshatu makake ugudru kelavar adaralli erthivi navu anthare antha mental people na mental hospital ge akbeku,Hate,Offensive_Targeted_Insult_Group
ext_01474,. .nanu 10 bari nodidene. nSuper.,Non-Hate,Not_offensive
ext_01475,He is like NTR nNTR FANS SUPPORT HIM ALWAYS nRIKSHT SHETTY AWESOME,Non-Hate,Not_offensive
ext_01476,@Nandi Parthasarathi balegar bale bale 🤣🤣🤣 matte ninna akkna minda kano nanu mindri magne randi maga ninu bere heros bagge kettadagi comments madodu bidu navu yaru tantegu hoglla boss tantege bandre gottala,Hate,Offensive_Targeted_Insult_Individual
ext_01477,@Troll Stupid Fans nin Amman thullu sulemagne gaandu nayi sulemakla mucchkondiro Nim Amman thullu GE devegowda du halasiro thunni hakbeku rande soole magne nayisulemagne kachada byavarsi soole rande magne nayisulemaga nim appa chaappar nan maga sulemaga,Hate,Offensive_Targeted_Insult_Individual
ext_01478,Jeevana channagi arta  madkondeedare nnShankar Ashwath avar  nNice,Non-Hate,Not_offensive
ext_01479,Hats up rakshit,Non-Hate,Not_offensive
ext_01480,Nimma Narayana na avathara Charithre Srustisali..... Olledagali,Non-Hate,Not_offensive
ext_01481,Super. Guru.,Non-Hate,Not_offensive
ext_01482,Super signature step..,Non-Hate,Not_offensive
ext_01483,Super guru munduvarisi,Non-Hate,Not_offensive
ext_01484,Sexy song guru,Non-Hate,Not_offensive
ext_01485,Idanna odidre nimdu kuda love marriage anta namg ansta ide,Non-Hate,Not_offensive
ext_01486,Tik tok beku anthideralla kelobbru nim antha thale edukaru bere yaru ella namma arthikathe nela kachhisida country ge nimma support alva nijvada shathrugalu avr alla nam ollgadey ero nivu...,Hate,Offensive_Targeted_Insult_Group
ext_01487,Chinada tiktok CEO helidanante bharatadalli  iruvashtu somarigalu berellu illa anta idarta avara deshadavare aa app annu ashtu use madtilla  bharatadalli koti gattale use madtidare. Banne maadida modi sarkarakke danyavadagalu nnJai JAWAN Jai KISAN nJAI HINDH,Non-Hate,Not_offensive
ext_01488,hello amar prasad tumbha chenda itthu nimma ee pryatna saakashut vishyagalannu  munde ittiri idu namege gothe iralilla. china nijakku entha samartha desha deshpreemigale tumbiruvantha desha moodalu nammale ee daridara raajakihavannu oddu military adalita barabeku ega itndu kobbiruva raajakaarnigalaga asthi pasthigalannu ondu rupeenu beedade kitthukondu avarannu beedhi bhikharimaadidare namma desha sirivanthavaaguvudaralli no doubt,Hate,Offensive_Targeted_Insult_Group
ext_01489,Supper  p boss... Yar unlike madidhare nodi.. urkondu saytor anta,Hate,Offensive_Targeted_Insult_Group
ext_01490,Vijaya prakash voice,Non-Hate,Not_offensive
ext_01491,Yenta mat andi yappa,Hate,Offensive_Targeted_Insult_Individual
ext_01492,10 lla 11 pramuka  kaarana  boy behano modi,Non-Hate,Not_offensive
ext_01493,Avlge avra appaniginta pakkada mane uncle tumbaa esta adke bro,Hate,Offensive_Targeted_Insult_Individual
ext_01494,KGF (chaffer 2) bega bara beku,Non-Hate,Not_offensive
ext_01495,Nanu 999999999999999999999999999999999999999999999999999999999999999999999999999999999999999999999999999999999999999999999999999999999999999999999999999999999999999999999999999999999999999999999999999999999999999999999999999999999999 sala ee songaanu keele dini,Non-Hate,Not_offensive
ext_01496,5 days trending,Non-Hate,Not_offensive
ext_01497,Bro nivu super,Non-Hate,Not_offensive
ext_01498,Trailer tumba channagide,Non-Hate,Not_offensive
ext_01499,Prajwal Devraj is Back,Non-Hate,Not_offensive
ext_01500,Yelru mobile nalli nodidare theater hogi nodrapoa plz,Non-Hate,Not_offensive
ext_01501,Nijavaglu kannadiga agiddakke hemme agtide guru,Non-Hate,Not_offensive
ext_01502,Niv supper boss,Non-Hate,Not_offensive
ext_01503,@Nithya Sudha avaru devategalu devategalige Ella bhashe barutte,Non-Hate,Not_offensive
ext_01504,Nandini Parthasarathi d bass ge jai,Non-Hate,Not_offensive
ext_01505,havdhu Nama manegu bandhidha .asshvathama,Non-Hate,Not_offensive
ext_01506,Nandini Parthasarathi ascar just miss n,Hate,Offensive_Targeted_Insult_Individual
ext_01507,Eshttu sari kellidaru besaramudada haddu,Non-Hate,Not_offensive
ext_01508,Song chindi chitranna guru,Non-Hate,Not_offensive
ext_01509,Nimge Nijavagalu netiyagiddra,Non-Hate,Not_offensive
ext_01510,Supper anna,Non-Hate,Not_offensive
ext_01511,Song super agi edey,Non-Hate,Not_offensive
ext_01512,Heroine ge jamba ella,Non-Hate,Not_offensive
ext_01513,Marethidhru iga merili,Non-Hate,Not_offensive
ext_01514,Super dance stepppppp,Non-Hate,Not_offensive
ext_01515,lo thagari thippa suppr kano,Non-Hate,Not_offensive
ext_01516,I'm big kiccha&rakshith Shetti fanzz,Non-Hate,Not_offensive
ext_01517,Swamake or Remake....?,Non-Hate,Not_offensive
ext_01518,E film adru chenag odli,Non-Hate,Not_offensive
ext_01519,Boring agidre All India Trending agtirlilla🤣,Non-Hate,Not_offensive
ext_01520,We varshada super song,Non-Hate,Not_offensive
ext_01521,Sariyagi promotion maadade cinema haal maadtarapan(Hindi Song Elranna?),Hate,Offensive_Targeted_Insult_Group
ext_01522,Dbøss munde ivanu baccha,Hate,Offensive_Targeted_Insult_Individual
ext_01523,Hi sir supnHasage  eddastu kalu chachu  nAnno gadae evattu nim nudigalu gottyatyu sirnUr grate sir,Non-Hate,Not_offensive
ext_01524,Shrinidhi surya avru idre chanagirutte,Non-Hate,Not_offensive
ext_01525,e hadu kannada vanne yetti tori charitre shrustiside edu kannada da hemme,Non-Hate,Not_offensive
ext_01526,tugari thjppa super,Non-Hate,Not_offensive
ext_01527,Fork bisakiddu pakka #Shaanvi. Trailer alli iro dialogue next scene.,Non-Hate,Not_offensive
ext_01528,Avane Srimannarayana beats KGF,Non-Hate,Not_offensive
ext_01529,Idu Fantasy Film tara kantide alva?,Non-Hate,Not_offensive
ext_01530,En helde bro,Non-Hate,Not_offensive
ext_01531,Sir nivu news helida hage heltiri sir,Hate,Offensive_Targeted_Insult_Individual
ext_01532,Yabbbaaa nijavglu nan anirud acting ge fan gbitttee.. Awsm..,Non-Hate,Not_offensive
ext_01533,Anna super aaegi magadheera videos entertainment new folder,Non-Hate,Not_offensive
ext_01534,Shetre song soooooper,Non-Hate,Not_offensive
ext_01535,Super duper movie kananda movie industry no1 movie,Non-Hate,Not_offensive
ext_01536,@10 R Ayyo hogo thukalli gandu,Hate,Offensive_Targeted_Insult_Individual
ext_01537,@VARAPRASAD K K haa nin Amman tulldeepanna,Hate,Offensive_Targeted_Insult_Individual
ext_01538,All the BEST SANDALWOODಒಡೆಯಾ ಡೀ ಬಾಸ್ ಫ್ಯಾನ್ಸ್,Non-Hate,Not_offensive
ext_01539,Singer voice awesome,Non-Hate,Not_offensive
ext_01540,@Venu ahgbowdu.,Non-Hate,Not_offensive
ext_01541,Mostly rashmika mandanna fans erbeku🤣,Non-Hate,Not_offensive
ext_01542,Superb trailer ......,Non-Hate,Not_offensive
ext_01543,Nivu great sir swabhimani sir Ella namma preethiya geleyaru hege yara,Non-Hate,Not_offensive
ext_01544,Kannada ne barolla,Hate,Offensive_Targeted_Insult_Individual
ext_01545,Ditto shankranna kandru aa step hakovaaga,Non-Hate,Not_offensive
ext_01546,Pakka hit aguthee,Non-Hate,Not_offensive
ext_01547,E film kgf level ig erbhodu annoru like maadi adunnu meersbhodu annoru comment maadi ...,Non-Hate,Not_offensive
ext_01548,D boss bro dainamic price Prajwal Devaraj,Non-Hate,Not_offensive
ext_01549,Uppi dialog ultimate ella sede nann maklu,Non-Hate,Not_offensive
ext_01550,Edu charitre srustisuva avatraaa,Non-Hate,Not_offensive
ext_01551,bro nim video super china da appp use madbardu annod sari k nivu e china game pubg adthiralla bro nivu next video na e pubg game enda madbedi nan nimna geli madthaedini ankobedi,Non-Hate,Not_offensive
ext_01552,Sir Nimage devru nimjote erta,Non-Hate,Not_offensive
ext_01553,Bari mosa Kano,Hate,Offensive_Targeted_Insult_Individual
ext_01554,Life Alli esto movie nodidivi adre diya movie astu yavdu  ista agtilla. Diya nodid mele love madbeku,Non-Hate,Not_offensive
ext_01555,Tik tok ogidke urkondu ಉಪ್ಪಿಟ್ಟು agore bro,Non-Hate,Not_offensive
ext_01556,Genuine information nimdhu,Non-Hate,Not_offensive
ext_01557,En Anna nim mathgalu Mika 🤣🤣🤣🤣instadalli sigtave bidi anna,Hate,Offensive_Targeted_Insult_Individual
ext_01558,amazing music,Non-Hate,Not_offensive
ext_01559,Devru nimge olledu maadli,Non-Hate,Not_offensive
ext_01560,Super guru nice,Non-Hate,Not_offensive
ext_01561,Shankranna= RakshithnUppi Dada= Rishabh,Non-Hate,Not_offensive
ext_01562,Yena editing guru,Hate,Offensive_Targeted_Insult_Individual
ext_01563,Sir.. 5paisa.com adara bagge video madi... Open madodhu hege and close madodhu hege antha... Plz sir,Non-Hate,Not_offensive
ext_01564,Tiktok sede galu,Hate,Offensive_Targeted_Insult_Group
ext_01565,@Doavi samstana movie gellutte nAamele Jana promotion maadthare,Non-Hate,Not_offensive
ext_01566,Music ultimate guru estu saari keldru kelbeku ansuthe,Non-Hate,Not_offensive
ext_01567,Super kannda super,Non-Hate,Not_offensive
ext_01568,Avane sriman narayana,Non-Hate,Not_offensive
ext_01569,Sir nange ashwath sir andre praana..nan appana hage iddru.. avranna kalkonda dukka tumbaa ide nange..and I respect u tooo sir...god bless u sir..,Non-Hate,Not_offensive
ext_01570,What a song  Jai Kannada,Non-Hate,Not_offensive
ext_01571,Arjun janyan karkond bandu music kelisiri,Non-Hate,Not_offensive
ext_01572,Please intha cinemagalannu     gellisona ......namma hemmeya Kannada cinema,Non-Hate,Not_offensive
ext_01573,Tiktok Dattu putra🤣 ugeeri inna,Non-Hate,Not_offensive
ext_01574,@satishnithyanandam nin yogyathege meeri mathgal aadbardu.,Hate,Offensive_Targeted_Insult_Individual
ext_01575,Film matra sakattagide,Non-Hate,Not_offensive
ext_01576,Mastu mastu... Idu Idu bekagirodu...,Non-Hate,Not_offensive
ext_01577,Still no 1 trending,Non-Hate,Not_offensive
ext_01578,Hollywood ge kanoo,Non-Hate,Not_offensive
ext_01579,Super song vj,Non-Hate,Not_offensive
ext_01580,RS haadugalella haagene bro,Non-Hate,Not_offensive
ext_01581,Anna canagi helidira,Non-Hate,Not_offensive
ext_01582,Hindi illa Andre 300 crore agodu dream ashte,Non-Hate,Not_offensive
ext_01583,naavu childhood days valag e story kelidde,Non-Hate,Not_offensive
ext_01584,Bro ninna uru yavdu,Non-Hate,Not_offensive
ext_01585,@VIKRANTH DHANUSH Handsup kannada pada yenu? Polsaru yava pada use madtare?,Non-Hate,Not_offensive
ext_01586,Sir super matadidre,Non-Hate,Not_offensive
ext_01587,@naveen v ninna luccha ige modale kaddi swalpa body madkond baralu helu olle baavali haage eddane mattu omdu hit movie kodoke helu madirodella flop,Hate,Offensive_Targeted_Insult_Group
ext_01588,Rakshasan Thamil BGM🤔🤔,Non-Hate,Not_offensive
ext_01589,Guru nakn enu madbekitu guru ninu avr ajji nam dhesha dalli uti a china desha ke utiro hange Madtare tu evr janmake est benki haka,Non-Hate,Not_offensive
ext_01590,Howdu 100 percent,Non-Hate,Not_offensive
ext_01591,rana song guru my boss singging vijay prakash love  u sar,Non-Hate,Not_offensive
ext_01592,Nanu 2 sala nodidini,Non-Hate,Not_offensive
ext_01593,Guru sakathage helde....nin superb. ...superb ashte,Non-Hate,Not_offensive
ext_01594,Eh Tiktok ela Andre nimanatha troller kooda Mundhe bartirlilia,Hate,Offensive_Targeted_Insult_Individual
ext_01595,Really superb.... Future Super star Rajinikanth,Non-Hate,Not_offensive
ext_01596,Supar anna supar,Non-Hate,Not_offensive
ext_01597,Nam janakke love story iro movie Andre bari romance,Non-Hate,Not_offensive
ext_01598,Kannada industry alli hosa dakale baryok bandavn yar avnu.......avane sreemannarayana,Non-Hate,Not_offensive
ext_01599,Olle msg bro..... Sakath agi helidira.....,Non-Hate,Not_offensive
ext_01600,Super song nam Kannada song,Non-Hate,Not_offensive
ext_01601,Super movie 200days paka super guru see once dis movie,Non-Hate,Not_offensive
ext_01602,Nija nivu mahabaratha nodilva,Non-Hate,Not_offensive
ext_01603,Gali matina tune best,Non-Hate,Not_offensive
ext_01604,Music kelta erbekanisutade,Non-Hate,Not_offensive
ext_01605,Houdu Ri Promote Matadbeku,Non-Hate,Not_offensive
ext_01606,En ugdde guru adru nam janake budi barala bro tiktok elde edre saytivi antare thoo,Non-Hate,Not_offensive
ext_01607,By mistakly nimma ondu video nodi subscribe agbitte  keep it up bro,Non-Hate,Not_offensive
ext_01608,E song ge tik tok madidavaru like madi,Non-Hate,Not_offensive
ext_01609,@TROLL MONSTER_KANNADA bande iru haktini nim amman tulge sule khaan,Hate,Offensive_Targeted_Insult_Individual
ext_01610,Hata best D Boss fans,Non-Hate,Not_offensive
ext_01611,Spr kannadiga 🤘🤘,Non-Hate,Not_offensive
ext_01612,Idu chatire srushtiso avatara,Non-Hate,Not_offensive
ext_01613,Togir tippa sotre super,Non-Hate,Not_offensive
ext_01614,Tika hogibeku avlige,Hate,Offensive_Targeted_Insult_Individual
ext_01615,@gowtham gowtham Kiccha nimamman oorsoole nimammam thullige bale sigskondu keythivi hushaaru sik sikkid kade thika kodtha edre hardu oorbaglu madthivi amele doctorgu holge jaga erbardu hange keythivi beware bale pans 🤣🤪,Hate,Offensive_Targeted_Insult_Individual
ext_01616,Vp sir super sir,Non-Hate,Not_offensive
ext_01617,Ban agoithalla bro Inna yenidhru tamte saddhu yerd steppu  ashte,Non-Hate,Not_offensive
ext_01618,igun kaldalli 60 years badkodhe kasta 5000 varsa irtara yakro janara inocentna use madkotira,Hate,Offensive_Targeted_Insult_Group
ext_01619,Nikal lowde osmmm dialogue bro.....,Hate,Offensive_Targeted_Insult_Other
ext_01620,I support your videos bro,Non-Hate,Not_offensive
ext_01621,Yavano avnu sade nan maga tiktok eno kitthakide anthane.. Modlu tilkondu maathado... Bro next video aaa sade nan magan mele maadi...its  request plz bro.. And loved ur video,Hate,Offensive_Targeted_Insult_Individual
ext_01622,Estella troll madidru roast madidru konege deshakke ago nastada bhagge gothadru inna tiktok vahiskondu bartharandre evrgella yen anbek guru...??. nnikal lawde,Non-Hate,Not_offensive
ext_01623,Yelrgu valya insperation,Non-Hate,Not_offensive
ext_01624,Anna Shankar Nag is back.....,Non-Hate,Not_offensive
ext_01625,Mr naveen raj Yenu nim Uddesha??n Nanu D BOSS Fan,Hate,Offensive_Targeted_Insult_Individual
ext_01626,Navu kuri Alla guru kaliyugada kaligallu,Hate,Offensive_Targeted_Insult_Individual
ext_01627,Ethu guru Song Endare,Non-Hate,Not_offensive
ext_01628,Super bro sari yagi heldde,Non-Hate,Not_offensive
ext_01629,Jai ASN @Paramvah Music,Non-Hate,Not_offensive
ext_01630,@Devikumari BK tunne unno hogo,Hate,Offensive_Targeted_Insult_Individual
ext_01631,basavaraj tambak artha madbeku movie na movie thara nodbeku,Non-Hate,Not_offensive
ext_01632,Tande yante maga kooda swabhimaani mattu swavalambhi jeevana nadesuthiddare.hats off sir.,Non-Hate,Not_offensive
ext_01633,Nam  karnatakdallu bandidru yavno huchha andkond nodoke hogilla,Hate,Offensive_Targeted_Insult_Individual
ext_01634,Thooo ni chanalge nai maga,Hate,Offensive_Targeted_Insult_Individual
ext_01635,Oh houda e matter electronic media expose madilla ? Avarige illa da information ninge banta ?,Hate,Offensive_Targeted_Insult_Individual
ext_01636,Song super Ede bro,Non-Hate,Not_offensive
ext_01637,Krishna mosake.....Karna.. Duryodana.. marana ondidaru... Avaranu solesalu.. pandavarige sadyane Ella....,Non-Hate,Not_offensive
ext_01638,Chennagide eno suspense ide,Non-Hate,Not_offensive
ext_01639,Heege innu chennaga bairi e chena nanmaklige App Ban madidd olled aytu hage avru kade tariskollo 3000 things stop madbeku aga buddi barutt avrge,Hate,Offensive_Targeted_Insult_Group
ext_01640,Gauri Keshav thookada mathu,Non-Hate,Not_offensive
ext_01641,Dayanand 123 ಕಮಕಲಲ,Non-Hate,Not_offensive
ext_01642,Nkn last dialogue lit,Non-Hate,Not_offensive
ext_01643,Yenu tappilla guru ...,Non-Hate,Not_offensive
ext_01644,Awesome song guru,Non-Hate,Not_offensive
ext_01645,@TROLL MONSTER_KANNADA adikke hendhi kivi na hardu jail ge hoda sule maga yaruu,Hate,Offensive_Targeted_Insult_Individual
ext_01646,@jeevan gowda ಧನ್ಯವಾದ.,Non-Hate,Not_offensive
ext_01647,Ee time ge wait madtidde,Non-Hate,Not_offensive
ext_01648,Albedi sir  novaaguthe sir Neev albaardu,Non-Hate,Not_offensive
ext_01649,Solpa beat jor madbekagittu,Non-Hate,Not_offensive
ext_01650,ಸರ್ pls contact 9743436877,Non-Hate,Not_offensive
ext_01651,Hindi elitha handig uttad hadbi nan magne,Non-Hate,Not_offensive
ext_01652,Jai hind  guru  nimge  ondu     super  agi madidira   Hinta  nanna makkalige nanna  deshada bagge enu gottu Avarige   tiktok Alla nale  avaru  sattu  hogtare alva   tiktok nu baralla tamte hodiyakke  Janru baralla   adannu  tiktok madkondu  Aram agirli anta  tiktok madi kalastare nanna makligennnAll videos  super  guru  nim no send madi,Hate,Offensive_Targeted_Insult_Group
ext_01653,@vyv v even Producer for KP,Non-Hate,Not_offensive
ext_01654,hi chandra kanth.. UK andre kelvu shettys ge ulidavaru kandante film antha sudden aagi gottagalla.. UK,Hate,Offensive_Targeted_Insult_Individual
ext_01655,Idu nimage hege gottaytu?,Non-Hate,Not_offensive
ext_01656,Super Ri Nijvaglu Nevu Creative Kannadigane,Non-Hate,Not_offensive
ext_01657,@AJITH S SHETTY appreciate madtaidane guru,Hate,Offensive_Targeted_Insult_Individual
ext_01658,Bro super aagi Ode kottidiya manga nann makkalige...,Hate,Offensive_Targeted_Insult_Group
ext_01659,Excellent  anna super,Non-Hate,Not_offensive
ext_01660,@TROLL MONSTER_KANNADA nim maneg bande iru ning hosa tengi sigtale 4monts admele soo be happy bro nim amman sule magne,Hate,Offensive_Targeted_Insult_Individual
ext_01661,Hands up for Vijay sir,Non-Hate,Not_offensive
ext_01662,Sir nimma pH no kodi sir trip eruvaga nimma cab joteyali hogtivi nimmaantvaru chanagierabeku n yela snhytru adstu evar cab book madi  ethara madidre  swalppa helf agbwdu friend s gn,Non-Hate,Not_offensive
ext_01663,Film re realise madi,Non-Hate,Not_offensive
ext_01664,Song like kotigabba 2 track,Non-Hate,Not_offensive
ext_01665,Anna nenu super super Anna,Non-Hate,Not_offensive
ext_01666,Ban maadirodakke tumba thanks matte ee tara aap barde irali,Non-Hate,Not_offensive
ext_01667,En song guruve I love this song K G F bitre ede super movie guru.......super,Non-Hate,Not_offensive
ext_01668,Sir kudlard ereg yanna namskara and salute,Non-Hate,Not_offensive
ext_01669,Neen super guru🤩🤣,Non-Hate,Not_offensive
ext_01670,Appa geddhamele maga geddhage  sir ur great,Non-Hate,Not_offensive
ext_01671,Helide guru ninu,Non-Hate,Not_offensive
ext_01672,Miikaaaaa Instagramers roast next Anna,Hate,Offensive_Targeted_Insult_Group
ext_01673,Super Hands up,Non-Hate,Not_offensive
ext_01674,Pls trailer relonch madi ..bere chanel alli ..subscriber kadime ide e chanel alli...,Non-Hate,Not_offensive
ext_01675,@Nandi Parthasarathi Yello erodu ninu lowde,Non-Hate,Not_offensive
ext_01676,Movie yavaga boss,Non-Hate,Not_offensive
ext_01677,Full happinest day bro becuse nange e bindu gowdan diloug kelodik agtirlila beligge aadre saku nanfrds ella avl status ne hakondu poison kuddiror tara saytidru anways tiktok byan agiddu tumbane olle kelsa and neevantu sakkatttag troll madtira bro nim voice bro,Hate,Offensive_Targeted_Insult_Individual
ext_01678,E song kelta idre eno ondu tara feel agutte. Enadru e music film nalli allalli saddu madta idre film pakka industry hit. All the best ASN from D BOSS FANS,Non-Hate,Not_offensive
ext_01679,@prithvi nayak Roberrt bangada goth aagutte,Non-Hate,Not_offensive
ext_01680,Re-release madisi sir ...nange ee film bagge ne gottirlilla... ee sali super hit guarantee...,Non-Hate,Not_offensive
ext_01681,En super movie sir edu....ond ond seen kuda mans mutto tara ede,Non-Hate,Not_offensive
ext_01682,Sakkath Guru ..luv luv luv,Non-Hate,Not_offensive
ext_01683,hands upppppppp super song🥰🥰,Non-Hate,Not_offensive
ext_01684,I ammaddixctedrepeatrinserepeat guru,Non-Hate,Not_offensive
ext_01685,Origin...but grown up in kapu..nimge kannada barutta wow.,Non-Hate,Not_offensive
ext_01686,Super bro yalka  Tik Tok stars full rost,Non-Hate,Not_offensive
ext_01687,Idu charitre shristisuva avatara...... 100%....,Non-Hate,Not_offensive
ext_01688,@TROLL MONSTER_KANNADA le sakat dialouges kanla..... next nim boobs film ge neene ide dialouges na haakolli.... hengidru ade thaane yelru maathadodu.... film nodkondu yella fans galu obrann obru baikond iri....🤣,Hate,Offensive_Targeted_Insult_Individual
ext_01689,Namma manege bandidru avarige nanu nan dress kottu aliside,Non-Hate,Not_offensive
ext_01690,avAnE shriMAN NaRAyana..,Non-Hate,Not_offensive
ext_01691,Rashmika andre yaru guru nThukali sule edalala avle erboda,Hate,Offensive_Targeted_Insult_Individual
ext_01692,Super bro nivu,Non-Hate,Not_offensive
ext_01693,Hands up anta kottaddu yella language li onde title irli anta...yar opputtiri  illi like madi...,Non-Hate,Not_offensive
ext_01694,Nivu heliddu ondu ondu maathu  sathyanee,Non-Hate,Not_offensive
ext_01695,Hats off sir nim Swabhimana and karya nishtege thumba Santhosha agutte sir nimg olle arogya success kodli antha devralli bedkothivi Munde niv natiso Ella cinemagalu uttama pradarshana padiyali,Non-Hate,Not_offensive
ext_01696,Super agi helidiya guru,Non-Hate,Not_offensive
ext_01697,hai gaya husharaytha,Non-Hate,Not_offensive
ext_01698,Sakath anna nim haadu,Non-Hate,Not_offensive
ext_01699,Drona pandavara para iddre ivneke kouravara para iddana.????,Non-Hate,Not_offensive
ext_01700,signature step ishta adare ootu ondu like nsong super ansiddre bidu eradu comment.. nninu kannadiga adare,Non-Hate,Not_offensive
ext_01701,Actually point point nu bidsi supper aagi helidiya supppppppppeeeerrrrrbbb,Non-Hate,Not_offensive
ext_01702,Film nodidmele ee song ge addict aadavaru like maadinYalllrigu thanks for 1000 likes,Non-Hate,Not_offensive
ext_01703,Sri filmna north Indiadali promotion jasthi jasthi Madi,Non-Hate,Not_offensive
ext_01704,@Nandi Parthasarathi ನಿಮ್ಮ ಅಕ್ಕುನ್,Hate,Offensive_Targeted_Insult_Individual
ext_01705,Waa madiddare hige madbeku pan indian film ge,Non-Hate,Not_offensive
ext_01706,Fittest will survive. Ashwath olle actor aadre maganu ange aagbeku andre aagutta? Dr rajakumar tara avr maklu aagalla avr yavattidru avre. So illi acchari pado avashyakate illa.,Non-Hate,Not_offensive
ext_01707,sp song jai D. Boss,Non-Hate,Not_offensive
ext_01708,Istu helidru innu tik tok ge support madoru manushyare alla nArta madkoli pls pls,Non-Hate,Not_offensive
ext_01709,@anup kulkarni T-Series,Non-Hate,Not_offensive
ext_01710,Super d boss fans like,Non-Hate,Not_offensive
ext_01711,Boss nivu Rashmi kinta jasthi belibeku,Non-Hate,Not_offensive
ext_01712,Kannada songs na dislike madbede,Non-Hate,Not_offensive
ext_01713,Super nataka Togari Tippa.,Non-Hate,Not_offensive
ext_01714,Idu kannadada chitra........,Non-Hate,Not_offensive
ext_01715,THEATRE NALLI HUDUKIDRU 28 Jana datutilla Krishna Bangalore nalli odeya ge,Non-Hate,Not_offensive
ext_01716,Na gentleman tiktok banu  super guru,Non-Hate,Not_offensive
ext_01717,Harisa ... SOOPER  annthamma.,Non-Hate,Not_offensive
ext_01718,Poorthi hadanna ACCHA KANNADALLI baridavarige abinandanegalu.....,Non-Hate,Not_offensive
ext_01719,Yarella e hadige edict agidira like Madi,Non-Hate,Not_offensive
ext_01720,Mastt AG helidna guru,Non-Hate,Not_offensive
ext_01721,Ok Bro.... Bt gurudeshpande avru tamilindane jasti movie na remake madtirodu..... Ok hego paapa nam prajwal ge ondu break sigli,Hate,Offensive_Targeted_Insult_Individual
ext_01722,Tiktok ban agirodrida tiktok madtidrala avr family avrig kushi agirute tumba deena ivr mada nodi sakagitu,Non-Hate,Not_offensive
ext_01723,Anna nivu comedy agi madila Andru yene madidru entertaining agi eruthe  keep rocking,Non-Hate,Not_offensive
ext_01724,Nammuralli bandidda nane One-up coffee bread kottu kalsde.....,Non-Hate,Not_offensive
ext_01725,Avra manelli yavagadru hoddu sayisudre gottagutte kittod nan maklige tik tok yak ban madbeku andorge saryagelidira bro,Hate,Offensive_Targeted_Insult_Group
ext_01726,n 0,Non-Hate,Not_offensive
ext_01727,Ayyo Vishal movie remake guru idu,Hate,Offensive_Targeted_Insult_Group
ext_01728,Good massage anna super,Non-Hate,Not_offensive
ext_01729,Asn film nodoru like maadi,Non-Hate,Not_offensive
ext_01730,Uttara pradeshada lakkinpura dalli shiva pooje madtidda,Non-Hate,Not_offensive
ext_01731,Patrada parichaya iroru...e bandukigide Hale hesaru....is he mentioning ULIDAVARU KANDNTE????,Non-Hate,Not_offensive
ext_01732,Guru super yage yeldhe,Non-Hate,Not_offensive
ext_01733,@Chennabasamma Uma Lagu nodri cholo ithi film,Non-Hate,Not_offensive
ext_01734,Nammaneg bandidda mare full party,Non-Hate,Not_offensive
ext_01735,Bahusha nanna jeevana kooda nimma dariyalle naditha ide sir hat's off sir nimma swabhimaanakke,Non-Hate,Not_offensive
ext_01736,Kannada padagala jodane adhbhutha,Non-Hate,Not_offensive
ext_01737,@Vishal Shetty BOSS na nodi urkobeku aste yenu nithkolake agalla,Hate,Offensive_Targeted_Insult_Individual
ext_01738,Telugu version upload madurri,Non-Hate,Not_offensive
ext_01739,Malayalam singer is good,Non-Hate,Not_offensive
ext_01740,@CHNADU Ganeshakar hlo ಹೇಳಪ್ಪ ಇದಿನಿ,Non-Hate,Not_offensive
ext_01741,Korlahalli tippa kavalur sidda. Anna tamma.,Non-Hate,Not_offensive
ext_01742,Rocking star Yash fans like here,Non-Hate,Not_offensive
ext_01743,Wow nice yavaglu keltane irbeku ansutte song,Non-Hate,Not_offensive
ext_01744,Super hero kannada in raksit,Non-Hate,Not_offensive
ext_01745,Annaya super troll,Non-Hate,Not_offensive
ext_01746,En song guru fidha agode....Idhu charithre srustiso avatharaaa... Signature step shuruhachkoli inna..,Non-Hate,Not_offensive
ext_01747,@kannadigaru S ninge nanu yenta helide maraya,Non-Hate,Not_offensive
ext_01748,@Alok Khr nobal price,Non-Hate,Not_offensive
ext_01749,Anna game yavdu,Non-Hate,Not_offensive
ext_01750,Bega release madi sir... Hindi and other languages alli MASALA films na nodtidare jana ( actually khaali hoditide  ). E film annu release madi,Non-Hate,Not_offensive
ext_01751,Trending ...... Video.....Asn,Non-Hate,Not_offensive
ext_01752,Swalpa Shankar nag no did a hage kanuthe,Non-Hate,Not_offensive
ext_01753,Kateya kone channagilla,Non-Hate,Not_offensive
ext_01754,@Ŕävîñđŕå_02_GøWđřú noh Ravindra Lowdre.... naanu space nalli idini.... hudukikond baroke rocket beku.... nin yogyate ge adella illa bidu🤣,Hate,Offensive_Targeted_Insult_Individual
ext_01755,video super bossu,Non-Hate,Not_offensive
ext_01756,Sakatag ede video brooo,Non-Hate,Not_offensive
ext_01757,@VARAPRASAD K K nin Amman thika nayi keyya dagaar darshan elladru neenu huttakintha munche nin appan munche koting kottidda ansutte soole magne nin amman dengaa,Hate,Offensive_Targeted_Insult_Individual
ext_01758,Avane sriman narayana...,Non-Hate,Not_offensive
ext_01759,DIA  u ಖುಷಿ,Non-Hate,Not_offensive
ext_01760,Bro instagram nalli vagul dengorige edetara aapidri bro,Hate,Offensive_Targeted_Insult_Group
ext_01761,@Royal Rumble onde ond sari kelde...nFirst time....ashtond ishta aglillanMatte matte kelta idre....nIshta agta ide.... #Slowpoison,Hate,Offensive_Targeted_Insult_Other
ext_01762,Prithvi swalpa  otte kadme maadkoli ...you look good as well you need it as an actor...,Hate,Offensive_Targeted_Insult_Individual
ext_01763,Kannada nadu only,Non-Hate,Not_offensive
ext_01764,Elru Thika muchkond iri nim build up galu nodok agtilla..producer gee enro kashta...??? Kashta irodhu Badavarigee..corona bandhu esht family sayta .idave..uta ildale esht himse agta idee avrige jeevna nadsoke maklige nettagee ondh otthu uta kodok agdale avrige help madi,Hate,Offensive_Targeted_Insult_Other
ext_01765,Hands up anno pada ide alva 🤔,Non-Hate,Not_offensive
ext_01766,Bosssuuuuu super innu ugibeku tiktok yak ban madbeku annorge,Non-Hate,Not_offensive
ext_01767,Prajakeeyada bagge videos madi please,Non-Hate,Not_offensive
ext_01768,Nija heludre heege,Hate,Offensive_Targeted_Insult_Individual
ext_01769,Bro starting baruttalla adu game name yaavdu plz heli bro plz,Non-Hate,Not_offensive
ext_01770,HOWDU bro nan nodidini TV yalli barthavne,Non-Hate,Not_offensive
ext_01771,Very good dr,Non-Hate,Not_offensive
ext_01772,Fresh making n new step in kannada industry,Non-Hate,Not_offensive
ext_01773,Guru ninge naanu Dodda fan,Non-Hate,Not_offensive
ext_01774,@Nikhil raj arya Nija kananna,Non-Hate,Not_offensive
ext_01775,@Nandi Parthasarathi ನಿನ್ ತುಲ್ಲಿಗೆ,Hate,Offensive_Targeted_Insult_Individual
ext_01776,@Creative Kannadiga eno ond bid guru..nin maat keltirode chandaa....Aden matadtiya brochindi bro keep roasting,Non-Hate,Not_offensive
ext_01777,Enta song guru idu super,Non-Hate,Not_offensive
ext_01778,Mathondu video edre haki,Non-Hate,Not_offensive
ext_01779,One week salala .reach abeku ivag ela fast ide .nyc movie nodbeku etara agbhardu .node nodthare jana nodo tym ivag irbeku .etara agbhardu,Hate,Offensive_Targeted_Insult_Other
ext_01780,Adhunika Shankar nag,Non-Hate,Not_offensive
ext_01781,Syck bro ....heavy agi roast madtira...adrunu tiktokers tik kik app  nali saitare....,Hate,Offensive_Targeted_Insult_Group
ext_01782,@vyv v hu kanappa gottu. Yash boss bitre yella avare copy paste gale remake stars,Non-Hate,Not_offensive
ext_01783,Chillere rajakarana dailoge super,Hate,Offensive_Targeted_Insult_Individual
ext_01784,super.nTogari Tippa Comody,Non-Hate,Not_offensive
ext_01785,Taro sule Makalu who is dis like gandugalu super vedios,Hate,Offensive_Targeted_Insult_Group
ext_01786,king k  yav reeti badavru..?? Jati lekkana or powerty ??,Hate,Offensive_Targeted_Insult_Individual
ext_01787,Nin tula malanaleya asvat nama avru yar kanigu kanskalake esta padala akaamat kandru noddavru ale satogtare antadrali avne band docter baklu badudnante nin avunmakanleua hogi nin anta gandu galge hog helu kate na,Hate,Offensive_Targeted_Insult_Individual
ext_01788,Dia name meaning yenu,Non-Hate,Not_offensive
ext_01789,Lovely guru super,Non-Hate,Not_offensive
ext_01790,@Reginald Kelly hinge matad tidre adne madtini...,Hate,Offensive_Targeted_Insult_Individual
ext_01791,Avnige ella language matadoke barutta,Non-Hate,Not_offensive
ext_01792,Same syndrome namma maji cm gi itta??,Non-Hate,Not_offensive
ext_01793,According to my kannada hitttttttttttt song,Non-Hate,Not_offensive
ext_01794,Nanu 14 sala nodidha movie idhu,Non-Hate,Not_offensive
ext_01795,Sai Kumar diolauge anthu benki bro,Non-Hate,Not_offensive
ext_01796,Nice song i like,Non-Hate,Not_offensive
ext_01797,Idu idu.. (1.56)actually bekagiddu..osm music,Non-Hate,Not_offensive
ext_01798,Nijavaaglu adbhutha film plz encourage Kannada movie,Non-Hate,Not_offensive
ext_01799,@nkn havali neenu urkondirodakke replay madiyalla,Hate,Offensive_Targeted_Insult_Individual
ext_01800,Guru chaines apps yavyavu antha ondhu list kodi avna nam mobile ali instal madala,Hate,Offensive_Targeted_Insult_Other
ext_01801,Supper i love my kannada ...,Non-Hate,Not_offensive
ext_01802,Telegram olag ella sigtirbekadre jana yak theotor ge hogtar heli.. Actully edu big mistek,Hate,Offensive_Targeted_Insult_Group
ext_01803,Priswi Perera changide guru,Non-Hate,Not_offensive
ext_01804,Marketing swalpa bekittu ansutte,Hate,Offensive_Targeted_Insult_Other
ext_01805,@10 R hu bro name halmodakke,Hate,Offensive_Targeted_Insult_Individual
ext_01806,Nikistark x promotion chennagi idrunu bere language ge jaathi priority kodtare....nam state li kannada movie ge support madalla distributors..,Hate,Offensive_Targeted_Insult_Other
ext_01807,100 days pakka annoru like madi,Non-Hate,Not_offensive
ext_01808,Yaru tension agbede yakandre dislike madiravru mindrika kadeyavru🤣,Hate,Offensive_Targeted_Insult_Group
ext_01809,Bari ante kante Gale agoytu. Enadru solid proof torsri avar edare annoke.,Hate,Offensive_Targeted_Insult_Group
ext_01810,Super nimdu thuppu ella correct agi helidira,Non-Hate,Not_offensive
ext_01811,Super bro huge video madu Anna,Non-Hate,Not_offensive
ext_01812,Olledu ond pan India movie madro sumne yak eneno madkondu...,Hate,Offensive_Targeted_Insult_Group
ext_01813,Super  maga,Non-Hate,Not_offensive
ext_01814,Togari thipan hasya chataki supar,Non-Hate,Not_offensive
ext_01815,6-5=2 nalli nijvadh video antha posteralli nodide but movie nodida mele gotthaythu adu sulu antha,Hate,Offensive_Targeted_Insult_Group
ext_01816,SUPERB SONG .........,Non-Hate,Not_offensive
ext_01817,Anna suprrrrrr sir,Non-Hate,Not_offensive
ext_01818,@Pandiya Shri idre contact madi,Non-Hate,Not_offensive
ext_01819,Jai Hind  jai Karnatakan               AndnSuper song bro,Non-Hate,Not_offensive
ext_01820,Ee Tara hosa prayatna namge,Non-Hate,Not_offensive
ext_01821,Idu charitre srustisuva avataranME,Non-Hate,Not_offensive
ext_01822,Love u boss,Non-Hate,Not_offensive
ext_01823,Paramvah Music Hindi?,Non-Hate,Not_offensive
ext_01824,Full havli idona bidi bro kannadigaru navinnu idivavala,Non-Hate,Not_offensive
ext_01825,E movie name  enu  paka  hitttt e a,Non-Hate,Not_offensive
ext_01826,ಬೆಂಕಿಗೇ ಇನೊಂದು ಅರ್ಥ RAKSHIT ಶೆಟ್ಟಿ..simple star alla fire star,Non-Hate,Not_offensive
ext_01827,I am kiccha fans super song,Non-Hate,Not_offensive
ext_01828,Super brother nev heledu estondu visaya ede anta gotedella super nem fan bro nan,Non-Hate,Not_offensive
ext_01829,Yak sir interview ge yav studios irlilva or  e movie gella yake antha a jagadalli kursidira,Hate,Offensive_Targeted_Insult_Individual
ext_01830,Anna nim ella videos nodide....ella video super....innu chennagi videos maadtha iri...Sonu srinivas gowda mobile touch maadoku bhaya padabek aa tara maadi,Hate,Offensive_Targeted_Insult_Individual
ext_01831,baari ugadiddira bro .......full support nimage,Non-Hate,Not_offensive
ext_01832,Bro niv sarige helidri,Non-Hate,Not_offensive
ext_01833,IAS IPS madirorigintha politicians  ge value jasti iro namma vishala manassina Indians badlagovargu nnam desha beliyodu kasta ide,Non-Hate,Not_offensive
ext_01834,Super VP sir,Non-Hate,Not_offensive
ext_01835,This real jai krishna krishna,Non-Hate,Not_offensive
ext_01836,Super guru nin voice,Non-Hate,Not_offensive
ext_01837,Super super super super song,Non-Hate,Not_offensive
ext_01838,Kannadada saaalugalu sakkatagiddave all the best natayana...,Non-Hate,Not_offensive
ext_01839,Amazing  song gudluk to alla team ..super vp sir,Non-Hate,Not_offensive
ext_01840,@naveen v  looo bolimagane thikaana muchkondu idre sari nim ammun thullu nin yaavano mathadsidhu nim avan vishya bandna neenu naan bagge matra madthadbeku,Hate,Offensive_Targeted_Insult_Individual
ext_01841,Edu charitre srushtisuva avataara🤨,Non-Hate,Not_offensive
ext_01842,Sakathagi ide mare,Non-Hate,Not_offensive
ext_01843,Nataka Chennagi Edge,Non-Hate,Not_offensive
ext_01844,Yella characters supermatte re release madi,Non-Hate,Not_offensive
ext_01845,Short film EDITING ಮಾಡುವುದು ಹೇಗೆ ಲಿಂಕ್nn,Non-Hate,Not_offensive
ext_01846,Avatttu tiger dancenIvattu handsup step,Non-Hate,Not_offensive
ext_01847,Nin dialog super guru chindi guru,Non-Hate,Not_offensive
ext_01848,Guru super video  Tq guru,Non-Hate,Not_offensive
ext_01849,Bazaar annodu kannada padana guru?,Non-Hate,Not_offensive
ext_01850,Houdu nNam janakke buddi illa,Non-Hate,Not_offensive
ext_01851,Super navu chikvara idaga kelta idavi super childhood memories,Non-Hate,Not_offensive
ext_01852,NKN tiktok ban agbeku aste,Non-Hate,Not_offensive
ext_01853,Thumba chenagi ede,Non-Hate,Not_offensive
ext_01854,Huchha venkat sene innu jeevantha ide...bhaya padbeda sir,Non-Hate,Not_offensive
ext_01855,@sumya kulkarni ನೀವು ಬ್ರಾಹ್ಮಣರಾಗಿ intercast marriage agoke dairya idena ? Never.,Non-Hate,Not_offensive
ext_01856,Awesome song,Non-Hate,Not_offensive
ext_01857,Pubg kooda ban agbeku guru..,Hate,Offensive_Targeted_Insult_Other
ext_01858,Those 850 dislikes are Frome rashmika mandanna fans,Hate,Offensive_Targeted_Insult_Group
ext_01859,Namganthu tik tok ban aagiddu tumba kushi,Non-Hate,Not_offensive
ext_01860,Nimdu bari ide aagoythu telegu avaru copy maadudre tm movie nodthira Kannada davru own aagi maadudru kyathe thegithira,Hate,Offensive_Targeted_Insult_Other
ext_01861,En guru song idu awesome steps are just amazing,Non-Hate,Not_offensive
ext_01862,@Shreenivas K wrang misteek maadtidya.... kurkure shetra aytha?,Non-Hate,Not_offensive
ext_01863,Super  song. Like  is sing,Non-Hate,Not_offensive
ext_01864,Dia 2 madi plz,Non-Hate,Not_offensive
ext_01865,Sir madam ninmna once aldru meet mada beku,Non-Hate,Not_offensive
ext_01866,Tuu avr sentiment na touch madi kaan neer haksi adana cover photo madi view tagotira,Hate,Offensive_Targeted_Insult_Other
ext_01867,Pakka guru same feelingu,Non-Hate,Not_offensive
ext_01868,E cinema na kandita theatre alli ne nodteni,Non-Hate,Not_offensive
ext_01869,Dagar binduna modlu china ge kalsrappa,Non-Hate,Not_offensive
ext_01870,Evergreen song listalli idhu yavglu iratthe doudte illa....,Non-Hate,Not_offensive
ext_01871,Macha neen badukbeka ???,Hate,Offensive_Targeted_Insult_Individual
ext_01872,Olle concept guru.. kannadadalli intha cinema barabeku,Hate,Offensive_Targeted_Insult_Group
ext_01873,Thriller Movie Andre ee Tara Irbeku,Non-Hate,Not_offensive
ext_01874,Super music ettidira e songalli.yast sala e song kelidru bejar aagolla tumba channagide.,Non-Hate,Not_offensive
ext_01875,Namma kannada chitrarangakke jai ........ Yaarige kannada bagge hemme idiyo like maadi,Non-Hate,Not_offensive
ext_01876,Sholay makalu China,Hate,Offensive_Targeted_Insult_Other
ext_01877,Manu baligar avaru gadag jille shirahatti taluk Shigli gramadavaru. Nanu ade gramadavanu.,Non-Hate,Not_offensive
ext_01878,adeno gottilla tumba ista ayta nimage???,Non-Hate,Not_offensive
ext_01879,Super Anna. Neev helid Matu 100% nija. Onedu Matalu oned artayide.,Non-Hate,Not_offensive
ext_01880,Year ge ondu film bandru Chenagide super sir,Non-Hate,Not_offensive
ext_01881,Shashanka AS  ok,Non-Hate,Not_offensive
ext_01882,Adre niv suprb bro,Non-Hate,Not_offensive
ext_01883,Status nalli feelings haakondu,Non-Hate,Not_offensive
ext_01884,@BLACK HEART guru modlu avr heeliddu artha madko,Hate,Offensive_Targeted_Insult_Individual
ext_01885,100%avre dislike madirodu....,Non-Hate,Not_offensive
ext_01886,Bhal Varshada nantra keli tumba khushiyatu..,Non-Hate,Not_offensive
ext_01887,Neev super marree...,Non-Hate,Not_offensive
ext_01888,Super bro tik tok tik tok antha sayo bekuf nanmaklge sariyagi samadana helidira bro,Hate,Offensive_Targeted_Insult_Group
ext_01889,Kannada na ond range ge tagond hogide rakshit ravara e film opkoloru like here,Non-Hate,Not_offensive
ext_01890,​​​​​ ​​ ​​​​​​nnKeli kadiruva bandhavarenBhuviyalli avana aritavarenYarilla bidi,Non-Hate,Not_offensive
ext_01891,Gud pair Praju & Nishvika..,Non-Hate,Not_offensive
ext_01892,Nanu tik tok use madutha ela bro .jai Indian army,Non-Hate,Not_offensive
ext_01893,Pogaru karaabu song 383k like now,Hate,Offensive_Targeted_Insult_Other
ext_01894,Tiktok ....byan agiddu olledu aythu anna,Non-Hate,Not_offensive
ext_01895,Ashwathama ge korona bandru bandirabahudu...!,Hate,Offensive_Targeted_Insult_Individual
ext_01896,Pakka.bro ..100% nija,Non-Hate,Not_offensive
ext_01897,Unlikers Ella chinos appang huttid sulemaklu irbek,Hate,Offensive_Targeted_Insult_Group
ext_01898,@Troll Stupid Fans dagar yaru nin Amma na,Hate,Offensive_Targeted_Insult_Individual
ext_01899,Superrrr I like it,Non-Hate,Not_offensive
ext_01900,Music sup company,Non-Hate,Not_offensive
ext_01901,Nice song galli mathina bajaru suddi saridhe sumaru charitre shrustiso avathara,Non-Hate,Not_offensive
ext_01902,Supr bro aadhh yen kannadaa aaadhh yen punch waaaaa supr bro,Non-Hate,Not_offensive
ext_01903,Sathya na guru??,Non-Hate,Not_offensive
ext_01904,Kabja kannada samrajya nucchu noor madtade,Hate,Offensive_Targeted_Insult_Group
ext_01905,Bindu nu china breed may be,Hate,Offensive_Targeted_Insult_Individual
ext_01906,Rock song rs boss,Non-Hate,Not_offensive
ext_01907,@VARAPRASAD K K shaata dagaar Savi Savi nenapu dagaar soole darshan though DeepunAA mudya choolbart kittod mukhakke thank thumba hair wigngaddakku shaata kittu anskondidaane choolbart.  avnige mettina haarane kodbeku🤣🤣,Hate,Offensive_Targeted_Insult_Individual
ext_01908,bindhu lowda na enu rost madu guru,Hate,Offensive_Targeted_Insult_Individual
ext_01909,Chindi broiiii e munde maklige naman desha bakthi kammi sayor yelo saythare e bevrcgalige tiktok mukya anthe,Hate,Offensive_Targeted_Insult_Other
ext_01910,Jivanakke ondu holle adaara e togari tippana Kate always Anna nanu kuda Sumatra baari kelta idde youtob nali nodi rumba santosha ayhatu anna,Non-Hate,Not_offensive
ext_01911,Movie is ossum,Non-Hate,Not_offensive
ext_01912,@AJITH S SHETTY appreciate maadiddu gottagudilva marayya ninge🤦,Hate,Offensive_Targeted_Insult_Individual
ext_01913,Kannadadha hesaralli and film ge devara hesaru Etti duddu maadodhu Kannada industry endha kalibdku. Kannada industry Alle athyantha ketta film Andre adhu edhe film.bt theatre alli malkoloke olle film,Hate,Offensive_Targeted_Insult_Group
ext_01914,Hi friends nanna atira ondu kate ide adanna short movie maadbeku antha ase adre adu agtailla please saport maadi 7875182258 idu nanna no,Non-Hate,Not_offensive
ext_01915,rashmika tunnanna nge max 5 years tym bt shetty ge innu 20 ys tym ide RAKSHITH SHETTY belibeku annoru movie nodi .....,Hate,Offensive_Targeted_Insult_Individual
ext_01916,@Ajaya shetty sari bidi,Non-Hate,Not_offensive
ext_01917,@Scorpion Studios  nನಮಸ್ಕಾರ 🤣🤣,Non-Hate,Not_offensive
ext_01918,@Praveen Kumar jaathi naayi banthu helu,Hate,Offensive_Targeted_Insult_Individual
ext_01919,ultimate movie.love thiz,Non-Hate,Not_offensive
ext_01920,bal Chand aytri... Estu sala kelidru mat mat kelbeku..,Non-Hate,Not_offensive
ext_01921,40 varsha ende keliddu story evaga shanthosha aagta ede,Non-Hate,Not_offensive
ext_01922,Super movi nanu nodidini,Non-Hate,Not_offensive
ext_01923,Sir nimma voice nalli power ede,Non-Hate,Not_offensive
ext_01924,Last scene nice guru,Non-Hate,Not_offensive
ext_01925,Yen dialog hoditiya guru super,Non-Hate,Not_offensive
ext_01926,@Nandi Parthasarathi ಹಲ್ಕಟ್ ಬೋಸುಡಿ,Hate,Offensive_Targeted_Insult_Individual
ext_01927,I love you,Non-Hate,Not_offensive
ext_01928,Bokka d boss ke. D boss andre druva boss onde.,Non-Hate,Not_offensive
ext_01929,Sir pakka news edhu prradhana manthrri  modhe noddbeku ashtty sir...,Non-Hate,Not_offensive
ext_01930,Avane nam huduga.,Non-Hate,Not_offensive
ext_01931,Nice infromation   brother ... n   But.   Ella problems. Bagge matdiri solution en madbeku ..anta helivalaa brother ..      ..   ivelladakku solution Andre ..(MONEY (NAMMA TAX AMOUNT )=GOVT ).  Alva n  nSimple agi helbeku Andre ..main problem   politics anta ella gottu .... AdKke solution ..????????     Nive helida haage.   ##  Revolution. ##n  Aa REVOLUTION (#prajaakeeya )ivg strt agide ..nivu adakke kai jodisbeku Alva ... Idu correct,Non-Hate,Not_offensive
ext_01932,idu beku guru china soole maklige innu kodu guru superrrr  guru,Hate,Offensive_Targeted_Insult_Other
ext_01933,What a Song. #avanesrimannarayana,Non-Hate,Not_offensive
ext_01934,Nkn en mathgalu guru nindhu ABBA tiktok li thirke shoki madorige Chapli thagond barsidhange super guru,Hate,Offensive_Targeted_Insult_Group
ext_01935,Madhu Ranju nAvane Srimannarayana Trailer-BGM n          Re-Createdn,Non-Hate,Not_offensive
ext_01936,sakath dance performance,Non-Hate,Not_offensive
ext_01937,@Bharathraj T B irli bido... Ningen helilvalla,Non-Hate,Not_offensive
ext_01938,Nim song antu super 🤝,Non-Hate,Not_offensive
ext_01939,Sasthanga namaskaar guru nale,Non-Hate,Not_offensive
ext_01940,Ondu varshakke 3 movie tegyodu dod'dalla mattu adralli ondu movie li hit kottu innerdu movie li flop adavara  jothe hudugi hodi hogodalla... 3 varshakke ondu super hit kottu avra personality ge dakke tarde hodre adunne success antha helboudu.... That is Rakshit Shetty.... Love u bro... Olle time ittu ansutte innu olle hudugi sigli nimge.... Haagodella holledakkenIndirect yake helodu direct agi Rashmika ge heliddu idu...🤷‍,Hate,Offensive_Targeted_Insult_Individual
ext_01941,Lo troll madtadyalla nin us mado mobile ysvdo,Hate,Offensive_Targeted_Insult_Individual
ext_01942,Dislikers r fucking da baas fans,Hate,Offensive_Targeted_Insult_Group
ext_01943,Idu charitre srushtiso cinemanee...,Non-Hate,Not_offensive
ext_01944,Superb bro nivu,Non-Hate,Not_offensive
ext_01945,Hidden details in trailer of Avane Srimanarayana ....n,Non-Hate,Not_offensive
ext_01946,Idu idu bekittu actually.....jai rk boss,Non-Hate,Not_offensive
ext_01947,Creatagi ethu bro,Non-Hate,Not_offensive
ext_01948,nivu helidu sari nanu follow madthini🤗,Non-Hate,Not_offensive
ext_01949,Re release maadi matthe gellutthe.,Non-Hate,Not_offensive
ext_01950,entha song gu dislike madidare ala broo,Hate,Offensive_Targeted_Insult_Group
ext_01951,@Raj Kannadiga idhu idhu namma    Nijavaada kannadigana  maathu,Non-Hate,Not_offensive
ext_01952,Vijapura distica sindagiya tetaranalli e song cut madiddare yaradaru vicharisabekagi vinanti,Non-Hate,Not_offensive
ext_01953,37 M,Non-Hate,Not_offensive
ext_01954,Superr bhaii songs,Non-Hate,Not_offensive
ext_01955,Matte release made pakka reseve madkolthare navu hoge nodthive please,Non-Hate,Not_offensive
ext_01956,looks promising,Non-Hate,Not_offensive
ext_01957,ಜೈ ಕರ್ನಾಟಕ. ಜೈ rakshith shetty.,Non-Hate,Not_offensive
ext_01958,Super song rakshit sir ASN,Non-Hate,Not_offensive
ext_01959,Hahaha sisya yavano nin mobile hegrisidane antha kansutte hahahaha...,Non-Hate,Not_offensive
ext_01960,@prithvi nayak nindu ade sudeep sir da caste alva,Non-Hate,Not_offensive
ext_01961,Amazing very nice prajwal life ge ondu hosa tiruvu koduvantaha cinima idu,Non-Hate,Not_offensive
ext_01962,Mungaru male and dia,Non-Hate,Not_offensive
ext_01963,Aa hudgi bandaga iro music nice,Non-Hate,Not_offensive
ext_01964,Ee song Virat Kohli & Modi ji ge perfect match akkati🥰n#ASN Rakshit anna,Non-Hate,Not_offensive
ext_01965,idu charitre srustiso avathara..,Non-Hate,Not_offensive
ext_01966,Super sir..nanantu adella dwnld kuda madirlilla...420china,Hate,Offensive_Targeted_Insult_Group
ext_01967,420 nan maga krishana,Hate,Offensive_Targeted_Insult_Individual
ext_01968,sir deshadali shikshana jotege kwoshliya nu kalisabeku selp udyogada samartya barbeku nnrajakiya vektigalu adikara and hanke ase belde deshavanu munnadasabeku employment ge jobs sigo rieti nodka beku,Non-Hate,Not_offensive
ext_01969,Inta Best Movie na Theatre nalli nodakaglilla ade bejaru,Non-Hate,Not_offensive
ext_01970,Kannda Alli Enta Movie Barbeku Sandalwood Rock,Non-Hate,Not_offensive
ext_01971,KGF 2   commentnASN      Like,Non-Hate,Not_offensive
ext_01972,Gali Matin Bazaru Sudi Saride Sumaru... Adu yen Andre...!nIDU CHARITRE SRUSTISO AVATARnVijay Prakash voice nice.,Non-Hate,Not_offensive
ext_01973,@King of King tika muchkond hogo gandu,Hate,Offensive_Targeted_Insult_Individual
ext_01974,Reamke king  d boss,Non-Hate,Not_offensive
ext_01975,Huccha Venkat dialogue,Hate,Offensive_Targeted_Insult_Individual
ext_01976,E song super and handsome step super annowru like madi,Non-Hate,Not_offensive
ext_01977,Super Bindu ge Takkar kottidira bro,Non-Hate,Not_offensive
ext_01978,@prithvi nayak nin Amman thullu sulemagne gaandu,Hate,Offensive_Targeted_Insult_Individual
ext_01979,Next part madi,Non-Hate,Not_offensive
ext_01980,God blees you sir hanumantana krupe nima melirali,Non-Hate,Not_offensive
ext_01981,2019 utter flop in sandlewood,Hate,Offensive_Targeted_Insult_Group
ext_01982,Super song Andre edu,Non-Hate,Not_offensive
ext_01983,@Nandi Parthasarathi nimmvga nimmkga ittini illi ninuge 50%off ba,Hate,Offensive_Targeted_Insult_Individual
ext_01984,1.7k dislikes rashmika fans,Hate,Offensive_Targeted_Insult_Group
ext_01985,Chennagi ede song super,Non-Hate,Not_offensive
ext_01986,superrr shettrrre,Non-Hate,Not_offensive
ext_01987,Naanu kooda join aagthini,Non-Hate,Not_offensive
ext_01988,Puneet ge  power star sari shivannange hyatrik sari,Non-Hate,Not_offensive
ext_01989,@Thippesh S sikkilla bro,Hate,Offensive_Targeted_Insult_Individual
ext_01990,Sir albede life enjoy madbedi Mahabharata odi,Non-Hate,Not_offensive
ext_01991,Enna e sulegalege troll madu guru,Hate,Offensive_Targeted_Insult_Group
ext_01992,sir yarige yaru agolla appa amma Na biture Sir olle mathugallu,Non-Hate,Not_offensive
ext_01993,Anna super song...,Non-Hate,Not_offensive
ext_01994,Game name heli,Non-Hate,Not_offensive
ext_01995,Vijay prakash voice fantastic sakkatagi ide song maatra...D boss Fan's like haer,Non-Hate,Not_offensive
ext_01996,Sir solla video time kadime madi,Non-Hate,Not_offensive
ext_01997,@DACCHU D BOSS ennu release aagila bro.,Non-Hate,Not_offensive
ext_01998,Thika urkondu dislike madbittidira already..nSuper song   #ASN .nNam Shettru steps anthu 🤩,Hate,Offensive_Targeted_Insult_Group
ext_01999,ASN theme music jaldi realise madi,Non-Hate,Not_offensive
ext_02000,Nisha preety avalna avlu dodda buddivanthe deshada Asti avlu eval video Ella Andre Jana sathogtare antha avalge fallowers bekanthe instadalli thu kachadagalu taleli 3 kasina buddi Elladavella yak saytidave,Hate,Offensive_Targeted_Insult_Group
ext_02001,Yavdu nodtidira adar bagge aste Madi adu bittu avara fan ivara fan ninda all the best anta bogalbedi,Hate,Offensive_Targeted_Insult_Group
ext_02002,Super Kati sir keli bala Varsha agittu namaskar shambhu sir,Non-Hate,Not_offensive
ext_02003,Ningappa  s  malekoppa,Non-Hate,Not_offensive
ext_02004,@Machi MediaSuper Sir. Nimagu Haagu Namma Sir gu Dussehra Habbada Shubhashayagalu,Non-Hate,Not_offensive
ext_02005,Dislike madidoru rashmika mandanna fans irbodu,Hate,Offensive_Targeted_Insult_Group
ext_02006,Best.    Song,Non-Hate,Not_offensive
ext_02007,Mumbai alli release madi,Non-Hate,Not_offensive
ext_02008,Suppr movie 100% days paka,Non-Hate,Not_offensive
ext_02009,May be after hamsaleka,Non-Hate,Not_offensive
ext_02010,@vinay vinu kanditha bro shigradalli,Non-Hate,Not_offensive
ext_02011,Super agi roast madidiya guru.,Non-Hate,Not_offensive
ext_02012,love mocktel kuda super ide,Non-Hate,Not_offensive
ext_02013,Nija vada mathu,Non-Hate,Not_offensive
ext_02014,Super bro ujji innu ujji,Non-Hate,Not_offensive
ext_02015,@Vijay Prasad yen yogyathey. Chappar. 3000 gintha hechchu cinema nodidheeni naanu. Nann abipraya kotrey yeno boli magane muddhey thinna louda. nThooo!!,Hate,Offensive_Targeted_Insult_Individual
ext_02016,En kathe kattutiya guru🤣🤣🤣🤣..... . Proof kodu sullu kathe katbeda,Hate,Offensive_Targeted_Insult_Individual
ext_02017,@Nandi Parthasarathi chakka ansuthe ninu . gaandu soolemagne,Hate,Offensive_Targeted_Insult_Individual
ext_02018,Nijvaglu e song kelthidre kushyaguthe,Non-Hate,Not_offensive
ext_02019,Story e movie plus point,Non-Hate,Not_offensive
ext_02020,Signature steps thumba channagide sir .,Non-Hate,Not_offensive
ext_02021,ಉಪೇಂದ್ರ avra Thara ide direction,Non-Hate,Not_offensive
ext_02022,Thumba chennagide agbeku nan maklge,Non-Hate,Not_offensive
ext_02023,@VINOD KALMANI nhu neen iro jagane helu.... naane bandu hoditini.... illa tumkur main road bustop ge bandu partha yaaru antha kelu,Hate,Offensive_Targeted_Insult_Individual
ext_02024,Fast ban madro tiktok na agtila nodake evrgal atana,Non-Hate,Not_offensive
ext_02025,We support definitely to this film to increase the value of our  sandalwood * the power of kannada movie*  ( ಇದನ್ನು ಇಂಗ್ಲಿಷ್ ನಲ್ಲಿ ಬರ್ದಿರೋದು ಬೇರೆಯವರಿಗೂ ತಿಳಿಯಲಿ ಎಂದು ಒಳ್ಳೆಯ ಸಿನಿಮಾಗಳಿಗೆ ಸಪೋರ್ಟ್ ಮಾಡೋಣ),Non-Hate,Not_offensive
ext_02026,Ondu varshakke 1or2 film madodkintha entha ondu olle film madidre kannada industry ellige ogutthe,Hate,Offensive_Targeted_Insult_Other
ext_02027,Shambu baligar avara maathaduva shaili super,Non-Hate,Not_offensive
ext_02028,Modalella yellogidde ninu,Non-Hate,Not_offensive
ext_02029,Ameer Humza beldhaythu bro 🥰,Non-Hate,Not_offensive
ext_02030,Movie super agidhe,Non-Hate,Not_offensive
ext_02031,Appu fans yellaru nimma movie nodthivi,Non-Hate,Not_offensive
ext_02032,AWESOME nBRO SEND ME LINK OF PART -2 nEXITED TO LISTEN PART 2,Non-Hate,Not_offensive
ext_02033,tuogeri tippa super,Non-Hate,Not_offensive
ext_02034,Tik tok badebagan   tiktok henda  maklu  uta hodala,Non-Hate,Not_offensive
ext_02035,Castisam hogbeku jati tegibeku racisam tegibeku hindu dhrama vaggudbeku desh mund hoguthe.,Non-Hate,Not_offensive
ext_02036,@Rajashekar Khandare Houdu sir ashwathamanige chiranjivi vara ide adakke avanige sri krishna aatara shrapa kottiddu ashwatama shivana innondu rudra avtara,Non-Hate,Not_offensive
ext_02037,Friends un like Madirooru mostly daggr fanz erbeku alaava,Hate,Offensive_Targeted_Insult_Group
ext_02038,Super sir Song,Non-Hate,Not_offensive
ext_02039,China govt super fast agi land,Non-Hate,Not_offensive
ext_02040,7 jana chiranjeevigalalli avanu obba.,Non-Hate,Not_offensive
ext_02041,Shri Krishna na mahe badhu galee.,Non-Hate,Not_offensive
ext_02042,Superb song BGM super,Non-Hate,Not_offensive
ext_02043,super duper hit,Non-Hate,Not_offensive
ext_02044,TikTok nan shata shata,Hate,Offensive_Targeted_Insult_Other
ext_02045,Louda cinema director pyscho channagiro cinema ending allii haal mad da,Hate,Offensive_Targeted_Insult_Individual
ext_02046,Film koda e hadin Tara slow poison,Non-Hate,Not_offensive
ext_02047,@Navya Shree lo gaandu nan magne nam boss fans yavattu support madtare kano gubaald sule magane,Hate,Offensive_Targeted_Insult_Individual
ext_02048,D'Boss fan kade inda full support bro....,Non-Hate,Not_offensive
ext_02049,@kannadigaru S,Non-Hate,Not_offensive
ext_02050,Ashvathama nali bandu nimagu meet agtare nivo wait maadi,Non-Hate,Not_offensive
ext_02051,Super pa annaji full maja aitu,Non-Hate,Not_offensive
ext_02052,Nev hing madodhakene... nav udhara agthilla....,Hate,Offensive_Targeted_Insult_Individual
ext_02053,@TROLL MONSTER_KANNADA bari nim amma matra kodadu yakadre nim amma hutt dagar adikke nin na hetirodh,Hate,Offensive_Targeted_Insult_Individual
ext_02054,Kodona bro adukkenu,Hate,Offensive_Targeted_Insult_Individual
ext_02055,Guru mast agi helidira,Non-Hate,Not_offensive
ext_02056,@Its Paramatma sumne irappa loss agoke avar en bikari Ella...neev olle Thukali Build up kodta idira sumne,Hate,Offensive_Targeted_Insult_Individual
ext_02057,Very good song,Non-Hate,Not_offensive
ext_02058,Janapada in North karnatak,Non-Hate,Not_offensive
ext_02059,Gentlemen full movie linkn,Hate,Offensive_Targeted_Insult_Group
ext_02060,Description alli insta link akiddini nodi guruve,Non-Hate,Not_offensive
ext_02061,Slow poison song annoru like madi,Non-Hate,Not_offensive
ext_02062,Hindi Song release madilavaa,Non-Hate,Not_offensive
ext_02063,Somegowda Somanna Thank you,Non-Hate,Not_offensive
ext_02064,S bro Niv helid nija,Non-Hate,Not_offensive
ext_02065,Dabba movie Soo sad,Hate,Offensive_Targeted_Insult_Other
ext_02066,@Nandi Parthasarathi le nayi ninu slumu navalla nana one day madu kharchu ninu ondu varakke madtiya hagnta nange yava chatnu illa,Hate,Offensive_Targeted_Insult_Individual
ext_02067,Lo hucch baddimagne,Hate,Offensive_Targeted_Insult_Individual
ext_02068,Super ri boos,Non-Hate,Not_offensive
ext_02069,@nageshwar nagu mungaru male khaali odtirlilla 50℅ prekshakaru bartidru 3rd week nantra 100℅ adru,Non-Hate,Not_offensive
ext_02070,18min agidde gottaglilla,Non-Hate,Not_offensive
ext_02071,Elli vabba mhana kalavidan maga annodu menation agutte yakendre cinirangakke avarakoduge tunbaede yavadadaru poshaka pataragalanna kodabahudu aste,Non-Hate,Not_offensive
ext_02072,Bro good news tiktok ban bega thika hursi sonu s Gowda nagaysha bin** Gowda ge,Hate,Offensive_Targeted_Insult_Individual
ext_02073,Idu charitre srushtiso avatara e line kelidmele tak anta nenpagodu vijay prakash sir annovru like madi,Non-Hate,Not_offensive
ext_02074,Jai hind Jai Indian army,Non-Hate,Not_offensive
ext_02075,Super super super mahithi,Non-Hate,Not_offensive
ext_02076,Only d boss ok jai Kannada all movies hmmm kotigobba bittu hehehe,Hate,Offensive_Targeted_Insult_Group
ext_02077,Kichha Fan's kade enda chithra sathadina nadiyali yendu haraisuttene,Non-Hate,Not_offensive
ext_02078,Bari telgu tamil movie nodthira ee thara movie nodi,Hate,Offensive_Targeted_Insult_Group
ext_02079,Super bro nSakattag helidri,Non-Hate,Not_offensive
ext_02080,Proper promotion maadila sir,Hate,Offensive_Targeted_Insult_Individual
ext_02081,javari tippa superb ri,Non-Hate,Not_offensive
ext_02082,Tick tock Matti pub g arorna dayvittu India border of India...lAC ge kalisikodi,Non-Hate,Not_offensive
ext_02083,@Lakshmi Shetty wt,Non-Hate,Not_offensive
ext_02084,Jaa Dhinchak Pooja ki songs dekh Bollywoodiya,Hate,Offensive_Targeted_Insult_Other
ext_02085,Super bro.........yen roast madtiya bro ....,Non-Hate,Not_offensive
ext_02086,Super songs in Kannada indastry,Non-Hate,Not_offensive
ext_02087,sir modalu nam deshadali shikshana krati ag beku and nrashta chara nilbeku,Non-Hate,Not_offensive
ext_02088,Maneli appa amma na chennagi nodkondilla andru tirke shoki beku ivarigella bro,Hate,Offensive_Targeted_Insult_Group
ext_02089,Ena kachadagolo nivu istella adru tik tok bidalla antirallo nivella nam indea davara tu nima janmakke.,Hate,Offensive_Targeted_Insult_Other
ext_02090,Rashmika mandannage madadang aytu,Non-Hate,Not_offensive
ext_02091,naanu ollevarige mathra olle comments madtini sir ......ninnanta olle vektige ollede agutte sir shankar sir nimmanta seniors namage inspiration sir !!!! haage kuda anchor kuda super neevu kuda naanu mecchida anchor neevu,Non-Hate,Not_offensive
ext_02092,Tumba kushi aythu e video nodi..devru nimmanna chennage edli sir..,Non-Hate,Not_offensive
ext_02093,Yellar gamnaanu HANDS UP Hatra ne ide. haage gamna ittu nodi.,Non-Hate,Not_offensive
ext_02094,@Ambrish Mallad luccha fans nimma luccha suderpdu movie nodo Ella flop agtive side actor get fit baavali age eddane balegaara correctagi tindu barlike hell baavali🤣🤣,Hate,Offensive_Targeted_Insult_Other
ext_02095,Tik tok nan Shaaataaaaa,Hate,Offensive_Targeted_Insult_Other
ext_02096,Super bro.. Allobba yarigu gottagde hage already gadduge yerikuttidda. nnAvne Srimanarayana,Non-Hate,Not_offensive
ext_02097,@VIKRANTH DHANUSH ಕೈ ಮೇಲೆತ್ತು ? nnaa pistol hesaru ಕೈ ಮೇಲೆತ್ತು idabahuda?,Non-Hate,Not_offensive
ext_02098,Rashmika gube fans irbekhu,Hate,Offensive_Targeted_Insult_Group
ext_02099,Ashwatama ge Hindi barutte yenri,Non-Hate,Not_offensive
ext_02100,ಕನ್ನಡ industry ya ಹೆಮ್ಮೆ....ASN,Non-Hate,Not_offensive
ext_02101,Jai criative kannadiga supper,Non-Hate,Not_offensive
ext_02102,Nija kano adhu...neevgalu kathe katkondirodu...alla alla antha....,Hate,Offensive_Targeted_Insult_Group
ext_02103,Awesome movie best movie in Kannada 2019,Non-Hate,Not_offensive
ext_02104,Music is unique,Non-Hate,Not_offensive
ext_02105,Disappoint agide song keli Ishtu hype kottu song bidbardu,Hate,Offensive_Targeted_Insult_Other
ext_02106,unlike kottiroru ramshakkana fanse erbeku,Hate,Offensive_Targeted_Insult_Group
ext_02107,Super pakka nodthini,Non-Hate,Not_offensive
ext_02108,Nimma mahithi 100% sathya yavaga etharahada rajakaranigalinda deshakke mukthi sigatho aa devarigu kuda gothilla adare next generation avaru sadane madabahudu,Hate,Offensive_Targeted_Insult_Group
ext_02109,Bindu gowda dagar,Hate,Offensive_Targeted_Insult_Individual
ext_02110,@Nandi Parthasarathi adu oscar ascar alla..🤣 graphics ge pakka oscar kodtare🤣,Hate,Offensive_Targeted_Insult_Individual
ext_02111,Sir nevu Mele bande bartiraa Neman tuldavru nem kaladi bartare aga nem time,Non-Hate,Not_offensive
ext_02112,@Kiran R  ಸಿನಿಮಾ  ನೋಡಿ promotion ಮಾಡಿ,Non-Hate,Not_offensive
ext_02113,Varshkond beda pa nidanake ne agli ee tara olle movie kotre saaku,Non-Hate,Not_offensive
ext_02114,Asome bro nD boss,Non-Hate,Not_offensive
ext_02115,13k dislikes frm jealous bollywood fans,Hate,Offensive_Targeted_Insult_Group
ext_02116,Idu riyel rar,Non-Hate,Not_offensive
ext_02117,@Pawan Kv ya happy Sunday,Non-Hate,Not_offensive
ext_02118,+Nabilal S ಕಗಬಜ,Non-Hate,Not_offensive
ext_02119,I like u,Non-Hate,Not_offensive
ext_02120,Song Kelade Like Kodoru Like Madi,Hate,Offensive_Targeted_Insult_Group
ext_02121,Tik Tok Ban Madrappa India Dalli,Non-Hate,Not_offensive
ext_02122,Super bro nim song,Non-Hate,Not_offensive
ext_02123,Anna nin padha Xerox kodanna,Non-Hate,Not_offensive
ext_02124,Naan antha China app antha yaavaglo delete maadidene nJai hind,Non-Hate,Not_offensive
ext_02125,Lo nin d filme odtilla modlu anv film nodro amele bere filmge sprt madu sumne comnt akbitre film odbidutta bari builduppu,Hate,Offensive_Targeted_Insult_Group
ext_02126,Wait madappa ...,Non-Hate,Not_offensive
ext_02127,Namma deshanu china thara aitu andre  badatanane erala sir..,Hate,Offensive_Targeted_Insult_Group
ext_02128,Bro tiktok ban bagge bejar agiro nayi galige innu mut nodkollo hage roast madu bro plzz...aa lofar nayi galige nam desha kinta ade bekagide nayigalige...,Hate,Offensive_Targeted_Insult_Group
ext_02129,Super annaa    🤗🤗,Non-Hate,Not_offensive
ext_02130,Sir naanu helabekiddanna thumba channagi helidira. Nimma mathugalashte sumadura hrudaya sparshi agide. Pls yelladru nodi 1 sala adru. Olle anubhava beku antha iroru...,Non-Hate,Not_offensive
ext_02131,Bejar adaga nim video nodidre khushi agutte,Non-Hate,Not_offensive
ext_02132,Nivu like goskara tiktok ge hogi idannella collect maadkondidira thane.niv  e video maadide full thappu .bcz nivu publisity goskare insta dalli follow maadi antha ella maathadthidira.matte avaru yella helidu thappu annodadre niv thumba bad words use maadidu thappe.,Non-Hate,Not_offensive
ext_02133,Super super awesome awesome oh my god I like ur voice and song,Non-Hate,Not_offensive
ext_02134,Top  benki maga,Non-Hate,Not_offensive
ext_02135,Really ... Diya Karnataka crush agbitidare... Nija taane...? Love u diya,Non-Hate,Not_offensive
ext_02136,Kelave kelavu theatrenalli matra release agittu,Non-Hate,Not_offensive
ext_02137,Super a'm waiting jantal man,Non-Hate,Not_offensive
ext_02138,Comedy aggie nodorige comedy nee,Hate,Offensive_Targeted_Insult_Other
ext_02139,Sir mandya dalli tirga nodakke hodre tagdebittidare,Hate,Offensive_Targeted_Insult_Individual
ext_02140,Bega movie release madrappa ...buildup amele kodi,Hate,Offensive_Targeted_Insult_Group
ext_02141,Bharatadalli skill idru experience illade kelsa kodolla chinadalli nivu helo hage hosa pratibegalige aavkasha kodatre aste vyatyasa china gu namgu,Non-Hate,Not_offensive
ext_02142,Super  video  neja  bro  .....slutie  jaihind,Non-Hate,Not_offensive
ext_02143,Haha. Nin movie nodilla. 🤣🤣🤣,Hate,Offensive_Targeted_Insult_Individual
ext_02144,Trending list gaagi wait maadtiror like,Non-Hate,Not_offensive
ext_02145,Yapaa devre spr agi rost madidira sprrr,Non-Hate,Not_offensive
ext_02146,Rashmika urkoo  rashmika haters like herenRakshith sheety,Hate,Offensive_Targeted_Insult_Individual
ext_02147,Kannada film industry ge mattondu gari,Non-Hate,Not_offensive
ext_02148,Super d boss fan's like madi,Non-Hate,Not_offensive
ext_02149,Dislikers==Dagar Rashmika fan,Hate,Offensive_Targeted_Insult_Individual
ext_02150,Hoooo Tik tok ban,Hate,Offensive_Targeted_Insult_Other
ext_02151,Ee video dalli play agiro game yavdu,Non-Hate,Not_offensive
ext_02152,Keli kaadiruva baandavaarenBhuviyalli avana arithavaarenYaarila bidinMunnudinIddaradondu dantakathenNalku dikkinalu bekavanunBanduku hidida manavanunThale melide keeretanViraatanGuri bennato netaaranunGalli maatina bazaarunSuddi saaride sumaarunPaatrada parichaya irovrunEe badukige ide Ghana  hesarunHands up idu AnavaraatanHands up Na agnyata nHands up ide vedanta nIdu charithre srushtiso avataara,Non-Hate,Not_offensive
ext_02153,@Nandi Parthasarathienu nan amman akkan andidina thu nina modlu nind nodko nan innu odta idini shoki mado yava necessity nu illa nange....nim appa amma na baydu nan en madli....nKelsa madtini antidya taleli buddi idya en ide 🤣nDarshan bagr helak nen yavanu,Hate,Offensive_Targeted_Insult_Individual
ext_02154,idu charitre srustisuv  avatar -----------,Non-Hate,Not_offensive
ext_02155,Dinadalli 18 gante malgonige kelsa yar kottru guru ..? Contact info idya?,Hate,Offensive_Targeted_Insult_Individual
ext_02156,Pranjali Raj nija boglu.... Ninu kannadiga alva,Hate,Offensive_Targeted_Insult_Individual
ext_02157,I love it,Non-Hate,Not_offensive
ext_02158,St super Dr but kutanalli kutapa songs  net nalli Ella plz nahu kelbekku sr,Non-Hate,Not_offensive
ext_02159,@Arun Jaanu summne reply haki yak war madshtiya,Non-Hate,Not_offensive
ext_02160,Anjali Devi  I hate anjali manjali gunjali,Hate,Offensive_Targeted_Insult_Individual
ext_02161,@Pavan Pavan nanu ivag nodidnalla adakke hakide 383k+like hagiddo  adakke comment madide tapputilkobedi okk naaaa,Non-Hate,Not_offensive
ext_02162,Super Anna ....,Non-Hate,Not_offensive
ext_02163,Yaav movie flop andri?,Hate,Offensive_Targeted_Insult_Individual
ext_02164,Super namboke kasta agirbodu but really agirbodu,Non-Hate,Not_offensive
ext_02165,Groza Besta awm besta  keldag Ede  2 Kuda beku,Non-Hate,Not_offensive
ext_02166,Bindhu sulee tiktok sadee  roast Madhu ivaladhuuu full roast madeeee jai indian army,Hate,Offensive_Targeted_Insult_Individual
ext_02167,@Nandi Parthasarathi ನಿನ್ ತುಲ್ಲ್ ನೋಡ್ಬೇಕ್ ನಾನು plz send ur address,Hate,Offensive_Targeted_Insult_Individual
ext_02168,Nijavaagalu charithre srishtisida avathaara ee Rakshtitha shettaradu. Hatsup.,Non-Hate,Not_offensive
ext_02169,@Venu Gopal avn ondhu hero.na thu..,Hate,Offensive_Targeted_Insult_Individual
ext_02170,Astu sala kelidru kelbeku ansute bro super song,Non-Hate,Not_offensive
ext_02171,Sahitya kararige shata shata namana,Non-Hate,Not_offensive
ext_02172,movie super boss,Non-Hate,Not_offensive
ext_02173,Benki anna Benki,Non-Hate,Not_offensive
ext_02174,Don't worry Sir kayakave kailasa,Non-Hate,Not_offensive
ext_02175,Super duper guru,Non-Hate,Not_offensive
ext_02176,Pakka hit agutthe guru movie,Non-Hate,Not_offensive
ext_02177,Devru guru neenu nSuper kannada da carry minati,Non-Hate,Not_offensive
ext_02178,Supr song,Non-Hate,Not_offensive
ext_02179,Good Content  yaaradru parvagila.,Non-Hate,Not_offensive
ext_02180,Mostly e haadu aadmele sanvi entry kodthare ansuthe naan complaint kodak station hodre neevili bar ge bandu kudithideera anno dialogue,Non-Hate,Not_offensive
ext_02181,Superb bro inge continue madi,Non-Hate,Not_offensive
ext_02182,Diya swarupavannu nodi gadgadithanadee...,Non-Hate,Not_offensive
ext_02183,Super hit song in kannada,Non-Hate,Not_offensive
ext_02184,Idu charitre shrushtiso avatara,Non-Hate,Not_offensive
ext_02185,So sadnDis like 1.8k in KannadanIn Telugu 155nIn Tamil 188nIn Malayalam 134n#ASN,Non-Hate,Not_offensive
ext_02186,Poornima Poornima oooooooooooo brami,Non-Hate,Not_offensive
ext_02187,Guru China rajakiya vyavaste bagge video madi,Non-Hate,Not_offensive
ext_02188,Super gelaya a nan sulege magalu chinadorage hutidale,Hate,Offensive_Targeted_Insult_Group
ext_02189,I'm uttar Karnataka love janapda,Non-Hate,Not_offensive
ext_02190,What a movie superb,Non-Hate,Not_offensive
ext_02191,Nijawaglu  mai romanchana aaguvantaha video  idu  nija  irabahudu,Non-Hate,Not_offensive
ext_02192,Kannadada Carrynಹೊಡಿ 9,Non-Hate,Not_offensive
ext_02193,ಸಕ್ಕತ್ತಾಗಿದೆ ... ROCK KANNADA ROCK...,Non-Hate,Not_offensive
ext_02194,Sir movie nodidini idhu.  Ithara film en chennagide sir..compare to love mocktail,Non-Hate,Not_offensive
ext_02195,avru hege andre . neenu hene satya helu naavu deslike maadode . naavu erode adke avru huttutane . appa ammananne esta pattirlikkella,Hate,Offensive_Targeted_Insult_Group
ext_02196,Nine sriman narayana,Non-Hate,Not_offensive
ext_02197,Anna super anna nivu nivu ondu samajakke seve hagu deshavannu ulisalu ondu sangavannu katti navu nimmannu bembalisuteve,Non-Hate,Not_offensive
ext_02198,tumbane chennagide haadu.,Non-Hate,Not_offensive
ext_02199,ಅಧ್ಬುತ .... BGM super..,Non-Hate,Not_offensive
ext_02200,Actually iedu iedu channagirodu,Non-Hate,Not_offensive
ext_02201,Yellaru nKGF nOdeya nalli busy eddare nAllobba #trending 1 nalli busy edda nnn#Avane sriman narayana,Non-Hate,Not_offensive
ext_02202,Enu baitira guruve,Non-Hate,Not_offensive
ext_02203,sandalwood ge obba trend setter sikkidaane..n.n.n.n.n.nyaaravnu???n.n.n.n.n.n.nAvane Srimannarayana,Non-Hate,Not_offensive
ext_02204,Super guroonSakkattagittu video. ...,Non-Hate,Not_offensive
ext_02205,@Harshan Maddy  kannada kke  nimma importance idre kushi ne,Non-Hate,Not_offensive
ext_02206,@TROLL MONSTER_KANNADA sak nilsu guru nim amma dagar anta oorgella gottu adunna ee tara helada,Hate,Offensive_Targeted_Insult_Individual
ext_02207,Hamsalekha feel yarige bantu like madi...,Non-Hate,Not_offensive
ext_02208,Hindi alli yaavaga bidthare?,Non-Hate,Not_offensive
ext_02209,Nimage holleyadaagali sir,Non-Hate,Not_offensive
ext_02210,Bari sokuda film marre,Hate,Offensive_Targeted_Insult_Group
ext_02211,Yuddha maadabeku 'odhabaradhu' katukara mundhe bhagavadhgeethe...,Non-Hate,Not_offensive
ext_02212,Ivrigella hige agbeku,Non-Hate,Not_offensive
ext_02213,manoj idu charetre,Non-Hate,Not_offensive
ext_02214,Kachada Nan nagini gane,Hate,Offensive_Targeted_Insult_Other
ext_02215,@Nandi Parthasarathi gaandu sule,Hate,Offensive_Targeted_Insult_Individual
ext_02216,Sharanraj Crs ದನೇವಾದಗಳು,Non-Hate,Not_offensive
ext_02217,Like madok agila andru parvagila......yaru dislike madbedi...,Non-Hate,Not_offensive
ext_02218,Super guru continue,Non-Hate,Not_offensive
ext_02219,Send Hindi Vedio song link bro,Non-Hate,Not_offensive
ext_02220,sir niu ene adru tik tok alli hero herohin tara stile madtarala avarige idu kammine niu innu ivarige rost madi sir jai modi ji,Non-Hate,Not_offensive
ext_02221,Chindi bro 🤣🤣🤣,Non-Hate,Not_offensive
ext_02222,Super ide trailer,Non-Hate,Not_offensive
ext_02223,movie is song Osam,Non-Hate,Not_offensive
ext_02224,Super video bro,Non-Hate,Not_offensive
ext_02225,sule bindhu... awlge nam sainikaru kintha awllu fame beku.. thu lofer mundde hula bidhu saithya ninu,Hate,Offensive_Targeted_Insult_Individual
ext_02226,Nivu tiktok madilva?,Non-Hate,Not_offensive
ext_02227,Only Kannada no English,Non-Hate,Not_offensive
ext_02228,Le Bindu naayi phone all radi togonda aaytha avarge adara laba sikatu aadare tik tok end dinaa avarage laba baratte enna mele yaava vastu Togo beda China vastu ninu Togo beda Naana antu tiragi nodalla Ni ale tuu,Hate,Offensive_Targeted_Insult_Individual
ext_02229,🤣🤣🤣🤣🤣 anna super,Non-Hate,Not_offensive
ext_02230,Insta link akiddini nodi brother,Non-Hate,Not_offensive
ext_02231,Ebru kannada films na promote madtavre.ningyo kho beku comparison madodu......,Hate,Offensive_Targeted_Insult_Individual
ext_02232,Idu idu bekithu namgelargu.... Jai rakshitha bai,Non-Hate,Not_offensive
ext_02233,Ade allu arjun songs 180 veiws ide adare nam songs 20 million saku bereyavarana belesidhu nav beleyona common kannadigas,Non-Hate,Not_offensive
ext_02234,Enna views beku .share madi frnds,Non-Hate,Not_offensive
ext_02235,Jai. Creative kanadiga,Non-Hate,Not_offensive
ext_02236,Nise share everone,Non-Hate,Not_offensive
ext_02237,Salute for music,Non-Hate,Not_offensive
ext_02238,Edu charitre srustiso movie,Non-Hate,Not_offensive
ext_02239,Music ಅಂತು supperrrr ಸರ್ ನಿಮಗೆ Handsap,Non-Hate,Not_offensive
ext_02240,Super movie in kannad film industry,Non-Hate,Not_offensive
ext_02241,Suprb move ....rj nagarj come back m fvrtttt rj nagraj ....kushi aitu isttu oley move Ali act madidakke....,Non-Hate,Not_offensive
ext_02242,Promotion heg madodo anta kaliri,Hate,Offensive_Targeted_Insult_Group
ext_02243,Very nice togari tippa na story..,Non-Hate,Not_offensive
ext_02244,Song olle creze ide ivagle karaoke song uplode madi hadorige help agli sir,Non-Hate,Not_offensive
ext_02245,Different r s maga ninu,Non-Hate,Not_offensive
ext_02246,Nivu climax nodilla adakke nimge ishta agilla,Hate,Offensive_Targeted_Insult_Individual
ext_02247,Super guru love you,Non-Hate,Not_offensive
ext_02248,Gentleman nodi bro,Hate,Offensive_Targeted_Insult_Individual
ext_02249,Hats off to u sir...nMosa madi tinno Pizzaginta Niyattagi dudidu tinno ragi nalli eshto aanda erutte jeevandalli..,Non-Hate,Not_offensive
ext_02250,@Nandi Parthasarathi ನಿಂದು ನಾಯಿ ತುಲ್ಲು,Hate,Offensive_Targeted_Insult_Individual
ext_02251,Sorry ..nFilm thetarally  nododakkagta ella..nEnadruu theatar open adre nan nija hogtini ..matte friendsnu karkondu hogtini .,Non-Hate,Not_offensive
ext_02252,@Poojari Avinash bere language movies na beggers thara nodo kachda janagal irovargu Kannada movies ge bele iralla bro,Hate,Offensive_Targeted_Insult_Other
ext_02253,Yen quality guru,Non-Hate,Not_offensive
ext_02254,Where is hindhi song plz upload  hi dhi version,Non-Hate,Not_offensive
ext_02255,Tiktok ban madidre desh ke walendu,Non-Hate,Not_offensive
ext_02256,Togari tippa story super,Non-Hate,Not_offensive
ext_02257,Sir avrudu bhashe yavdu a doctor bali yav bhashe matanadid ?,Non-Hate,Not_offensive
ext_02258,basavaraj tambak lol  Peddha,Hate,Offensive_Targeted_Insult_Individual
ext_02259,@Vishal Shetty lo beedhi soole magane....nin prakarane belsbeku annodidre nim kade maado yakshagaana,Hate,Offensive_Targeted_Insult_Individual
ext_02260,@Virat Sachin tika yak urkolona Swami... Swalpa Naga Bantu.. Nakde... Tale mele yard hodidu buddi helona ankondde..,Non-Hate,Not_offensive
ext_02261,Cindi song repeat mode unlimited,Non-Hate,Not_offensive
ext_02262,@Kirankumarkk Gowda ninanthra elllide kithakoke..mathe trimer chahrge ulsakke ee gimicks.sule magne,Hate,Offensive_Targeted_Insult_Individual
ext_02263,Sorry sir nim yella video nan nodidini yeno manku badidu nodona hantha download madidde e video nodi delete madidini sir thanks,Non-Hate,Not_offensive
ext_02264,ಬ್ರೋ ಸೂಪರ್ ಆಗಿ til tokersನ roast ಮಾಡ್ತಿರ til tok maadorella ಶ್ಯಾ ಟ ಗಳು,Non-Hate,Not_offensive
ext_02265,Supper gurru 100. Present nija guru,Non-Hate,Not_offensive
ext_02266,Nim ge esta agiddare like.Comments.madi,Non-Hate,Not_offensive
ext_02267,Ashwath avrne noddag aythu.,Non-Hate,Not_offensive
ext_02268,Spoon beesidava Rishab Shetty,Non-Hate,Not_offensive
ext_02269,@Dhee Pu adu Acchhagannada,Non-Hate,Not_offensive
ext_02270,devare devare devare devare shivane tandheye appane nivu super super duper mind blowing hero forever forever,Non-Hate,Not_offensive
ext_02271,ಸಕ್ಕತ್ ಹುರಿದ ಗುರು olle patta kalsidya tiktok support madidha Ch * as galige ....,Hate,Offensive_Targeted_Insult_Group
ext_02272,E film yarigella ista agide..,Non-Hate,Not_offensive
ext_02273,Holle kelsa ban agirodu🤣,Non-Hate,Not_offensive
ext_02274,Is different song full Ishtar aytu movie ellaru nodri,Non-Hate,Not_offensive
ext_02275,Gultu kuda same problem face madittu,Non-Hate,Not_offensive
ext_02276,Pakka movie channagirutte..nN suspense movie for sure,Non-Hate,Not_offensive
ext_02277,Eeno problem ide nimge.... Hangella eeneno ansbardu.... Song 1st time ee crazy ide,Non-Hate,Not_offensive
ext_02278,Game name yavdu bro...,Non-Hate,Not_offensive
ext_02279,Est sari kelidrunu kelbek anusutte,Non-Hate,Not_offensive
ext_02280,superrr movie,Non-Hate,Not_offensive
ext_02281,Bro yav ooru nivu,Non-Hate,Not_offensive
ext_02282,ಅರ್ಜುನ janya e music director na nodi kali,Hate,Offensive_Targeted_Insult_Group
ext_02283,@mallikarjun Dhanashetty Elrigoo nimtharane yochne bandre kannada top allirodhu..,Non-Hate,Not_offensive
ext_02284,Anna aswathama ge kannada barutta,Non-Hate,Not_offensive
ext_02285,Hindi ..Kannada ..haadugala hatrakkku barukke sadhyene illa,Non-Hate,Not_offensive
ext_02286,singer ಗೆ jai,Non-Hate,Not_offensive
ext_02287,Modlu ee chinese apps galna india dalli ban madbeku...,Non-Hate,Not_offensive
ext_02288,@KD Kiran adakke innu tumba samayavide,Hate,Offensive_Targeted_Insult_Individual
ext_02289,Nan jeevana yak hingaytu anta camera munde ಅಳುತ್ತಾ kuthiro janagala madya,Hate,Offensive_Targeted_Insult_Individual
ext_02290,Bigg boss allu avane srimanarayna,Non-Hate,Not_offensive
ext_02291,@Kumara Kantirava avn heldange 1st time hange ansodhu..,Non-Hate,Not_offensive
ext_02292,Pung ban madi pls,Non-Hate,Not_offensive
ext_02293,Now 28k dislikes,Hate,Offensive_Targeted_Insult_Group
ext_02294,Anna super anna  🥰🥰🥰🥰  anna mind super,Non-Hate,Not_offensive
ext_02295,Next time gravity ge viruddavaagi film madi .. Hero ond punch madidre nelakke appalisi vapas aakashada kade hogbeku .. Jaatre dialogue idi .. Film hit aagutte nam janakke Ade beku ..,Non-Hate,Not_offensive
ext_02296,En song Guru... Namma Narayana Namma hemme all India fidha agibitdhe nimge ....,Non-Hate,Not_offensive
ext_02297,Ond kick ide song nalli,Non-Hate,Not_offensive
ext_02298,Bro avarage ennu ugi sattiro yodrali avara gadano magano edidre e mathu helatiralila yaaro gand yaarado makkalu  e naayigalage yena alvaa tu prati yodanu Namma ge Anna tamma avara Namma vastu tilakori naayigalaa,Hate,Offensive_Targeted_Insult_Group
ext_02299,Kannada adru swalpa parvagilla guru Telugu Tamil movies anthu jaatre dialogue jaatre fighting over acting inda thumbi tuluktha ide.,Hate,Offensive_Targeted_Insult_Group
ext_02300,Vilan ಬಳಿ ಒಂದು coin urali barhttalla,Non-Hate,Not_offensive
ext_02301,Dia nan recent aagi nodiro moviegalalli Adbutha,Non-Hate,Not_offensive
ext_02302,Iddu charitre badalisuva avatara,Non-Hate,Not_offensive
ext_02303,@Vinay Kumar MS nin mane address kodu,Hate,Offensive_Targeted_Insult_Individual
ext_02304,Allaru swabimana life evarannu nodi kaliyabeku,Non-Hate,Not_offensive
ext_02305,@Nandi Parthasarathi illa kgfuck aythu,Hate,Offensive_Targeted_Insult_Group
ext_02306,Edu  muda  nabike   nama Jana enu  betela,Hate,Offensive_Targeted_Insult_Other
ext_02307,Trailer barii ide nodlebeku..,Hate,Offensive_Targeted_Insult_Group
ext_02308,Bere level aagi ede..appata kannada haadu...,Non-Hate,Not_offensive
ext_02309,Avara desha dalli erodu aethu....nnHagadre Namma deshadalli avarige arthikate Alli seddu hodeyuvanta vishyagalu yavu edave.....,Non-Hate,Not_offensive
ext_02310,Best song I have heard after belagenddu,Non-Hate,Not_offensive
ext_02311,masto togari tippa,Non-Hate,Not_offensive
ext_02312,kannadavu support madalla jatre song matra views agodu.tiktok ellla busy agavre . telugu alli 1 day 10 millon agutte namalli agalla,Non-Hate,Not_offensive
ext_02313,Guru bari uninstall madi anta helbdi. Inmele account delete madi uninstall madok helok start madi inna,Non-Hate,Not_offensive
ext_02314,RAKSHIT ABHIMAANIGALE!! Yaaru yaaru aa signature stepna try maadidiro illi like maadi!!,Non-Hate,Not_offensive
ext_02315,Idu cheritre shrustiso avatara,Non-Hate,Not_offensive
ext_02316,@Manoj Prince yenu illa bro,Non-Hate,Not_offensive
ext_02317,Osm voice sir,Non-Hate,Not_offensive
ext_02318,Anyone after 10m like please,Non-Hate,Not_offensive
ext_02319,Super Guru  l m full happy bro,Non-Hate,Not_offensive
ext_02320,Kera togondu odebeku nana magana,Hate,Offensive_Targeted_Insult_Individual
ext_02321,Shivaraj Shivu nnimm number kodri,Non-Hate,Not_offensive
ext_02322,Tukaram character yarige ista agide avru like madi,Non-Hate,Not_offensive
ext_02323,Super song 🥰🥰🥰🥰,Non-Hate,Not_offensive
ext_02324,D Boss ಅಭಿಮಾನಿಗಳಿಂದ all the best,Non-Hate,Not_offensive
ext_02325,Bro super neevu,Non-Hate,Not_offensive
ext_02326,Super edit anna,Non-Hate,Not_offensive
ext_02327,Nice togari tippa kathegalu,Non-Hate,Not_offensive
ext_02328,Movie release agli,Non-Hate,Not_offensive
ext_02329,Masth guru sakadgi helidiya,Non-Hate,Not_offensive
ext_02330,Trailer superb Pajju promotion chennagi maadi pakka blockbuster agutte,Non-Hate,Not_offensive
ext_02331,Bro avru ellargu ista ..avru yavattu controversy madkondilla,Hate,Offensive_Targeted_Insult_Other
ext_02332,Super bro  agi roast madidira,Non-Hate,Not_offensive
ext_02333,NkN  ಬೆಂಕಿ   song guru,Non-Hate,Not_offensive
ext_02334,Nijavaglu Satya sir,Non-Hate,Not_offensive
ext_02335,Idu talent ..,Non-Hate,Not_offensive
ext_02336,@ಕಿಚ್ಚನ ಹಾವಳಿ o reviews chennagiddru movie odlilla yakkapa other lamguagalli,Non-Hate,Not_offensive
ext_02337,Nija helbekandre ee song yako sync aagtilla movie trailer type ge....,Hate,Offensive_Targeted_Insult_Other
ext_02338,Nane nam vasthu pradashnke bandidru gotha,Hate,Offensive_Targeted_Insult_Individual
ext_02339,Anna.   Thamma.   Janpada,Non-Hate,Not_offensive
ext_02340,Navu delet madi tumba dina aytu,Non-Hate,Not_offensive
ext_02341,Hands up..Hands up...tan tan Tanana..Chindi Guru Chindi..,Non-Hate,Not_offensive
ext_02342,Anoop Maladakar fudjg,Non-Hate,Not_offensive
ext_02343,Yaka anna difference madtira AAPA AAPANE MAGA MAGANE BOTH ARE GOOD NLY,Hate,Offensive_Targeted_Insult_Individual
ext_02344,Nanu iga bekantale ...alisoke bande shakuntale ....mis u poo,Non-Hate,Not_offensive
ext_02345,@Nandi Parthasarathi ಮಿಂಡ್ರಿ,Non-Hate,Not_offensive
ext_02346,@christ anil nimmappa alvenro,Hate,Offensive_Targeted_Insult_Other
ext_02347,Alla inta olle video gu dislike madtaralva avrige manaviyate manushyatva olle guna kuda illa ansutte.....enta swabhimani vyakti weekness na kuda strenth agi madkond swabhimani agi jeevna madtidaralva great sir....,Non-Hate,Not_offensive
ext_02348,Idu nijvaaglu cinema na illa sum sumne naa ? 🤔,Hate,Offensive_Targeted_Insult_Group
ext_02349,@naveen v kudlu elladidre nindu tegedu kodu bvc ninna luccjanige handidu maasa kodu modalu baavali chalpat Singh side actor🤣🤣,Hate,Offensive_Targeted_Insult_Individual
ext_02350,@Girija Ram ಹೌದು..,Non-Hate,Not_offensive
ext_02351,Padya baree sokundu shetre,Non-Hate,Not_offensive
ext_02352,Olle kannada song anthane helbahudhu,Non-Hate,Not_offensive
ext_02353,@Madhu Yadav havha,Non-Hate,Not_offensive
ext_02354,Bro ha dacchu su..... Maga you are super no 1 roaster,Non-Hate,Not_offensive
ext_02355,Togari tippa togari tippa.....sathvik sobarad,Non-Hate,Not_offensive
ext_02356,Nija bro kolithiro kobbari mukha ne. Inthavrinda ne first minus India ge.,Non-Hate,Not_offensive
ext_02357,Ottinalli navu uddara,Non-Hate,Not_offensive
ext_02358,Masth maga u tube channel nalli obba hudugana voice thara ede,Hate,Offensive_Targeted_Insult_Individual
ext_02359,Yen huru helidiri super,Non-Hate,Not_offensive
ext_02360,D8055 Chakravarty... Rakshit innu Raaja,Non-Hate,Not_offensive
ext_02361,@Sathish Soorgoli namdhu kolar guru,Non-Hate,Not_offensive
ext_02362,idella nodidre sarvadikarane sari ansutte. prajaprabhutdvalli 1000 bhrashtaru. sarvadikara adalitadalli obbane bhrashta. adakke soudi,Non-Hate,Not_offensive
ext_02363,I ಸೂಪರ್ Brother,Non-Hate,Not_offensive
ext_02364,Gaali maathina bajaaru sudhi madide sumaaru.,Non-Hate,Not_offensive
ext_02365,Mutturaj Melageri nkanti,Non-Hate,Not_offensive
ext_02366,Super song.i am d boss fan,Non-Hate,Not_offensive
ext_02367,@Kirankumarkk Gowda muchole sakku dengbeka bagsi,Hate,Offensive_Targeted_Insult_Individual
ext_02368,Thuu nachike annodhe elwa yella vishaya galu bare joke madkonde erthiralla ... loo change aagro ennu time edhe,Hate,Offensive_Targeted_Insult_Group
ext_02369,Aga navu yaru TV Alli nododu beda. Suvarna channel avra TRP kammi madsona. Aga avrige buddhi barutte. Olle olle films Nella isht Bega TV Alli hakudre theatre ge yaar hogtare,Hate,Offensive_Targeted_Insult_Group
ext_02370,Super 🤟🤟🤟🤟 song,Non-Hate,Not_offensive
ext_02371,D Boss fans ಕಡೆಯಿಂದ ಆಲ್ di best,Non-Hate,Not_offensive
ext_02372,Kannada industry ali estu dodda dodda nayakaru edira nimana nivu nima work ali nivu busy agodu bittu e kannada natanana mathe ondu chance kodsi avarge help madi.....hale natarana maribedi plzzz,Non-Hate,Not_offensive
ext_02373,Movie chindi chitranna best movie ever,Non-Hate,Not_offensive
ext_02374,R.N. Laxmi Mahadev Anna.    Thamma.  Janpada.    Super,Non-Hate,Not_offensive
ext_02375,Kshamisi sir nanu tumba miss madkonde,Non-Hate,Not_offensive
ext_02376,Movie na theatre nalli nodokagilla anta and movie tumba dina odilla anta bejaragtide,Non-Hate,Not_offensive
ext_02377,1.45 to 2.00 super,Non-Hate,Not_offensive
ext_02378,Enn Guru BGM .chindhi maadbitte,Non-Hate,Not_offensive
ext_02379,@sonali sona link a....theatre hogi nodi nim avrindha olle films ge value illa,Hate,Offensive_Targeted_Insult_Group
ext_02380,Curiousity thumba jaasthi aagthide bega release maddri,Non-Hate,Not_offensive
ext_02381,Super film,Non-Hate,Not_offensive
ext_02382,Signature stepge kaasu....Adakkentha theatre hogthini...,Non-Hate,Not_offensive
ext_02383,Tiktok sule makkla papa thumbs hurt agidri sadee nan gandu galuu,Hate,Offensive_Targeted_Insult_Group
ext_02384,Paaapa. Konegu tik tok hoythu.. nayigal boglod kadme aythu,Hate,Offensive_Targeted_Insult_Other
ext_02385,Ee music director d Boss Robert movige irli enuvru like mdidri,Non-Hate,Not_offensive
ext_02386,Guru nin heliddu super nija.adre e Bindu lowda avn ammun tukali sule maklige uriyutte ade indiyadalli gst jasti madidre strick madthare ade tik tok madi chinage amount hodre kushi agthare ivrella bharatiyaralla chinise tunnege uttdoru,Hate,Offensive_Targeted_Insult_Individual
ext_02387,Ond ond film ge koti koti togotira.. ellide sir nim manaviyate.. help maadi sir evrige.. samanyadavru alla evru ashwath avr maga. Kannada industry ge hemmeya actor kanri.. punith sir neeve barbeku.. shivanna.. neevadru help maadi. Esht movie li Nim Appa ji avrge appa'n role madiddu evra appa'avr. Marebedi sir,Non-Hate,Not_offensive
ext_02388,Trailer  super  ide sir edu Hindi nalli kuda release madi please,Non-Hate,Not_offensive
ext_02389,Superb song nange esta aytu,Non-Hate,Not_offensive
ext_02390,i love u ದಿಯಾ,Non-Hate,Not_offensive
ext_02391,Guru yava game edu,Non-Hate,Not_offensive
ext_02392,Sooper pa Rakshit.  mukali haryanga talent paa nindu,Non-Hate,Not_offensive
ext_02393,Film yavaga release?,Non-Hate,Not_offensive
ext_02394,@Vinay Vn  nani gentle men??,Hate,Offensive_Targeted_Insult_Individual
ext_02395,En guru song akkan idu song Andre akkan navgothalla,Non-Hate,Not_offensive
ext_02396,Kiccha fans kade inda congratulations pajju,Non-Hate,Not_offensive
ext_02397,@sachin Mankar hu bro,Non-Hate,Not_offensive
ext_02398,@Mithun KUDLA Kannadadalli nodi... Kannada version views jaasti maadi...,Non-Hate,Not_offensive
ext_02399,shankarnag sir & uppi sir nantara obb uttama actor & director sikkidane nam kannada industry ge Rakshit shatty,Non-Hate,Not_offensive
ext_02400,Spr song,Non-Hate,Not_offensive
ext_02401,Yudda maadabeku hogabaradu katukara(RASMIKA) nmunde BHAGAVTHGEETHE,Non-Hate,Not_offensive
ext_02402,Bgm is chindi,Non-Hate,Not_offensive
ext_02403,@10 R yaar fan adhru agli.. thandhido buddhi yake.. ivaga yela kfi kade nodtha idhare.. kachada galu heeg madthare.. d boss yavathu yelarnu encourage madthare,Hate,Offensive_Targeted_Insult_Group
ext_02404,God bless prajju sir,Non-Hate,Not_offensive
ext_02405,ಗುರು ಏನ್ editing,Non-Hate,Not_offensive
ext_02406,An anna nivu super bidi anna nivu,Non-Hate,Not_offensive
ext_02407,Ayyo  devre    en  comedy  madtira  neevu  hage  voice  sprb,Non-Hate,Not_offensive
ext_02408,@sathish m nNin kano gaandu sariyagi matadu darshan fans bari kettadagi matadtare troll madtidare idu ninge gottenoley darshan na bitre yargu support madolla antha rumors spread madidare adke nangu ange anusthu helde,Hate,Offensive_Targeted_Insult_Individual
ext_02409,Sleeping beauty syndrome bari yuvakarige mathu yuvathige maatra baruthe ee vaisinnavirige alla ondhu point movie mistake,Non-Hate,Not_offensive
ext_02410,Nija na 🤔🤔🤔,Non-Hate,Not_offensive
ext_02411,Well said part 2 madu chinna.. chanagide,Non-Hate,Not_offensive
ext_02412,Sumniru bro yak nenpustiya adunna madyaratrili. Goose bumps barutte. Hegego aagutte,Non-Hate,Not_offensive
ext_02413,Bindu gowdaaaaaa yakamma,Non-Hate,Not_offensive
ext_02414,Boss nin vedio na use madkola roposo nalli post madtini pls bro,Non-Hate,Not_offensive
ext_02415,@Prithvi Vishwanath guruve nav #DBoss fans kannada songs nodoku modle like madovru sumne thika yella matadbedi.,Hate,Offensive_Targeted_Insult_Group
ext_02416,super duper comedy,Non-Hate,Not_offensive
ext_02417,Nim matanna kadime madi pubg sceans kadime madi...,Hate,Offensive_Targeted_Insult_Individual
ext_02418,Odeya nodokke theater ge ogide janane eddilla vaapas banbitri nanu nan frds 🤦‍,Non-Hate,Not_offensive
ext_02419,jevanada sathya harithiruva jnani,Non-Hate,Not_offensive
ext_02420,@Gagan Gouli baya yake bro follow madi astondu kettoralla navu,Non-Hate,Not_offensive
ext_02421,Cinema sakkathagide guru,Non-Hate,Not_offensive
ext_02422,Top star in sandalwood. D boss,Non-Hate,Not_offensive
ext_02423,Super Super song  you happy,Non-Hate,Not_offensive
ext_02424,GOOD LUCK FOR RAKSHIT SHETTY SIR AND HIS TEAM FRM KICCHA SUDEEP SIR FANS,Non-Hate,Not_offensive
ext_02425,Hindi song yalli,Non-Hate,Not_offensive
ext_02426,Vishwajeet chauhan ok da cool,Non-Hate,Not_offensive
ext_02427,Super sir yentha mathu nivu sir nijavada tik tok bagge thilekondirodu,Non-Hate,Not_offensive
ext_02428,It makes history....pakka,Non-Hate,Not_offensive
ext_02429,Ella kannada abhimanigalu kelebekada hasya chataki,Non-Hate,Not_offensive
ext_02430,Super song  anna🤓,Non-Hate,Not_offensive
ext_02431,Rakshit setty avru ondu D boss ge script barudre eng erutte d boss fans,Non-Hate,Not_offensive
ext_02432,Sir nimge anatha anatha dhanyavadhagalu,Non-Hate,Not_offensive
ext_02433,@Rohith K le nin dagar bandli agtavne modlu kudlu olskoloke yelu ella nin avnu musodilla🤣🤣,Hate,Offensive_Targeted_Insult_Individual
ext_02434,Superb song..superb making love you Rakshith sir..,Non-Hate,Not_offensive
ext_02435,Amazon Prime li sigtide,Non-Hate,Not_offensive
ext_02436,@Nandi Parthasarathi ಒನ್ ನೈಟ್ ಸಿಗೆ,Hate,Offensive_Targeted_Insult_Individual
ext_02437,Bere singer ge ee song kettidre innu cholo keltittu,Hate,Offensive_Targeted_Insult_Individual
ext_02438,@sᴀɴᴅᴀʟᴡᴏᴏᴅ sᴛᴜᴅɪᴏ ᴍᴏᴠɪᴇs munde gottagutte,Non-Hate,Not_offensive
ext_02439,HAI NANOO KOODA ...BHARATHnNANGU ASTE NIDDE ONDU DODDA KAYILE...AGIDE,Non-Hate,Not_offensive
ext_02440,Correct alva guru nin mathu 100 sathya,Non-Hate,Not_offensive
ext_02441,Veerappan ennu badkavna elva edra bagge ondu video madi sir. 🤔,Non-Hate,Not_offensive
ext_02442,Chinddi hagi madidiya guru,Non-Hate,Not_offensive
ext_02443,Ee song nodidmel kado kattakade preshne......Next song yavaga???!,Non-Hate,Not_offensive
ext_02444,Bro navu arvinda tilkotidivi andre navu avrige yenadru kodbeku dodd dodd channel galige hinde dodd vyakti irtare so skip madade nodi avrigu duddu barli  .,Non-Hate,Not_offensive
ext_02445,Ean dailag guru,Non-Hate,Not_offensive
ext_02446,Super song sir,Non-Hate,Not_offensive
ext_02447,Nice movie,Non-Hate,Not_offensive
ext_02448,Rakshith Sir fan like here,Non-Hate,Not_offensive
ext_02449,Nenne bigboss nalli chandan same step maadudru..,Non-Hate,Not_offensive
ext_02450,Full gichhh Madi nod anaa mast,Non-Hate,Not_offensive
ext_02451,super songs super steps,Non-Hate,Not_offensive
ext_02452,AvaneSrimannarayana du background music BGM release madi sir,Non-Hate,Not_offensive
ext_02453,Rashmika mandana aunty full stomach burning haa?!!! 🤣🤣🤣,Hate,Offensive_Targeted_Insult_Individual
ext_02454,Love story bandidde adre e Tara yavdu illa,Hate,Offensive_Targeted_Insult_Group
ext_02455,Charitre shrustiso avatara....nRakshith ge idu hosa avatara,Non-Hate,Not_offensive
ext_02456,@Sujith Manipal alla uddin khalji dehali sulthana ...... ava ennu iddana,Non-Hate,Not_offensive
ext_02457,@Poojari Avinash pls nivelru movie na promote madi. Insta & fb alli promote madi,Non-Hate,Not_offensive
ext_02458,Super d boss fans,Non-Hate,Not_offensive
ext_02459,@Chandan Papu lo childu dheera dheera appata kannada song salam rocky bhai hindi song modhlu adana tilko,Hate,Offensive_Targeted_Insult_Individual
ext_02460,@Troll Stupid Fans halkat sulemagne nin Amman thullu sulemagne gaandu nayi sulemakla d boss bagge matadidre sulemagne Ninnamman keythini ashte nayi rande soole maga Nim Amman kalisu keythini soole rande magne,Hate,Offensive_Targeted_Insult_Individual
ext_02461,JASTI COMMETS MADIRODHU D,Non-Hate,Not_offensive
ext_02462,@Sanju Sp adhu gun hesru,Non-Hate,Not_offensive
ext_02463,Film hit ahagokai e tharadha song irbaiku,Non-Hate,Not_offensive
ext_02464,Guru kiccha matte puneet matte Shivanna boss anta yaaru annala guru,Hate,Offensive_Targeted_Insult_Individual
ext_02465,Evarge tik tok elde kakkasu agola anusutte,Hate,Offensive_Targeted_Insult_Group
ext_02466,Ayyoo.  Teligram nalli 10 ralli 9 jana nodidaare..n Matte naanu 12 saari nodidini ..what a movie ya... Mother sentiment,Non-Hate,Not_offensive
ext_02467,Karab guru nenu nNkn eddu masthu🤗,Non-Hate,Not_offensive
ext_02468,Dagar sule munde bindu,Hate,Offensive_Targeted_Insult_Individual
ext_02469,Nangu tumba ase movie nodbekanta adre movie near by yellu illa.,Non-Hate,Not_offensive
ext_02470,Muccukondiro neenu ninna labaskoskara bogalbeda kendra sarakara mannu tinnuttiddara modige takattu ilva byan madakke,Hate,Offensive_Targeted_Insult_Individual
ext_02471,Hats of Shankar Ashvath Sir.nimma e swabimaanada jeevana Sukakarawaagi Saagali.,Non-Hate,Not_offensive
ext_02472,Howdu howdu howdu...,Non-Hate,Not_offensive
ext_02473,Sannavridvi idanna caset haaki keltidvi. Vatta maryakaagangilla.. uttara karnatakad maat kati sobugandra hinga nodri namd..,Non-Hate,Not_offensive
ext_02474,Nanna prakara badukira bhahudu adare media davari aa cotiyalli ashvattama na bage yake gottaglilla,Hate,Offensive_Targeted_Insult_Group
ext_02475,@Naveen R Naan sigapu manithan,Non-Hate,Not_offensive
ext_02476,Nam oorigu  bandidda. Nanu chicken biryani tinsi  kalsde,Non-Hate,Not_offensive
ext_02477,Tumba kalaavidara gati ide. Kalege bele illa. Ashwath Awara family ge ee thara aagbaardittu.,Non-Hate,Not_offensive
ext_02478,Hen helde guru,Non-Hate,Not_offensive
ext_02479,Step was awesome,Non-Hate,Not_offensive
ext_02480,DEVARU OLLEYAVARIGE  KASTA KODTHANE ADHARE  KAY BIDALA,Non-Hate,Not_offensive
ext_02481,Kannada industry nintirode Yash,Non-Hate,Not_offensive
ext_02482,Idu charitre shrustiso avatara @ RAKSHIT SHETTY,Non-Hate,Not_offensive
ext_02483,Vivek G side ge hogro nim,Hate,Offensive_Targeted_Insult_Group
ext_02484,Trending in no. 1,Non-Hate,Not_offensive
ext_02485,Devaru nimmanna nimma kutumbavanna.chennagi idali..we at cab driver,Non-Hate,Not_offensive
ext_02486,No.1 song ri,Non-Hate,Not_offensive
ext_02487,Nivu Yaste ugudru Sariagla,Non-Hate,Not_offensive
ext_02488,Hiii......Amar Prasad avre,Non-Hate,Not_offensive
ext_02489,Tiktok inda nam personal information china avrge gottagtide.... idella avrge gottagtilla bvc galu... ban madidre avrge madok bere kelsa iralvalla adke itara adtidare🤦‍and yar yaru tiktok ban madbardu anta heltaro avr videos nododna  modlu stop madbeku,Hate,Offensive_Targeted_Insult_Other
ext_02490,Please innodh video maadi bro ticktock bagge,Non-Hate,Not_offensive
ext_02491,Extradnary talent from raksit setty e movie enadru Kannada industrige hosa sandesha kodutte annoru like madi,Non-Hate,Not_offensive
ext_02492,രക്ഷിത് ഷെട്ടി കേരള ഫാൻസ്nRakshit Shetty kerala fans,Hate,Offensive_Targeted_Insult_Group
ext_02493,Please darshan fans dislike madbedi nim Hero ne great but please Ee movie ge dislike madbedi,Non-Hate,Not_offensive
ext_02494,Bere Level #ASN #'Hands Up',Non-Hate,Not_offensive
ext_02495,Alla ri  valmiki real life na khate bardidaro real khate bardidaro avnu ganeshana hattira barsiridu avaga Ramayana Mahabharata nadide Ella  haganta ashvataama badkidane anta hege nambtira astukku adu nadidide elvo namg gotte ella adu hege aahvataama badkidane anta heltira. Edu bidi nivu avna nodidira bandu Kate helda anta ede alla nivu hogi kelidira avaru buildope GE helirbodu. Edu yarige esta agidiyo avru like madi.,Hate,Offensive_Targeted_Insult_Individual
ext_02496,Devaru olledu madtane sir..nimge chenag iri,Non-Hate,Not_offensive
ext_02497,basava basavaraj mind your words. Maathina mele niga irli.,Non-Hate,Not_offensive
ext_02498,Creative kannadiga super neevu..,Non-Hate,Not_offensive
ext_02499,Super Anna enu ugiri chanagi,Non-Hate,Not_offensive
ext_02500,Hand's up,Non-Hate,Not_offensive
ext_02501,Bro aa game  name  heli,Non-Hate,Not_offensive
ext_02502,In sandalwoodnnTumba janrige jaatre hero gale ishta aagodu.. talent content bekagilla.. rhyming dialogues matte badavara para horado hero... Aaith mugitu,Non-Hate,Not_offensive
ext_02503,Now karabu is most liked song,Non-Hate,Not_offensive
ext_02504,Super star in uk tippa,Hate,Offensive_Targeted_Insult_Group
ext_02505,Daily hakri........ nim video super agirutte,Non-Hate,Not_offensive
ext_02506,Super song ..,Non-Hate,Not_offensive
ext_02507,@Seema Ankalgi ft   ft ftnnnnCu,Non-Hate,Not_offensive
ext_02508,Kach hogedu banda varu like madi,Non-Hate,Not_offensive
ext_02509,Hindi version Elli ide guru,Non-Hate,Not_offensive
ext_02510,Nan nodidini mobile li,Non-Hate,Not_offensive
ext_02511,Super movie 🤩,Non-Hate,Not_offensive
ext_02512,Nimage aa devaru olledu madali Appaji...nNimma matugalu keli nange 100% Dairya bantu appaji thank you for your inspiration,Non-Hate,Not_offensive
ext_02513,open song edde agirlli n super music  super stepn         Bharjari gidde SongnnNalle release movie All the best  God bless you nn Dhruva Sarja Abhimanigallindan  Jaiii Anjaneya,Non-Hate,Not_offensive
ext_02514,Chindhi guru.. Sakkath.,Non-Hate,Not_offensive
ext_02515,Flop movie........ Boring,Hate,Offensive_Targeted_Insult_Other
ext_02516,Sir enthavru jaatre dialogue,Non-Hate,Not_offensive
ext_02517,Yes hange kick kodta hogutte.. ಒಳ್ಳೆ synch ಮಾಡಿದ್ದಾರೆ..,Non-Hate,Not_offensive
ext_02518,Hindi version yelli,Non-Hate,Not_offensive
ext_02519,Tital nodi ...ond matu helbeku anth annistu ...Pade pade prashne Keli ...alohage maditirode nivu ....nachike agbeku ..nimge.,Non-Hate,Not_offensive
ext_02520,Guru e game name en guru.... Masth eede game,Non-Hate,Not_offensive
ext_02521,Super O super,Non-Hate,Not_offensive
ext_02522,#BOSS FAN'S YELLA LIKE MADRO,Non-Hate,Not_offensive
ext_02523,ನಮಸ್ಕಾರ super bro,Non-Hate,Not_offensive
ext_02524,Super  song I like it so much,Non-Hate,Not_offensive
ext_02525,Rasmika ge  uribeku nimma cenema successful kanabeku hagu nimma jodi shanvi madam rakshit shetty jote  maduve agabeku idu nimma abhimani asheya,Hate,Offensive_Targeted_Insult_Individual
ext_02526,@Nandi Parthasarathi hogo sulemgne urkondu barbeda illi ninna akkna keya wait for Roberrt,Hate,Offensive_Targeted_Insult_Individual
ext_02527,@chetan kumarab nan yavagloo compare maddhe...,Hate,Offensive_Targeted_Insult_Individual
ext_02528,26k dislikes nThese are rashmika fans,Hate,Offensive_Targeted_Insult_Group
ext_02529,Shanvi shreevastav bittu bere yav hugiru illa ankondidde,Non-Hate,Not_offensive
ext_02530,Sar nanu nemma thandhe Abimani          Sar good luck,Non-Hate,Not_offensive
ext_02531,@Darshan Jain 🤣🤣🤣🤣🤣🤣🤣🤟🤟🤘🤘gottu bidu maga ningu avna bagge sumne yake bildup,Hate,Offensive_Targeted_Insult_Individual
ext_02532,Re relice agbeku,Non-Hate,Not_offensive
ext_02533,Akhilanda koti brahmand nayaka simple star,Non-Hate,Not_offensive
ext_02534,ನಾವೇ thukali stars ಅಂತ ಟಿಕ್ tak maritha idru ಕೆಲ sade ಗಳು ivaga ಮನೇಲಿ ಮುಸುರೆ ತಿಕ್ಕಿ baddetava,Hate,Offensive_Targeted_Insult_Group
ext_02535,Tiktok ben agbek bro,Non-Hate,Not_offensive
ext_02536,Unique actor...... super maga,Non-Hate,Not_offensive
ext_02537,Allow illo kelid nenapu,Non-Hate,Not_offensive
ext_02538,Matte Hands up enu?,Non-Hate,Not_offensive
ext_02539,Music superaagi kottidiya guru,Non-Hate,Not_offensive
ext_02540,BGM neXt levEl nswAg...!,Non-Hate,Not_offensive
ext_02541,Namma devaru nimma devaru anta andkollodu samanyane.,Non-Hate,Not_offensive
ext_02542,Climax Swalpa Change madbekittu...,Hate,Offensive_Targeted_Insult_Group
ext_02543,Nice bro ... Nanu ella China apps delete madidini,Non-Hate,Not_offensive
ext_02544,Full movie upload madri.. Ofter release pls,Non-Hate,Not_offensive
ext_02545,@d boss mania o brame nivu ede tara tilkolli avaru belitare,Non-Hate,Not_offensive
ext_02546,Rashmika Manddana goskra one sari  hogtini movie goskra Dina hogtina,Non-Hate,Not_offensive
ext_02547,En super helidya bro innu eno beku,Non-Hate,Not_offensive
ext_02548,Nav avnaa meet agboda sir?,Non-Hate,Not_offensive
ext_02549,Yake avru uninstall madak hinde munde  nodtidare  andre.   Avrige  amount bartide  ansutte tiktok enda,Hate,Offensive_Targeted_Insult_Group
ext_02550,Nange ondu doubt ? mahabharatha nijavagi nadedidya ?? Or ಕಥೇನ??,Non-Hate,Not_offensive
ext_02551,Thappu ella nima kelavodu dailog druva sarja thara ede sprrrr,Non-Hate,Not_offensive
ext_02552,Allappa beta aaa,Non-Hate,Not_offensive
ext_02553,@Venu real life llu haage iddidre accept madabahuditthuu alvaa.. !!!nEspecially obba natananna thumbaa abhimaanigalu fallow maadthaare so avru nija jeevanadallu  maadhari aagirabeke vinaha thappu madbaardu alvaa baree film lli maathra hero aagidre saaladuu real life llu kooda hero agirbeku aaga avaru obba nijavaada  manushya aagoke saadhya... !!!,Non-Hate,Not_offensive
ext_02554,Ah boss Ee boss antha group katobadllu.  Simple jeevna ne super,Non-Hate,Not_offensive
ext_02555,Guru en helde guru suuuuper nE China deshdorge huttiro Nan maklu nodire jamun juice agigirutte pakka guru nin voice dialogue keltidre keltane irbeku anstide guru ..... But suuuuuuuuuper,Hate,Offensive_Targeted_Insult_Other
ext_02556,Odeya  avane srimannarayana nRakshit shetty =likenDarshan = dislikenJai DBoobs dagarshan,Non-Hate,Not_offensive
ext_02557,ಅಶೋಕ್ ಅವರು ಕನ್ನಡದ Christopher Nolan....,Non-Hate,Not_offensive
ext_02558,Rashika mandhana nodu namma Kannadada tiger naa,Non-Hate,Not_offensive
ext_02559,Super movie.yallaru hogi nodi,Non-Hate,Not_offensive
ext_02560,Good information sir but ivattu yako parokshavaģi  China desha vanna hogalida hage ittu adru ade nija  satya yavaglu kahiyagi irutte,Non-Hate,Not_offensive
ext_02561,Good job..  Goahead mahn,Non-Hate,Not_offensive
ext_02562,6-5=2 film ತಂಡ ಮಾಡಿದೆ andiddake...e ಫಿಲ್ಮ್ ತುಂಬಾ ಜನ ನೋಡದೆ ಇರ್ಬೋದು...aa ಫಿಲ್ಮ್ ತುಂಬಾ ಗಿಮಿಕ್ ಇಂದ ತುಂಬಿತ್ತು...but this film..has good story base...stop promoting with 6-5=2....all the best,Hate,Offensive_Targeted_Insult_Group
ext_02563,Guru super.... Evarige chenaag ittidiyaa,Non-Hate,Not_offensive
ext_02564,Thu.... Gaandu.... Ninobba gandsa,Hate,Offensive_Targeted_Insult_Individual
ext_02565,Nijvaaglu sir.olle information kottidiri,Non-Hate,Not_offensive
ext_02566,Next song yavaga release madtira nWaiting🤗,Non-Hate,Not_offensive
ext_02567,Shankar sir moulyayutha nudigalu,Non-Hate,Not_offensive
ext_02568,Trailer Kooda 6 dina Trending alli ittu,Non-Hate,Not_offensive
ext_02569,@Nandi Parthasarathi ಹುಚ್ಚು ಮುಂಡೆ,Hate,Offensive_Targeted_Insult_Individual
ext_02570,howdu first time keldaga nangu ok anstu bt ega kelbeku anstide and sakkath dance moves,Non-Hate,Not_offensive
ext_02571,Hate the dislikers .If it is true like me,Hate,Offensive_Targeted_Insult_Group
ext_02572,Super Boss idu actually bekagiddu ... tik tok madavruru sari yagi Thodineku,Non-Hate,Not_offensive
ext_02573,Supper  guru,Non-Hate,Not_offensive
ext_02574,Sir Nimma Swabhimana innu jasthi agli hage Devru nimge innu jasthi Shakthi kodli antha devaranna nanu kelikolluthene,Non-Hate,Not_offensive
ext_02575,#u osm BronIvrella common sense less kaacaha galu n# one app value gotthilla sedegalu,Non-Hate,Not_offensive
ext_02576,Yaaru Film nodkobandu keltiroru like maadi,Non-Hate,Not_offensive
ext_02577,Making ತುಂಬಾ ಚನ್ನಾಗಿದೆ  Lyrics Not good,Hate,Offensive_Targeted_Insult_Group
ext_02578,Tusmika manganna Na tikha uriyang Ede... Rakshith Shetty ni hinge belibeku..avl mukli uriyeng,Hate,Offensive_Targeted_Insult_Individual
ext_02579,@ಜೈ ಭಜರಂಗಿ##ವಿಶ್ವ avaru..dronara maga..,Non-Hate,Not_offensive
ext_02580,Guru ellidde guru real Tallent irodhu ninge,Non-Hate,Not_offensive
ext_02581,@Manoj Kolya Movie nododidre nodu.. Bittre bidu.. Loss ninge ne.. Movie onthu pakka Sandalwood Blockbuster agutte.. Doubt ee illa..,Non-Hate,Not_offensive
ext_02582,Dboss thara ivnu jana galisoke.. dodda dodda dialogue bidalla media munde rakshit na avnge holisbedi,Hate,Offensive_Targeted_Insult_Group
ext_02583,Song is super.. But innu swalp fast madiddare sakattagirodu,Non-Hate,Not_offensive
ext_02584,#1 ON TRENDING,Non-Hate,Not_offensive
ext_02585,Heloke padagale siktilla anno padakke artha sikkkantagide,Non-Hate,Not_offensive
ext_02586,Nivu heliddu nija,Non-Hate,Not_offensive
ext_02587,Super video madiddira,Non-Hate,Not_offensive
ext_02588,TUNNE YASH BOLIMAGANE,Hate,Offensive_Targeted_Insult_Group
ext_02589,Olle singer Brw ninu,Non-Hate,Not_offensive
ext_02590,I love gojjekesari Sule gayash,Hate,Offensive_Targeted_Insult_Individual
ext_02591,Super move,Non-Hate,Not_offensive
ext_02592,Bro nanu kichcha fan bro...,Non-Hate,Not_offensive
ext_02593,Entha movie multi language barbeku,Non-Hate,Not_offensive
ext_02594,Anna aa game yavdu,Non-Hate,Not_offensive
ext_02595,Super bro yanke uninstall madbeku anno gandugale saryag helidira,Non-Hate,Not_offensive
ext_02596,China da environment hegide yargu gotila,Non-Hate,Not_offensive
ext_02597,Super entertainment movie,Non-Hate,Not_offensive
ext_02598,Hadsap handsap.......plzzzzzzz kannada cinima idndustige handsap me.........saport,Non-Hate,Not_offensive
ext_02599,Yapppaaaa!  Yak guru istond hype e song ge?,Hate,Offensive_Targeted_Insult_Individual
ext_02600,Rock Siddu yaako gaandu soole magane naanu ninna thangina rape maadidna.. yelo mathannu ole mathanaadu.. nanagu baahi ide.. nanage gothilade thapagide.. Neenu mathado reethi badalisiko ...,Hate,Offensive_Targeted_Insult_Individual
ext_02601,tumba olle kathe,Non-Hate,Not_offensive
ext_02602,@Shashank Raj ninu thika muchho lo yeno artha aythu ninge ಕಾಮೆಂಟ್ಸ್ ಓದೋದು ಕಲಿ 🤣🤣,Hate,Offensive_Targeted_Insult_Individual
ext_02603,ayoo super annaaaa,Non-Hate,Not_offensive
ext_02604,Abbabba.... Super movie,Non-Hate,Not_offensive
ext_02605,Olledagli sir nimge..,Non-Hate,Not_offensive
ext_02606,Super sar song,Non-Hate,Not_offensive
ext_02607,Idu charitre shrustisuva avatara idu charitre shrushtisuva cinema ASN,Non-Hate,Not_offensive
ext_02608,Super music avane srimannarayana movie super it movie anoru like me,Non-Hate,Not_offensive
ext_02609,super song ma,Non-Hate,Not_offensive
ext_02610,Hanna neve super,Non-Hate,Not_offensive
ext_02611,@d boss mania Yegurkollale cake cutting puk,Non-Hate,Not_offensive
ext_02612,@Ŕävîñđŕå_02_GøWđřú neenu beedhi soole maga.... neene bandu keliddu.... nan paadig naan comment maadidde.... Oh neev italy yavru alva lowdre.....?,Hate,Offensive_Targeted_Insult_Individual
ext_02613,Charitre srustiso avatara.....,Non-Hate,Not_offensive
ext_02614,YouTube nali upload agiroduna modhlu delete madsii,Hate,Offensive_Targeted_Insult_Group
ext_02615,@Mahesh Babu sule magne,Hate,Offensive_Targeted_Insult_Individual
ext_02616,tandhege takka maga,Non-Hate,Not_offensive
ext_02617,@sᴀɴᴅᴀʟᴡᴏᴏᴅ sᴛᴜᴅɪᴏ ᴍᴏᴠɪᴇs irbahudh... but avn mundhe neen yavathidru baccha.. nnNenp idko ondh kanmada actorna nodi beliyodh kali. Adhna bittu avn hero ivn baccha anbeda. Nan Dharshan fan sudheep fan yash fan rakshith shetty kannada actor ellar fan..avr yaro obbaninda kannada film belyall kanale..,Hate,Offensive_Targeted_Insult_Individual
ext_02618,Shankar Nag Nenapugalu,Non-Hate,Not_offensive
ext_02619,Bgm release madi sir,Non-Hate,Not_offensive
ext_02620,Bro niu videos dali torso gems name yanu,Non-Hate,Not_offensive
ext_02621,Ondondu maathu shalege chappali suthkondu hodeda hagide bro nnNkn chaina apps ban maadsi avar arthikathage hodetha bilali nnTq so much,Hate,Offensive_Targeted_Insult_Group
ext_02622,Ayo mostly avarige samskruti bhase barutee ansathe,Non-Hate,Not_offensive
ext_02623,Neevu varshkke ondu cinema madru supper 1varshkke 34cinema madobadalige intha ondu cinema saku,Non-Hate,Not_offensive
ext_02624,Guru ninge like beku andre kelu Kodthare adu bitu thandidabeda,Hate,Offensive_Targeted_Insult_Individual
ext_02625,Div movie nodi thumba kushi aithu yakandre hen maklu jevanke atharavada movie thumba adbuthavagithu dia ond  sala nodidini bt  nange e movie na mathe mathe nodbeku anthasuthe. Nanganthu yala movie ista bt  dia thumba special yakae hege antha helodik agthila asta aithu sundravada love Thai preethi  2 hero's  obrg ibru kami illa dia nodvag kushi aithu prithi helthare anvaga kalkondru mathe bere  sambanda besadaga hale prethinali priiithi India duragi mathe bandy mathe kalkonda aa  ondu nimsha jeva kaldoithu bt  gene idru I love dia,Non-Hate,Not_offensive
ext_02626,Rashmika missed him!,Non-Hate,Not_offensive
ext_02627,@Nandi Parthasarathi kurishetra alla adu kurukshetra 🤣,Hate,Offensive_Targeted_Insult_Individual
ext_02628,@Supriya Manogna hospital na olage itkondidra doctor,Non-Hate,Not_offensive
ext_02629,Pakka new year party song.... m/,Non-Hate,Not_offensive
ext_02630,Onde baari hattu cinema bandre,Non-Hate,Not_offensive
ext_02631,Super bro Sakkathagide bro,Non-Hate,Not_offensive
ext_02632,Yava game idu,Non-Hate,Not_offensive
ext_02633,Nama Kannada channel Dinesh ss qthjjko,Non-Hate,Not_offensive
ext_02634,Super song..nnn Loved it,Non-Hate,Not_offensive
ext_02635,Hello dr. Vivek bindra video copy madidra? Never mind copy adru channagittu,Non-Hate,Not_offensive
ext_02636,Matte film ge banni sir,Non-Hate,Not_offensive
ext_02637,Super togare teppa,Non-Hate,Not_offensive
ext_02638,@Dhananjay Kinyaje yen promotion madtare ivaru. Bengaluru bittu yelladru hogtara promotion madakke?nTamil,Hate,Offensive_Targeted_Insult_Other
ext_02639,Wow exlent verry new dfrent yellu kelilla nodilla danyavadagalu,Non-Hate,Not_offensive
ext_02640,Super bro naanu Tik Tok maadtidde aadre adenu nam desha kintluu hechenalla namge nam desh beku adke yella chinaa apps na in install maadidini,Non-Hate,Not_offensive
ext_02641,Kannada chitrarangada HEMME,Non-Hate,Not_offensive
ext_02642,Guru tiktok ban agbeku ninu correct guru,Non-Hate,Not_offensive
ext_02643,Fan war bittu dhayvittu ee movie ge support madrappa nam kannada movie Hollywood level ge barli.,Non-Hate,Not_offensive
ext_02644,@sujith naik tale mel hodiyoda ond kudlunu kithkollok agalla,Hate,Offensive_Targeted_Insult_Individual
ext_02645,Un like madorge mana maryadine ella guru oledelidru kidodrthada adthare,Hate,Offensive_Targeted_Insult_Other
ext_02646,@Ambrish Mallad beliyodu shata,Hate,Offensive_Targeted_Insult_Individual
ext_02647,Sir nivu tumba olle olle programs madtira sir,Non-Hate,Not_offensive
ext_02648,Music and BGM sakkat maga....,Non-Hate,Not_offensive
ext_02649,@Troll Stupid Fans neenu Darshan ge huttirbeku adike avn bagge ne mathadthidiya nimman thulna keyya soole magane.nim amman thull ge kathe thunne sigaka hogi bale akolo aaa gaandu lucha thara,Hate,Offensive_Targeted_Insult_Individual
ext_02650,sory sir teatarali film nodlike agilla tumba bejaride,Non-Hate,Not_offensive
ext_02651,Sir u r attitude & dance killed performance,Non-Hate,Not_offensive
ext_02652,Super my fevaret  thanks thaku soo mucha  ee janpadh hashy hakedhke shambhu bhalligar avarege kote kote ondhanegallu pls inodhu nuchen malaya edhe alla adhan hakepa pls,Non-Hate,Not_offensive
ext_02653,Nam college  alli degree  BE mugisdorigu nayvagi coding bareyoke barallla,Hate,Offensive_Targeted_Insult_Group
ext_02654,Waiting... Atyadbuta katahandara,Non-Hate,Not_offensive
ext_02655,Rocking Kannada Movie,Non-Hate,Not_offensive
ext_02656,Super song.....with dance sakathagide,Non-Hate,Not_offensive
ext_02657,Video noddor like kodro,Non-Hate,Not_offensive
ext_02658,Curectagi mathadodanna kali..,Hate,Offensive_Targeted_Insult_Group
ext_02659,Sariyagi degidiya guru  all the best desha abhimana elade ero sule makkali ge sariyagi deggg bekuuu,Hate,Offensive_Targeted_Insult_Group
ext_02660,Pakka nim movie gellisutteve ##jai Kiccha boss,Non-Hate,Not_offensive
ext_02661,Nice dialogue nan ondhu Sari sathidini enondu sala sayalla,Non-Hate,Not_offensive
ext_02662,Avanu bartidane get ready,Non-Hate,Not_offensive
ext_02663,@venu gopal kabja release aagli inge support madthivi ..... but Nw it's ASN time .....,Non-Hate,Not_offensive
ext_02664,Yelru onde hindu Muslim anta dived madbedi,Non-Hate,Not_offensive
ext_02665,Masthmaga na duplicate madbitaru Amar sir,Hate,Offensive_Targeted_Insult_Individual
ext_02666,dont support kannada shit only telugu ji telugu,Hate,Offensive_Targeted_Insult_Group
ext_02667,Ninyavaga hindi li nodidiyappa?? Swalpa link share madu??,Non-Hate,Not_offensive
ext_02668,Kicchana abhimanigala kadeyinda alll the best pakka,Non-Hate,Not_offensive
ext_02669,Sorry filmna  naanu theater hogi nodlilla kshamisi...super movie mobile Alli nodide ..tappige account no heli duddu haktini,Non-Hate,Not_offensive
ext_02670,Movie releaseagli guru,Non-Hate,Not_offensive
ext_02671,Soori anba song nodi bandavru  like maadi,Non-Hate,Not_offensive
ext_02672,SHYATA YASH,Hate,Offensive_Targeted_Insult_Group
ext_02673,Bro valledu yarigu bega kaansodilla,Non-Hate,Not_offensive
ext_02674,Navalla guru politicians change agbeku kachda galu,Hate,Offensive_Targeted_Insult_Group
ext_02675,Sir nivu bhal chennag matadtiri.all d best ...,Non-Hate,Not_offensive
ext_02676,Jaathigalu ee deshada belavanigege athi dodda thodakaagide.,Non-Hate,Not_offensive
ext_02677,Devre olle avrge yak kasta kodtiya,Non-Hate,Not_offensive
ext_02678,Kannada industry dodd actors ge tagolri film ge bere industry yavarna jasti dudd kott karkond bartira. ellargu shame annsalva ede muttkond heli entavar est Jana idaare,Non-Hate,Not_offensive
ext_02679,Ok about rashmika but not Vijay devarakonda,Hate,Offensive_Targeted_Insult_Individual
ext_02680,Superb song n video,Non-Hate,Not_offensive
ext_02681,Le Bindu thudugi,Hate,Offensive_Targeted_Insult_Individual
ext_02682,BGM yav Hollywood gu kammi illa. Amazing song,Non-Hate,Not_offensive
ext_02683,Rj naagraj naan bigg fan...neeu prathvi aadru naan nim Rj fan ...aadi age kushi aitu noodi ...film exlnt ee year supr move ...heroin sa acting exlnt . . whole team ....suprb,Non-Hate,Not_offensive
ext_02684,420 tik tok 420 China,Hate,Offensive_Targeted_Insult_Other
ext_02685,@prithvi nayak ನಿ ಷಂಡ,Hate,Offensive_Targeted_Insult_Individual
ext_02686,Kannadadalle bandilla innu,Non-Hate,Not_offensive
ext_02687,Nice video song,Non-Hate,Not_offensive
ext_02688,Dabba movie annoru like maadi,Hate,Offensive_Targeted_Insult_Other
ext_02689,Supar.  Love,Non-Hate,Not_offensive
ext_02690,Jai narayana jaihooooooo,Non-Hate,Not_offensive
ext_02691,Nan math nGe fida agode,Non-Hate,Not_offensive
ext_02692,@Usha Rao modlu caste system hogbeku inter caste marriage hecchige agbeku...yavag caste hogutto avage reservation hogutte..ella kade nim caste yavudu anta kelore hecchidare..bekabitti illi yaru tinutilla adu hakkide...ella 75%india du property obbare caste hattir ide adu tamugu gottu.,Non-Hate,Not_offensive
ext_02693,Modhlu sariyagi english kaliyo childu,Hate,Offensive_Targeted_Insult_Individual
ext_02694,Upendra has done,Non-Hate,Not_offensive
ext_02695,Promotion madilla guru adke jana bandilla.,Hate,Offensive_Targeted_Insult_Group
ext_02696,Nan tik tok account ne delete madi uninstall madidhini bro..,Non-Hate,Not_offensive
ext_02697,Yena lyrics guru,Hate,Offensive_Targeted_Insult_Other
ext_02698,Bro....ii movie online nalli elli sigutte....or TV yalli yavaga haktare......plzzzzzzzzz helu,Non-Hate,Not_offensive
ext_02699,Thank you Akhillanna,Non-Hate,Not_offensive
ext_02700,Yen bro nivu supper nim fan agbitte,Non-Hate,Not_offensive
ext_02701,@amithkumar D boss fan kanda adhu bale alla kadga..yeshte adru d boss obba g*avne ge bari local (gare kelsdavru,Hate,Offensive_Targeted_Insult_Individual
ext_02702,Yen Clarity Guru nivu madiro video,Non-Hate,Not_offensive
ext_02703,@anirudh 8 mostly avru Ee film nalli iddare anusutte,Non-Hate,Not_offensive
ext_02704,Raksihth settru super..............dooper..,Non-Hate,Not_offensive
ext_02705,Sir nimagay salam,Non-Hate,Not_offensive
ext_02706,Adhi... Sprb acting. Olle avakashagalu sigli nimge. Idi team gu olled agli,Non-Hate,Not_offensive
ext_02707,#Shanvi_Srivatsava  #Rakshit_Shetty best pari forever   #Rashmika_Mandanna,Non-Hate,Not_offensive
ext_02708,Super guru est chennagi arta madisidira,Non-Hate,Not_offensive
ext_02709,Ella hantha hellodakke hagodilla eddaru erabhahudu e prapancha ne ondu maye yavudakku uttara sigodilla nambikene ella,Non-Hate,Not_offensive
ext_02710,1st time - chennag illan2nd time - parvagillan3rd time- addicted,Non-Hate,Not_offensive
ext_02711,Nirikshegu miri cinima agide my favorite movie love you,Non-Hate,Not_offensive
ext_02712,simple star fans adoru like madi,Non-Hate,Not_offensive
ext_02713,different but unique & epic song,Non-Hate,Not_offensive
ext_02714,Suuuuper D BOSS,Non-Hate,Not_offensive
ext_02715,Re release Maadi,Non-Hate,Not_offensive
ext_02716,Yintha movie pakka 100 days guru,Non-Hate,Not_offensive
ext_02717,All hands up nAnd one like,Non-Hate,Not_offensive
ext_02718,Nin prakhara yavdu hit movie in 2019.,Non-Hate,Not_offensive
ext_02719,#rashmikamandhana  bad girl,Hate,Offensive_Targeted_Insult_Individual
ext_02720,Highest liked video in sandalwood,Non-Hate,Not_offensive
ext_02721,Hindugale heege mathadudre bere caste avaru innu enen mathadalla,Hate,Offensive_Targeted_Insult_Group
ext_02722,Movie release aadmele matte pickup aaguthe,Non-Hate,Not_offensive
ext_02723,Doctor Avrige avana bahse hege gottu.,Non-Hate,Not_offensive
ext_02724,Super Anna ede Tara video s Madi super,Non-Hate,Not_offensive
ext_02725,@Mahesh Babu ninu Kalasipalya Sule fan alwa,Hate,Offensive_Targeted_Insult_Individual
ext_02726,En guru song nHowdoo huliyaaaa,Non-Hate,Not_offensive
ext_02727,Hai guru you tube nalli hest hesto video nodidde adre Nim thara yaru rost madilla.supero super ede thara video madtha eri..,Non-Hate,Not_offensive
ext_02728,@TROLL MONSTER_KANNADA nin yavano helake sule magane,Hate,Offensive_Targeted_Insult_Individual
ext_02729,Rakshit shetty Future superstar annoru Like madi,Non-Hate,Not_offensive
ext_02730,Dis like madirorige shradaanjali,Hate,Offensive_Targeted_Insult_Group
ext_02731,1.3k unlikes madiruvavru rashmika fans irbahoda 🤔 super song shetre slow poison song,Hate,Offensive_Targeted_Insult_Group
ext_02732,Super guru ninu,Non-Hate,Not_offensive
ext_02733,En heldhe guru,Non-Hate,Not_offensive
ext_02734,Bro ninge roost madakke baralla Rc ge nodi kali,Hate,Offensive_Targeted_Insult_Individual
ext_02735,complete kwatley guru ninu..,Non-Hate,Not_offensive
ext_02736,Very good song.....,Non-Hate,Not_offensive
ext_02737,movie was legendary. ninu itihasa baryoke bandirodu maga. kannada indutry history baredre eradu part irutte ondu rakshit baroku munche mattondu rakshit  bandadmele,Non-Hate,Not_offensive
ext_02738,Naavu iddivi nnnEe haadannu cover song prepare madtaidivi nn,Non-Hate,Not_offensive
ext_02739,Narayana song nodi bandavaru like Madi,Non-Hate,Not_offensive
ext_02740,Bro Adhu Hage Alla Yenu ilde Ondhu life start madidre yenu ansolla yella iddu kalkondu hege life lead madidre Novvu agutte so adhunna artha madkoli aste bcz avr best life Nodi e life ge bandirtare n avrge Acting bittu bere barolla adru ivru drive madtidare so great alva,Non-Hate,Not_offensive
ext_02741,Rite.... Bt avara personal adu.. problems en aitu anta namge gotilla ...yake hudgi mele hig coments mododu brother??? Nam sis ge idu agidre?? Nav en madtidvi??  Aur problems avaru solve modkonda aitu naaav sumne ivele overthinking madta idivi ...,Non-Hate,Not_offensive
ext_02742,magaluru kade kalsi avanannu .navu avanige maddu kodthive.,Non-Hate,Not_offensive
ext_02743,Instagram ali share madi avlna tag madi e math helu bro,Non-Hate,Not_offensive
ext_02744,@Ŕävîñđŕå_02_GøWđřú bro ah sule Nandhini atra yen matu bidi,Hate,Offensive_Targeted_Insult_Individual
ext_02745,Boss jote yaar chennagirtaro avrigella nam d boss fans yavaglu support made madtare alva bro,Non-Hate,Not_offensive
ext_02746,super aagide trailer.. 6th film nododu pakka,Non-Hate,Not_offensive
ext_02747,#ASN chitrakke olle dagli song atu adbuta reethili moodi bandide...,Non-Hate,Not_offensive
ext_02748,Dislikers Are rashmika fans maybe,Hate,Offensive_Targeted_Insult_Group
ext_02749,En guru edu song super,Non-Hate,Not_offensive
ext_02750,🤠Narayana swag 🤟ಗೆ ಯಾರು ಫಿದಾ ಆದ್ರಿ like maadi,Non-Hate,Not_offensive
ext_02751,Karavali king Rakshith Shetty fans frm Uttara kannada,Non-Hate,Not_offensive
ext_02752,Yaru thuldeepanna 🤣🤪,Hate,Offensive_Targeted_Insult_Individual
ext_02753,Badukina vastavakke hattiravada matugalu... Olledagli sir,Non-Hate,Not_offensive
ext_02754,sir in Mamata kotigobba,Non-Hate,Not_offensive
ext_02755,Wonderful movie Osm,Non-Hate,Not_offensive
ext_02756,ADBHUTHA  Sathya,Non-Hate,Not_offensive
ext_02757,All indians plz uninstall  chinese app,Non-Hate,Not_offensive
ext_02758,Shankar ashwath sir devaru  olledu madli sir nimge,Non-Hate,Not_offensive
ext_02759,Nee super guru......,Non-Hate,Not_offensive
ext_02760,Sir nam deshadalli political sari erbeku jati beda elde balbeku avaga devolop agbhdu,Non-Hate,Not_offensive
ext_02761,o my god wt a acting bro really my eyes are wet nice concept keep it up bro now a days alli avarage thumba bejar ago tara madatara jana naavu tilidu antavaru agi hag madidre hege heli naavu avara baavanegalige spandisibeku alva avaralli kuda thumba jana achive madidara tamil naadu alli oblu i.p.s agidale enu bala jana ne edara pls frds avarage naavu supportive agirbeku alva nice concept anna,Non-Hate,Not_offensive
ext_02762,Nijwaglu thumba chanagide,Non-Hate,Not_offensive
ext_02763,Bro super video bro... Eglaaaa adru buddhi barli namm e janagaligi,Non-Hate,Not_offensive
ext_02764,uff  kedu,Hate,Offensive_Targeted_Insult_Group
ext_02765,Anna nevu super,Non-Hate,Not_offensive
ext_02766,Karnataka ke bandu Kannada matadidna ane guru sullu avnu sooside madko bahudittu alvaa fake news,Hate,Offensive_Targeted_Insult_Individual
ext_02767,@King of King  na helalla ningantu helallaa 🤣🤣🤣🤣🤣,Hate,Offensive_Targeted_Insult_Individual
ext_02768,@punter 18 pakka,Non-Hate,Not_offensive
ext_02769,Really amazing song.....,Non-Hate,Not_offensive
ext_02770,Sandalwoodnalli  dhamaka mado avatara start agalide.,Non-Hate,Not_offensive
ext_02771,Those 1.2k dislikes are jealous kongas for sure🤣,Hate,Offensive_Targeted_Insult_Group
ext_02772,Super rost Anna,Non-Hate,Not_offensive
ext_02773,Super jai kanadiga,Non-Hate,Not_offensive
ext_02774,Satyana edu devare,Non-Hate,Not_offensive
ext_02775,Mettu tagand hodibeku soolemaklige soolerge avren chinadalliro mindrige hunttidira nimmoun t....u,Hate,Offensive_Targeted_Insult_Other
ext_02776,I like super guru edu edu video andare,Non-Hate,Not_offensive
ext_02777,Hands up Eddu charitra srustiso avatar a,Non-Hate,Not_offensive
ext_02778,En song ide,Non-Hate,Not_offensive
ext_02779,Yake jana ogtila andre bec of telegram app bec yala movie galu 1 week ge sigtide yalrugu phone ale nodtidare.tuu itara ole cinimas na yaru ogi nodtilwala anode bejaruu.ban the telegram appnPlzz,Hate,Offensive_Targeted_Insult_Other
ext_02780,I like you guru,Non-Hate,Not_offensive
ext_02781,@Nandi Parthasarathi ನಿ ಸೂಳೆ,Hate,Offensive_Targeted_Insult_Individual
ext_02782,12pm start madi 5pm complete madde,Non-Hate,Not_offensive
ext_02783,supper guruve liricys,Non-Hate,Not_offensive
ext_02784,OLA marma? leay thu OLA na promote maadoke isht dodd message haktyeno? D boooos fans na nodi kalthko.....avrella huttidaagle amman akkan antha pure kannada words kalthu bandirodu......,Non-Hate,Not_offensive
ext_02785,E story kelidre yent dukha kuda maribahudu very nice story,Non-Hate,Not_offensive
ext_02786,Varshakke 3 thagadu movie madi industry haal mado hero galu ondh kade adrenn3 Varsha kasta pattu ondhu olle film mado namma Rakshith Shetty haagu Yash innondh kade n,Hate,Offensive_Targeted_Insult_Group
ext_02787,Guru....I love you ....sakkathagi...hugithiya...maga...,Non-Hate,Not_offensive
ext_02788,Bro super bro allarigu artha agothara  alidira,Non-Hate,Not_offensive
ext_02789,Hemme aagutte sir. Neevu nijakku great,Non-Hate,Not_offensive
ext_02790,suvarna chanle nemge studio elva yvdo gujari jagadali madidira ade star actors agidre hege madtidra,Hate,Offensive_Targeted_Insult_Group
ext_02791,ravi kamakshi super,Non-Hate,Not_offensive
ext_02792,Edu yav game sir..,Non-Hate,Not_offensive
ext_02793,Kannadagru like here .Nama Kannada movie he estu craze edaa,Non-Hate,Not_offensive
ext_02794,@Nandi Parthasarathi ninamman shata kilaka helde baa antha gandu,Hate,Offensive_Targeted_Insult_Individual
ext_02795,#1.46 Bgm music super,Non-Hate,Not_offensive
ext_02796,Supper bro chenngi ugdidira.🤝🤝🤝,Non-Hate,Not_offensive
ext_02797,Sir nimmannu prathyakshavagi nodalu aaseyagutide sir nimma hattira ondu dina full kaala kaleyalu aase idhe aadre yenu maadudhu sir nimmannu bittu barudhu yochane maaduvaaga manassige bahala bahala kashsta aagutte sir  devaru nimma aasegalanella eederisaly,Non-Hate,Not_offensive
ext_02798,Adu support irodarinda,Non-Hate,Not_offensive
ext_02799,Yavalo bindu Gowda avulu Thu.......... Nan Ke................,Hate,Offensive_Targeted_Insult_Individual
ext_02800,Yen film  guru super,Non-Hate,Not_offensive
ext_02801,Bro nivu  supara,Non-Hate,Not_offensive
ext_02802,100% nija sir. Appaji tarah yaaru barolla.. ulidre kelavu snetaru bartaare.. Devru saha barolla..,Non-Hate,Not_offensive
ext_02803,@Manoj Kolya Neenobne heege heltirodna naan Keliddu.. Watch his Trailer and Teasers first,Non-Hate,Not_offensive
ext_02804,Superb Dancing step's,Non-Hate,Not_offensive
ext_02805,Idu charitre srutsiro song,Non-Hate,Not_offensive
ext_02806,@VARAPRASAD K K nin Amman thulle shaata bekaadre helu nin chulbort movie hair wig ge . Dagaar boss cutout bekaadre helu dappa  sodane hodkodtivi ondu maatu helu saaku haage shaatad haara redi maadustivi ashtu salalilla Andre helu mettin haara maadustivi dagaar fans nin Amman ganda dagaar soole maga Hale aanti iddange idaanallo avnige kodu bale,Hate,Offensive_Targeted_Insult_Individual
ext_02807,Super agi akidya guru step Nange eshta aithu dance nimge eshta aitha friends n,Non-Hate,Not_offensive
ext_02808,Super guru hinmele  nanu nimmn Abimani guru,Non-Hate,Not_offensive
ext_02809,Guru ell idde guru istu dina,Non-Hate,Not_offensive
ext_02810,Super duperrr hit,Non-Hate,Not_offensive
ext_02811,Yalla hero fans e movie naa support madtini annoru like madi,Non-Hate,Not_offensive
ext_02812,Superb  guru,Non-Hate,Not_offensive
ext_02813,Idu yaavdo tamil film remake guru,Hate,Offensive_Targeted_Insult_Group
ext_02814,Nivu deshada Ella moole moole bidade suttidira. Avaru hagella sikka sikka varigella kanisikolluvudilla,Hate,Offensive_Targeted_Insult_Individual
ext_02815,Yenu!¿ Taayganda na neenu? !!,Hate,Offensive_Targeted_Insult_Individual
ext_02816,astena sir innu sawlpa chanagi hellbekithu tik tok kalli galige super guru,Non-Hate,Not_offensive
ext_02817,Tik tok premigalu satthru,Hate,Offensive_Targeted_Insult_Group
ext_02818,Yenelbeko gothagtilla nim swabimanakke ondu Salam sir,Non-Hate,Not_offensive
ext_02819,@kinu0505 guru avnu darshan fan alla yash fanu,Hate,Offensive_Targeted_Insult_Individual
ext_02820,@Manjunath mtr,Non-Hate,Not_offensive
ext_02821,@TROLL MONSTER_KANNADA guru Bari mathadak aste yav sule makligu munde bandu mathadastu dhum Ella BOSS always King,Hate,Offensive_Targeted_Insult_Individual
ext_02822,Guru avrkina nine over agi adta  idiya,Hate,Offensive_Targeted_Insult_Individual
ext_02823,DOP and dance styles are lit,Non-Hate,Not_offensive
ext_02824,Oohegu meerida saahasa,Non-Hate,Not_offensive
ext_02825,lo Guys dislike madidhiralla enn yengrappa song madbeku antha swalpa heldrappa,Hate,Offensive_Targeted_Insult_Group
ext_02826,DIYA a awesome film... jana barodakke idraddu prachara swalpa kammi aythu annisthide..istu olle movie ge jana baralla andre bere reason yenide..kelavu films olledildidru kaali pracharadindle hit agatthe.,Hate,Offensive_Targeted_Insult_Group
ext_02827,@Nandi Parthasarathi kurukshethra Hindi version relies madoke helu first dubbing madi yak waste madthira,Hate,Offensive_Targeted_Insult_Group
ext_02828,@Pradip AR idhu remake all i am editor,Non-Hate,Not_offensive
ext_02829,Sir namma enne song gu support madi,Non-Hate,Not_offensive
ext_02830,Movie quality superb,Non-Hate,Not_offensive
ext_02831,Hands up 🤗,Non-Hate,Not_offensive
ext_02832,Amazing movie pls yellaru movie nodi,Non-Hate,Not_offensive
ext_02833,Yallo heno aythu anthane alva guru avnu sule maga,Hate,Offensive_Targeted_Insult_Individual
ext_02834,@Dhee Pu nin baayige .,Hate,Offensive_Targeted_Insult_Individual
ext_02835,Ee movieyinda dodda mattada success siguthhe Prajwal sirge.,Non-Hate,Not_offensive
ext_02836,100M AAgle bek ..,Non-Hate,Not_offensive
ext_02837,Avalu sule munde nam KarnatakanRakshith avarige sahaya madinPlz,Hate,Offensive_Targeted_Insult_Individual
ext_02838,yen song guru ...super,Non-Hate,Not_offensive
ext_02839,Darshan kacha thinogu sule magne,Hate,Offensive_Targeted_Insult_Individual
ext_02840,China copy maadi naawu maadbekilla.. jana alli khushyaagilla.. naadre niw helidralli tumba kelsa aagbeku.. bhaaratadalli adella maadodu janakku bekaagalla,Non-Hate,Not_offensive
ext_02841,Bindu lowda hidko ba nan lowda,Hate,Offensive_Targeted_Insult_Individual
ext_02842,Kharabbu Pogaru song Like - 317K,Hate,Offensive_Targeted_Insult_Other
ext_02843,kannadadha abimani jai karnataka all tha best comeback,Non-Hate,Not_offensive
ext_02844,Super roast but e pubg vedios yake sink madi roast madtira. Change madi,Hate,Offensive_Targeted_Insult_Group
ext_02845,@Vishal Shetty oh karch maadko hogu.... yello yaardo mundaav ikki sampadane maadirtya....,Hate,Offensive_Targeted_Insult_Individual
ext_02846,@Madan Kumar Mister Modan kumor..... ascar yenu nobal price,Non-Hate,Not_offensive
ext_02847,Enta super song,Non-Hate,Not_offensive
ext_02848,Ee song ond hava start madutee ansidrey like madi,Non-Hate,Not_offensive
ext_02849,Yes bro tiktok ban agbeku.,Non-Hate,Not_offensive
ext_02850,yake andre? D booos du kurishetra filam gay asker awold barbekittu. yak kotela? so d boos fens ee filam nodilla.....,Hate,Offensive_Targeted_Insult_Other
ext_02851,Raaja prathyaksha devatha ....,Non-Hate,Not_offensive
ext_02852,Nijvaaglu film na teaternalli nodade iroke sry. Innondu sari release madi,Non-Hate,Not_offensive
ext_02853,@Ŕävîñđŕå_02_GøWđřú super bro,Non-Hate,Not_offensive
ext_02854,Nam janane istu ond olle fresh song ge support madalla Bari same old tamte song iddiddre 10 million s madiroru,Non-Hate,Not_offensive
ext_02855,Rakshit Shettre... adbhuta kannada pada balike..devara haage bandu kannada chitrarangavannu badukisuttiddiri..,Non-Hate,Not_offensive
ext_02856,Togari tippa is greaterden,Non-Hate,Not_offensive
ext_02857,Best song love it,Non-Hate,Not_offensive
ext_02858,Nam deshadali jati satre desha uddara agothe ....nChunavanne barli nive nodi gothagothe Hindu...Muslim abbbaaa halka rajkarnnigallu...,Hate,Offensive_Targeted_Insult_Group
ext_02859,@shivaraj shivu Mathe Yavaglu Telugu Ge  yake saitare alllli erorela?,Hate,Offensive_Targeted_Insult_Individual
ext_02860,@shashikiran shetty BPL card irovru. Avrge ration kodlebeku nEducation alli free kottu support madbeku. Yestond jana rank togondirtare adre avrge dudiralla education madoke avrge free irbeku nnReservation poor people ge yak handre avru sariyagi study madoke hagiralla dudui tirtare jotege hodbeku nnDud irovru  hodtare,Non-Hate,Not_offensive
ext_02861,Matthomme namma kannada suputhra rks,Non-Hate,Not_offensive
ext_02862,En bgm guru chindi,Non-Hate,Not_offensive
ext_02863,Superb song hands up,Non-Hate,Not_offensive
ext_02864,Ammanagedi chindi voice l helidiya guru,Non-Hate,Not_offensive
ext_02865,Tippa janapad hasay chataki super,Non-Hate,Not_offensive
ext_02866,Bgm and dance super,Non-Hate,Not_offensive
ext_02867,Next shankar nag boss,Non-Hate,Not_offensive
ext_02868,i love rakshit anna. super movie sule rasmika mandan ge chappali le hodibeku,Hate,Offensive_Targeted_Insult_Individual
ext_02869,Lyrics Artha adoru Kay kaal aadsrappa,Non-Hate,Not_offensive
ext_02870,Thank you so much Dhevru,Non-Hate,Not_offensive
ext_02871,Superbb movie osm evthu movie nodied super,Non-Hate,Not_offensive
ext_02872,Tiktok mado gaandu s.. maklu,Hate,Offensive_Targeted_Insult_Group
ext_02873,Rashmika & vijay deverkonda haters like here,Hate,Offensive_Targeted_Insult_Group
ext_02874,Super song anna....liked it,Non-Hate,Not_offensive
ext_02875,Dance steppp supppperrrrrr,Non-Hate,Not_offensive
ext_02876,S true. Ivattina namma industry kathe idu...  but inmunde e eradu sensational movies inda next yavde olle movie bandru nam jana olle response kodtare ankotidini...  hage adre innu ollede,Non-Hate,Not_offensive
ext_02877,ಏನ್  ಪ್ರಾಸ  ಗುರು  ನಿಂದು 🤣nNkn deng devru madu tiktok na,Non-Hate,Not_offensive
ext_02878,@Gajendra hv neen en maadirodu mele,Hate,Offensive_Targeted_Insult_Individual
ext_02879,Sir neev adthidda game yavdu,Non-Hate,Not_offensive
ext_02880,Dubb Full movie in telugu,Non-Hate,Not_offensive
ext_02881,Mostly nimma mate keli tic tok ban agirbeku ಅಣ್ಣ ಏನಾದ್ರು ಆಗ್ಲಿ  ನಮ್ಮ  ಅಸೆ ನೆರವೇರಿತು tq u ಮೋದಿಜಿ,Non-Hate,Not_offensive
ext_02882,Sir Nimm Mathininda Navu Kalibeku Agirodu Ennu Thumba Ede.....nTqq U So Much...nHelth Na Channagi Nodkoli Sir...nGod Bless You,Non-Hate,Not_offensive
ext_02883,100 days pakka,Non-Hate,Not_offensive
ext_02884,Sari nivu video na roast madi adre madvaga pubg atava free fire games hakondo madbedi a games kooda Chinese,Non-Hate,Not_offensive
ext_02885,Krishana  shapa tatteleebeku,Non-Hate,Not_offensive
ext_02886,sanjukuamar chatnale ğy,Non-Hate,Not_offensive
ext_02887,Hindi song release madlilva?,Non-Hate,Not_offensive
ext_02888,Trend setter! Awesome!,Non-Hate,Not_offensive
ext_02889,Jeevana banda haage accept madtha sagtidira wish you good luck,Non-Hate,Not_offensive
ext_02890,D. Boss abhimani kadeyinda,Non-Hate,Not_offensive
ext_02891,Make avane srimanarayana part 2,Non-Hate,Not_offensive
ext_02892,ASN releasing onnKannada Dec 27nTelugu  Jan 1stnTamil Jan 3rdnMalayalam Jan 3rdnHindi Jan 17,Non-Hate,Not_offensive
ext_02893,Super movie sir.. ಆದ್ರೆ ದುರಂತ ನಮ್ಮ ಪ್ರೇಕ್ಷಕ prabhugalna namboduu.. really tumbaa bejaar aytu ದಿಯಾ moviege e thara agiddu.. but prachaara kammi aytu anstide sir.. theatre inda movie hodmele saalu saalalli jana banduu keltidaare..,Hate,Offensive_Targeted_Insult_Group
ext_02894,D bosss fans kade inda all the best prajju,Non-Hate,Not_offensive
ext_02895,Hands up yav pada pa,Non-Hate,Not_offensive
ext_02896,Beligge yeddhu bavige haarbekittu avaga kanasu nanasu agithithu,Hate,Offensive_Targeted_Insult_Individual
ext_02897,@Creative Kannadiga tysm Anna....nivu comment madidakke...bt sry Anna...bcaz nan insta use madalla,Non-Hate,Not_offensive
ext_02898,Editing yar guru 🤩,Non-Hate,Not_offensive
ext_02899,Lo remake alla antha hekde tane,Non-Hate,Not_offensive
ext_02900,@Nandi Parthasarathi ನಿನ್ ಅಕ್ಕುನ್,Hate,Offensive_Targeted_Insult_Individual
ext_02901,Mast maga channel nalli baro anchor tharaane nimm voice idiyalla,Hate,Offensive_Targeted_Insult_Individual
ext_02902,@Nandi Parthasarathi tunnel unnu gandu,Hate,Offensive_Targeted_Insult_Individual
ext_02903,Nanu yash sudeep darshan appu cinema bittu yardu nodalla,Hate,Offensive_Targeted_Insult_Other
ext_02904,KANNADA KAGI  LIKE ANU VATHi      n,Non-Hate,Not_offensive
ext_02905,Howduu actually eee video nodakku munche Indaanu  nange ide reethi tumbaa saari hagu pade pade yeshto baari kansu beeltittu heege obbaa vyakti Shiva devastana hatra irtane naanu devastaaana dinda aache baruvaga nanna hatra idid bilpatre na keltane but duddu maatra eeskolala but hieght agirtare tanned skin tone forehead poorthi gaaya agirutte but full body ashtaag kansalli gottagallaa but ivatt eee video nodid mele mostly avre irbeku antha anstu,Non-Hate,Not_offensive
ext_02906,Binduge saryagi ugithidira good go ahead  we are enjoying well,Hate,Offensive_Targeted_Insult_Individual
ext_02907,Histu hellidri adre nimma background video pubg du kudanu Chinese howrde alwa first ninu pubg na stop madinNinu heliddu nanu tappu andilla adre hobbarige helo munche nanu correct agirabeku  k manDon't feel bad anna,Hate,Offensive_Targeted_Insult_Individual
ext_02908,Nam Bhashee Kannada nJai Karnataka Jai Kannada,Non-Hate,Not_offensive
ext_02909,Super  sog ng   super dance,Non-Hate,Not_offensive
ext_02910,Karavali karavali... Itte boda marre?? Film super hit aagbeku. Bere statesnavru nammatha nodbeku aste...,Non-Hate,Not_offensive
ext_02911,ODEYA movie ginta ee movie super annoru like madi...,Hate,Offensive_Targeted_Insult_Group
ext_02912,Nin naman sule Gandu boli dagar drashan,Hate,Offensive_Targeted_Insult_Individual
ext_02913,Kannadigaradavaru kelage like madi kannadabhimana torisi,Non-Hate,Not_offensive
ext_02914,Dboss fansnYboss fansnKboss fans,Non-Hate,Not_offensive
ext_02915,D boss  fans sapot iratte 100day,Non-Hate,Not_offensive
ext_02916,In ond trip nodbeku but but sinama chenge madbittru olle movi ge olle respans illa Nam karnatakadalli,Non-Hate,Not_offensive
ext_02917,36 M nVideo viral agthila,Non-Hate,Not_offensive
ext_02918,Bindu  lowda smartphones laptop kelvu brand chinade agidru nav use madtha erodakke already tax kattidivi en  munde kattod beda antha heltha erodu,Hate,Offensive_Targeted_Insult_Individual
ext_02919,Making r awesome bro..avlge Ennu usbeku,Non-Hate,Not_offensive
ext_02920,Hi nan nim vedios nodthini thumba funny agi roast madthira,Non-Hate,Not_offensive
ext_02921,Film benki ide gurunKannada film industry li ide Tara saviraru cinema barli,Non-Hate,Not_offensive
ext_02922,@Saathwik H R aadru avrige loss illa bron production house avru cleanaagi agreement maadkobeku alvaaa brooooo.....,Non-Hate,Not_offensive
ext_02923,Abbbbaa super tik tok ban ayithu,Non-Hate,Not_offensive
ext_02924,MY BOSS ANNA  YASH BOSS ANNA  YASH BOSS ANNA,Non-Hate,Not_offensive
ext_02925,Mam osm mam ninu,Non-Hate,Not_offensive
ext_02926,ತುಂಬಾ ಒಳ್ಳೆ ಸಿನೆಮಾ.. Best movie of 2020 in kannada,Non-Hate,Not_offensive
ext_02927,January Alli song keloru like madi,Non-Hate,Not_offensive
ext_02928,Osm bro 🤣🤣🤣tiktok shok madutidru avayalla 🤣🤣🤣🤣🤣,Hate,Offensive_Targeted_Insult_Group
ext_02929,@Nandi Parthasarathi ಹ ನೀನು ಮುಂಡೆ ನ ಎಲ್ಲಾ ಮುಂಡೆಗಂಡಾ ನ ..?  I still confused,Hate,Offensive_Targeted_Insult_Individual
ext_02930,ಸೂಪರ್ ಗುರು vp voice ultimate,Non-Hate,Not_offensive
ext_02931,Suuper bro... nan idu vargu tik tok app install made illa,Non-Hate,Not_offensive
ext_02932,Ee haadu Spotify dalli yaake illa,Non-Hate,Not_offensive
ext_02933,NIV helthiro Hela Mathu 100% sathya Anna,Non-Hate,Not_offensive
ext_02934,Hwdu guru alredy 30 sala nodidini,Non-Hate,Not_offensive
ext_02935,Tik tok banu nan kicha Sudeep fanu egide  comment madi,Non-Hate,Not_offensive
ext_02936,Hela Kannada people please go and watch the movieee avana Sri man Narayana Kannada cinema nodi 🤗Kannada jai Karnataka mathee,Non-Hate,Not_offensive
ext_02937,Views struck aagide guru,Hate,Offensive_Targeted_Insult_Individual
ext_02938,Tik tok ban agirodike Nange Tumba Tumba Kushi ide happy 🥰,Non-Hate,Not_offensive
ext_02939,Nanu nodide suuuuuuuuuupppper innomme nodtini,Non-Hate,Not_offensive
ext_02940,Just Woww  Super Prajju  anna!! Gud luck,Non-Hate,Not_offensive
ext_02941,Super bro i am happy tik tok ban agidu super our modi ji super hero,Non-Hate,Not_offensive
ext_02942,Song super annuru hands up madi,Non-Hate,Not_offensive
ext_02943,Avane shriman narayan movie paka 100 days,Non-Hate,Not_offensive
ext_02944,Enta matu super,Non-Hate,Not_offensive
ext_02945,Like father like son Jaga mechchuvanta manushya.,Non-Hate,Not_offensive
ext_02946,Pop corn monkey tiger kuda super idr,Non-Hate,Not_offensive
ext_02947,Karnataka janeteinda all the best movie ge olledagali🥰🥰,Non-Hate,Not_offensive
ext_02948,Karnatakakke bandaddela sullu swami swalpa reel biduvaga alochane maadi bidu,Hate,Offensive_Targeted_Insult_Individual
ext_02949,Anna song Super agi helidira sakath agi ide songdabbaaaaa Tiktok,Non-Hate,Not_offensive
ext_02950,Nija Film ast channagidya nanu nodide nange kandita arta agle Illa,Non-Hate,Not_offensive
ext_02951,Hindi.  ?,Non-Hate,Not_offensive
ext_02952,Super Anna Jai D boss,Non-Hate,Not_offensive
ext_02953,idu charitre srushtiso avatara...rakshith shetty fans like here,Non-Hate,Not_offensive
ext_02954,Nammantavrge spoorti nivu sir,Non-Hate,Not_offensive
ext_02955,Tik tok Tarane act madidre hana sigutalva edanne etkondu. Nam government mane manege items kottu Products ready madi adanna videshakka marata madbeku matte nam janakke kamishon kotre voledalva. Nam jangala kayyalli yake kelsa madkotilla .,Non-Hate,Not_offensive
ext_02956,Jadesh Kumar Anna.. trailer is dashing,Non-Hate,Not_offensive
ext_02957,ನನ್ shata fil ಮಾಡದೆ bro,Hate,Offensive_Targeted_Insult_Individual
ext_02958,Deserves more views.,Non-Hate,Not_offensive
ext_02959,Le tiktok hudugira yella pubg banni  AWM M4 use madodu hege anta helkodtini,Non-Hate,Not_offensive
ext_02960,Please ಇನ್ನೊಂದು ಸಾರಿ re release Maadi.,Non-Hate,Not_offensive
ext_02961,Supar friend supar,Non-Hate,Not_offensive
ext_02962,Kalki you only say brother your name is kalki no then say,Hate,Offensive_Targeted_Insult_Individual
ext_02963,🤔🤔🤔 hello thamma navu unity maintain madthivi aithu thorskolo avyashyakathe namgila nin CMT nodid kudle yavan avr fanism bidkodala 🤣🤣 nin kano doddu sede nan maga,Hate,Offensive_Targeted_Insult_Individual
ext_02964,Daily ondhsalanadru ee song na kele kelthivi annovru Attendence haki,Non-Hate,Not_offensive
ext_02965,@sharath sharu nin ammun tullge nan tunne sigaka berke sule magne,Hate,Offensive_Targeted_Insult_Individual
ext_02966,Super bro nim vioce ale ede desha Prema full enjoy video super,Non-Hate,Not_offensive
ext_02967,Bgm..nnWaiting AVANE SRIMANNARAYAN and YUVARTHNAA,Non-Hate,Not_offensive
ext_02968,Addu. Pubg alla. Guru.  Sumney. Elbedda,Hate,Offensive_Targeted_Insult_Individual
ext_02969,@Vinay kumar banthu jaathi naayi savi savi nenapu soole sudeepu pans for a reason 🤣🤪,Hate,Offensive_Targeted_Insult_Individual
ext_02970,Yav Ree dislike kodoru kannada movies belibek fist kannada next hero's elru nammavare...,Hate,Offensive_Targeted_Insult_Group
ext_02971,ondu sakagalla Inna beku,Non-Hate,Not_offensive
ext_02972,Entertainment Andre hidu huliyaaaa,Non-Hate,Not_offensive
ext_02973,Nin  video delete agolla bidu bro ninge nav support madtivi innu e tara videos na mattastu madu chaina bucket galige tale kediskobeda,Non-Hate,Not_offensive
ext_02974,Anna game yavudu anna adu,Non-Hate,Not_offensive
ext_02975,Pubge sontekorya kano,Non-Hate,Not_offensive
ext_02976,Thu thukali trailer,Hate,Offensive_Targeted_Insult_Group
ext_02977,Super gichhi Gili Gili boss,Non-Hate,Not_offensive
ext_02978,@vinoddevadiga Jogimane okay,Non-Hate,Not_offensive
ext_02979,Nim matalle gottagutte neevu estu positive Anta,Non-Hate,Not_offensive
ext_02980,Re e video post agiddu yavaga apps ban agirodu yavaga adu moldu nodir sumne yeneno mathadbedi,Hate,Offensive_Targeted_Insult_Group
ext_02981,@vinay shivamogga **uter,Hate,Offensive_Targeted_Insult_Individual
ext_02982,Vijaykumar s Kumsi  hotelnKumsi,Hate,Offensive_Targeted_Insult_Individual
ext_02983,Super singing by Vijay Prakash...,Non-Hate,Not_offensive
ext_02984,Dina 7-8  sala song kelisikontini.,Non-Hate,Not_offensive
ext_02985,Bahala varshada nantara Togari Tippa Hasya keli santosh aayitu  thank you for this video,Non-Hate,Not_offensive
ext_02986,an voice super story nakku nakku otte hunnatri,Non-Hate,Not_offensive
ext_02987,chenagide anta Pade pade nodoru swalpa husharu Data khali aguthe,Non-Hate,Not_offensive
ext_02988,Movie is super,Non-Hate,Not_offensive
ext_02989,Next level gurunin benki bhai,Non-Hate,Not_offensive
ext_02990,Osm vedio anna,Non-Hate,Not_offensive
ext_02991,@Cypher spalling misteek madbardu.... adu D boos,Hate,Offensive_Targeted_Insult_Other
ext_02992,Nimma news keltha eddre,Non-Hate,Not_offensive
ext_02993,But kone yalli police magala jeevana da bagge clarity kodbekittu... nIdondu bittu film matra,Non-Hate,Not_offensive
ext_02994,Thumba chennagide  nimma abhipraya..,Non-Hate,Not_offensive
ext_02995,Idu charitre srastiso avatara,Non-Hate,Not_offensive
ext_02996,@9535684889 Chaithra enu sinchana gottaglilla,Non-Hate,Not_offensive
ext_02997,@Sujan Tejashands up ande kai ettu annadukka agutta,Hate,Offensive_Targeted_Insult_Individual
ext_02998,E film yar yar nodiddera 🤘 like madi,Non-Hate,Not_offensive
ext_02999,Yanta jana brother nam deshakkoskara 1 app delete madoke agalva avarige,Non-Hate,Not_offensive
ext_03000,Super  jai kiccha sudeep anna,Non-Hate,Not_offensive
ext_03001,Parvagilla....buzz is good in Hindi too..see BMS,Non-Hate,Not_offensive
ext_03002,Yas re relis madi,Non-Hate,Not_offensive
ext_03003,Arajun Galagali thippesh,Non-Hate,Not_offensive
ext_03004,Onde ond cmnt ketudag idre torso childe🤣🤣nNamdu olle respected family nimdeno gotila...modlu tilkond helu bayig bandang helak nangu barutte...nan hesru katkond ningen agbeku,Hate,Offensive_Targeted_Insult_Individual
ext_03005,Ashwatama ge Kannada barutte yenri,Non-Hate,Not_offensive
ext_03006,Dislike madiroro rashmika fans irbeku,Hate,Offensive_Targeted_Insult_Group
ext_03007,Innu iste views agidda!! Song yak hit agilla,Hate,Offensive_Targeted_Insult_Group
ext_03008,Sir social media bittu horgade thumba publicity beku dayavitu madi,Non-Hate,Not_offensive
ext_03009,Awsum guru enu swalpa hugiri,Non-Hate,Not_offensive
ext_03010,Bharatadalli Experience kelidre en madodu? Nav hosa kelsa madoke ready idivi,Non-Hate,Not_offensive
ext_03011,ಸೂಪರ್ voice and i am very happy for banning tiktok app,Non-Hate,Not_offensive
ext_03012,I lv u sir,Non-Hate,Not_offensive
ext_03013,Chindi Song guru,Non-Hate,Not_offensive
ext_03014,Swabhimana da baduku sartaka,Non-Hate,Not_offensive
ext_03015,Bharatadalli vanchakarige gourava jasti.,Hate,Offensive_Targeted_Insult_Group
ext_03016,Good ..but small dout karavali bittu berekade content sigalva.,Non-Hate,Not_offensive
ext_03017,Film suprrrrrr agi ede full clean film,Non-Hate,Not_offensive
ext_03018,Dislikers r fans of rasmika,Hate,Offensive_Targeted_Insult_Group
ext_03019,Chindi song  Vijay prakash fans hit like here,Non-Hate,Not_offensive
ext_03020,Nimge interview madoke bere jaga sekilwa 🤦,Hate,Offensive_Targeted_Insult_Group
ext_03021,Adhakalva janarige dharsan fav..avn adhe tharadh movie madudh,Non-Hate,Not_offensive
ext_03022,One more lucia movie,Hate,Offensive_Targeted_Insult_Group
ext_03023,My  favorite songs,Non-Hate,Not_offensive
ext_03024,@Naveen kumar yadav lo thamma nanu copy madidare antha yello helidini.. ratasasan movie bgm inspiration indha idhna madidare andirodhu.. nav yav telugu movie nu nodalla kannadake modala adhyathe namdhu,Hate,Offensive_Targeted_Insult_Individual
ext_03025,Super song Jai DBoss,Hate,Offensive_Targeted_Insult_Group
ext_03026,Next kgf........ avane srimannarayana.... blockkkkkkk busterrrrrr,Non-Hate,Not_offensive
ext_03027,My favourite song edu steps super,Non-Hate,Not_offensive
ext_03028,Best madali olle  belavanige next level sandalwood,Non-Hate,Not_offensive
ext_03029,Yaro guru ninu super,Non-Hate,Not_offensive
ext_03030,Hindi nalli Madi movie oduthe plz,Non-Hate,Not_offensive
ext_03031,Yes song super,Non-Hate,Not_offensive
ext_03032,sir nim left kaalu samasye  iruvudu  rinda neevu automatic gear iro gaadi odusbodu Alva sir nimage tumba help agute,Non-Hate,Not_offensive
ext_03033,Film nodi matte nodbeku annoru like madi,Non-Hate,Not_offensive
ext_03034,Wwwwso Super rakshit boss nim name nange tumbanee ista hagee nim movinu istanee nnnnnn,Non-Hate,Not_offensive
ext_03035,Guru I like u,Non-Hate,Not_offensive
ext_03036,Ivrna nodidre ashwath avrna nodida hange agutte......nVoice antu ade tara ide,Non-Hate,Not_offensive
ext_03037,Trending number 1,Non-Hate,Not_offensive
ext_03038,Awesome song! 2nd Shankarnag to KFI,Non-Hate,Not_offensive
ext_03039,Music bayankara gurooo.....,Non-Hate,Not_offensive
ext_03040,Ivrella nijvaglu nam Indian anta ansutte anna yappa istu himse kodtidru tiktok antidaralla yappa nijvaglu ivnella nijvaglu aaisbeku,Non-Hate,Not_offensive
ext_03041,Yamma..kivili raktha barthide supper guroo,Non-Hate,Not_offensive
ext_03042,Nanna ballya jivana nenap aytu thanks aswini adio,Non-Hate,Not_offensive
ext_03043,Bindu gowda ge sariyyagi batthi itree sir ..super sir neevu,Hate,Offensive_Targeted_Insult_Other
ext_03044,Thumbha ಒಳ್ಳೆಯ ಮಾಹಿತಿ Anna. Dhanyavaadagalu.,Non-Hate,Not_offensive
ext_03045,@Ajaya shetty huu gottu,Non-Hate,Not_offensive
ext_03046,Sir nivu bare swalpa sulu heleteraa,Hate,Offensive_Targeted_Insult_Individual
ext_03047,Hodtha Guru sng,Non-Hate,Not_offensive
ext_03048,Urko sanvi dagar rashmika...,Hate,Offensive_Targeted_Insult_Individual
ext_03049,Gajab ka song h yar hindi me nahi ayega kya ye song samajhna hai lyrics,Non-Hate,Not_offensive
ext_03050,Sang supar Chinu love you too...uppi.,Non-Hate,Not_offensive
ext_03051,Charitre srushti maadiruva Shettrege...Hands Up,Non-Hate,Not_offensive
ext_03052,Amazing song,Non-Hate,Not_offensive
ext_03053,Cinema super aagide,Non-Hate,Not_offensive
ext_03054,@vinoddevadiga Jogimane now staying in Bengaluru,Non-Hate,Not_offensive
ext_03055,Leak alla adu theater run mugdidakke nAmazon prime hakidare,Non-Hate,Not_offensive
ext_03056,@naveen v nim gandu balegara movie yalla utterflop modlu side acting madudu ಬಿಡು anu modlu,Hate,Offensive_Targeted_Insult_Group
ext_03057,Tiktok uninstall madodakku modlu ee changlu nan maklanna modlu desha dinda delete madbeku Guru,Hate,Offensive_Targeted_Insult_Group
ext_03058,Ivnu soole maga pakka. Ivnu yash fan bandu hen kelsa madthavne nodro soole maga,Hate,Offensive_Targeted_Insult_Individual
ext_03059,1.6k people are not liking this....innna en beko maaraya nimga ...,Hate,Offensive_Targeted_Insult_Group
ext_03060,Yar yaru ashwattama badukidanendu nambutero Elli ondu like madi,Non-Hate,Not_offensive
ext_03061,Chinndikanna neenu neenu nam tharane madthadthiya. Super,Non-Hate,Not_offensive
ext_03062,Kelv bvc galu ..nam India dalli eddare Anna...a bvc galu chna ap use madthare anna,Hate,Offensive_Targeted_Insult_Other
ext_03063,Dialog super agii oddidya anna.. super,Non-Hate,Not_offensive
ext_03064,Howdu bro app uninstall madudrea avrig amount hogodu kamiagutea plzzzzz uninstall Madi beavarce appp Adu thuuuuu,Hate,Offensive_Targeted_Insult_Other
ext_03065,Best movie... Keep it up,Non-Hate,Not_offensive
ext_03066,Bro ee game yavdu and nimma ella video super boss,Non-Hate,Not_offensive
ext_03067,Avalige chapalige odiri,Hate,Offensive_Targeted_Insult_Individual
ext_03068,Super guru pakka block buster,Non-Hate,Not_offensive
ext_03069,Namma kannada chitra ranga evrge olle avakasha galna kodli antha kelkotini,Non-Hate,Not_offensive
ext_03070,Enu Kannada antha matadtaro ee goobegalu. Thoo!... Tumba chennagi maadideera. Avru nim jote tumba chennagi maadidare. Enu maadiddu,Hate,Offensive_Targeted_Insult_Other
ext_03071,dilip kumar nanu kuda bro,Non-Hate,Not_offensive
ext_03072,Lots love from kannadigas,Non-Hate,Not_offensive
ext_03073,No doubt edu charitre srustiso  avatharane,Non-Hate,Not_offensive
ext_03074,Nan lwda dalli edane band nodkondu ogo gandu,Non-Hate,Not_offensive
ext_03075,Rip chiru sir,Non-Hate,Not_offensive
ext_03076,Kannada ne best adrallu kannada songs adre hen andkondodira,Non-Hate,Not_offensive
ext_03077,🤣🤣🤣brooo I'm big fan,Non-Hate,Not_offensive
ext_03078,Sathyavaglu movie maatra ulty,Non-Hate,Not_offensive
ext_03079,Guru deshgaande swantha picture tegeyo sule maga alla.. Yaav picture remake idhu🤔,Hate,Offensive_Targeted_Insult_Individual
ext_03080,Banda  #AvanesrimannarayananAll the best,Non-Hate,Not_offensive
ext_03081,Ravichandran vishnuwardha raajkumar Shankar nag elruna onde sari nodidangaythu..,Non-Hate,Not_offensive
ext_03082,Bro hagandr kgf asn 5 language alli bidugade agute avaga bere industri avaru hage andre yenagutte,Non-Hate,Not_offensive
ext_03083,Godiyaga ata aadtida,Non-Hate,Not_offensive
ext_03084,RIP rashmika mandhana,Hate,Offensive_Targeted_Insult_Individual
ext_03085,Sumne irru guru yake kiriku,Hate,Offensive_Targeted_Insult_Other
ext_03086,love you ya,Non-Hate,Not_offensive
ext_03087,🥰🥰🥰🥰Super song 🥰🥰🥰🥰,Non-Hate,Not_offensive
ext_03088,D boss  fans full support. Successful hagli movie,Non-Hate,Not_offensive
ext_03089,Nimge istu sullu heloke Hege manasu barutte,Hate,Offensive_Targeted_Insult_Individual
ext_03090,Super bgm masth ....,Non-Hate,Not_offensive
ext_03091,Modalu prana mukya amele cinema... Plz don't lose hope DIYA chitratanda.... Wait for time,Hate,Offensive_Targeted_Insult_Group
ext_03092,songa  super bro,Non-Hate,Not_offensive
ext_03093,Booking start  ಮಾಡಿ,Non-Hate,Not_offensive
ext_03094,appu boss fans nlike madi,Non-Hate,Not_offensive
ext_03095,Anna sumne video madedhya nodu,Hate,Offensive_Targeted_Insult_Individual
ext_03096,Pacca edu charetre shrushisti  so avatara,Non-Hate,Not_offensive
ext_03097,Super rakshit shetti ajanish,Non-Hate,Not_offensive
ext_03098,Guru nin voice en guru adu ha ha bombat__ series agi ond heltini nanage enadru nim videos inda nakku nakku hotte novu bandre neeve javabdari helidini,Non-Hate,Not_offensive
ext_03099,Pade pade kelabeku anisutte.....,Non-Hate,Not_offensive
ext_03100,Ashwathama. Vadhukkidhe.evathu. video. Nodithunanu. Jai. Babaji,Non-Hate,Not_offensive
ext_03101,@VARAPRASAD K K soole magne avrige Bari jaati fabsallo Ella jaatilu fans idaare neen heldyalla jaati naayi antha pakka gawda kano naanu nin Amman soole magne neenu as darshan naydu jaati irbeku  dagaar dagaar dam dam dagaar soole maga darshan,Hate,Offensive_Targeted_Insult_Individual
ext_03102,Sir Nam kannada hudga andre enu anta ha loper manganna ni ge torsi sir next film nalli in yavano sikkudre avna hinde nu hogtale avlu kannadigara takattu enu anta avlige gottagbeku,Non-Hate,Not_offensive
ext_03103,Bro Ten minutes + video madi bro niuo mado video na nodta edre nodtane erbeku anisutte,Non-Hate,Not_offensive
ext_03104,Super rakshith shety sar....,Non-Hate,Not_offensive
ext_03105,Subscribed... Bro... Benki ninu,Non-Hate,Not_offensive
ext_03106,@Raja Vishnuvardhana yarge agli 1st respect kododu mukya,Non-Hate,Not_offensive
ext_03107,Hang aytu,Non-Hate,Not_offensive
ext_03108,Sulemakale tic tok uninstall madi,Hate,Offensive_Targeted_Insult_Other
ext_03109,En dailouges guru nsuper gurunYou rocking gurunNin dailouges keludmele nim channel subscribe maadthiddeeni hinge continue maadu gurunInnondibru dingurbilligalu tiktok li buildup kodthidru avrnu ee videodalli topgersidre chanaagirthitthu,Non-Hate,Not_offensive
ext_03110,@Kiccha Vitthal ಕಚ್ಚಾ ಸುದೆಪಿ,Hate,Offensive_Targeted_Insult_Individual
ext_03111,Supar anna love you pajuanna....,Non-Hate,Not_offensive
ext_03112,@Krishna Tirividi 🤦‍🤦‍,Non-Hate,Not_offensive
ext_03113,Ibrunu kannadadavre ibru belibeku. support maadi compare maadbedi,Non-Hate,Not_offensive
ext_03114,2020 Blockbuster hit movie. Jai Karnataka,Non-Hate,Not_offensive
ext_03115,Lo d gujaalds neev support maadida yaav sinimaagalu succes agilla .. yaakro sumne buildep .. simple example andre ..amar movienu ..fail maadudralo .ambareesh gintha name bekittha...ಮಧ್ಯೆ ನೀವ್ ಹೋಗಿ ಹಾಳ್ ಮಾಡುದ್ರಲೋ ..,Hate,Offensive_Targeted_Insult_Group
ext_03116,Yappa huchhu hidustide.....asn.....awesom,Hate,Offensive_Targeted_Insult_Other
ext_03117,ಗುರು ಮೂವಿ ನ re release madri.... Entha kannda film na support madlilla andre. Kannada ದಲ್ಲಿ ಮೀಡಿಯಾ Yak beku. Bhari avru trp koskara... Nam ಭಾಷೆ use madkondu ಬೇರೆ ಭಾಷೆ. ಫಿಲ್ಮ್ ಬಗ್ಗೆ. ತೋರಿಸುತ್ತಾರೆ.... Shame on kannda media..... But this film was. Heart touching,Hate,Offensive_Targeted_Insult_Group
ext_03118,Oooo bindu aunty Nin badukbeka tik tok delete maduu,Hate,Offensive_Targeted_Insult_Individual
ext_03119,sakkath ag helde guru,Non-Hate,Not_offensive
ext_03120,Ee news reporters sutti balasi information helodanna dayamadi badalayisikolli,Hate,Offensive_Targeted_Insult_Group
ext_03121,Dina hodante e song na hava kuda hecchagtide annoru like madi,Non-Hate,Not_offensive
ext_03122,Chindi bro .....,Non-Hate,Not_offensive
ext_03123,Benki music..yarappa dislike madirodu.... mostly rasmika mandana fans irbeku...n🤭🤭🤣🤣🤣🤣songe he inge in movie nodudre...aste,Hate,Offensive_Targeted_Insult_Group
ext_03124,Ei movi pass aglile,Hate,Offensive_Targeted_Insult_Group
ext_03125,3.38 Detector DivakarnJai #ASN,Hate,Offensive_Targeted_Insult_Individual
ext_03126,Crazy  guru ninu,Non-Hate,Not_offensive
ext_03127,Kavravru ketavarala viraru,Hate,Offensive_Targeted_Insult_Group
ext_03128,Yarg artha agilvo lyrics nodi,Non-Hate,Not_offensive
ext_03129,Love you so much Anna,Non-Hate,Not_offensive
ext_03130,What a messege he gave atlast...madabekad kelasa madi...aarogya kapadkolli...,Non-Hate,Not_offensive
ext_03131,@KGF Adda boss,Non-Hate,Not_offensive
ext_03132,Sir nanu china apps na delete ಮಾಡಿದೀನಿ sir,Non-Hate,Not_offensive
ext_03133,Yenandru chamayya mestra magaa,Non-Hate,Not_offensive
ext_03134,Tik tok nan shataa🤣🤣,Hate,Offensive_Targeted_Insult_Other
ext_03135,Super vice kanree nimdu,Non-Hate,Not_offensive
ext_03136,Rs fance like here,Non-Hate,Not_offensive
ext_03137,Super bro nan nimna support maadthini,Non-Hate,Not_offensive
ext_03138,All India language madi,Non-Hate,Not_offensive
ext_03139,Full movie up load me sir,Non-Hate,Not_offensive
ext_03140,Ede tym ge wait madta edhvi antu intu ban age bidtu,Non-Hate,Not_offensive
ext_03141,Haudu Swami.Neevu helliddu satthyaa.Gadugin Bharat yemba Grantha baredanthaa Kumarvyaasare aa Narayan santharu.Igalu sahaa naavu Veearanarayan temple nodabahudu.Idu Iruvadhu Gadag city yalli.Hubballi yindaa 55 Km antharadalli Ide.,Non-Hate,Not_offensive
ext_03142,Howdu tumba reveal mad bitru,Non-Hate,Not_offensive
ext_03143,Hands up Idu kannada antha ninge helidavatu yaru 🤣🤣🤣,Hate,Offensive_Targeted_Insult_Individual
ext_03144,God bless u ashwath Sir nimma harogya chennagirali,Non-Hate,Not_offensive
ext_03145,@Vishal Shetty naan avagle helidini.... neen yen baidru,Non-Hate,Not_offensive
ext_03146,Guru idu yav movie remake alla sumne gotthilde yak helthira,Non-Hate,Not_offensive
ext_03147,@Nandi Parthasarathi gottu Neenu cheeti tulla fan antha change madbeda,Hate,Offensive_Targeted_Insult_Individual
ext_03148,Hand up bro.... super agide bro Namma Kannada movie adre sumanena,Non-Hate,Not_offensive
ext_03149,Film nalli yellara kelasa chennagide.heroin super aagiddare .super aagi act maadiddarenDuddalli sothiddareno gothilla.kannadigara hrudayadalli film geddide.heroine ge dayAvittu chance kodi,Non-Hate,Not_offensive
ext_03150,Super osam music,Non-Hate,Not_offensive
ext_03151,@Vinay Yogeesh yar avnu,Non-Hate,Not_offensive
ext_03152,Olle comeback movie prajwal avrge,Non-Hate,Not_offensive
ext_03153,Dislike madid gandu inondsala keli,Hate,Offensive_Targeted_Insult_Group
ext_03154,Le hudugira tik tok bidi banni lagori aduma horagde social distance nalli lagori ata tik tok ge tata only for tik tok girls ________,Hate,Offensive_Targeted_Insult_Other
ext_03155,Asn jai kannada,Non-Hate,Not_offensive
ext_03156,@Ŕävîñđŕå_02_GøWđřú bro first avnge BOSS spelling kaliyol heli odok asayya agutte,Hate,Offensive_Targeted_Insult_Individual
ext_03157,Nan nimm movie na theatre alle nodtini ...,Non-Hate,Not_offensive
ext_03158,Super guru.........ji kannadiga,Non-Hate,Not_offensive
ext_03159,@Troll Stupid Fans avre enu heltilla,Hate,Offensive_Targeted_Insult_Group
ext_03160,Super bro I support u,Non-Hate,Not_offensive
ext_03161,Tik tok mad suli makkalige chppali ach hodri sulimakkaliga and ladies fast chuthu sulimakkalu,Hate,Offensive_Targeted_Insult_Group
ext_03162,Ha mundalochane matte dooradrusti .....avarahage ide ....,Non-Hate,Not_offensive
ext_03163,Howdu movie Adbhuta..... tumba chennagide..... but ending swalpa disturbing ansatte..... adi and diya ondagiddidre innu chennagirtittu..... Elru tumba chennag act madidare,Hate,Offensive_Targeted_Insult_Group
ext_03164,Bossu niv greatu,Non-Hate,Not_offensive
ext_03165,Sup Shankar nag sir Vishnuvardan,Non-Hate,Not_offensive
ext_03166,Yappa song super guruve🤣,Non-Hate,Not_offensive
ext_03167,chindi step chindi bgm superrrr,Non-Hate,Not_offensive
ext_03168,@Krishna Tirividi yes support all kannada cinema,Non-Hate,Not_offensive
ext_03169,Edhu  charitreh  surishti suva  awatra.....excellent,Non-Hate,Not_offensive
ext_03170,@Nagaraja P neev nodideera antha kelthiyallappa neenu,Hate,Offensive_Targeted_Insult_Individual
ext_03171,Cuz ee film single screens alli thumba kade release aagilla.... multiplexs alli release aagidee...idu ond reason,Non-Hate,Not_offensive
ext_03172,Rashmika vaapas baaro haagide,Non-Hate,Not_offensive
ext_03173,Sir intha cinema madida mele dodda mattadalli prachara madbekittu. nNodi prem avru dabba film madudru hype build-up create madodralli etthida kai.,Hate,Offensive_Targeted_Insult_Individual
ext_03174,Hottege anna thinnoru e reethi comment madbardu Naveen raj nimmonthavre star war ge karana plz ella d boss abhimanigalu ivna gadipar madbekagi vinanthi,Hate,Offensive_Targeted_Insult_Group
ext_03175,Karabu Song Keli....bejar agii .....e song kelthaa edhini....🤗🤗🤩🤩🤩,Non-Hate,Not_offensive
ext_03176,Nice sir rakshit shettya,Non-Hate,Not_offensive
ext_03177,Lo Nan magne,Hate,Offensive_Targeted_Insult_Individual
ext_03178,Eetharau gandu questions yake keltairudo,Hate,Offensive_Targeted_Insult_Individual
ext_03179,Yeshto dinagal nantra sanchari vinay avranna nodi kushi aithu,Non-Hate,Not_offensive
ext_03180,Nonsense's who all r dislike dis video....,Hate,Offensive_Targeted_Insult_Group
ext_03181,Reginald Kelly kithkabeku bandu edthine nandu,Hate,Offensive_Targeted_Insult_Individual
ext_03182,Hundred persent true guruuu,Non-Hate,Not_offensive
ext_03183,Idu charitre srushtiso avatara nice,Non-Hate,Not_offensive
ext_03184,Avane srimannarayana super songs hands up,Non-Hate,Not_offensive
ext_03185,Crazy Song one more dance number............nSonge ee rangege ide andre innu movie kelbeka......,Non-Hate,Not_offensive
ext_03186,@VARAPRASAD K K hawdo nin Amman gaandu dagaar fans avna yogyathe hendthi kayi murdu jail ge hogi petty thing ubsa jaasti aagi ashtottige saarati Andre Lion King movie remake release maadkottiddu nam kiccha  eega helu hendthi hodidu jail ge hodonu balegaarana jail olage idda kaami paravaagi film release maadkottinu balegaarana utra kodo nayi adukje helodu avnanna dagaar soolenagan antha nin Amma haaku steppu Alla thika muchkond,Hate,Offensive_Targeted_Insult_Individual
ext_03187,nim songs super,Non-Hate,Not_offensive
ext_03188,Rashmika urakondu sayabeku atara belibeku bro nivu,Hate,Offensive_Targeted_Insult_Individual
ext_03189,Kannada industry na promote MadinKannada industry namma Karunada samskruthi na uttungakke erisali..adanna bittu Bollywood cinemagalige yake compare madbeku?!nAvara Tara agabeku anno ase bidi..Bollywood namma industry nodi Kaliyo hage madabekunAdikke nammellare support beku,Non-Hate,Not_offensive
ext_03190,Saku thika muchu shoki nan magne,Hate,Offensive_Targeted_Insult_Individual
ext_03191,Villan is khadak,Non-Hate,Not_offensive
ext_03192,Thank you so much bro pakru,Non-Hate,Not_offensive
ext_03193,Basavaraj Marennavar bangaradamanususya,Non-Hate,Not_offensive
ext_03194,Bigbossalli  step hakiro controverrsy nodi bandiror yar yarppann like Madi,Non-Hate,Not_offensive
ext_03195,Sundaravada Kate super,Non-Hate,Not_offensive
ext_03196,E song first time yarig tilidila avr like madi,Non-Hate,Not_offensive
ext_03197,ABHINAYA CHAKRAVARTHI KICCHA SUDEEP FANS Like HERE,Non-Hate,Not_offensive
ext_03198,Bari prayojanake barada films nododu Facebook YouTube li comments hodiyodu...yaavalo hudugi siktale anta instagram li search madodo ede Indians hanebaraha dhesha uddara hada hage ayyo,Hate,Offensive_Targeted_Insult_Group
ext_03199,Idu charitre srustiso avatara super sir,Non-Hate,Not_offensive
ext_03200,Super movie yaa......,Non-Hate,Not_offensive
ext_03201,@Sanjeev Kumar dabba nan maga rakshith shetty,Hate,Offensive_Targeted_Insult_Individual
ext_03202,@poojitha subbaiah Hai ennane ullira,Non-Hate,Not_offensive
ext_03203,Tik tok uninstall madde irovrna china ge odsbeku bro,Hate,Offensive_Targeted_Insult_Group
ext_03204,Super bro nim matalli satya ide,Non-Hate,Not_offensive
ext_03205,China apps yallu remove madbeku sir  Nev innu strongag warning kodbeku sir,Non-Hate,Not_offensive
ext_03206,Idu beku ivatthu full happy agidivi bro  osm,Non-Hate,Not_offensive
ext_03207,Prajakeeya barle beku,Non-Hate,Not_offensive
ext_03208,Chindhi udayisidhya guru..... So I am happy.....,Non-Hate,Not_offensive
ext_03209,@jagadish g dambal 🤨🤗l,Non-Hate,Not_offensive
ext_03210,Re realise maadenName change maade,Non-Hate,Not_offensive
ext_03211,Sir yella song video clips release maadi,Non-Hate,Not_offensive
ext_03212,Rakshi shetty fans yar edera like made,Non-Hate,Not_offensive
ext_03213,Jana gali modlu Mitron Indian app bandide adanna use madbeku chaina app na modlu delete  mad beku.,Non-Hate,Not_offensive
ext_03214,Jai Rakshit Shetty,Non-Hate,Not_offensive
ext_03215,@Bharathraj T B kitkobekaste ninu bandi nandu,Hate,Offensive_Targeted_Insult_Individual
ext_03216,Diya na Rakshit shetti  na belsona,Non-Hate,Not_offensive
ext_03217,Super song .......But movie realise agi 1 week adamele bidabekithu.......,Hate,Offensive_Targeted_Insult_Group
ext_03218,Aadk guru nan nimana gurugalu anodu,Non-Hate,Not_offensive
ext_03219,Nooru kaala Kannada hege hosaa shasanagallanu shrustisabeku,Non-Hate,Not_offensive
ext_03220,Power Star fans like madi,Non-Hate,Not_offensive
ext_03221,Nam boss andree kadmenaa guru,Non-Hate,Not_offensive
ext_03222,Namm department nalli clark kaali adaaw yaradru candidates edry hyli n9901919091 WhatsApp msg maadriii,Non-Hate,Not_offensive
ext_03223,Amar prasaad sir nam deshadalli chaina kinta  talehidukaru jassti edare gotta nam desha en kammi ella eslamikarana maadodaralli chaina kinta kammi ella nam deshadalli jana nammanna aa devastanakke sersilla ee devastanakke serlilla annoru chaina kinta kammi ella 100 ralli 35 % marks tagondru avrige meesalatiyalli kelsa tagolloru en chaina kinta kammi ella.nodona  chainadalli estodu savalattu torsi nodona.,Hate,Offensive_Targeted_Insult_Group
ext_03224,Bucket hidiyor 🤭,Non-Hate,Not_offensive
ext_03225,@Avinashdada kichcha sari bidu nimamman kalsu keydu ningobba chik balegaran hutsi kalsthivi avnu nim bale serskondu ella ottige Kai thattivranthe signal alli enanthira bale pans now bale pans reaction hakro steppu,Hate,Offensive_Targeted_Insult_Individual
ext_03226,Super guru Ella record break made madtira guru nivu i love sir,Non-Hate,Not_offensive
ext_03227,@Nandi Parthasarathi hogo sede gayash gojjekesari released in nayimari tunne,Hate,Offensive_Targeted_Insult_Individual
ext_03228,Bari hemme alla Praana itkondivi  nam Kannadada mele.,Non-Hate,Not_offensive
ext_03229,Nija guru ..... Aa takattu nam industry Alli yargu Ella....,Non-Hate,Not_offensive
ext_03230,Chindi... Song,Non-Hate,Not_offensive
ext_03231,Still trending No1...nAfter 4days....,Non-Hate,Not_offensive
ext_03232,Corona hesralli hospital nalli nadeethiro dandhe bagge vivarisi.... Viruss bandu manushyaru saaythaaro ilvo gotthilla aadre hospital bill keli manushya badhukodu kastavaagidhe.,Hate,Offensive_Targeted_Insult_Group
ext_03233,Disliked people's listn1)rashmikan2)rashmika's mothern3)rashmika's fathern4)rashmika's relativesn5)& rashmika's fans.,Hate,Offensive_Targeted_Insult_Group
ext_03234,Worst movie. artane illa. 1 concept kuda illa.,Hate,Offensive_Targeted_Insult_Group
ext_03235,2.7k rashmika fans,Non-Hate,Not_offensive
ext_03236,Pakk film sound madee  madutte annoruu like madii..,Non-Hate,Not_offensive
ext_03237,yarappa ee hadannu dislike madiddu !!! mostly Rashmika 1.1k sarthi dislike maadirbeku ha ha ha ha,Hate,Offensive_Targeted_Insult_Individual
ext_03238,@Gajendra hv ayyo bewarsi,Hate,Offensive_Targeted_Insult_Individual
ext_03239,Wet madbeku allwa🥰,Non-Hate,Not_offensive
ext_03240,Kannadada chanukya namma rakshit shetty bro na yochanegalu...... Dislike madiroru rashmika fans irbeku ......,Non-Hate,Not_offensive
ext_03241,100 million song idu,Non-Hate,Not_offensive
ext_03242,Namma Rajyada young entrepreneur ge support maadi.,Non-Hate,Not_offensive
ext_03243,What a making 🤭🤭🤭 suppppperrrrr rakshith Shetty bro...ur a genius...Nam kannada indestry and kannadigru yargu yavdhrallu kadme Ella.. hatsup sir,Non-Hate,Not_offensive
ext_03244,Nama village ge bandidru,Non-Hate,Not_offensive
ext_03245,Nanu kuda direction course kalita iddene...nimma e mail I'd idre send Madi bro...nanu ondu script bardiddene... Trying hard make film ....,Non-Hate,Not_offensive
ext_03246,Ninige bere kelsa ilvaa madoke,Hate,Offensive_Targeted_Insult_Individual
